rep,condition,step,rmse,distinct_items,reference,grad_steps,best_val_return
3,MFI,1,1.2425764086089954,201,0.214509616032418,,
3,MFI,2,0.972222863451724,201,0.214509616032418,,
3,MFI,3,0.7789315414525022,201,0.214509616032418,,
3,MFI,4,0.6927131097193314,201,0.214509616032418,,
3,MFI,5,0.6258004502178378,201,0.214509616032418,,
3,MFI,6,0.5697313073903592,201,0.214509616032418,,
3,MFI,7,0.534466490312597,201,0.214509616032418,,
3,MFI,8,0.4865344224301519,201,0.214509616032418,,
3,MFI,9,0.4508396140928668,201,0.214509616032418,,
3,MFI,10,0.4237196844314683,201,0.214509616032418,,
3,MFI,11,0.4026771089691441,201,0.214509616032418,,
3,MFI,12,0.3887198198333374,201,0.214509616032418,,
3,MFI,13,0.3734112153129566,201,0.214509616032418,,
3,MFI,14,0.3583757509643521,201,0.214509616032418,,
3,MFI,15,0.3450574695332945,201,0.214509616032418,,
3,MFI,16,0.3325830874299717,201,0.214509616032418,,
3,MFI,17,0.3233718626496548,201,0.214509616032418,,
3,MFI,18,0.3143406975095312,201,0.214509616032418,,
3,MFI,19,0.3053373010676574,201,0.214509616032418,,
3,MFI,20,0.2967130892388377,201,0.214509616032418,,
3,MFI,21,0.2889474022569585,201,0.214509616032418,,
3,MFI,22,0.2816542764482266,201,0.214509616032418,,
3,MFI,23,0.2776438065517912,201,0.214509616032418,,
3,MFI,24,0.2717802356398643,201,0.214509616032418,,
3,MFI,25,0.2667245401580206,201,0.214509616032418,,
3,MFI,26,0.2633204439564591,201,0.214509616032418,,
3,MFI,27,0.2604989907739218,201,0.214509616032418,,
3,MFI,28,0.2558351392688374,201,0.214509616032418,,
3,MFI,29,0.2531209712137068,201,0.214509616032418,,
3,MFI,30,0.2504675286784775,201,0.214509616032418,,
3,MFI,31,0.2435622587950821,201,0.214509616032418,,
3,MFI,32,0.2395105919917313,201,0.214509616032418,,
3,MFI,33,0.2366875360154186,201,0.214509616032418,,
3,MFI,34,0.2352240400669397,201,0.214509616032418,,
3,MFI,35,0.2325413657868425,201,0.214509616032418,,
3,MFI,36,0.2305730366030129,201,0.214509616032418,,
3,MFI,37,0.2285491593940961,201,0.214509616032418,,
3,MFI,38,0.2262359993752888,201,0.214509616032418,,
3,MFI,39,0.2234560962099125,201,0.214509616032418,,
3,MFI,40,0.2213090982026831,201,0.214509616032418,,
3,FIWL,1,1.3968860162176453,190,0.214509616032418,,
3,FIWL,2,0.9579076974428516,190,0.214509616032418,,
3,FIWL,3,0.8113356483130242,190,0.214509616032418,,
3,FIWL,4,0.7196444545809009,190,0.214509616032418,,
3,FIWL,5,0.6379525644865675,190,0.214509616032418,,
3,FIWL,6,0.5709466404907199,190,0.214509616032418,,
3,FIWL,7,0.5333733715168149,190,0.214509616032418,,
3,FIWL,8,0.4833632643562056,190,0.214509616032418,,
3,FIWL,9,0.446739581893786,190,0.214509616032418,,
3,FIWL,10,0.4170063881922914,190,0.214509616032418,,
3,FIWL,11,0.3954469818286356,190,0.214509616032418,,
3,FIWL,12,0.3813415772704195,190,0.214509616032418,,
3,FIWL,13,0.3669573211727089,190,0.214509616032418,,
3,FIWL,14,0.3520187865858777,190,0.214509616032418,,
3,FIWL,15,0.3399472704570276,190,0.214509616032418,,
3,FIWL,16,0.3285422711403375,190,0.214509616032418,,
3,FIWL,17,0.317798326103872,190,0.214509616032418,,
3,FIWL,18,0.3099910580004612,190,0.214509616032418,,
3,FIWL,19,0.3001521690702565,190,0.214509616032418,,
3,FIWL,20,0.292700384252441,190,0.214509616032418,,
3,FIWL,21,0.2860006915305298,190,0.214509616032418,,
3,FIWL,22,0.2799649552617558,190,0.214509616032418,,
3,FIWL,23,0.2747273225740343,190,0.214509616032418,,
3,FIWL,24,0.2691148962664932,190,0.214509616032418,,
3,FIWL,25,0.2651748995215043,190,0.214509616032418,,
3,FIWL,26,0.2617919366100817,190,0.214509616032418,,
3,FIWL,27,0.2587376469233362,190,0.214509616032418,,
3,FIWL,28,0.2539204684311032,190,0.214509616032418,,
3,FIWL,29,0.2513790648382666,190,0.214509616032418,,
3,FIWL,30,0.2485810843422969,190,0.214509616032418,,
3,FIWL,31,0.2436746671267937,190,0.214509616032418,,
3,FIWL,32,0.2399175258698265,190,0.214509616032418,,
3,FIWL,33,0.2370647651508075,190,0.214509616032418,,
3,FIWL,34,0.235404387470201,190,0.214509616032418,,
3,FIWL,35,0.2322395102355225,190,0.214509616032418,,
3,FIWL,36,0.2309799621406929,190,0.214509616032418,,
3,FIWL,37,0.2291531207114574,190,0.214509616032418,,
3,FIWL,38,0.2263976641995382,190,0.214509616032418,,
3,FIWL,39,0.2228737286237826,190,0.214509616032418,,
3,FIWL,40,0.2206930527671546,190,0.214509616032418,,
3,MPWI,1,1.2910502643155664,185,0.214509616032418,,
3,MPWI,2,0.9810440012563584,185,0.214509616032418,,
3,MPWI,3,0.7807366028510021,185,0.214509616032418,,
3,MPWI,4,0.6726931362212746,185,0.214509616032418,,
3,MPWI,5,0.5979971396607003,185,0.214509616032418,,
3,MPWI,6,0.5436031578775051,185,0.214509616032418,,
3,MPWI,7,0.5059926277797321,185,0.214509616032418,,
3,MPWI,8,0.4717783108437789,185,0.214509616032418,,
3,MPWI,9,0.4390336658577194,185,0.214509616032418,,
3,MPWI,10,0.4188290150891094,185,0.214509616032418,,
3,MPWI,11,0.3990017243793744,185,0.214509616032418,,
3,MPWI,12,0.3872694225847149,185,0.214509616032418,,
3,MPWI,13,0.3703552549002839,185,0.214509616032418,,
3,MPWI,14,0.3556455748648428,185,0.214509616032418,,
3,MPWI,15,0.3462418537917669,185,0.214509616032418,,
3,MPWI,16,0.3343569942741926,185,0.214509616032418,,
3,MPWI,17,0.3248576436178236,185,0.214509616032418,,
3,MPWI,18,0.3168834905191783,185,0.214509616032418,,
3,MPWI,19,0.3080768774376531,185,0.214509616032418,,
3,MPWI,20,0.2995742405851612,185,0.214509616032418,,
3,MPWI,21,0.2902980242213792,185,0.214509616032418,,
3,MPWI,22,0.2856724676130913,185,0.214509616032418,,
3,MPWI,23,0.2809239961065548,185,0.214509616032418,,
3,MPWI,24,0.2744844441792526,185,0.214509616032418,,
3,MPWI,25,0.2695822397243829,185,0.214509616032418,,
3,MPWI,26,0.2652417226357484,185,0.214509616032418,,
3,MPWI,27,0.2620123094476668,185,0.214509616032418,,
3,MPWI,28,0.2564117959338333,185,0.214509616032418,,
3,MPWI,29,0.2535419037691771,185,0.214509616032418,,
3,MPWI,30,0.2502212978878654,185,0.214509616032418,,
3,MPWI,31,0.2437985966842636,185,0.214509616032418,,
3,MPWI,32,0.2406514309098418,185,0.214509616032418,,
3,MPWI,33,0.2382679623100178,185,0.214509616032418,,
3,MPWI,34,0.2370458897356089,185,0.214509616032418,,
3,MPWI,35,0.2336084720885043,185,0.214509616032418,,
3,MPWI,36,0.2323463001526525,185,0.214509616032418,,
3,MPWI,37,0.2301672109678697,185,0.214509616032418,,
3,MPWI,38,0.2281103853624981,185,0.214509616032418,,
3,MPWI,39,0.2258347056265131,185,0.214509616032418,,
3,MPWI,40,0.2227580957089206,185,0.214509616032418,,
3,MEPV,1,1.2910502643155664,184,0.214509616032418,,
3,MEPV,2,0.9810440012563584,184,0.214509616032418,,
3,MEPV,3,0.7807366028510021,184,0.214509616032418,,
3,MEPV,4,0.6726931362212746,184,0.214509616032418,,
3,MEPV,5,0.6002249351801442,184,0.214509616032418,,
3,MEPV,6,0.5430708996044965,184,0.214509616032418,,
3,MEPV,7,0.5051982162188344,184,0.214509616032418,,
3,MEPV,8,0.4710760331028468,184,0.214509616032418,,
3,MEPV,9,0.4383315690620429,184,0.214509616032418,,
3,MEPV,10,0.4193289319278769,184,0.214509616032418,,
3,MEPV,11,0.3980278214143457,184,0.214509616032418,,
3,MEPV,12,0.3836009630807026,184,0.214509616032418,,
3,MEPV,13,0.3693823959075222,184,0.214509616032418,,
3,MEPV,14,0.3540547812049591,184,0.214509616032418,,
3,MEPV,15,0.341928596349294,184,0.214509616032418,,
3,MEPV,16,0.3317229008403958,184,0.214509616032418,,
3,MEPV,17,0.3235945746833791,184,0.214509616032418,,
3,MEPV,18,0.3157911881147352,184,0.214509616032418,,
3,MEPV,19,0.306577434219288,184,0.214509616032418,,
3,MEPV,20,0.2967548629347214,184,0.214509616032418,,
3,MEPV,21,0.2897272295613353,184,0.214509616032418,,
3,MEPV,22,0.2849647138621947,184,0.214509616032418,,
3,MEPV,23,0.2793103763762642,184,0.214509616032418,,
3,MEPV,24,0.2729341289986189,184,0.214509616032418,,
3,MEPV,25,0.2674339778919913,184,0.214509616032418,,
3,MEPV,26,0.2632361053846451,184,0.214509616032418,,
3,MEPV,27,0.2590455758526998,184,0.214509616032418,,
3,MEPV,28,0.254985295043362,184,0.214509616032418,,
3,MEPV,29,0.2528211745713832,184,0.214509616032418,,
3,MEPV,30,0.2490059362864444,184,0.214509616032418,,
3,MEPV,31,0.2434932660353486,184,0.214509616032418,,
3,MEPV,32,0.2406164469752761,184,0.214509616032418,,
3,MEPV,33,0.236868463508842,184,0.214509616032418,,
3,MEPV,34,0.2355238357208209,184,0.214509616032418,,
3,MEPV,35,0.23206308864853,184,0.214509616032418,,
3,MEPV,36,0.2308990452852494,184,0.214509616032418,,
3,MEPV,37,0.2287196601518518,184,0.214509616032418,,
3,MEPV,38,0.2255834764068811,184,0.214509616032418,,
3,MEPV,39,0.2227616020052311,184,0.214509616032418,,
3,MEPV,40,0.2198566132274179,184,0.214509616032418,,
3,prec_gain_g0.0,1,1.2910502643155664,166,0.214509616032418,24997.0,21.22820047537815
3,prec_gain_g0.0,2,0.9810440012563584,166,0.214509616032418,24997.0,21.22820047537815
3,prec_gain_g0.0,3,0.771812706479994,166,0.214509616032418,24997.0,21.22820047537815
3,prec_gain_g0.0,4,0.6653521156300852,166,0.214509616032418,24997.0,21.22820047537815
3,prec_gain_g0.0,5,0.5981506252143735,166,0.214509616032418,24997.0,21.22820047537815
3,prec_gain_g0.0,6,0.5462972014491052,166,0.214509616032418,24997.0,21.22820047537815
3,prec_gain_g0.0,7,0.5098531686740858,166,0.214509616032418,24997.0,21.22820047537815
3,prec_gain_g0.0,8,0.4731124717963816,166,0.214509616032418,24997.0,21.22820047537815
3,prec_gain_g0.0,9,0.4405635609186681,166,0.214509616032418,24997.0,21.22820047537815
3,prec_gain_g0.0,10,0.4205505289375224,166,0.214509616032418,24997.0,21.22820047537815
3,prec_gain_g0.0,11,0.4008282313051996,166,0.214509616032418,24997.0,21.22820047537815
3,prec_gain_g0.0,12,0.3903387274358549,166,0.214509616032418,24997.0,21.22820047537815
3,prec_gain_g0.0,13,0.3756496038925309,166,0.214509616032418,24997.0,21.22820047537815
3,prec_gain_g0.0,14,0.359253633665605,166,0.214509616032418,24997.0,21.22820047537815
3,prec_gain_g0.0,15,0.3459804629979932,166,0.214509616032418,24997.0,21.22820047537815
3,prec_gain_g0.0,16,0.3355563240654093,166,0.214509616032418,24997.0,21.22820047537815
3,prec_gain_g0.0,17,0.3260752819506897,166,0.214509616032418,24997.0,21.22820047537815
3,prec_gain_g0.0,18,0.3170288353823147,166,0.214509616032418,24997.0,21.22820047537815
3,prec_gain_g0.0,19,0.3078378254121056,166,0.214509616032418,24997.0,21.22820047537815
3,prec_gain_g0.0,20,0.2991116299903885,166,0.214509616032418,24997.0,21.22820047537815
3,prec_gain_g0.0,21,0.2926241606262224,166,0.214509616032418,24997.0,21.22820047537815
3,prec_gain_g0.0,22,0.2878323227300333,166,0.214509616032418,24997.0,21.22820047537815
3,prec_gain_g0.0,23,0.2813080002662602,166,0.214509616032418,24997.0,21.22820047537815
3,prec_gain_g0.0,24,0.2756584228059245,166,0.214509616032418,24997.0,21.22820047537815
3,prec_gain_g0.0,25,0.2708609203616925,166,0.214509616032418,24997.0,21.22820047537815
3,prec_gain_g0.0,26,0.2655901413887726,166,0.214509616032418,24997.0,21.22820047537815
3,prec_gain_g0.0,27,0.2628410645189626,166,0.214509616032418,24997.0,21.22820047537815
3,prec_gain_g0.0,28,0.258252926861893,166,0.214509616032418,24997.0,21.22820047537815
3,prec_gain_g0.0,29,0.257110728891614,166,0.214509616032418,24997.0,21.22820047537815
3,prec_gain_g0.0,30,0.2539005224109622,166,0.214509616032418,24997.0,21.22820047537815
3,prec_gain_g0.0,31,0.2488671744009687,166,0.214509616032418,24997.0,21.22820047537815
3,prec_gain_g0.0,32,0.2442720059948221,166,0.214509616032418,24997.0,21.22820047537815
3,prec_gain_g0.0,33,0.2415461797631594,166,0.214509616032418,24997.0,21.22820047537815
3,prec_gain_g0.0,34,0.240070545584702,166,0.214509616032418,24997.0,21.22820047537815
3,prec_gain_g0.0,35,0.2371253324944263,166,0.214509616032418,24997.0,21.22820047537815
3,prec_gain_g0.0,36,0.2358589907031022,166,0.214509616032418,24997.0,21.22820047537815
3,prec_gain_g0.0,37,0.2332397101717408,166,0.214509616032418,24997.0,21.22820047537815
3,prec_gain_g0.0,38,0.2307785165320501,166,0.214509616032418,24997.0,21.22820047537815
3,prec_gain_g0.0,39,0.2281273987364658,166,0.214509616032418,24997.0,21.22820047537815
3,prec_gain_g0.0,40,0.2262874685389208,166,0.214509616032418,24997.0,21.22820047537815
3,prec_gain_g0.5,1,1.2910502643155664,160,0.214509616032418,24997.0,21.213089888670076
3,prec_gain_g0.5,2,0.9810440012563584,160,0.214509616032418,24997.0,21.213089888670076
3,prec_gain_g0.5,3,0.8054393490782369,160,0.214509616032418,24997.0,21.213089888670076
3,prec_gain_g0.5,4,0.6773750956534692,160,0.214509616032418,24997.0,21.213089888670076
3,prec_gain_g0.5,5,0.6087287069801487,160,0.214509616032418,24997.0,21.213089888670076
3,prec_gain_g0.5,6,0.5511511592829398,160,0.214509616032418,24997.0,21.213089888670076
3,prec_gain_g0.5,7,0.5122708234259756,160,0.214509616032418,24997.0,21.213089888670076
3,prec_gain_g0.5,8,0.4790736913708225,160,0.214509616032418,24997.0,21.213089888670076
3,prec_gain_g0.5,9,0.4455381095563139,160,0.214509616032418,24997.0,21.213089888670076
3,prec_gain_g0.5,10,0.4240777651376707,160,0.214509616032418,24997.0,21.213089888670076
3,prec_gain_g0.5,11,0.4040831028406704,160,0.214509616032418,24997.0,21.213089888670076
3,prec_gain_g0.5,12,0.3889145994475277,160,0.214509616032418,24997.0,21.213089888670076
3,prec_gain_g0.5,13,0.3757282079800177,160,0.214509616032418,24997.0,21.213089888670076
3,prec_gain_g0.5,14,0.3601581266893885,160,0.214509616032418,24997.0,21.213089888670076
3,prec_gain_g0.5,15,0.3481850608984508,160,0.214509616032418,24997.0,21.213089888670076
3,prec_gain_g0.5,16,0.3348740374272453,160,0.214509616032418,24997.0,21.213089888670076
3,prec_gain_g0.5,17,0.3242894131124186,160,0.214509616032418,24997.0,21.213089888670076
3,prec_gain_g0.5,18,0.3173537131182815,160,0.214509616032418,24997.0,21.213089888670076
3,prec_gain_g0.5,19,0.3085383009404672,160,0.214509616032418,24997.0,21.213089888670076
3,prec_gain_g0.5,20,0.3008283335890108,160,0.214509616032418,24997.0,21.213089888670076
3,prec_gain_g0.5,21,0.2953389681818675,160,0.214509616032418,24997.0,21.213089888670076
3,prec_gain_g0.5,22,0.2903620014338872,160,0.214509616032418,24997.0,21.213089888670076
3,prec_gain_g0.5,23,0.2828096962455073,160,0.214509616032418,24997.0,21.213089888670076
3,prec_gain_g0.5,24,0.2759183597628087,160,0.214509616032418,24997.0,21.213089888670076
3,prec_gain_g0.5,25,0.271424522150217,160,0.214509616032418,24997.0,21.213089888670076
3,prec_gain_g0.5,26,0.2660545461978718,160,0.214509616032418,24997.0,21.213089888670076
3,prec_gain_g0.5,27,0.263250610310252,160,0.214509616032418,24997.0,21.213089888670076
3,prec_gain_g0.5,28,0.2577427802135751,160,0.214509616032418,24997.0,21.213089888670076
3,prec_gain_g0.5,29,0.2568949498911859,160,0.214509616032418,24997.0,21.213089888670076
3,prec_gain_g0.5,30,0.2550855668238769,160,0.214509616032418,24997.0,21.213089888670076
3,prec_gain_g0.5,31,0.2512959878655955,160,0.214509616032418,24997.0,21.213089888670076
3,prec_gain_g0.5,32,0.2479196340154869,160,0.214509616032418,24997.0,21.213089888670076
3,prec_gain_g0.5,33,0.2453347550045454,160,0.214509616032418,24997.0,21.213089888670076
3,prec_gain_g0.5,34,0.2430541217539193,160,0.214509616032418,24997.0,21.213089888670076
3,prec_gain_g0.5,35,0.2394919786374253,160,0.214509616032418,24997.0,21.213089888670076
3,prec_gain_g0.5,36,0.2369301616646554,160,0.214509616032418,24997.0,21.213089888670076
3,prec_gain_g0.5,37,0.2352345657455706,160,0.214509616032418,24997.0,21.213089888670076
3,prec_gain_g0.5,38,0.2309903778040914,160,0.214509616032418,24997.0,21.213089888670076
3,prec_gain_g0.5,39,0.2285776819751523,160,0.214509616032418,24997.0,21.213089888670076
3,prec_gain_g0.5,40,0.2254868227519074,160,0.214509616032418,24997.0,21.213089888670076
3,prec_gain_g0.9,1,1.3917096070656212,157,0.214509616032418,24997.0,20.576768472679937
3,prec_gain_g0.9,2,1.1074804145667851,157,0.214509616032418,24997.0,20.576768472679937
3,prec_gain_g0.9,3,0.8792351800539586,157,0.214509616032418,24997.0,20.576768472679937
3,prec_gain_g0.9,4,0.7423073091761622,157,0.214509616032418,24997.0,20.576768472679937
3,prec_gain_g0.9,5,0.6686178695692961,157,0.214509616032418,24997.0,20.576768472679937
3,prec_gain_g0.9,6,0.5942451749777513,157,0.214509616032418,24997.0,20.576768472679937
3,prec_gain_g0.9,7,0.5550656240513085,157,0.214509616032418,24997.0,20.576768472679937
3,prec_gain_g0.9,8,0.5075263583214873,157,0.214509616032418,24997.0,20.576768472679937
3,prec_gain_g0.9,9,0.4718127648421815,157,0.214509616032418,24997.0,20.576768472679937
3,prec_gain_g0.9,10,0.4455124544037253,157,0.214509616032418,24997.0,20.576768472679937
3,prec_gain_g0.9,11,0.4234692375764007,157,0.214509616032418,24997.0,20.576768472679937
3,prec_gain_g0.9,12,0.4078177277552631,157,0.214509616032418,24997.0,20.576768472679937
3,prec_gain_g0.9,13,0.3921799986124324,157,0.214509616032418,24997.0,20.576768472679937
3,prec_gain_g0.9,14,0.3746011053905867,157,0.214509616032418,24997.0,20.576768472679937
3,prec_gain_g0.9,15,0.3604934726822967,157,0.214509616032418,24997.0,20.576768472679937
3,prec_gain_g0.9,16,0.3452474443959418,157,0.214509616032418,24997.0,20.576768472679937
3,prec_gain_g0.9,17,0.3351217188872976,157,0.214509616032418,24997.0,20.576768472679937
3,prec_gain_g0.9,18,0.3258791411906014,157,0.214509616032418,24997.0,20.576768472679937
3,prec_gain_g0.9,19,0.3168258839683829,157,0.214509616032418,24997.0,20.576768472679937
3,prec_gain_g0.9,20,0.3058576333019023,157,0.214509616032418,24997.0,20.576768472679937
3,prec_gain_g0.9,21,0.2983205951456173,157,0.214509616032418,24997.0,20.576768472679937
3,prec_gain_g0.9,22,0.2927269004502991,157,0.214509616032418,24997.0,20.576768472679937
3,prec_gain_g0.9,23,0.2871001354363861,157,0.214509616032418,24997.0,20.576768472679937
3,prec_gain_g0.9,24,0.2788757776924064,157,0.214509616032418,24997.0,20.576768472679937
3,prec_gain_g0.9,25,0.2737920246448752,157,0.214509616032418,24997.0,20.576768472679937
3,prec_gain_g0.9,26,0.2692177924428773,157,0.214509616032418,24997.0,20.576768472679937
3,prec_gain_g0.9,27,0.2644427061905524,157,0.214509616032418,24997.0,20.576768472679937
3,prec_gain_g0.9,28,0.2597591287876967,157,0.214509616032418,24997.0,20.576768472679937
3,prec_gain_g0.9,29,0.2575081469676092,157,0.214509616032418,24997.0,20.576768472679937
3,prec_gain_g0.9,30,0.2545553219126968,157,0.214509616032418,24997.0,20.576768472679937
3,prec_gain_g0.9,31,0.2492054268363643,157,0.214509616032418,24997.0,20.576768472679937
3,prec_gain_g0.9,32,0.2459576190585244,157,0.214509616032418,24997.0,20.576768472679937
3,prec_gain_g0.9,33,0.2434234193470498,157,0.214509616032418,24997.0,20.576768472679937
3,prec_gain_g0.9,34,0.2416163848636346,157,0.214509616032418,24997.0,20.576768472679937
3,prec_gain_g0.9,35,0.2387224964731937,157,0.214509616032418,24997.0,20.576768472679937
3,prec_gain_g0.9,36,0.2360950234015376,157,0.214509616032418,24997.0,20.576768472679937
3,prec_gain_g0.9,37,0.234116682617608,157,0.214509616032418,24997.0,20.576768472679937
3,prec_gain_g0.9,38,0.2315735610123591,157,0.214509616032418,24997.0,20.576768472679937
3,prec_gain_g0.9,39,0.2282397199932138,157,0.214509616032418,24997.0,20.576768472679937
3,prec_gain_g0.9,40,0.2261162296074368,157,0.214509616032418,24997.0,20.576768472679937
3,prec_gain_g1.0,1,1.402002162597528,154,0.214509616032418,24997.0,19.424062391198976
3,prec_gain_g1.0,2,1.136852687581676,154,0.214509616032418,24997.0,19.424062391198976
3,prec_gain_g1.0,3,0.9233864797767264,154,0.214509616032418,24997.0,19.424062391198976
3,prec_gain_g1.0,4,0.792380937558208,154,0.214509616032418,24997.0,19.424062391198976
3,prec_gain_g1.0,5,0.6886511873038408,154,0.214509616032418,24997.0,19.424062391198976
3,prec_gain_g1.0,6,0.6099530712052816,154,0.214509616032418,24997.0,19.424062391198976
3,prec_gain_g1.0,7,0.5590452881305991,154,0.214509616032418,24997.0,19.424062391198976
3,prec_gain_g1.0,8,0.5073652359691434,154,0.214509616032418,24997.0,19.424062391198976
3,prec_gain_g1.0,9,0.4757620940390341,154,0.214509616032418,24997.0,19.424062391198976
3,prec_gain_g1.0,10,0.4518958546555165,154,0.214509616032418,24997.0,19.424062391198976
3,prec_gain_g1.0,11,0.4310967649736923,154,0.214509616032418,24997.0,19.424062391198976
3,prec_gain_g1.0,12,0.4184521507181761,154,0.214509616032418,24997.0,19.424062391198976
3,prec_gain_g1.0,13,0.4030908088883052,154,0.214509616032418,24997.0,19.424062391198976
3,prec_gain_g1.0,14,0.384684082118499,154,0.214509616032418,24997.0,19.424062391198976
3,prec_gain_g1.0,15,0.3740206041040056,154,0.214509616032418,24997.0,19.424062391198976
3,prec_gain_g1.0,16,0.3600962506838981,154,0.214509616032418,24997.0,19.424062391198976
3,prec_gain_g1.0,17,0.3483934155091737,154,0.214509616032418,24997.0,19.424062391198976
3,prec_gain_g1.0,18,0.3401843948565713,154,0.214509616032418,24997.0,19.424062391198976
3,prec_gain_g1.0,19,0.3326073411217633,154,0.214509616032418,24997.0,19.424062391198976
3,prec_gain_g1.0,20,0.3224664568692737,154,0.214509616032418,24997.0,19.424062391198976
3,prec_gain_g1.0,21,0.312067157005797,154,0.214509616032418,24997.0,19.424062391198976
3,prec_gain_g1.0,22,0.3048559477491219,154,0.214509616032418,24997.0,19.424062391198976
3,prec_gain_g1.0,23,0.2974868693387285,154,0.214509616032418,24997.0,19.424062391198976
3,prec_gain_g1.0,24,0.2914467817978909,154,0.214509616032418,24997.0,19.424062391198976
3,prec_gain_g1.0,25,0.2857195645556646,154,0.214509616032418,24997.0,19.424062391198976
3,prec_gain_g1.0,26,0.2797102653934821,154,0.214509616032418,24997.0,19.424062391198976
3,prec_gain_g1.0,27,0.2747404666116149,154,0.214509616032418,24997.0,19.424062391198976
3,prec_gain_g1.0,28,0.2691791494889319,154,0.214509616032418,24997.0,19.424062391198976
3,prec_gain_g1.0,29,0.2662227084251908,154,0.214509616032418,24997.0,19.424062391198976
3,prec_gain_g1.0,30,0.2607178382444815,154,0.214509616032418,24997.0,19.424062391198976
3,prec_gain_g1.0,31,0.2555935076885176,154,0.214509616032418,24997.0,19.424062391198976
3,prec_gain_g1.0,32,0.2521286688542943,154,0.214509616032418,24997.0,19.424062391198976
3,prec_gain_g1.0,33,0.2503414640441689,154,0.214509616032418,24997.0,19.424062391198976
3,prec_gain_g1.0,34,0.2484865666124043,154,0.214509616032418,24997.0,19.424062391198976
3,prec_gain_g1.0,35,0.2452184706394547,154,0.214509616032418,24997.0,19.424062391198976
3,prec_gain_g1.0,36,0.2418388459947939,154,0.214509616032418,24997.0,19.424062391198976
3,prec_gain_g1.0,37,0.2397713126463903,154,0.214509616032418,24997.0,19.424062391198976
3,prec_gain_g1.0,38,0.236304321139465,154,0.214509616032418,24997.0,19.424062391198976
3,prec_gain_g1.0,39,0.2339514503943918,154,0.214509616032418,24997.0,19.424062391198976
3,prec_gain_g1.0,40,0.2315451608142239,154,0.214509616032418,24997.0,19.424062391198976
3,var_reduction_g0.0,1,1.2910502643155664,155,0.214509616032418,24997.0,3.022654436547485
3,var_reduction_g0.0,2,0.9810440012563584,155,0.214509616032418,24997.0,3.022654436547485
3,var_reduction_g0.0,3,0.7807366028510021,155,0.214509616032418,24997.0,3.022654436547485
3,var_reduction_g0.0,4,0.667474607666214,155,0.214509616032418,24997.0,3.022654436547485
3,var_reduction_g0.0,5,0.5994863613891462,155,0.214509616032418,24997.0,3.022654436547485
3,var_reduction_g0.0,6,0.5456539736433722,155,0.214509616032418,24997.0,3.022654436547485
3,var_reduction_g0.0,7,0.5098947058818232,155,0.214509616032418,24997.0,3.022654436547485
3,var_reduction_g0.0,8,0.4691015384898114,155,0.214509616032418,24997.0,3.022654436547485
3,var_reduction_g0.0,9,0.436286121144272,155,0.214509616032418,24997.0,3.022654436547485
3,var_reduction_g0.0,10,0.4152040820929522,155,0.214509616032418,24997.0,3.022654436547485
3,var_reduction_g0.0,11,0.3975145366422607,155,0.214509616032418,24997.0,3.022654436547485
3,var_reduction_g0.0,12,0.3866260682432425,155,0.214509616032418,24997.0,3.022654436547485
3,var_reduction_g0.0,13,0.3729738770464714,155,0.214509616032418,24997.0,3.022654436547485
3,var_reduction_g0.0,14,0.3585263475220517,155,0.214509616032418,24997.0,3.022654436547485
3,var_reduction_g0.0,15,0.3482635595137429,155,0.214509616032418,24997.0,3.022654436547485
3,var_reduction_g0.0,16,0.3391783241223988,155,0.214509616032418,24997.0,3.022654436547485
3,var_reduction_g0.0,17,0.330198573247196,155,0.214509616032418,24997.0,3.022654436547485
3,var_reduction_g0.0,18,0.3212621724737993,155,0.214509616032418,24997.0,3.022654436547485
3,var_reduction_g0.0,19,0.3127323337799005,155,0.214509616032418,24997.0,3.022654436547485
3,var_reduction_g0.0,20,0.3035273965662383,155,0.214509616032418,24997.0,3.022654436547485
3,var_reduction_g0.0,21,0.2957795172402426,155,0.214509616032418,24997.0,3.022654436547485
3,var_reduction_g0.0,22,0.2920139352910671,155,0.214509616032418,24997.0,3.022654436547485
3,var_reduction_g0.0,23,0.285957903573507,155,0.214509616032418,24997.0,3.022654436547485
3,var_reduction_g0.0,24,0.2809731324371716,155,0.214509616032418,24997.0,3.022654436547485
3,var_reduction_g0.0,25,0.275422252732499,155,0.214509616032418,24997.0,3.022654436547485
3,var_reduction_g0.0,26,0.2706664919712767,155,0.214509616032418,24997.0,3.022654436547485
3,var_reduction_g0.0,27,0.2680280135339402,155,0.214509616032418,24997.0,3.022654436547485
3,var_reduction_g0.0,28,0.2636509705255933,155,0.214509616032418,24997.0,3.022654436547485
3,var_reduction_g0.0,29,0.2617089398989006,155,0.214509616032418,24997.0,3.022654436547485
3,var_reduction_g0.0,30,0.2588109328985639,155,0.214509616032418,24997.0,3.022654436547485
3,var_reduction_g0.0,31,0.2523537712278652,155,0.214509616032418,24997.0,3.022654436547485
3,var_reduction_g0.0,32,0.2487002999307532,155,0.214509616032418,24997.0,3.022654436547485
3,var_reduction_g0.0,33,0.2466119235752685,155,0.214509616032418,24997.0,3.022654436547485
3,var_reduction_g0.0,34,0.2444209205268225,155,0.214509616032418,24997.0,3.022654436547485
3,var_reduction_g0.0,35,0.2416098446280623,155,0.214509616032418,24997.0,3.022654436547485
3,var_reduction_g0.0,36,0.2397931856476927,155,0.214509616032418,24997.0,3.022654436547485
3,var_reduction_g0.0,37,0.2370320424301677,155,0.214509616032418,24997.0,3.022654436547485
3,var_reduction_g0.0,38,0.2343178342433243,155,0.214509616032418,24997.0,3.022654436547485
3,var_reduction_g0.0,39,0.2310501884264643,155,0.214509616032418,24997.0,3.022654436547485
3,var_reduction_g0.0,40,0.2288013276264562,155,0.214509616032418,24997.0,3.022654436547485
3,var_reduction_g0.5,1,1.2910502643155664,160,0.214509616032418,24997.0,3.017805948492382
3,var_reduction_g0.5,2,0.9964095561610204,160,0.214509616032418,24997.0,3.017805948492382
3,var_reduction_g0.5,3,0.8418819313725147,160,0.214509616032418,24997.0,3.017805948492382
3,var_reduction_g0.5,4,0.7077856066181513,160,0.214509616032418,24997.0,3.017805948492382
3,var_reduction_g0.5,5,0.620562676354038,160,0.214509616032418,24997.0,3.017805948492382
3,var_reduction_g0.5,6,0.5633587069261741,160,0.214509616032418,24997.0,3.017805948492382
3,var_reduction_g0.5,7,0.5252197079329283,160,0.214509616032418,24997.0,3.017805948492382
3,var_reduction_g0.5,8,0.4866970477097003,160,0.214509616032418,24997.0,3.017805948492382
3,var_reduction_g0.5,9,0.4543386832468005,160,0.214509616032418,24997.0,3.017805948492382
3,var_reduction_g0.5,10,0.4326242710075939,160,0.214509616032418,24997.0,3.017805948492382
3,var_reduction_g0.5,11,0.4134020431694603,160,0.214509616032418,24997.0,3.017805948492382
3,var_reduction_g0.5,12,0.4001294412637407,160,0.214509616032418,24997.0,3.017805948492382
3,var_reduction_g0.5,13,0.3852236370635585,160,0.214509616032418,24997.0,3.017805948492382
3,var_reduction_g0.5,14,0.3672000284618449,160,0.214509616032418,24997.0,3.017805948492382
3,var_reduction_g0.5,15,0.3554444733529662,160,0.214509616032418,24997.0,3.017805948492382
3,var_reduction_g0.5,16,0.3433711943011263,160,0.214509616032418,24997.0,3.017805948492382
3,var_reduction_g0.5,17,0.3343628721245195,160,0.214509616032418,24997.0,3.017805948492382
3,var_reduction_g0.5,18,0.3240204013606441,160,0.214509616032418,24997.0,3.017805948492382
3,var_reduction_g0.5,19,0.3150234819707851,160,0.214509616032418,24997.0,3.017805948492382
3,var_reduction_g0.5,20,0.3078450113935405,160,0.214509616032418,24997.0,3.017805948492382
3,var_reduction_g0.5,21,0.3002903948210474,160,0.214509616032418,24997.0,3.017805948492382
3,var_reduction_g0.5,22,0.2950923566973084,160,0.214509616032418,24997.0,3.017805948492382
3,var_reduction_g0.5,23,0.2896085530043788,160,0.214509616032418,24997.0,3.017805948492382
3,var_reduction_g0.5,24,0.2842505409775231,160,0.214509616032418,24997.0,3.017805948492382
3,var_reduction_g0.5,25,0.2787350553236061,160,0.214509616032418,24997.0,3.017805948492382
3,var_reduction_g0.5,26,0.2744287577267373,160,0.214509616032418,24997.0,3.017805948492382
3,var_reduction_g0.5,27,0.2715310734171424,160,0.214509616032418,24997.0,3.017805948492382
3,var_reduction_g0.5,28,0.2664389648671649,160,0.214509616032418,24997.0,3.017805948492382
3,var_reduction_g0.5,29,0.2646423536744917,160,0.214509616032418,24997.0,3.017805948492382
3,var_reduction_g0.5,30,0.2627659768048869,160,0.214509616032418,24997.0,3.017805948492382
3,var_reduction_g0.5,31,0.2564943937136015,160,0.214509616032418,24997.0,3.017805948492382
3,var_reduction_g0.5,32,0.2542387719429961,160,0.214509616032418,24997.0,3.017805948492382
3,var_reduction_g0.5,33,0.2518296619539276,160,0.214509616032418,24997.0,3.017805948492382
3,var_reduction_g0.5,34,0.250374697415276,160,0.214509616032418,24997.0,3.017805948492382
3,var_reduction_g0.5,35,0.2474112367360821,160,0.214509616032418,24997.0,3.017805948492382
3,var_reduction_g0.5,36,0.2461220324492115,160,0.214509616032418,24997.0,3.017805948492382
3,var_reduction_g0.5,37,0.244074491872899,160,0.214509616032418,24997.0,3.017805948492382
3,var_reduction_g0.5,38,0.2428402278426713,160,0.214509616032418,24997.0,3.017805948492382
3,var_reduction_g0.5,39,0.2397074936176332,160,0.214509616032418,24997.0,3.017805948492382
3,var_reduction_g0.5,40,0.2372575512463335,160,0.214509616032418,24997.0,3.017805948492382
3,var_reduction_g0.9,1,1.3509975976595483,156,0.214509616032418,24997.0,2.945745018225236
3,var_reduction_g0.9,2,1.229262283780094,156,0.214509616032418,24997.0,2.945745018225236
3,var_reduction_g0.9,3,0.977459803097361,156,0.214509616032418,24997.0,2.945745018225236
3,var_reduction_g0.9,4,0.8213136133974183,156,0.214509616032418,24997.0,2.945745018225236
3,var_reduction_g0.9,5,0.7142458841350793,156,0.214509616032418,24997.0,2.945745018225236
3,var_reduction_g0.9,6,0.6238552586519012,156,0.214509616032418,24997.0,2.945745018225236
3,var_reduction_g0.9,7,0.572699409212396,156,0.214509616032418,24997.0,2.945745018225236
3,var_reduction_g0.9,8,0.5230119547365774,156,0.214509616032418,24997.0,2.945745018225236
3,var_reduction_g0.9,9,0.4848811963752724,156,0.214509616032418,24997.0,2.945745018225236
3,var_reduction_g0.9,10,0.4584562083781842,156,0.214509616032418,24997.0,2.945745018225236
3,var_reduction_g0.9,11,0.4364455421637563,156,0.214509616032418,24997.0,2.945745018225236
3,var_reduction_g0.9,12,0.4246042890564269,156,0.214509616032418,24997.0,2.945745018225236
3,var_reduction_g0.9,13,0.4064350616189222,156,0.214509616032418,24997.0,2.945745018225236
3,var_reduction_g0.9,14,0.3878729863335384,156,0.214509616032418,24997.0,2.945745018225236
3,var_reduction_g0.9,15,0.3762310113476026,156,0.214509616032418,24997.0,2.945745018225236
3,var_reduction_g0.9,16,0.3620899928123177,156,0.214509616032418,24997.0,2.945745018225236
3,var_reduction_g0.9,17,0.3485138909589921,156,0.214509616032418,24997.0,2.945745018225236
3,var_reduction_g0.9,18,0.3416901164445624,156,0.214509616032418,24997.0,2.945745018225236
3,var_reduction_g0.9,19,0.3281934994757648,156,0.214509616032418,24997.0,2.945745018225236
3,var_reduction_g0.9,20,0.319218771193847,156,0.214509616032418,24997.0,2.945745018225236
3,var_reduction_g0.9,21,0.3155187658762146,156,0.214509616032418,24997.0,2.945745018225236
3,var_reduction_g0.9,22,0.3101952475152622,156,0.214509616032418,24997.0,2.945745018225236
3,var_reduction_g0.9,23,0.3046755942034277,156,0.214509616032418,24997.0,2.945745018225236
3,var_reduction_g0.9,24,0.2978078875882873,156,0.214509616032418,24997.0,2.945745018225236
3,var_reduction_g0.9,25,0.2898810429645654,156,0.214509616032418,24997.0,2.945745018225236
3,var_reduction_g0.9,26,0.284470158413475,156,0.214509616032418,24997.0,2.945745018225236
3,var_reduction_g0.9,27,0.281114212075287,156,0.214509616032418,24997.0,2.945745018225236
3,var_reduction_g0.9,28,0.2755345332344304,156,0.214509616032418,24997.0,2.945745018225236
3,var_reduction_g0.9,29,0.2732682754575356,156,0.214509616032418,24997.0,2.945745018225236
3,var_reduction_g0.9,30,0.2687525593353403,156,0.214509616032418,24997.0,2.945745018225236
3,var_reduction_g0.9,31,0.2613653734069037,156,0.214509616032418,24997.0,2.945745018225236
3,var_reduction_g0.9,32,0.2557936380429208,156,0.214509616032418,24997.0,2.945745018225236
3,var_reduction_g0.9,33,0.2524652217829334,156,0.214509616032418,24997.0,2.945745018225236
3,var_reduction_g0.9,34,0.2507092067851056,156,0.214509616032418,24997.0,2.945745018225236
3,var_reduction_g0.9,35,0.2477103834100257,156,0.214509616032418,24997.0,2.945745018225236
3,var_reduction_g0.9,36,0.2451108969443345,156,0.214509616032418,24997.0,2.945745018225236
3,var_reduction_g0.9,37,0.2442327028937302,156,0.214509616032418,24997.0,2.945745018225236
3,var_reduction_g0.9,38,0.2421796486403184,156,0.214509616032418,24997.0,2.945745018225236
3,var_reduction_g0.9,39,0.2401684447884788,156,0.214509616032418,24997.0,2.945745018225236
3,var_reduction_g0.9,40,0.238828761755465,156,0.214509616032418,24997.0,2.945745018225236
3,var_reduction_g1.0,1,1.3572494433448634,147,0.214509616032418,24997.0,2.7768344735133295
3,var_reduction_g1.0,2,1.370278560725367,147,0.214509616032418,24997.0,2.7768344735133295
3,var_reduction_g1.0,3,1.446441484380451,147,0.214509616032418,24997.0,2.7768344735133295
3,var_reduction_g1.0,4,1.0695859062139346,147,0.214509616032418,24997.0,2.7768344735133295
3,var_reduction_g1.0,5,0.8308549073178411,147,0.214509616032418,24997.0,2.7768344735133295
3,var_reduction_g1.0,6,0.7045149176145212,147,0.214509616032418,24997.0,2.7768344735133295
3,var_reduction_g1.0,7,0.6420535898835906,147,0.214509616032418,24997.0,2.7768344735133295
3,var_reduction_g1.0,8,0.5852419039757174,147,0.214509616032418,24997.0,2.7768344735133295
3,var_reduction_g1.0,9,0.5482343287902072,147,0.214509616032418,24997.0,2.7768344735133295
3,var_reduction_g1.0,10,0.5153845897264897,147,0.214509616032418,24997.0,2.7768344735133295
3,var_reduction_g1.0,11,0.4833689087777948,147,0.214509616032418,24997.0,2.7768344735133295
3,var_reduction_g1.0,12,0.4663137983705357,147,0.214509616032418,24997.0,2.7768344735133295
3,var_reduction_g1.0,13,0.4518579829109649,147,0.214509616032418,24997.0,2.7768344735133295
3,var_reduction_g1.0,14,0.4316783533842891,147,0.214509616032418,24997.0,2.7768344735133295
3,var_reduction_g1.0,15,0.4123722247197534,147,0.214509616032418,24997.0,2.7768344735133295
3,var_reduction_g1.0,16,0.3994323460969177,147,0.214509616032418,24997.0,2.7768344735133295
3,var_reduction_g1.0,17,0.3888554477009703,147,0.214509616032418,24997.0,2.7768344735133295
3,var_reduction_g1.0,18,0.3790630552355413,147,0.214509616032418,24997.0,2.7768344735133295
3,var_reduction_g1.0,19,0.3684511033407584,147,0.214509616032418,24997.0,2.7768344735133295
3,var_reduction_g1.0,20,0.3604431450661912,147,0.214509616032418,24997.0,2.7768344735133295
3,var_reduction_g1.0,21,0.3533733222876085,147,0.214509616032418,24997.0,2.7768344735133295
3,var_reduction_g1.0,22,0.3460739108110482,147,0.214509616032418,24997.0,2.7768344735133295
3,var_reduction_g1.0,23,0.3398528170006385,147,0.214509616032418,24997.0,2.7768344735133295
3,var_reduction_g1.0,24,0.3345931530146814,147,0.214509616032418,24997.0,2.7768344735133295
3,var_reduction_g1.0,25,0.3297480510941018,147,0.214509616032418,24997.0,2.7768344735133295
3,var_reduction_g1.0,26,0.3223828989076153,147,0.214509616032418,24997.0,2.7768344735133295
3,var_reduction_g1.0,27,0.3159232974621975,147,0.214509616032418,24997.0,2.7768344735133295
3,var_reduction_g1.0,28,0.3096768702602063,147,0.214509616032418,24997.0,2.7768344735133295
3,var_reduction_g1.0,29,0.3070294349079898,147,0.214509616032418,24997.0,2.7768344735133295
3,var_reduction_g1.0,30,0.3054712718580769,147,0.214509616032418,24997.0,2.7768344735133295
3,var_reduction_g1.0,31,0.2979599721798707,147,0.214509616032418,24997.0,2.7768344735133295
3,var_reduction_g1.0,32,0.2936894136558509,147,0.214509616032418,24997.0,2.7768344735133295
3,var_reduction_g1.0,33,0.2910764639041536,147,0.214509616032418,24997.0,2.7768344735133295
3,var_reduction_g1.0,34,0.2874596763321351,147,0.214509616032418,24997.0,2.7768344735133295
3,var_reduction_g1.0,35,0.2834849377584936,147,0.214509616032418,24997.0,2.7768344735133295
3,var_reduction_g1.0,36,0.2799910333081248,147,0.214509616032418,24997.0,2.7768344735133295
3,var_reduction_g1.0,37,0.2763004214432264,147,0.214509616032418,24997.0,2.7768344735133295
3,var_reduction_g1.0,38,0.2722550980619024,147,0.214509616032418,24997.0,2.7768344735133295
3,var_reduction_g1.0,39,0.2685715702009564,147,0.214509616032418,24997.0,2.7768344735133295
3,var_reduction_g1.0,40,0.2652204046299837,147,0.214509616032418,24997.0,2.7768344735133295
3,fi_hat_prev_g0.0,1,1.242022945766001,192,0.214509616032418,24997.0,23.124755975094903
3,fi_hat_prev_g0.0,2,0.97044723427744,192,0.214509616032418,24997.0,23.124755975094903
3,fi_hat_prev_g0.0,3,0.7793765118746858,192,0.214509616032418,24997.0,23.124755975094903
3,fi_hat_prev_g0.0,4,0.6922126169798615,192,0.214509616032418,24997.0,23.124755975094903
3,fi_hat_prev_g0.0,5,0.6268600485446385,192,0.214509616032418,24997.0,23.124755975094903
3,fi_hat_prev_g0.0,6,0.5686434229373345,192,0.214509616032418,24997.0,23.124755975094903
3,fi_hat_prev_g0.0,7,0.5321203892163117,192,0.214509616032418,24997.0,23.124755975094903
3,fi_hat_prev_g0.0,8,0.4846481439763901,192,0.214509616032418,24997.0,23.124755975094903
3,fi_hat_prev_g0.0,9,0.4491011243118662,192,0.214509616032418,24997.0,23.124755975094903
3,fi_hat_prev_g0.0,10,0.4222842084339554,192,0.214509616032418,24997.0,23.124755975094903
3,fi_hat_prev_g0.0,11,0.4005159667250685,192,0.214509616032418,24997.0,23.124755975094903
3,fi_hat_prev_g0.0,12,0.3871323646314628,192,0.214509616032418,24997.0,23.124755975094903
3,fi_hat_prev_g0.0,13,0.3719327255242576,192,0.214509616032418,24997.0,23.124755975094903
3,fi_hat_prev_g0.0,14,0.3580151348348482,192,0.214509616032418,24997.0,23.124755975094903
3,fi_hat_prev_g0.0,15,0.3453061453960493,192,0.214509616032418,24997.0,23.124755975094903
3,fi_hat_prev_g0.0,16,0.3331126513658462,192,0.214509616032418,24997.0,23.124755975094903
3,fi_hat_prev_g0.0,17,0.3240219459959743,192,0.214509616032418,24997.0,23.124755975094903
3,fi_hat_prev_g0.0,18,0.3160343508580955,192,0.214509616032418,24997.0,23.124755975094903
3,fi_hat_prev_g0.0,19,0.3063374332048932,192,0.214509616032418,24997.0,23.124755975094903
3,fi_hat_prev_g0.0,20,0.2979273543553926,192,0.214509616032418,24997.0,23.124755975094903
3,fi_hat_prev_g0.0,21,0.2896019424551697,192,0.214509616032418,24997.0,23.124755975094903
3,fi_hat_prev_g0.0,22,0.2829599603010975,192,0.214509616032418,24997.0,23.124755975094903
3,fi_hat_prev_g0.0,23,0.277670909682117,192,0.214509616032418,24997.0,23.124755975094903
3,fi_hat_prev_g0.0,24,0.2721099423232058,192,0.214509616032418,24997.0,23.124755975094903
3,fi_hat_prev_g0.0,25,0.2663609400423098,192,0.214509616032418,24997.0,23.124755975094903
3,fi_hat_prev_g0.0,26,0.262355498844802,192,0.214509616032418,24997.0,23.124755975094903
3,fi_hat_prev_g0.0,27,0.2591380147928922,192,0.214509616032418,24997.0,23.124755975094903
3,fi_hat_prev_g0.0,28,0.2537489194075804,192,0.214509616032418,24997.0,23.124755975094903
3,fi_hat_prev_g0.0,29,0.2501076513354784,192,0.214509616032418,24997.0,23.124755975094903
3,fi_hat_prev_g0.0,30,0.2462945440295106,192,0.214509616032418,24997.0,23.124755975094903
3,fi_hat_prev_g0.0,31,0.2401510517758266,192,0.214509616032418,24997.0,23.124755975094903
3,fi_hat_prev_g0.0,32,0.2365381578163283,192,0.214509616032418,24997.0,23.124755975094903
3,fi_hat_prev_g0.0,33,0.2333739007196365,192,0.214509616032418,24997.0,23.124755975094903
3,fi_hat_prev_g0.0,34,0.2319086393868346,192,0.214509616032418,24997.0,23.124755975094903
3,fi_hat_prev_g0.0,35,0.2291881301056567,192,0.214509616032418,24997.0,23.124755975094903
3,fi_hat_prev_g0.0,36,0.2275831517069941,192,0.214509616032418,24997.0,23.124755975094903
3,fi_hat_prev_g0.0,37,0.2259170136560406,192,0.214509616032418,24997.0,23.124755975094903
3,fi_hat_prev_g0.0,38,0.2235617684646919,192,0.214509616032418,24997.0,23.124755975094903
3,fi_hat_prev_g0.0,39,0.2201854727565104,192,0.214509616032418,24997.0,23.124755975094903
3,fi_hat_prev_g0.0,40,0.2182040956665407,192,0.214509616032418,24997.0,23.124755975094903
3,fi_hat_prev_g0.5,1,1.241341201350456,183,0.214509616032418,24997.0,23.148395820816052
3,fi_hat_prev_g0.5,2,0.9582613982885144,183,0.214509616032418,24997.0,23.148395820816052
3,fi_hat_prev_g0.5,3,0.7746170697479512,183,0.214509616032418,24997.0,23.148395820816052
3,fi_hat_prev_g0.5,4,0.6917030198121661,183,0.214509616032418,24997.0,23.148395820816052
3,fi_hat_prev_g0.5,5,0.6361970712441557,183,0.214509616032418,24997.0,23.148395820816052
3,fi_hat_prev_g0.5,6,0.573002800806941,183,0.214509616032418,24997.0,23.148395820816052
3,fi_hat_prev_g0.5,7,0.537376384791835,183,0.214509616032418,24997.0,23.148395820816052
3,fi_hat_prev_g0.5,8,0.4909207098135529,183,0.214509616032418,24997.0,23.148395820816052
3,fi_hat_prev_g0.5,9,0.45472243105328,183,0.214509616032418,24997.0,23.148395820816052
3,fi_hat_prev_g0.5,10,0.427520849630951,183,0.214509616032418,24997.0,23.148395820816052
3,fi_hat_prev_g0.5,11,0.4058187395294099,183,0.214509616032418,24997.0,23.148395820816052
3,fi_hat_prev_g0.5,12,0.3915859315829943,183,0.214509616032418,24997.0,23.148395820816052
3,fi_hat_prev_g0.5,13,0.3775539448715664,183,0.214509616032418,24997.0,23.148395820816052
3,fi_hat_prev_g0.5,14,0.3605551997870446,183,0.214509616032418,24997.0,23.148395820816052
3,fi_hat_prev_g0.5,15,0.3473973842796552,183,0.214509616032418,24997.0,23.148395820816052
3,fi_hat_prev_g0.5,16,0.3365102951325783,183,0.214509616032418,24997.0,23.148395820816052
3,fi_hat_prev_g0.5,17,0.3282887549097855,183,0.214509616032418,24997.0,23.148395820816052
3,fi_hat_prev_g0.5,18,0.319298166980451,183,0.214509616032418,24997.0,23.148395820816052
3,fi_hat_prev_g0.5,19,0.3107897583489527,183,0.214509616032418,24997.0,23.148395820816052
3,fi_hat_prev_g0.5,20,0.3018598446409347,183,0.214509616032418,24997.0,23.148395820816052
3,fi_hat_prev_g0.5,21,0.2949012941068791,183,0.214509616032418,24997.0,23.148395820816052
3,fi_hat_prev_g0.5,22,0.2874187019744496,183,0.214509616032418,24997.0,23.148395820816052
3,fi_hat_prev_g0.5,23,0.2819395706356109,183,0.214509616032418,24997.0,23.148395820816052
3,fi_hat_prev_g0.5,24,0.2754869179004234,183,0.214509616032418,24997.0,23.148395820816052
3,fi_hat_prev_g0.5,25,0.2709907700627751,183,0.214509616032418,24997.0,23.148395820816052
3,fi_hat_prev_g0.5,26,0.2669258857506222,183,0.214509616032418,24997.0,23.148395820816052
3,fi_hat_prev_g0.5,27,0.2637856966907816,183,0.214509616032418,24997.0,23.148395820816052
3,fi_hat_prev_g0.5,28,0.2578345193150778,183,0.214509616032418,24997.0,23.148395820816052
3,fi_hat_prev_g0.5,29,0.2556241807188489,183,0.214509616032418,24997.0,23.148395820816052
3,fi_hat_prev_g0.5,30,0.2519294695583753,183,0.214509616032418,24997.0,23.148395820816052
3,fi_hat_prev_g0.5,31,0.2462651010666909,183,0.214509616032418,24997.0,23.148395820816052
3,fi_hat_prev_g0.5,32,0.2417824130182581,183,0.214509616032418,24997.0,23.148395820816052
3,fi_hat_prev_g0.5,33,0.2399870139677873,183,0.214509616032418,24997.0,23.148395820816052
3,fi_hat_prev_g0.5,34,0.2383120370338639,183,0.214509616032418,24997.0,23.148395820816052
3,fi_hat_prev_g0.5,35,0.2341856664416763,183,0.214509616032418,24997.0,23.148395820816052
3,fi_hat_prev_g0.5,36,0.2317157176297489,183,0.214509616032418,24997.0,23.148395820816052
3,fi_hat_prev_g0.5,37,0.2301514187428061,183,0.214509616032418,24997.0,23.148395820816052
3,fi_hat_prev_g0.5,38,0.226986513671343,183,0.214509616032418,24997.0,23.148395820816052
3,fi_hat_prev_g0.5,39,0.2238707141663278,183,0.214509616032418,24997.0,23.148395820816052
3,fi_hat_prev_g0.5,40,0.2216185982245085,183,0.214509616032418,24997.0,23.148395820816052
3,fi_hat_prev_g0.9,1,1.455331359902465,170,0.214509616032418,24997.0,22.464977822292013
3,fi_hat_prev_g0.9,2,1.010707071579607,170,0.214509616032418,24997.0,22.464977822292013
3,fi_hat_prev_g0.9,3,0.8768546003503243,170,0.214509616032418,24997.0,22.464977822292013
3,fi_hat_prev_g0.9,4,0.7572158816495038,170,0.214509616032418,24997.0,22.464977822292013
3,fi_hat_prev_g0.9,5,0.6835086678192888,170,0.214509616032418,24997.0,22.464977822292013
3,fi_hat_prev_g0.9,6,0.6143123423084281,170,0.214509616032418,24997.0,22.464977822292013
3,fi_hat_prev_g0.9,7,0.5730286534500507,170,0.214509616032418,24997.0,22.464977822292013
3,fi_hat_prev_g0.9,8,0.5261475670079759,170,0.214509616032418,24997.0,22.464977822292013
3,fi_hat_prev_g0.9,9,0.4839132271752812,170,0.214509616032418,24997.0,22.464977822292013
3,fi_hat_prev_g0.9,10,0.4520279315979496,170,0.214509616032418,24997.0,22.464977822292013
3,fi_hat_prev_g0.9,11,0.4223814616143988,170,0.214509616032418,24997.0,22.464977822292013
3,fi_hat_prev_g0.9,12,0.4040535729082644,170,0.214509616032418,24997.0,22.464977822292013
3,fi_hat_prev_g0.9,13,0.384036286684008,170,0.214509616032418,24997.0,22.464977822292013
3,fi_hat_prev_g0.9,14,0.3671691277917547,170,0.214509616032418,24997.0,22.464977822292013
3,fi_hat_prev_g0.9,15,0.356161543291797,170,0.214509616032418,24997.0,22.464977822292013
3,fi_hat_prev_g0.9,16,0.3449156551236165,170,0.214509616032418,24997.0,22.464977822292013
3,fi_hat_prev_g0.9,17,0.3324693557221581,170,0.214509616032418,24997.0,22.464977822292013
3,fi_hat_prev_g0.9,18,0.3235603520553009,170,0.214509616032418,24997.0,22.464977822292013
3,fi_hat_prev_g0.9,19,0.3144562302997227,170,0.214509616032418,24997.0,22.464977822292013
3,fi_hat_prev_g0.9,20,0.3045739454604719,170,0.214509616032418,24997.0,22.464977822292013
3,fi_hat_prev_g0.9,21,0.2993471872197749,170,0.214509616032418,24997.0,22.464977822292013
3,fi_hat_prev_g0.9,22,0.2926213876757415,170,0.214509616032418,24997.0,22.464977822292013
3,fi_hat_prev_g0.9,23,0.2855055566447944,170,0.214509616032418,24997.0,22.464977822292013
3,fi_hat_prev_g0.9,24,0.2801882187205413,170,0.214509616032418,24997.0,22.464977822292013
3,fi_hat_prev_g0.9,25,0.2745229866766523,170,0.214509616032418,24997.0,22.464977822292013
3,fi_hat_prev_g0.9,26,0.2679524542944939,170,0.214509616032418,24997.0,22.464977822292013
3,fi_hat_prev_g0.9,27,0.2650243816731293,170,0.214509616032418,24997.0,22.464977822292013
3,fi_hat_prev_g0.9,28,0.2595286903203876,170,0.214509616032418,24997.0,22.464977822292013
3,fi_hat_prev_g0.9,29,0.2567112507596195,170,0.214509616032418,24997.0,22.464977822292013
3,fi_hat_prev_g0.9,30,0.2534277290696868,170,0.214509616032418,24997.0,22.464977822292013
3,fi_hat_prev_g0.9,31,0.2473963113564683,170,0.214509616032418,24997.0,22.464977822292013
3,fi_hat_prev_g0.9,32,0.2433261296147799,170,0.214509616032418,24997.0,22.464977822292013
3,fi_hat_prev_g0.9,33,0.2401932133590247,170,0.214509616032418,24997.0,22.464977822292013
3,fi_hat_prev_g0.9,34,0.2372166832591439,170,0.214509616032418,24997.0,22.464977822292013
3,fi_hat_prev_g0.9,35,0.2345871270830957,170,0.214509616032418,24997.0,22.464977822292013
3,fi_hat_prev_g0.9,36,0.2319154532324725,170,0.214509616032418,24997.0,22.464977822292013
3,fi_hat_prev_g0.9,37,0.229777497485723,170,0.214509616032418,24997.0,22.464977822292013
3,fi_hat_prev_g0.9,38,0.2273613314284305,170,0.214509616032418,24997.0,22.464977822292013
3,fi_hat_prev_g0.9,39,0.2236771608346531,170,0.214509616032418,24997.0,22.464977822292013
3,fi_hat_prev_g0.9,40,0.2201959639394814,170,0.214509616032418,24997.0,22.464977822292013
3,fi_hat_prev_g1.0,1,1.284667081304698,181,0.214509616032418,24997.0,20.938266216963076
3,fi_hat_prev_g1.0,2,0.9937606135999156,181,0.214509616032418,24997.0,20.938266216963076
3,fi_hat_prev_g1.0,3,0.853479619818129,181,0.214509616032418,24997.0,20.938266216963076
3,fi_hat_prev_g1.0,4,0.7382403246744982,181,0.214509616032418,24997.0,20.938266216963076
3,fi_hat_prev_g1.0,5,0.6502412624584843,181,0.214509616032418,24997.0,20.938266216963076
3,fi_hat_prev_g1.0,6,0.598512075461953,181,0.214509616032418,24997.0,20.938266216963076
3,fi_hat_prev_g1.0,7,0.5557366646774763,181,0.214509616032418,24997.0,20.938266216963076
3,fi_hat_prev_g1.0,8,0.5162089429267943,181,0.214509616032418,24997.0,20.938266216963076
3,fi_hat_prev_g1.0,9,0.4735365111107892,181,0.214509616032418,24997.0,20.938266216963076
3,fi_hat_prev_g1.0,10,0.4460505214298034,181,0.214509616032418,24997.0,20.938266216963076
3,fi_hat_prev_g1.0,11,0.4217925666747918,181,0.214509616032418,24997.0,20.938266216963076
3,fi_hat_prev_g1.0,12,0.4117672592829204,181,0.214509616032418,24997.0,20.938266216963076
3,fi_hat_prev_g1.0,13,0.3956684496485469,181,0.214509616032418,24997.0,20.938266216963076
3,fi_hat_prev_g1.0,14,0.3833480829716755,181,0.214509616032418,24997.0,20.938266216963076
3,fi_hat_prev_g1.0,15,0.368728065188791,181,0.214509616032418,24997.0,20.938266216963076
3,fi_hat_prev_g1.0,16,0.355001443943426,181,0.214509616032418,24997.0,20.938266216963076
3,fi_hat_prev_g1.0,17,0.3435739629854414,181,0.214509616032418,24997.0,20.938266216963076
3,fi_hat_prev_g1.0,18,0.3355464848583317,181,0.214509616032418,24997.0,20.938266216963076
3,fi_hat_prev_g1.0,19,0.326453470783562,181,0.214509616032418,24997.0,20.938266216963076
3,fi_hat_prev_g1.0,20,0.3153044701379164,181,0.214509616032418,24997.0,20.938266216963076
3,fi_hat_prev_g1.0,21,0.3068719899010255,181,0.214509616032418,24997.0,20.938266216963076
3,fi_hat_prev_g1.0,22,0.3018186373626673,181,0.214509616032418,24997.0,20.938266216963076
3,fi_hat_prev_g1.0,23,0.2946261242033532,181,0.214509616032418,24997.0,20.938266216963076
3,fi_hat_prev_g1.0,24,0.2870848882633501,181,0.214509616032418,24997.0,20.938266216963076
3,fi_hat_prev_g1.0,25,0.2829692760725086,181,0.214509616032418,24997.0,20.938266216963076
3,fi_hat_prev_g1.0,26,0.2774226861914894,181,0.214509616032418,24997.0,20.938266216963076
3,fi_hat_prev_g1.0,27,0.2742104664418287,181,0.214509616032418,24997.0,20.938266216963076
3,fi_hat_prev_g1.0,28,0.2685964470418938,181,0.214509616032418,24997.0,20.938266216963076
3,fi_hat_prev_g1.0,29,0.2663667057965772,181,0.214509616032418,24997.0,20.938266216963076
3,fi_hat_prev_g1.0,30,0.2629437908059459,181,0.214509616032418,24997.0,20.938266216963076
3,fi_hat_prev_g1.0,31,0.2565943910821733,181,0.214509616032418,24997.0,20.938266216963076
3,fi_hat_prev_g1.0,32,0.2518308472230027,181,0.214509616032418,24997.0,20.938266216963076
3,fi_hat_prev_g1.0,33,0.2495479691617649,181,0.214509616032418,24997.0,20.938266216963076
3,fi_hat_prev_g1.0,34,0.2459117982112945,181,0.214509616032418,24997.0,20.938266216963076
3,fi_hat_prev_g1.0,35,0.2434455339404982,181,0.214509616032418,24997.0,20.938266216963076
3,fi_hat_prev_g1.0,36,0.241696631447373,181,0.214509616032418,24997.0,20.938266216963076
3,fi_hat_prev_g1.0,37,0.2398222644436752,181,0.214509616032418,24997.0,20.938266216963076
3,fi_hat_prev_g1.0,38,0.2374425436429026,181,0.214509616032418,24997.0,20.938266216963076
3,fi_hat_prev_g1.0,39,0.2341424438999942,181,0.214509616032418,24997.0,20.938266216963076
3,fi_hat_prev_g1.0,40,0.2315963832010287,181,0.214509616032418,24997.0,20.938266216963076
3,fi_hat_post_g0.0,1,1.356122103927378,189,0.214509616032418,24997.0,22.054693929997615
3,fi_hat_post_g0.0,2,1.0087513896287517,189,0.214509616032418,24997.0,22.054693929997615
3,fi_hat_post_g0.0,3,0.7971831713876452,189,0.214509616032418,24997.0,22.054693929997615
3,fi_hat_post_g0.0,4,0.6872645892552349,189,0.214509616032418,24997.0,22.054693929997615
3,fi_hat_post_g0.0,5,0.6218953008790064,189,0.214509616032418,24997.0,22.054693929997615
3,fi_hat_post_g0.0,6,0.565252727692189,189,0.214509616032418,24997.0,22.054693929997615
3,fi_hat_post_g0.0,7,0.5223363409012498,189,0.214509616032418,24997.0,22.054693929997615
3,fi_hat_post_g0.0,8,0.4786408824337532,189,0.214509616032418,24997.0,22.054693929997615
3,fi_hat_post_g0.0,9,0.446457788584448,189,0.214509616032418,24997.0,22.054693929997615
3,fi_hat_post_g0.0,10,0.4211810438661794,189,0.214509616032418,24997.0,22.054693929997615
3,fi_hat_post_g0.0,11,0.400620944949812,189,0.214509616032418,24997.0,22.054693929997615
3,fi_hat_post_g0.0,12,0.3862611885894749,189,0.214509616032418,24997.0,22.054693929997615
3,fi_hat_post_g0.0,13,0.3712166844827952,189,0.214509616032418,24997.0,22.054693929997615
3,fi_hat_post_g0.0,14,0.3552635446695877,189,0.214509616032418,24997.0,22.054693929997615
3,fi_hat_post_g0.0,15,0.3412514643774223,189,0.214509616032418,24997.0,22.054693929997615
3,fi_hat_post_g0.0,16,0.3315546103365524,189,0.214509616032418,24997.0,22.054693929997615
3,fi_hat_post_g0.0,17,0.3224918085995545,189,0.214509616032418,24997.0,22.054693929997615
3,fi_hat_post_g0.0,18,0.3164640531359551,189,0.214509616032418,24997.0,22.054693929997615
3,fi_hat_post_g0.0,19,0.3067426134439875,189,0.214509616032418,24997.0,22.054693929997615
3,fi_hat_post_g0.0,20,0.2995622970017275,189,0.214509616032418,24997.0,22.054693929997615
3,fi_hat_post_g0.0,21,0.2928804504297382,189,0.214509616032418,24997.0,22.054693929997615
3,fi_hat_post_g0.0,22,0.2858410899471033,189,0.214509616032418,24997.0,22.054693929997615
3,fi_hat_post_g0.0,23,0.2801312784757783,189,0.214509616032418,24997.0,22.054693929997615
3,fi_hat_post_g0.0,24,0.2747171439774039,189,0.214509616032418,24997.0,22.054693929997615
3,fi_hat_post_g0.0,25,0.2693617364504956,189,0.214509616032418,24997.0,22.054693929997615
3,fi_hat_post_g0.0,26,0.2648787759292873,189,0.214509616032418,24997.0,22.054693929997615
3,fi_hat_post_g0.0,27,0.2610907885776107,189,0.214509616032418,24997.0,22.054693929997615
3,fi_hat_post_g0.0,28,0.255711753532206,189,0.214509616032418,24997.0,22.054693929997615
3,fi_hat_post_g0.0,29,0.2540178317679024,189,0.214509616032418,24997.0,22.054693929997615
3,fi_hat_post_g0.0,30,0.2501117755560084,189,0.214509616032418,24997.0,22.054693929997615
3,fi_hat_post_g0.0,31,0.244947477839601,189,0.214509616032418,24997.0,22.054693929997615
3,fi_hat_post_g0.0,32,0.2406924652442859,189,0.214509616032418,24997.0,22.054693929997615
3,fi_hat_post_g0.0,33,0.2374016961382387,189,0.214509616032418,24997.0,22.054693929997615
3,fi_hat_post_g0.0,34,0.2341396842605876,189,0.214509616032418,24997.0,22.054693929997615
3,fi_hat_post_g0.0,35,0.2320379108479492,189,0.214509616032418,24997.0,22.054693929997615
3,fi_hat_post_g0.0,36,0.2303412795040889,189,0.214509616032418,24997.0,22.054693929997615
3,fi_hat_post_g0.0,37,0.2283975386693955,189,0.214509616032418,24997.0,22.054693929997615
3,fi_hat_post_g0.0,38,0.2255665696478789,189,0.214509616032418,24997.0,22.054693929997615
3,fi_hat_post_g0.0,39,0.2226008760113073,189,0.214509616032418,24997.0,22.054693929997615
3,fi_hat_post_g0.0,40,0.2195935028102601,189,0.214509616032418,24997.0,22.054693929997615
3,fi_hat_post_g0.5,1,1.3626981546186587,185,0.214509616032418,24997.0,21.987990438559336
3,fi_hat_post_g0.5,2,1.004334230336362,185,0.214509616032418,24997.0,21.987990438559336
3,fi_hat_post_g0.5,3,0.7917809865541585,185,0.214509616032418,24997.0,21.987990438559336
3,fi_hat_post_g0.5,4,0.680789745859285,185,0.214509616032418,24997.0,21.987990438559336
3,fi_hat_post_g0.5,5,0.6135211878003777,185,0.214509616032418,24997.0,21.987990438559336
3,fi_hat_post_g0.5,6,0.5596414356888737,185,0.214509616032418,24997.0,21.987990438559336
3,fi_hat_post_g0.5,7,0.5262758790976411,185,0.214509616032418,24997.0,21.987990438559336
3,fi_hat_post_g0.5,8,0.482625719370907,185,0.214509616032418,24997.0,21.987990438559336
3,fi_hat_post_g0.5,9,0.4501925151996919,185,0.214509616032418,24997.0,21.987990438559336
3,fi_hat_post_g0.5,10,0.4226920744617966,185,0.214509616032418,24997.0,21.987990438559336
3,fi_hat_post_g0.5,11,0.3988567276978217,185,0.214509616032418,24997.0,21.987990438559336
3,fi_hat_post_g0.5,12,0.3843008204471218,185,0.214509616032418,24997.0,21.987990438559336
3,fi_hat_post_g0.5,13,0.3690970242126949,185,0.214509616032418,24997.0,21.987990438559336
3,fi_hat_post_g0.5,14,0.3551820211593653,185,0.214509616032418,24997.0,21.987990438559336
3,fi_hat_post_g0.5,15,0.3425972910591323,185,0.214509616032418,24997.0,21.987990438559336
3,fi_hat_post_g0.5,16,0.3324289252307303,185,0.214509616032418,24997.0,21.987990438559336
3,fi_hat_post_g0.5,17,0.3245137586602658,185,0.214509616032418,24997.0,21.987990438559336
3,fi_hat_post_g0.5,18,0.3174231871445797,185,0.214509616032418,24997.0,21.987990438559336
3,fi_hat_post_g0.5,19,0.3072845549798701,185,0.214509616032418,24997.0,21.987990438559336
3,fi_hat_post_g0.5,20,0.2977762867567393,185,0.214509616032418,24997.0,21.987990438559336
3,fi_hat_post_g0.5,21,0.2900079656185283,185,0.214509616032418,24997.0,21.987990438559336
3,fi_hat_post_g0.5,22,0.2842064686860315,185,0.214509616032418,24997.0,21.987990438559336
3,fi_hat_post_g0.5,23,0.2787673771334432,185,0.214509616032418,24997.0,21.987990438559336
3,fi_hat_post_g0.5,24,0.2726970297608793,185,0.214509616032418,24997.0,21.987990438559336
3,fi_hat_post_g0.5,25,0.2687219055697341,185,0.214509616032418,24997.0,21.987990438559336
3,fi_hat_post_g0.5,26,0.2645633712193972,185,0.214509616032418,24997.0,21.987990438559336
3,fi_hat_post_g0.5,27,0.260980900766621,185,0.214509616032418,24997.0,21.987990438559336
3,fi_hat_post_g0.5,28,0.2559130501717451,185,0.214509616032418,24997.0,21.987990438559336
3,fi_hat_post_g0.5,29,0.2548212237347856,185,0.214509616032418,24997.0,21.987990438559336
3,fi_hat_post_g0.5,30,0.2524102659130642,185,0.214509616032418,24997.0,21.987990438559336
3,fi_hat_post_g0.5,31,0.2472639071683413,185,0.214509616032418,24997.0,21.987990438559336
3,fi_hat_post_g0.5,32,0.2443208427865353,185,0.214509616032418,24997.0,21.987990438559336
3,fi_hat_post_g0.5,33,0.2416777189184646,185,0.214509616032418,24997.0,21.987990438559336
3,fi_hat_post_g0.5,34,0.2397259969964369,185,0.214509616032418,24997.0,21.987990438559336
3,fi_hat_post_g0.5,35,0.2364399517770945,185,0.214509616032418,24997.0,21.987990438559336
3,fi_hat_post_g0.5,36,0.2346514442243745,185,0.214509616032418,24997.0,21.987990438559336
3,fi_hat_post_g0.5,37,0.2323744783764251,185,0.214509616032418,24997.0,21.987990438559336
3,fi_hat_post_g0.5,38,0.2287883786491965,185,0.214509616032418,24997.0,21.987990438559336
3,fi_hat_post_g0.5,39,0.225067437928614,185,0.214509616032418,24997.0,21.987990438559336
3,fi_hat_post_g0.5,40,0.2224274975136076,185,0.214509616032418,24997.0,21.987990438559336
3,fi_hat_post_g0.9,1,1.4989940620307316,170,0.214509616032418,24997.0,21.377140013673692
3,fi_hat_post_g0.9,2,1.0786768729089145,170,0.214509616032418,24997.0,21.377140013673692
3,fi_hat_post_g0.9,3,0.9361902525581732,170,0.214509616032418,24997.0,21.377140013673692
3,fi_hat_post_g0.9,4,0.8095473139329094,170,0.214509616032418,24997.0,21.377140013673692
3,fi_hat_post_g0.9,5,0.7011043078457943,170,0.214509616032418,24997.0,21.377140013673692
3,fi_hat_post_g0.9,6,0.627081916411883,170,0.214509616032418,24997.0,21.377140013673692
3,fi_hat_post_g0.9,7,0.5763936840248673,170,0.214509616032418,24997.0,21.377140013673692
3,fi_hat_post_g0.9,8,0.5292661601967791,170,0.214509616032418,24997.0,21.377140013673692
3,fi_hat_post_g0.9,9,0.4907534120112909,170,0.214509616032418,24997.0,21.377140013673692
3,fi_hat_post_g0.9,10,0.4599668595222779,170,0.214509616032418,24997.0,21.377140013673692
3,fi_hat_post_g0.9,11,0.4327678865334572,170,0.214509616032418,24997.0,21.377140013673692
3,fi_hat_post_g0.9,12,0.4112985602962734,170,0.214509616032418,24997.0,21.377140013673692
3,fi_hat_post_g0.9,13,0.3917889075438656,170,0.214509616032418,24997.0,21.377140013673692
3,fi_hat_post_g0.9,14,0.3758393113821191,170,0.214509616032418,24997.0,21.377140013673692
3,fi_hat_post_g0.9,15,0.3616289118553669,170,0.214509616032418,24997.0,21.377140013673692
3,fi_hat_post_g0.9,16,0.348463524593448,170,0.214509616032418,24997.0,21.377140013673692
3,fi_hat_post_g0.9,17,0.3355739809025188,170,0.214509616032418,24997.0,21.377140013673692
3,fi_hat_post_g0.9,18,0.3279644642535705,170,0.214509616032418,24997.0,21.377140013673692
3,fi_hat_post_g0.9,19,0.3177773855594754,170,0.214509616032418,24997.0,21.377140013673692
3,fi_hat_post_g0.9,20,0.3062088314516084,170,0.214509616032418,24997.0,21.377140013673692
3,fi_hat_post_g0.9,21,0.2982011818849096,170,0.214509616032418,24997.0,21.377140013673692
3,fi_hat_post_g0.9,22,0.2922799305938441,170,0.214509616032418,24997.0,21.377140013673692
3,fi_hat_post_g0.9,23,0.2854062737539636,170,0.214509616032418,24997.0,21.377140013673692
3,fi_hat_post_g0.9,24,0.2773914099205244,170,0.214509616032418,24997.0,21.377140013673692
3,fi_hat_post_g0.9,25,0.2715697126224758,170,0.214509616032418,24997.0,21.377140013673692
3,fi_hat_post_g0.9,26,0.2651353167164869,170,0.214509616032418,24997.0,21.377140013673692
3,fi_hat_post_g0.9,27,0.2616083279409971,170,0.214509616032418,24997.0,21.377140013673692
3,fi_hat_post_g0.9,28,0.2564966353461966,170,0.214509616032418,24997.0,21.377140013673692
3,fi_hat_post_g0.9,29,0.2547624601215587,170,0.214509616032418,24997.0,21.377140013673692
3,fi_hat_post_g0.9,30,0.2522574670121062,170,0.214509616032418,24997.0,21.377140013673692
3,fi_hat_post_g0.9,31,0.2471358218551103,170,0.214509616032418,24997.0,21.377140013673692
3,fi_hat_post_g0.9,32,0.242782572669795,170,0.214509616032418,24997.0,21.377140013673692
3,fi_hat_post_g0.9,33,0.2402121750682598,170,0.214509616032418,24997.0,21.377140013673692
3,fi_hat_post_g0.9,34,0.2399971814555369,170,0.214509616032418,24997.0,21.377140013673692
3,fi_hat_post_g0.9,35,0.2366084887539691,170,0.214509616032418,24997.0,21.377140013673692
3,fi_hat_post_g0.9,36,0.2352005720334915,170,0.214509616032418,24997.0,21.377140013673692
3,fi_hat_post_g0.9,37,0.2336303293726735,170,0.214509616032418,24997.0,21.377140013673692
3,fi_hat_post_g0.9,38,0.2304594988308183,170,0.214509616032418,24997.0,21.377140013673692
3,fi_hat_post_g0.9,39,0.2277808838978664,170,0.214509616032418,24997.0,21.377140013673692
3,fi_hat_post_g0.9,40,0.2262005766749469,170,0.214509616032418,24997.0,21.377140013673692
3,fi_hat_post_g1.0,1,1.3331161935530076,167,0.214509616032418,24997.0,19.86228564952186
3,fi_hat_post_g1.0,2,1.0482398259064318,167,0.214509616032418,24997.0,19.86228564952186
3,fi_hat_post_g1.0,3,0.8812558171144774,167,0.214509616032418,24997.0,19.86228564952186
3,fi_hat_post_g1.0,4,0.7487616802096168,167,0.214509616032418,24997.0,19.86228564952186
3,fi_hat_post_g1.0,5,0.6742889057457582,167,0.214509616032418,24997.0,19.86228564952186
3,fi_hat_post_g1.0,6,0.6059287053031042,167,0.214509616032418,24997.0,19.86228564952186
3,fi_hat_post_g1.0,7,0.5629740288552266,167,0.214509616032418,24997.0,19.86228564952186
3,fi_hat_post_g1.0,8,0.5129717369760867,167,0.214509616032418,24997.0,19.86228564952186
3,fi_hat_post_g1.0,9,0.4775665378595851,167,0.214509616032418,24997.0,19.86228564952186
3,fi_hat_post_g1.0,10,0.4488544263820992,167,0.214509616032418,24997.0,19.86228564952186
3,fi_hat_post_g1.0,11,0.4225987689073102,167,0.214509616032418,24997.0,19.86228564952186
3,fi_hat_post_g1.0,12,0.4057792709958774,167,0.214509616032418,24997.0,19.86228564952186
3,fi_hat_post_g1.0,13,0.3892707679572609,167,0.214509616032418,24997.0,19.86228564952186
3,fi_hat_post_g1.0,14,0.372452109381466,167,0.214509616032418,24997.0,19.86228564952186
3,fi_hat_post_g1.0,15,0.3626098046015229,167,0.214509616032418,24997.0,19.86228564952186
3,fi_hat_post_g1.0,16,0.3503619290779031,167,0.214509616032418,24997.0,19.86228564952186
3,fi_hat_post_g1.0,17,0.341676739037384,167,0.214509616032418,24997.0,19.86228564952186
3,fi_hat_post_g1.0,18,0.334468239088782,167,0.214509616032418,24997.0,19.86228564952186
3,fi_hat_post_g1.0,19,0.3255428194741915,167,0.214509616032418,24997.0,19.86228564952186
3,fi_hat_post_g1.0,20,0.3155981758858637,167,0.214509616032418,24997.0,19.86228564952186
3,fi_hat_post_g1.0,21,0.3068581906154589,167,0.214509616032418,24997.0,19.86228564952186
3,fi_hat_post_g1.0,22,0.3024232921260569,167,0.214509616032418,24997.0,19.86228564952186
3,fi_hat_post_g1.0,23,0.2943055858311371,167,0.214509616032418,24997.0,19.86228564952186
3,fi_hat_post_g1.0,24,0.2872667282227318,167,0.214509616032418,24997.0,19.86228564952186
3,fi_hat_post_g1.0,25,0.2828830783770431,167,0.214509616032418,24997.0,19.86228564952186
3,fi_hat_post_g1.0,26,0.2794416496958241,167,0.214509616032418,24997.0,19.86228564952186
3,fi_hat_post_g1.0,27,0.2774719567648001,167,0.214509616032418,24997.0,19.86228564952186
3,fi_hat_post_g1.0,28,0.2712060513888198,167,0.214509616032418,24997.0,19.86228564952186
3,fi_hat_post_g1.0,29,0.2685047122596713,167,0.214509616032418,24997.0,19.86228564952186
3,fi_hat_post_g1.0,30,0.2664817810978386,167,0.214509616032418,24997.0,19.86228564952186
3,fi_hat_post_g1.0,31,0.2608766434061397,167,0.214509616032418,24997.0,19.86228564952186
3,fi_hat_post_g1.0,32,0.2569176253056274,167,0.214509616032418,24997.0,19.86228564952186
3,fi_hat_post_g1.0,33,0.2561213705844594,167,0.214509616032418,24997.0,19.86228564952186
3,fi_hat_post_g1.0,34,0.2542718444709273,167,0.214509616032418,24997.0,19.86228564952186
3,fi_hat_post_g1.0,35,0.2503557139304576,167,0.214509616032418,24997.0,19.86228564952186
3,fi_hat_post_g1.0,36,0.2489388128760291,167,0.214509616032418,24997.0,19.86228564952186
3,fi_hat_post_g1.0,37,0.2464933922852223,167,0.214509616032418,24997.0,19.86228564952186
3,fi_hat_post_g1.0,38,0.2439582214821878,167,0.214509616032418,24997.0,19.86228564952186
3,fi_hat_post_g1.0,39,0.2410822190678076,167,0.214509616032418,24997.0,19.86228564952186
3,fi_hat_post_g1.0,40,0.2381818343723694,167,0.214509616032418,24997.0,19.86228564952186
3,err_reduction_ref_g0.0,1,1.5266592664929128,67,0.214509616032418,24961.0,1.1214522820513402
3,err_reduction_ref_g0.0,2,1.085605970774602,67,0.214509616032418,24961.0,1.1214522820513402
3,err_reduction_ref_g0.0,3,0.944847760362478,67,0.214509616032418,24961.0,1.1214522820513402
3,err_reduction_ref_g0.0,4,0.8276651533610386,67,0.214509616032418,24961.0,1.1214522820513402
3,err_reduction_ref_g0.0,5,0.7458850700232934,67,0.214509616032418,24961.0,1.1214522820513402
3,err_reduction_ref_g0.0,6,0.6713820384326251,67,0.214509616032418,24961.0,1.1214522820513402
3,err_reduction_ref_g0.0,7,0.6281688141826424,67,0.214509616032418,24961.0,1.1214522820513402
3,err_reduction_ref_g0.0,8,0.581323485286124,67,0.214509616032418,24961.0,1.1214522820513402
3,err_reduction_ref_g0.0,9,0.5522975147006168,67,0.214509616032418,24961.0,1.1214522820513402
3,err_reduction_ref_g0.0,10,0.5329662690216935,67,0.214509616032418,24961.0,1.1214522820513402
3,err_reduction_ref_g0.0,11,0.5193635873349707,67,0.214509616032418,24961.0,1.1214522820513402
3,err_reduction_ref_g0.0,12,0.5091653585948188,67,0.214509616032418,24961.0,1.1214522820513402
3,err_reduction_ref_g0.0,13,0.4939796831120237,67,0.214509616032418,24961.0,1.1214522820513402
3,err_reduction_ref_g0.0,14,0.4818813826313541,67,0.214509616032418,24961.0,1.1214522820513402
3,err_reduction_ref_g0.0,15,0.4739644211628283,67,0.214509616032418,24961.0,1.1214522820513402
3,err_reduction_ref_g0.0,16,0.4589874077975368,67,0.214509616032418,24961.0,1.1214522820513402
3,err_reduction_ref_g0.0,17,0.4428243021011643,67,0.214509616032418,24961.0,1.1214522820513402
3,err_reduction_ref_g0.0,18,0.439368466361541,67,0.214509616032418,24961.0,1.1214522820513402
3,err_reduction_ref_g0.0,19,0.4356919269530364,67,0.214509616032418,24961.0,1.1214522820513402
3,err_reduction_ref_g0.0,20,0.4276048486504445,67,0.214509616032418,24961.0,1.1214522820513402
3,err_reduction_ref_g0.0,21,0.4177308575941724,67,0.214509616032418,24961.0,1.1214522820513402
3,err_reduction_ref_g0.0,22,0.4130321873705375,67,0.214509616032418,24961.0,1.1214522820513402
3,err_reduction_ref_g0.0,23,0.4079491111703394,67,0.214509616032418,24961.0,1.1214522820513402
3,err_reduction_ref_g0.0,24,0.4019536914978391,67,0.214509616032418,24961.0,1.1214522820513402
3,err_reduction_ref_g0.0,25,0.3966416157819843,67,0.214509616032418,24961.0,1.1214522820513402
3,err_reduction_ref_g0.0,26,0.3936321790502111,67,0.214509616032418,24961.0,1.1214522820513402
3,err_reduction_ref_g0.0,27,0.3902771757832132,67,0.214509616032418,24961.0,1.1214522820513402
3,err_reduction_ref_g0.0,28,0.3782998061815322,67,0.214509616032418,24961.0,1.1214522820513402
3,err_reduction_ref_g0.0,29,0.3710443202784599,67,0.214509616032418,24961.0,1.1214522820513402
3,err_reduction_ref_g0.0,30,0.3704984772040501,67,0.214509616032418,24961.0,1.1214522820513402
3,err_reduction_ref_g0.0,31,0.3587160925435569,67,0.214509616032418,24961.0,1.1214522820513402
3,err_reduction_ref_g0.0,32,0.3495431766509306,67,0.214509616032418,24961.0,1.1214522820513402
3,err_reduction_ref_g0.0,33,0.3472865202230425,67,0.214509616032418,24961.0,1.1214522820513402
3,err_reduction_ref_g0.0,34,0.3461471656550535,67,0.214509616032418,24961.0,1.1214522820513402
3,err_reduction_ref_g0.0,35,0.3389600139668631,67,0.214509616032418,24961.0,1.1214522820513402
3,err_reduction_ref_g0.0,36,0.3342427380381182,67,0.214509616032418,24961.0,1.1214522820513402
3,err_reduction_ref_g0.0,37,0.3324771238835194,67,0.214509616032418,24961.0,1.1214522820513402
3,err_reduction_ref_g0.0,38,0.3273067112110568,67,0.214509616032418,24961.0,1.1214522820513402
3,err_reduction_ref_g0.0,39,0.3240070838492844,67,0.214509616032418,24961.0,1.1214522820513402
3,err_reduction_ref_g0.0,40,0.3177171433150454,67,0.214509616032418,24961.0,1.1214522820513402
3,err_reduction_ref_g0.5,1,1.4516560937714835,73,0.214509616032418,24961.0,1.1186387778154945
3,err_reduction_ref_g0.5,2,1.2167005805127742,73,0.214509616032418,24961.0,1.1186387778154945
3,err_reduction_ref_g0.5,3,1.0980644688003376,73,0.214509616032418,24961.0,1.1186387778154945
3,err_reduction_ref_g0.5,4,0.9516882313894116,73,0.214509616032418,24961.0,1.1186387778154945
3,err_reduction_ref_g0.5,5,0.8507036911197804,73,0.214509616032418,24961.0,1.1186387778154945
3,err_reduction_ref_g0.5,6,0.7901725244401735,73,0.214509616032418,24961.0,1.1186387778154945
3,err_reduction_ref_g0.5,7,0.7448902012696892,73,0.214509616032418,24961.0,1.1186387778154945
3,err_reduction_ref_g0.5,8,0.6952441659985606,73,0.214509616032418,24961.0,1.1186387778154945
3,err_reduction_ref_g0.5,9,0.6507154163141898,73,0.214509616032418,24961.0,1.1186387778154945
3,err_reduction_ref_g0.5,10,0.6124767026077595,73,0.214509616032418,24961.0,1.1186387778154945
3,err_reduction_ref_g0.5,11,0.5783918131347743,73,0.214509616032418,24961.0,1.1186387778154945
3,err_reduction_ref_g0.5,12,0.5634429139340564,73,0.214509616032418,24961.0,1.1186387778154945
3,err_reduction_ref_g0.5,13,0.5400390685909839,73,0.214509616032418,24961.0,1.1186387778154945
3,err_reduction_ref_g0.5,14,0.5210624383825924,73,0.214509616032418,24961.0,1.1186387778154945
3,err_reduction_ref_g0.5,15,0.501942010301776,73,0.214509616032418,24961.0,1.1186387778154945
3,err_reduction_ref_g0.5,16,0.4892759038073243,73,0.214509616032418,24961.0,1.1186387778154945
3,err_reduction_ref_g0.5,17,0.479179085809271,73,0.214509616032418,24961.0,1.1186387778154945
3,err_reduction_ref_g0.5,18,0.4651264887283108,73,0.214509616032418,24961.0,1.1186387778154945
3,err_reduction_ref_g0.5,19,0.4558803014486459,73,0.214509616032418,24961.0,1.1186387778154945
3,err_reduction_ref_g0.5,20,0.4464844327651223,73,0.214509616032418,24961.0,1.1186387778154945
3,err_reduction_ref_g0.5,21,0.437802480954369,73,0.214509616032418,24961.0,1.1186387778154945
3,err_reduction_ref_g0.5,22,0.4304090231707136,73,0.214509616032418,24961.0,1.1186387778154945
3,err_reduction_ref_g0.5,23,0.4288149349110848,73,0.214509616032418,24961.0,1.1186387778154945
3,err_reduction_ref_g0.5,24,0.4194920810229645,73,0.214509616032418,24961.0,1.1186387778154945
3,err_reduction_ref_g0.5,25,0.4111885175426811,73,0.214509616032418,24961.0,1.1186387778154945
3,err_reduction_ref_g0.5,26,0.4040345380580831,73,0.214509616032418,24961.0,1.1186387778154945
3,err_reduction_ref_g0.5,27,0.4000747937076913,73,0.214509616032418,24961.0,1.1186387778154945
3,err_reduction_ref_g0.5,28,0.3922040991099084,73,0.214509616032418,24961.0,1.1186387778154945
3,err_reduction_ref_g0.5,29,0.3883515134445502,73,0.214509616032418,24961.0,1.1186387778154945
3,err_reduction_ref_g0.5,30,0.3825204686625623,73,0.214509616032418,24961.0,1.1186387778154945
3,err_reduction_ref_g0.5,31,0.3748958379233626,73,0.214509616032418,24961.0,1.1186387778154945
3,err_reduction_ref_g0.5,32,0.3670390929452486,73,0.214509616032418,24961.0,1.1186387778154945
3,err_reduction_ref_g0.5,33,0.3593261606006254,73,0.214509616032418,24961.0,1.1186387778154945
3,err_reduction_ref_g0.5,34,0.3537953092845681,73,0.214509616032418,24961.0,1.1186387778154945
3,err_reduction_ref_g0.5,35,0.3468768546690106,73,0.214509616032418,24961.0,1.1186387778154945
3,err_reduction_ref_g0.5,36,0.3422714324827526,73,0.214509616032418,24961.0,1.1186387778154945
3,err_reduction_ref_g0.5,37,0.3375559619065057,73,0.214509616032418,24961.0,1.1186387778154945
3,err_reduction_ref_g0.5,38,0.3337841468727626,73,0.214509616032418,24961.0,1.1186387778154945
3,err_reduction_ref_g0.5,39,0.3265692578925045,73,0.214509616032418,24961.0,1.1186387778154945
3,err_reduction_ref_g0.5,40,0.3229319159707174,73,0.214509616032418,24961.0,1.1186387778154945
3,err_reduction_ref_g0.9,1,1.5613637267529048,90,0.214509616032418,24961.0,1.2158525583645945
3,err_reduction_ref_g0.9,2,1.873115229705128,90,0.214509616032418,24961.0,1.2158525583645945
3,err_reduction_ref_g0.9,3,1.6381306392697164,90,0.214509616032418,24961.0,1.2158525583645945
3,err_reduction_ref_g0.9,4,1.6103691494973829,90,0.214509616032418,24961.0,1.2158525583645945
3,err_reduction_ref_g0.9,5,1.1948209144427857,90,0.214509616032418,24961.0,1.2158525583645945
3,err_reduction_ref_g0.9,6,1.1038455659025366,90,0.214509616032418,24961.0,1.2158525583645945
3,err_reduction_ref_g0.9,7,0.9745269928481928,90,0.214509616032418,24961.0,1.2158525583645945
3,err_reduction_ref_g0.9,8,0.9217914396030812,90,0.214509616032418,24961.0,1.2158525583645945
3,err_reduction_ref_g0.9,9,0.8633729627057759,90,0.214509616032418,24961.0,1.2158525583645945
3,err_reduction_ref_g0.9,10,0.8075370333869144,90,0.214509616032418,24961.0,1.2158525583645945
3,err_reduction_ref_g0.9,11,0.7842430909067567,90,0.214509616032418,24961.0,1.2158525583645945
3,err_reduction_ref_g0.9,12,0.7448517530205928,90,0.214509616032418,24961.0,1.2158525583645945
3,err_reduction_ref_g0.9,13,0.7155485754938563,90,0.214509616032418,24961.0,1.2158525583645945
3,err_reduction_ref_g0.9,14,0.6906558162278088,90,0.214509616032418,24961.0,1.2158525583645945
3,err_reduction_ref_g0.9,15,0.6553078679061675,90,0.214509616032418,24961.0,1.2158525583645945
3,err_reduction_ref_g0.9,16,0.6350644357757629,90,0.214509616032418,24961.0,1.2158525583645945
3,err_reduction_ref_g0.9,17,0.6168438576549962,90,0.214509616032418,24961.0,1.2158525583645945
3,err_reduction_ref_g0.9,18,0.5909446717331348,90,0.214509616032418,24961.0,1.2158525583645945
3,err_reduction_ref_g0.9,19,0.5661093835230981,90,0.214509616032418,24961.0,1.2158525583645945
3,err_reduction_ref_g0.9,20,0.5339742850009481,90,0.214509616032418,24961.0,1.2158525583645945
3,err_reduction_ref_g0.9,21,0.5140094648246658,90,0.214509616032418,24961.0,1.2158525583645945
3,err_reduction_ref_g0.9,22,0.504743923822475,90,0.214509616032418,24961.0,1.2158525583645945
3,err_reduction_ref_g0.9,23,0.4943648981355961,90,0.214509616032418,24961.0,1.2158525583645945
3,err_reduction_ref_g0.9,24,0.4870469516043242,90,0.214509616032418,24961.0,1.2158525583645945
3,err_reduction_ref_g0.9,25,0.4762845093103647,90,0.214509616032418,24961.0,1.2158525583645945
3,err_reduction_ref_g0.9,26,0.464995425488348,90,0.214509616032418,24961.0,1.2158525583645945
3,err_reduction_ref_g0.9,27,0.4580033949418325,90,0.214509616032418,24961.0,1.2158525583645945
3,err_reduction_ref_g0.9,28,0.4513420279987043,90,0.214509616032418,24961.0,1.2158525583645945
3,err_reduction_ref_g0.9,29,0.4474575963163055,90,0.214509616032418,24961.0,1.2158525583645945
3,err_reduction_ref_g0.9,30,0.4465146540732375,90,0.214509616032418,24961.0,1.2158525583645945
3,err_reduction_ref_g0.9,31,0.4312040930100552,90,0.214509616032418,24961.0,1.2158525583645945
3,err_reduction_ref_g0.9,32,0.4261140964873773,90,0.214509616032418,24961.0,1.2158525583645945
3,err_reduction_ref_g0.9,33,0.4196229701784795,90,0.214509616032418,24961.0,1.2158525583645945
3,err_reduction_ref_g0.9,34,0.4094645896367134,90,0.214509616032418,24961.0,1.2158525583645945
3,err_reduction_ref_g0.9,35,0.4022426010597235,90,0.214509616032418,24961.0,1.2158525583645945
3,err_reduction_ref_g0.9,36,0.3994309001351751,90,0.214509616032418,24961.0,1.2158525583645945
3,err_reduction_ref_g0.9,37,0.3887397766262822,90,0.214509616032418,24961.0,1.2158525583645945
3,err_reduction_ref_g0.9,38,0.380865075267588,90,0.214509616032418,24961.0,1.2158525583645945
3,err_reduction_ref_g0.9,39,0.3748389853858497,90,0.214509616032418,24961.0,1.2158525583645945
3,err_reduction_ref_g0.9,40,0.3684911855339025,90,0.214509616032418,24961.0,1.2158525583645945
3,err_reduction_ref_g1.0,1,1.705847818500388,138,0.214509616032418,24961.0,1.3448313609048093
3,err_reduction_ref_g1.0,2,2.231668287621167,138,0.214509616032418,24961.0,1.3448313609048093
3,err_reduction_ref_g1.0,3,2.438607343318677,138,0.214509616032418,24961.0,1.3448313609048093
3,err_reduction_ref_g1.0,4,2.149236599456341,138,0.214509616032418,24961.0,1.3448313609048093
3,err_reduction_ref_g1.0,5,2.0897948980252794,138,0.214509616032418,24961.0,1.3448313609048093
3,err_reduction_ref_g1.0,6,1.9253497670140616,138,0.214509616032418,24961.0,1.3448313609048093
3,err_reduction_ref_g1.0,7,1.6853474784575997,138,0.214509616032418,24961.0,1.3448313609048093
3,err_reduction_ref_g1.0,8,1.4717472954159416,138,0.214509616032418,24961.0,1.3448313609048093
3,err_reduction_ref_g1.0,9,1.395331762523418,138,0.214509616032418,24961.0,1.3448313609048093
3,err_reduction_ref_g1.0,10,1.3211706139328734,138,0.214509616032418,24961.0,1.3448313609048093
3,err_reduction_ref_g1.0,11,1.2535824600850098,138,0.214509616032418,24961.0,1.3448313609048093
3,err_reduction_ref_g1.0,12,1.2095181317613863,138,0.214509616032418,24961.0,1.3448313609048093
3,err_reduction_ref_g1.0,13,1.1522337647385077,138,0.214509616032418,24961.0,1.3448313609048093
3,err_reduction_ref_g1.0,14,1.1126734488006214,138,0.214509616032418,24961.0,1.3448313609048093
3,err_reduction_ref_g1.0,15,1.0453597946527324,138,0.214509616032418,24961.0,1.3448313609048093
3,err_reduction_ref_g1.0,16,0.9993398964115474,138,0.214509616032418,24961.0,1.3448313609048093
3,err_reduction_ref_g1.0,17,0.9162755554339198,138,0.214509616032418,24961.0,1.3448313609048093
3,err_reduction_ref_g1.0,18,0.8447979491335145,138,0.214509616032418,24961.0,1.3448313609048093
3,err_reduction_ref_g1.0,19,0.8072085302006549,138,0.214509616032418,24961.0,1.3448313609048093
3,err_reduction_ref_g1.0,20,0.7663091478940901,138,0.214509616032418,24961.0,1.3448313609048093
3,err_reduction_ref_g1.0,21,0.7356631448078129,138,0.214509616032418,24961.0,1.3448313609048093
3,err_reduction_ref_g1.0,22,0.6934745040217241,138,0.214509616032418,24961.0,1.3448313609048093
3,err_reduction_ref_g1.0,23,0.6596303079934086,138,0.214509616032418,24961.0,1.3448313609048093
3,err_reduction_ref_g1.0,24,0.636334261559946,138,0.214509616032418,24961.0,1.3448313609048093
3,err_reduction_ref_g1.0,25,0.6171504879266808,138,0.214509616032418,24961.0,1.3448313609048093
3,err_reduction_ref_g1.0,26,0.5998224519524465,138,0.214509616032418,24961.0,1.3448313609048093
3,err_reduction_ref_g1.0,27,0.5894218909501545,138,0.214509616032418,24961.0,1.3448313609048093
3,err_reduction_ref_g1.0,28,0.5622642836418296,138,0.214509616032418,24961.0,1.3448313609048093
3,err_reduction_ref_g1.0,29,0.5490973492400859,138,0.214509616032418,24961.0,1.3448313609048093
3,err_reduction_ref_g1.0,30,0.5375131078545475,138,0.214509616032418,24961.0,1.3448313609048093
3,err_reduction_ref_g1.0,31,0.5220157968790479,138,0.214509616032418,24961.0,1.3448313609048093
3,err_reduction_ref_g1.0,32,0.5079223615797919,138,0.214509616032418,24961.0,1.3448313609048093
3,err_reduction_ref_g1.0,33,0.4998535480457616,138,0.214509616032418,24961.0,1.3448313609048093
3,err_reduction_ref_g1.0,34,0.4924846221510983,138,0.214509616032418,24961.0,1.3448313609048093
3,err_reduction_ref_g1.0,35,0.4746527770564003,138,0.214509616032418,24961.0,1.3448313609048093
3,err_reduction_ref_g1.0,36,0.4649996368745426,138,0.214509616032418,24961.0,1.3448313609048093
3,err_reduction_ref_g1.0,37,0.451403545531104,138,0.214509616032418,24961.0,1.3448313609048093
3,err_reduction_ref_g1.0,38,0.4414394307737483,138,0.214509616032418,24961.0,1.3448313609048093
3,err_reduction_ref_g1.0,39,0.4351616202468392,138,0.214509616032418,24961.0,1.3448313609048093
3,err_reduction_ref_g1.0,40,0.4260148039942532,138,0.214509616032418,24961.0,1.3448313609048093
3,neg_sq_err_ref_g0.0,1,1.3853836317289538,89,0.214509616032418,24961.0,-10.237809151159396
3,neg_sq_err_ref_g0.0,2,1.3015735174036367,89,0.214509616032418,24961.0,-10.237809151159396
3,neg_sq_err_ref_g0.0,3,1.015112016243316,89,0.214509616032418,24961.0,-10.237809151159396
3,neg_sq_err_ref_g0.0,4,0.9188847897121886,89,0.214509616032418,24961.0,-10.237809151159396
3,neg_sq_err_ref_g0.0,5,0.8351274201715585,89,0.214509616032418,24961.0,-10.237809151159396
3,neg_sq_err_ref_g0.0,6,0.7475908430875807,89,0.214509616032418,24961.0,-10.237809151159396
3,neg_sq_err_ref_g0.0,7,0.6839036017262445,89,0.214509616032418,24961.0,-10.237809151159396
3,neg_sq_err_ref_g0.0,8,0.6357311461922435,89,0.214509616032418,24961.0,-10.237809151159396
3,neg_sq_err_ref_g0.0,9,0.6012383584962327,89,0.214509616032418,24961.0,-10.237809151159396
3,neg_sq_err_ref_g0.0,10,0.5767190920008622,89,0.214509616032418,24961.0,-10.237809151159396
3,neg_sq_err_ref_g0.0,11,0.5544059579292673,89,0.214509616032418,24961.0,-10.237809151159396
3,neg_sq_err_ref_g0.0,12,0.5417092220795633,89,0.214509616032418,24961.0,-10.237809151159396
3,neg_sq_err_ref_g0.0,13,0.52920429224178,89,0.214509616032418,24961.0,-10.237809151159396
3,neg_sq_err_ref_g0.0,14,0.5143134637107692,89,0.214509616032418,24961.0,-10.237809151159396
3,neg_sq_err_ref_g0.0,15,0.4998620455049889,89,0.214509616032418,24961.0,-10.237809151159396
3,neg_sq_err_ref_g0.0,16,0.486006390326878,89,0.214509616032418,24961.0,-10.237809151159396
3,neg_sq_err_ref_g0.0,17,0.4746658016645482,89,0.214509616032418,24961.0,-10.237809151159396
3,neg_sq_err_ref_g0.0,18,0.4672818984048298,89,0.214509616032418,24961.0,-10.237809151159396
3,neg_sq_err_ref_g0.0,19,0.4595478541940715,89,0.214509616032418,24961.0,-10.237809151159396
3,neg_sq_err_ref_g0.0,20,0.4476811414216739,89,0.214509616032418,24961.0,-10.237809151159396
3,neg_sq_err_ref_g0.0,21,0.4351555740395612,89,0.214509616032418,24961.0,-10.237809151159396
3,neg_sq_err_ref_g0.0,22,0.4293340461412092,89,0.214509616032418,24961.0,-10.237809151159396
3,neg_sq_err_ref_g0.0,23,0.4227037113617582,89,0.214509616032418,24961.0,-10.237809151159396
3,neg_sq_err_ref_g0.0,24,0.4140001617984378,89,0.214509616032418,24961.0,-10.237809151159396
3,neg_sq_err_ref_g0.0,25,0.4055684069680593,89,0.214509616032418,24961.0,-10.237809151159396
3,neg_sq_err_ref_g0.0,26,0.3990547921158772,89,0.214509616032418,24961.0,-10.237809151159396
3,neg_sq_err_ref_g0.0,27,0.3926817487578439,89,0.214509616032418,24961.0,-10.237809151159396
3,neg_sq_err_ref_g0.0,28,0.3845269882200623,89,0.214509616032418,24961.0,-10.237809151159396
3,neg_sq_err_ref_g0.0,29,0.381336168385939,89,0.214509616032418,24961.0,-10.237809151159396
3,neg_sq_err_ref_g0.0,30,0.3769317007199001,89,0.214509616032418,24961.0,-10.237809151159396
3,neg_sq_err_ref_g0.0,31,0.3689010748111702,89,0.214509616032418,24961.0,-10.237809151159396
3,neg_sq_err_ref_g0.0,32,0.3627573074663154,89,0.214509616032418,24961.0,-10.237809151159396
3,neg_sq_err_ref_g0.0,33,0.3587014099691117,89,0.214509616032418,24961.0,-10.237809151159396
3,neg_sq_err_ref_g0.0,34,0.3576586621697004,89,0.214509616032418,24961.0,-10.237809151159396
3,neg_sq_err_ref_g0.0,35,0.3523447772283412,89,0.214509616032418,24961.0,-10.237809151159396
3,neg_sq_err_ref_g0.0,36,0.348248816474256,89,0.214509616032418,24961.0,-10.237809151159396
3,neg_sq_err_ref_g0.0,37,0.3441825461217946,89,0.214509616032418,24961.0,-10.237809151159396
3,neg_sq_err_ref_g0.0,38,0.340381959733442,89,0.214509616032418,24961.0,-10.237809151159396
3,neg_sq_err_ref_g0.0,39,0.3354578702329251,89,0.214509616032418,24961.0,-10.237809151159396
3,neg_sq_err_ref_g0.0,40,0.3306264863741154,89,0.214509616032418,24961.0,-10.237809151159396
3,neg_sq_err_ref_g0.5,1,1.27167716342206,132,0.214509616032418,24961.0,-7.908132543046079
3,neg_sq_err_ref_g0.5,2,1.019872468827857,132,0.214509616032418,24961.0,-7.908132543046079
3,neg_sq_err_ref_g0.5,3,0.8796895578578702,132,0.214509616032418,24961.0,-7.908132543046079
3,neg_sq_err_ref_g0.5,4,0.8199544251309778,132,0.214509616032418,24961.0,-7.908132543046079
3,neg_sq_err_ref_g0.5,5,0.7510956406982702,132,0.214509616032418,24961.0,-7.908132543046079
3,neg_sq_err_ref_g0.5,6,0.6995538428787982,132,0.214509616032418,24961.0,-7.908132543046079
3,neg_sq_err_ref_g0.5,7,0.6654720649899187,132,0.214509616032418,24961.0,-7.908132543046079
3,neg_sq_err_ref_g0.5,8,0.6265177822302154,132,0.214509616032418,24961.0,-7.908132543046079
3,neg_sq_err_ref_g0.5,9,0.5938366270561818,132,0.214509616032418,24961.0,-7.908132543046079
3,neg_sq_err_ref_g0.5,10,0.5743746902124031,132,0.214509616032418,24961.0,-7.908132543046079
3,neg_sq_err_ref_g0.5,11,0.5518611345040966,132,0.214509616032418,24961.0,-7.908132543046079
3,neg_sq_err_ref_g0.5,12,0.5408296189733875,132,0.214509616032418,24961.0,-7.908132543046079
3,neg_sq_err_ref_g0.5,13,0.523824903485378,132,0.214509616032418,24961.0,-7.908132543046079
3,neg_sq_err_ref_g0.5,14,0.5062091036620746,132,0.214509616032418,24961.0,-7.908132543046079
3,neg_sq_err_ref_g0.5,15,0.4906331458003882,132,0.214509616032418,24961.0,-7.908132543046079
3,neg_sq_err_ref_g0.5,16,0.4759600781730558,132,0.214509616032418,24961.0,-7.908132543046079
3,neg_sq_err_ref_g0.5,17,0.4694654741850301,132,0.214509616032418,24961.0,-7.908132543046079
3,neg_sq_err_ref_g0.5,18,0.4594567610855836,132,0.214509616032418,24961.0,-7.908132543046079
3,neg_sq_err_ref_g0.5,19,0.4495099832974312,132,0.214509616032418,24961.0,-7.908132543046079
3,neg_sq_err_ref_g0.5,20,0.4426548106515655,132,0.214509616032418,24961.0,-7.908132543046079
3,neg_sq_err_ref_g0.5,21,0.433034388837051,132,0.214509616032418,24961.0,-7.908132543046079
3,neg_sq_err_ref_g0.5,22,0.4243601075334036,132,0.214509616032418,24961.0,-7.908132543046079
3,neg_sq_err_ref_g0.5,23,0.41852427013326,132,0.214509616032418,24961.0,-7.908132543046079
3,neg_sq_err_ref_g0.5,24,0.4148604962328029,132,0.214509616032418,24961.0,-7.908132543046079
3,neg_sq_err_ref_g0.5,25,0.4092130576095407,132,0.214509616032418,24961.0,-7.908132543046079
3,neg_sq_err_ref_g0.5,26,0.4013660259935894,132,0.214509616032418,24961.0,-7.908132543046079
3,neg_sq_err_ref_g0.5,27,0.3974010164297131,132,0.214509616032418,24961.0,-7.908132543046079
3,neg_sq_err_ref_g0.5,28,0.3911063830377596,132,0.214509616032418,24961.0,-7.908132543046079
3,neg_sq_err_ref_g0.5,29,0.3864665704695243,132,0.214509616032418,24961.0,-7.908132543046079
3,neg_sq_err_ref_g0.5,30,0.3804043404677686,132,0.214509616032418,24961.0,-7.908132543046079
3,neg_sq_err_ref_g0.5,31,0.3757866999358695,132,0.214509616032418,24961.0,-7.908132543046079
3,neg_sq_err_ref_g0.5,32,0.3725032226101769,132,0.214509616032418,24961.0,-7.908132543046079
3,neg_sq_err_ref_g0.5,33,0.3654179961062709,132,0.214509616032418,24961.0,-7.908132543046079
3,neg_sq_err_ref_g0.5,34,0.3603343835899507,132,0.214509616032418,24961.0,-7.908132543046079
3,neg_sq_err_ref_g0.5,35,0.3561009858436951,132,0.214509616032418,24961.0,-7.908132543046079
3,neg_sq_err_ref_g0.5,36,0.3508475715366234,132,0.214509616032418,24961.0,-7.908132543046079
3,neg_sq_err_ref_g0.5,37,0.3473855916443014,132,0.214509616032418,24961.0,-7.908132543046079
3,neg_sq_err_ref_g0.5,38,0.3411975364204832,132,0.214509616032418,24961.0,-7.908132543046079
3,neg_sq_err_ref_g0.5,39,0.3362470612943669,132,0.214509616032418,24961.0,-7.908132543046079
3,neg_sq_err_ref_g0.5,40,0.3320730145876541,132,0.214509616032418,24961.0,-7.908132543046079
3,neg_sq_err_ref_g0.9,1,1.3989945538704096,161,0.214509616032418,24961.0,-7.453831831330358
3,neg_sq_err_ref_g0.9,2,1.0205690214498566,161,0.214509616032418,24961.0,-7.453831831330358
3,neg_sq_err_ref_g0.9,3,0.853678471941506,161,0.214509616032418,24961.0,-7.453831831330358
3,neg_sq_err_ref_g0.9,4,0.7854745971392576,161,0.214509616032418,24961.0,-7.453831831330358
3,neg_sq_err_ref_g0.9,5,0.7266817789885223,161,0.214509616032418,24961.0,-7.453831831330358
3,neg_sq_err_ref_g0.9,6,0.6876884494717125,161,0.214509616032418,24961.0,-7.453831831330358
3,neg_sq_err_ref_g0.9,7,0.6510277486521263,161,0.214509616032418,24961.0,-7.453831831330358
3,neg_sq_err_ref_g0.9,8,0.6128962807101265,161,0.214509616032418,24961.0,-7.453831831330358
3,neg_sq_err_ref_g0.9,9,0.5748651913168693,161,0.214509616032418,24961.0,-7.453831831330358
3,neg_sq_err_ref_g0.9,10,0.55219834300974,161,0.214509616032418,24961.0,-7.453831831330358
3,neg_sq_err_ref_g0.9,11,0.5196117020905385,161,0.214509616032418,24961.0,-7.453831831330358
3,neg_sq_err_ref_g0.9,12,0.4966338258435966,161,0.214509616032418,24961.0,-7.453831831330358
3,neg_sq_err_ref_g0.9,13,0.4792061325995491,161,0.214509616032418,24961.0,-7.453831831330358
3,neg_sq_err_ref_g0.9,14,0.4626957704222332,161,0.214509616032418,24961.0,-7.453831831330358
3,neg_sq_err_ref_g0.9,15,0.4444491465163789,161,0.214509616032418,24961.0,-7.453831831330358
3,neg_sq_err_ref_g0.9,16,0.4292287213163781,161,0.214509616032418,24961.0,-7.453831831330358
3,neg_sq_err_ref_g0.9,17,0.418134197079834,161,0.214509616032418,24961.0,-7.453831831330358
3,neg_sq_err_ref_g0.9,18,0.4088008214932482,161,0.214509616032418,24961.0,-7.453831831330358
3,neg_sq_err_ref_g0.9,19,0.3994069876286933,161,0.214509616032418,24961.0,-7.453831831330358
3,neg_sq_err_ref_g0.9,20,0.390605497568629,161,0.214509616032418,24961.0,-7.453831831330358
3,neg_sq_err_ref_g0.9,21,0.3788499226857919,161,0.214509616032418,24961.0,-7.453831831330358
3,neg_sq_err_ref_g0.9,22,0.3735424616982001,161,0.214509616032418,24961.0,-7.453831831330358
3,neg_sq_err_ref_g0.9,23,0.3671465113725867,161,0.214509616032418,24961.0,-7.453831831330358
3,neg_sq_err_ref_g0.9,24,0.3572319084613084,161,0.214509616032418,24961.0,-7.453831831330358
3,neg_sq_err_ref_g0.9,25,0.3497115517809915,161,0.214509616032418,24961.0,-7.453831831330358
3,neg_sq_err_ref_g0.9,26,0.3437638404676736,161,0.214509616032418,24961.0,-7.453831831330358
3,neg_sq_err_ref_g0.9,27,0.3410086518833422,161,0.214509616032418,24961.0,-7.453831831330358
3,neg_sq_err_ref_g0.9,28,0.3363936384417634,161,0.214509616032418,24961.0,-7.453831831330358
3,neg_sq_err_ref_g0.9,29,0.3325889630609404,161,0.214509616032418,24961.0,-7.453831831330358
3,neg_sq_err_ref_g0.9,30,0.3280218978535656,161,0.214509616032418,24961.0,-7.453831831330358
3,neg_sq_err_ref_g0.9,31,0.3208679447153166,161,0.214509616032418,24961.0,-7.453831831330358
3,neg_sq_err_ref_g0.9,32,0.3150584071959184,161,0.214509616032418,24961.0,-7.453831831330358
3,neg_sq_err_ref_g0.9,33,0.3125929065603371,161,0.214509616032418,24961.0,-7.453831831330358
3,neg_sq_err_ref_g0.9,34,0.3102659267765635,161,0.214509616032418,24961.0,-7.453831831330358
3,neg_sq_err_ref_g0.9,35,0.3066586804184682,161,0.214509616032418,24961.0,-7.453831831330358
3,neg_sq_err_ref_g0.9,36,0.3038006260043874,161,0.214509616032418,24961.0,-7.453831831330358
3,neg_sq_err_ref_g0.9,37,0.2999974649752117,161,0.214509616032418,24961.0,-7.453831831330358
3,neg_sq_err_ref_g0.9,38,0.2976196578724051,161,0.214509616032418,24961.0,-7.453831831330358
3,neg_sq_err_ref_g0.9,39,0.2934367217511033,161,0.214509616032418,24961.0,-7.453831831330358
3,neg_sq_err_ref_g0.9,40,0.2885234191730431,161,0.214509616032418,24961.0,-7.453831831330358
3,neg_sq_err_ref_g1.0,1,1.284684814351053,140,0.214509616032418,24961.0,-6.322166454373463
3,neg_sq_err_ref_g1.0,2,0.9985164388133978,140,0.214509616032418,24961.0,-6.322166454373463
3,neg_sq_err_ref_g1.0,3,0.7985527471296134,140,0.214509616032418,24961.0,-6.322166454373463
3,neg_sq_err_ref_g1.0,4,0.6844782475656158,140,0.214509616032418,24961.0,-6.322166454373463
3,neg_sq_err_ref_g1.0,5,0.6349917977409224,140,0.214509616032418,24961.0,-6.322166454373463
3,neg_sq_err_ref_g1.0,6,0.5794271291258015,140,0.214509616032418,24961.0,-6.322166454373463
3,neg_sq_err_ref_g1.0,7,0.5473136590103138,140,0.214509616032418,24961.0,-6.322166454373463
3,neg_sq_err_ref_g1.0,8,0.5154107801688786,140,0.214509616032418,24961.0,-6.322166454373463
3,neg_sq_err_ref_g1.0,9,0.4922950906791474,140,0.214509616032418,24961.0,-6.322166454373463
3,neg_sq_err_ref_g1.0,10,0.4717625277615808,140,0.214509616032418,24961.0,-6.322166454373463
3,neg_sq_err_ref_g1.0,11,0.4535196502699546,140,0.214509616032418,24961.0,-6.322166454373463
3,neg_sq_err_ref_g1.0,12,0.442702127177494,140,0.214509616032418,24961.0,-6.322166454373463
3,neg_sq_err_ref_g1.0,13,0.4319774389315909,140,0.214509616032418,24961.0,-6.322166454373463
3,neg_sq_err_ref_g1.0,14,0.4177825384416521,140,0.214509616032418,24961.0,-6.322166454373463
3,neg_sq_err_ref_g1.0,15,0.404923027490581,140,0.214509616032418,24961.0,-6.322166454373463
3,neg_sq_err_ref_g1.0,16,0.396803855356674,140,0.214509616032418,24961.0,-6.322166454373463
3,neg_sq_err_ref_g1.0,17,0.3868466914795687,140,0.214509616032418,24961.0,-6.322166454373463
3,neg_sq_err_ref_g1.0,18,0.3753050690037073,140,0.214509616032418,24961.0,-6.322166454373463
3,neg_sq_err_ref_g1.0,19,0.369301888885436,140,0.214509616032418,24961.0,-6.322166454373463
3,neg_sq_err_ref_g1.0,20,0.3626042675019287,140,0.214509616032418,24961.0,-6.322166454373463
3,neg_sq_err_ref_g1.0,21,0.3535344493281451,140,0.214509616032418,24961.0,-6.322166454373463
3,neg_sq_err_ref_g1.0,22,0.3507038377802016,140,0.214509616032418,24961.0,-6.322166454373463
3,neg_sq_err_ref_g1.0,23,0.343877181325135,140,0.214509616032418,24961.0,-6.322166454373463
3,neg_sq_err_ref_g1.0,24,0.3362516475291711,140,0.214509616032418,24961.0,-6.322166454373463
3,neg_sq_err_ref_g1.0,25,0.32856685067549,140,0.214509616032418,24961.0,-6.322166454373463
3,neg_sq_err_ref_g1.0,26,0.3219277523671839,140,0.214509616032418,24961.0,-6.322166454373463
3,neg_sq_err_ref_g1.0,27,0.3174495992079836,140,0.214509616032418,24961.0,-6.322166454373463
3,neg_sq_err_ref_g1.0,28,0.3121575128725578,140,0.214509616032418,24961.0,-6.322166454373463
3,neg_sq_err_ref_g1.0,29,0.3094949393994333,140,0.214509616032418,24961.0,-6.322166454373463
3,neg_sq_err_ref_g1.0,30,0.306505993904347,140,0.214509616032418,24961.0,-6.322166454373463
3,neg_sq_err_ref_g1.0,31,0.3018626555718983,140,0.214509616032418,24961.0,-6.322166454373463
3,neg_sq_err_ref_g1.0,32,0.2974580431021094,140,0.214509616032418,24961.0,-6.322166454373463
3,neg_sq_err_ref_g1.0,33,0.2947453995972734,140,0.214509616032418,24961.0,-6.322166454373463
3,neg_sq_err_ref_g1.0,34,0.2927188688229609,140,0.214509616032418,24961.0,-6.322166454373463
3,neg_sq_err_ref_g1.0,35,0.2897808888493456,140,0.214509616032418,24961.0,-6.322166454373463
3,neg_sq_err_ref_g1.0,36,0.2873526780696359,140,0.214509616032418,24961.0,-6.322166454373463
3,neg_sq_err_ref_g1.0,37,0.2857651114336919,140,0.214509616032418,24961.0,-6.322166454373463
3,neg_sq_err_ref_g1.0,38,0.2837452844370692,140,0.214509616032418,24961.0,-6.322166454373463
3,neg_sq_err_ref_g1.0,39,0.2808639893163404,140,0.214509616032418,24961.0,-6.322166454373463
3,neg_sq_err_ref_g1.0,40,0.2784002425708348,140,0.214509616032418,24961.0,-6.322166454373463
3,fi_ref_g0.0,1,1.2910502643155664,196,0.21450961603241805,24961.0,21.65492018561907
3,fi_ref_g0.0,2,0.9809846246881173,196,0.21450961603241805,24961.0,21.65492018561907
3,fi_ref_g0.0,3,0.7787886803951265,196,0.21450961603241805,24961.0,21.65492018561907
3,fi_ref_g0.0,4,0.6657430540396512,196,0.21450961603241805,24961.0,21.65492018561907
3,fi_ref_g0.0,5,0.5978637895408534,196,0.21450961603241805,24961.0,21.65492018561907
3,fi_ref_g0.0,6,0.5427372170446713,196,0.21450961603241805,24961.0,21.65492018561907
3,fi_ref_g0.0,7,0.5108506476958992,196,0.21450961603241805,24961.0,21.65492018561907
3,fi_ref_g0.0,8,0.4744914108543011,196,0.21450961603241805,24961.0,21.65492018561907
3,fi_ref_g0.0,9,0.4404090008333999,196,0.21450961603241805,24961.0,21.65492018561907
3,fi_ref_g0.0,10,0.4232279293571067,196,0.21450961603241805,24961.0,21.65492018561907
3,fi_ref_g0.0,11,0.4048282858001387,196,0.21450961603241805,24961.0,21.65492018561907
3,fi_ref_g0.0,12,0.38956908964250775,196,0.21450961603241805,24961.0,21.65492018561907
3,fi_ref_g0.0,13,0.3732871914691182,196,0.21450961603241805,24961.0,21.65492018561907
3,fi_ref_g0.0,14,0.35667848910456046,196,0.21450961603241805,24961.0,21.65492018561907
3,fi_ref_g0.0,15,0.3453923196883828,196,0.21450961603241805,24961.0,21.65492018561907
3,fi_ref_g0.0,16,0.33437963796838494,196,0.21450961603241805,24961.0,21.65492018561907
3,fi_ref_g0.0,17,0.32553288683045106,196,0.21450961603241805,24961.0,21.65492018561907
3,fi_ref_g0.0,18,0.31836837508878557,196,0.21450961603241805,24961.0,21.65492018561907
3,fi_ref_g0.0,19,0.30905119472498394,196,0.21450961603241805,24961.0,21.65492018561907
3,fi_ref_g0.0,20,0.3003097649153198,196,0.21450961603241805,24961.0,21.65492018561907
3,fi_ref_g0.0,21,0.2916701072391457,196,0.21450961603241805,24961.0,21.65492018561907
3,fi_ref_g0.0,22,0.2851279442347828,196,0.21450961603241805,24961.0,21.65492018561907
3,fi_ref_g0.0,23,0.27918109630387355,196,0.21450961603241805,24961.0,21.65492018561907
3,fi_ref_g0.0,24,0.27295651870309806,196,0.21450961603241805,24961.0,21.65492018561907
3,fi_ref_g0.0,25,0.26734647059867644,196,0.21450961603241805,24961.0,21.65492018561907
3,fi_ref_g0.0,26,0.2629524094578828,196,0.21450961603241805,24961.0,21.65492018561907
3,fi_ref_g0.0,27,0.25981198689606433,196,0.21450961603241805,24961.0,21.65492018561907
3,fi_ref_g0.0,28,0.25584802960526787,196,0.21450961603241805,24961.0,21.65492018561907
3,fi_ref_g0.0,29,0.25366072961490704,196,0.21450961603241805,24961.0,21.65492018561907
3,fi_ref_g0.0,30,0.2512140013341789,196,0.21450961603241805,24961.0,21.65492018561907
3,fi_ref_g0.0,31,0.24541706553599332,196,0.21450961603241805,24961.0,21.65492018561907
3,fi_ref_g0.0,32,0.2421098190811525,196,0.21450961603241805,24961.0,21.65492018561907
3,fi_ref_g0.0,33,0.23964499496957048,196,0.21450961603241805,24961.0,21.65492018561907
3,fi_ref_g0.0,34,0.2375702375169224,196,0.21450961603241805,24961.0,21.65492018561907
3,fi_ref_g0.0,35,0.23428809420036828,196,0.21450961603241805,24961.0,21.65492018561907
3,fi_ref_g0.0,36,0.23282761110402167,196,0.21450961603241805,24961.0,21.65492018561907
3,fi_ref_g0.0,37,0.23006131654470147,196,0.21450961603241805,24961.0,21.65492018561907
3,fi_ref_g0.0,38,0.2279170023367535,196,0.21450961603241805,24961.0,21.65492018561907
3,fi_ref_g0.0,39,0.2251997332990782,196,0.21450961603241805,24961.0,21.65492018561907
3,fi_ref_g0.0,40,0.22193848362093793,196,0.21450961603241805,24961.0,21.65492018561907
3,fi_ref_g0.5,1,1.2910502643155664,176,0.21450961603241805,24961.0,21.633898247298138
3,fi_ref_g0.5,2,1.2915954832805494,176,0.21450961603241805,24961.0,21.633898247298138
3,fi_ref_g0.5,3,0.9310172164805915,176,0.21450961603241805,24961.0,21.633898247298138
3,fi_ref_g0.5,4,0.7245159471216769,176,0.21450961603241805,24961.0,21.633898247298138
3,fi_ref_g0.5,5,0.6333063993112326,176,0.21450961603241805,24961.0,21.633898247298138
3,fi_ref_g0.5,6,0.5591560908657991,176,0.21450961603241805,24961.0,21.633898247298138
3,fi_ref_g0.5,7,0.5168959763196256,176,0.21450961603241805,24961.0,21.633898247298138
3,fi_ref_g0.5,8,0.4787992778936421,176,0.21450961603241805,24961.0,21.633898247298138
3,fi_ref_g0.5,9,0.4483721937522451,176,0.21450961603241805,24961.0,21.633898247298138
3,fi_ref_g0.5,10,0.4277872832078305,176,0.21450961603241805,24961.0,21.633898247298138
3,fi_ref_g0.5,11,0.407145027587989,176,0.21450961603241805,24961.0,21.633898247298138
3,fi_ref_g0.5,12,0.3924859976420266,176,0.21450961603241805,24961.0,21.633898247298138
3,fi_ref_g0.5,13,0.3776504370012347,176,0.21450961603241805,24961.0,21.633898247298138
3,fi_ref_g0.5,14,0.3607396803369831,176,0.21450961603241805,24961.0,21.633898247298138
3,fi_ref_g0.5,15,0.3501245509179688,176,0.21450961603241805,24961.0,21.633898247298138
3,fi_ref_g0.5,16,0.33912471248386,176,0.21450961603241805,24961.0,21.633898247298138
3,fi_ref_g0.5,17,0.3272901885720468,176,0.21450961603241805,24961.0,21.633898247298138
3,fi_ref_g0.5,18,0.3187044891545836,176,0.21450961603241805,24961.0,21.633898247298138
3,fi_ref_g0.5,19,0.3095490447848233,176,0.21450961603241805,24961.0,21.633898247298138
3,fi_ref_g0.5,20,0.30182422252601604,176,0.21450961603241805,24961.0,21.633898247298138
3,fi_ref_g0.5,21,0.2947124266688696,176,0.21450961603241805,24961.0,21.633898247298138
3,fi_ref_g0.5,22,0.2873195003598179,176,0.21450961603241805,24961.0,21.633898247298138
3,fi_ref_g0.5,23,0.2823712859594355,176,0.21450961603241805,24961.0,21.633898247298138
3,fi_ref_g0.5,24,0.2762789253384941,176,0.21450961603241805,24961.0,21.633898247298138
3,fi_ref_g0.5,25,0.27066970961736997,176,0.21450961603241805,24961.0,21.633898247298138
3,fi_ref_g0.5,26,0.26596892657024335,176,0.21450961603241805,24961.0,21.633898247298138
3,fi_ref_g0.5,27,0.26253456167300043,176,0.21450961603241805,24961.0,21.633898247298138
3,fi_ref_g0.5,28,0.2582866523621108,176,0.21450961603241805,24961.0,21.633898247298138
3,fi_ref_g0.5,29,0.25639150256813137,176,0.21450961603241805,24961.0,21.633898247298138
3,fi_ref_g0.5,30,0.2537442391404062,176,0.21450961603241805,24961.0,21.633898247298138
3,fi_ref_g0.5,31,0.24805032435270533,176,0.21450961603241805,24961.0,21.633898247298138
3,fi_ref_g0.5,32,0.2450585543115357,176,0.21450961603241805,24961.0,21.633898247298138
3,fi_ref_g0.5,33,0.24282601179397745,176,0.21450961603241805,24961.0,21.633898247298138
3,fi_ref_g0.5,34,0.24094590415561098,176,0.21450961603241805,24961.0,21.633898247298138
3,fi_ref_g0.5,35,0.23734661692527326,176,0.21450961603241805,24961.0,21.633898247298138
3,fi_ref_g0.5,36,0.23526461949878205,176,0.21450961603241805,24961.0,21.633898247298138
3,fi_ref_g0.5,37,0.23332562035076623,176,0.21450961603241805,24961.0,21.633898247298138
3,fi_ref_g0.5,38,0.23021647321478883,176,0.21450961603241805,24961.0,21.633898247298138
3,fi_ref_g0.5,39,0.2277674113736846,176,0.21450961603241805,24961.0,21.633898247298138
3,fi_ref_g0.5,40,0.22523776036637988,176,0.21450961603241805,24961.0,21.633898247298138
3,fi_ref_g0.9,1,1.4234071503293526,159,0.21450961603241805,24961.0,20.794149521783815
3,fi_ref_g0.9,2,1.0326026499809082,159,0.21450961603241805,24961.0,20.794149521783815
3,fi_ref_g0.9,3,0.905723303683597,159,0.21450961603241805,24961.0,20.794149521783815
3,fi_ref_g0.9,4,0.7425987168171895,159,0.21450961603241805,24961.0,20.794149521783815
3,fi_ref_g0.9,5,0.6561373047991507,159,0.21450961603241805,24961.0,20.794149521783815
3,fi_ref_g0.9,6,0.5919979584016015,159,0.21450961603241805,24961.0,20.794149521783815
3,fi_ref_g0.9,7,0.5447640413582335,159,0.21450961603241805,24961.0,20.794149521783815
3,fi_ref_g0.9,8,0.5025307491869005,159,0.21450961603241805,24961.0,20.794149521783815
3,fi_ref_g0.9,9,0.4678412807810489,159,0.21450961603241805,24961.0,20.794149521783815
3,fi_ref_g0.9,10,0.4403119779721925,159,0.21450961603241805,24961.0,20.794149521783815
3,fi_ref_g0.9,11,0.41824574312802576,159,0.21450961603241805,24961.0,20.794149521783815
3,fi_ref_g0.9,12,0.4016636812514155,159,0.21450961603241805,24961.0,20.794149521783815
3,fi_ref_g0.9,13,0.3853062997511581,159,0.21450961603241805,24961.0,20.794149521783815
3,fi_ref_g0.9,14,0.36857837820878425,159,0.21450961603241805,24961.0,20.794149521783815
3,fi_ref_g0.9,15,0.35791907897544806,159,0.21450961603241805,24961.0,20.794149521783815
3,fi_ref_g0.9,16,0.3470665605196699,159,0.21450961603241805,24961.0,20.794149521783815
3,fi_ref_g0.9,17,0.33619630562356617,159,0.21450961603241805,24961.0,20.794149521783815
3,fi_ref_g0.9,18,0.3293330289997598,159,0.21450961603241805,24961.0,20.794149521783815
3,fi_ref_g0.9,19,0.3193690712779388,159,0.21450961603241805,24961.0,20.794149521783815
3,fi_ref_g0.9,20,0.30848803307469563,159,0.21450961603241805,24961.0,20.794149521783815
3,fi_ref_g0.9,21,0.2981081434170848,159,0.21450961603241805,24961.0,20.794149521783815
3,fi_ref_g0.9,22,0.2925984964593513,159,0.21450961603241805,24961.0,20.794149521783815
3,fi_ref_g0.9,23,0.2872270651922454,159,0.21450961603241805,24961.0,20.794149521783815
3,fi_ref_g0.9,24,0.28185769282418427,159,0.21450961603241805,24961.0,20.794149521783815
3,fi_ref_g0.9,25,0.27846734811619434,159,0.21450961603241805,24961.0,20.794149521783815
3,fi_ref_g0.9,26,0.2739803508492945,159,0.21450961603241805,24961.0,20.794149521783815
3,fi_ref_g0.9,27,0.271181684864787,159,0.21450961603241805,24961.0,20.794149521783815
3,fi_ref_g0.9,28,0.26555643591991784,159,0.21450961603241805,24961.0,20.794149521783815
3,fi_ref_g0.9,29,0.2614618200028951,159,0.21450961603241805,24961.0,20.794149521783815
3,fi_ref_g0.9,30,0.2581242113352463,159,0.21450961603241805,24961.0,20.794149521783815
3,fi_ref_g0.9,31,0.2529908999097417,159,0.21450961603241805,24961.0,20.794149521783815
3,fi_ref_g0.9,32,0.24875817618834953,159,0.21450961603241805,24961.0,20.794149521783815
3,fi_ref_g0.9,33,0.24454387195583793,159,0.21450961603241805,24961.0,20.794149521783815
3,fi_ref_g0.9,34,0.2423174843259024,159,0.21450961603241805,24961.0,20.794149521783815
3,fi_ref_g0.9,35,0.23828720475057788,159,0.21450961603241805,24961.0,20.794149521783815
3,fi_ref_g0.9,36,0.23619929803767062,159,0.21450961603241805,24961.0,20.794149521783815
3,fi_ref_g0.9,37,0.23375569985392977,159,0.21450961603241805,24961.0,20.794149521783815
3,fi_ref_g0.9,38,0.23024958282632116,159,0.21450961603241805,24961.0,20.794149521783815
3,fi_ref_g0.9,39,0.22705819713426661,159,0.21450961603241805,24961.0,20.794149521783815
3,fi_ref_g0.9,40,0.22463151363132397,159,0.21450961603241805,24961.0,20.794149521783815
3,fi_ref_g1.0,1,1.3208133870433543,156,0.21450961603241805,24961.0,19.98463142861352
3,fi_ref_g1.0,2,1.1537034956643164,156,0.21450961603241805,24961.0,19.98463142861352
3,fi_ref_g1.0,3,0.9399862021182784,156,0.21450961603241805,24961.0,19.98463142861352
3,fi_ref_g1.0,4,0.7763087753752863,156,0.21450961603241805,24961.0,19.98463142861352
3,fi_ref_g1.0,5,0.6556825578057373,156,0.21450961603241805,24961.0,19.98463142861352
3,fi_ref_g1.0,6,0.576651369986362,156,0.21450961603241805,24961.0,19.98463142861352
3,fi_ref_g1.0,7,0.5377822271637016,156,0.21450961603241805,24961.0,19.98463142861352
3,fi_ref_g1.0,8,0.49394261158351244,156,0.21450961603241805,24961.0,19.98463142861352
3,fi_ref_g1.0,9,0.45347899307535977,156,0.21450961603241805,24961.0,19.98463142861352
3,fi_ref_g1.0,10,0.4285761959145875,156,0.21450961603241805,24961.0,19.98463142861352
3,fi_ref_g1.0,11,0.40801979764691415,156,0.21450961603241805,24961.0,19.98463142861352
3,fi_ref_g1.0,12,0.3976208595720646,156,0.21450961603241805,24961.0,19.98463142861352
3,fi_ref_g1.0,13,0.3821341612552221,156,0.21450961603241805,24961.0,19.98463142861352
3,fi_ref_g1.0,14,0.36877915521300253,156,0.21450961603241805,24961.0,19.98463142861352
3,fi_ref_g1.0,15,0.3559880435963699,156,0.21450961603241805,24961.0,19.98463142861352
3,fi_ref_g1.0,16,0.34398482188391855,156,0.21450961603241805,24961.0,19.98463142861352
3,fi_ref_g1.0,17,0.3314026001669866,156,0.21450961603241805,24961.0,19.98463142861352
3,fi_ref_g1.0,18,0.3266244720722862,156,0.21450961603241805,24961.0,19.98463142861352
3,fi_ref_g1.0,19,0.3198930579231868,156,0.21450961603241805,24961.0,19.98463142861352
3,fi_ref_g1.0,20,0.3105052025375423,156,0.21450961603241805,24961.0,19.98463142861352
3,fi_ref_g1.0,21,0.3055487795906117,156,0.21450961603241805,24961.0,19.98463142861352
3,fi_ref_g1.0,22,0.30168512804524805,156,0.21450961603241805,24961.0,19.98463142861352
3,fi_ref_g1.0,23,0.2969275218783975,156,0.21450961603241805,24961.0,19.98463142861352
3,fi_ref_g1.0,24,0.292703950508691,156,0.21450961603241805,24961.0,19.98463142861352
3,fi_ref_g1.0,25,0.2856461388595862,156,0.21450961603241805,24961.0,19.98463142861352
3,fi_ref_g1.0,26,0.280222495510343,156,0.21450961603241805,24961.0,19.98463142861352
3,fi_ref_g1.0,27,0.2755277533677962,156,0.21450961603241805,24961.0,19.98463142861352
3,fi_ref_g1.0,28,0.2682833458047465,156,0.21450961603241805,24961.0,19.98463142861352
3,fi_ref_g1.0,29,0.2641844300956467,156,0.21450961603241805,24961.0,19.98463142861352
3,fi_ref_g1.0,30,0.26180834023077265,156,0.21450961603241805,24961.0,19.98463142861352
3,fi_ref_g1.0,31,0.2557560437767546,156,0.21450961603241805,24961.0,19.98463142861352
3,fi_ref_g1.0,32,0.25301855624419073,156,0.21450961603241805,24961.0,19.98463142861352
3,fi_ref_g1.0,33,0.2515939409569314,156,0.21450961603241805,24961.0,19.98463142861352
3,fi_ref_g1.0,34,0.24886858285032792,156,0.21450961603241805,24961.0,19.98463142861352
3,fi_ref_g1.0,35,0.24534478123911194,156,0.21450961603241805,24961.0,19.98463142861352
3,fi_ref_g1.0,36,0.24344144222323003,156,0.21450961603241805,24961.0,19.98463142861352
3,fi_ref_g1.0,37,0.24196894211874212,156,0.21450961603241805,24961.0,19.98463142861352
3,fi_ref_g1.0,38,0.23887902100115507,156,0.21450961603241805,24961.0,19.98463142861352
3,fi_ref_g1.0,39,0.23689562267532002,156,0.21450961603241805,24961.0,19.98463142861352
3,fi_ref_g1.0,40,0.2345895349125518,156,0.21450961603241805,24961.0,19.98463142861352
