"id","theta_EAP","SE_EAP","n_observed","n_correct"
"779",1.01676752090803,0.220732717713265,301,235
"2425",-1.19565551131051,0.139376473026738,301,154
"1222",-1.35462070070769,0.138252260584677,301,136
"367",0.454333152068265,0.189815791921323,301,222
"2030",-1.75080887445603,0.138746592475069,301,130
"4926",-0.459267313040584,0.154339584997442,301,186
"5098",0.0319440216299664,0.171138194795881,301,195
"2734",-0.143429311065495,0.164527210539222,301,195
"2404",-1.14309501545263,0.140150553721759,301,154
"3264",-1.58446279240872,0.137674216382642,301,121
"1254",-1.62077865815223,0.137782777709911,301,125
"2380",-2.26391512953703,0.148494193968456,301,102
"2939",-1.04982585316352,0.141416793834491,301,155
"2276",-1.72432158570765,0.138696048748447,301,129
"3444",0.125019756110132,0.174920198132149,301,206
"2196",-1.54067242831164,0.13789562827642,301,135
"1558",-1.35311517236058,0.138270871469898,301,153
"2256",-1.37173972638024,0.138057658611724,301,150
"1248",-1.84164362799181,0.139540975688226,301,120
"572",-1.29978589625946,0.138871080473239,301,150
"3006",0.537048063043169,0.193936107645536,301,216
"61",-2.37667097882326,0.152205132132666,301,79
"4",-1.49732205983517,0.138072648528937,301,136
"2073",-1.12100879377897,0.140529445073191,301,157
"2269",-1.40446388587848,0.137843173907726,301,144
"1908",-1.73516139049922,0.138721852807357,301,128
"67",-1.71133288174371,0.138645701144705,301,122
"2288",-1.41195104921143,0.137830790286925,301,142
"1972",-1.15698913067161,0.139912314509323,301,156
"5576",1.07587690768216,0.224361193098535,301,234
"1824",-0.108761517815699,0.165789033602237,301,202
"3288",2.02928437053976,0.291553295076239,301,260
"2463",-1.94851487607824,0.141200396599534,301,117
"2541",-0.866770275757696,0.144543677190516,301,172
"2013",-1.90919617334651,0.140711522577504,301,109
"720",0.091845933722945,0.17354997683648,301,203
"4885",0.156150957787715,0.176226287954893,301,203
"2458",-0.512430210121851,0.152821552409715,301,189
"5313",-0.407456136110764,0.15582387585885,301,182
"348",-0.859754321063978,0.144661751768941,301,160
"2784",1.29363433730478,0.238305355756303,301,230
"2410",-1.84799202062768,0.139653751613666,301,126
"2281",-1.56403062121093,0.13774928046243,301,132
"5414",-0.719759307842347,0.147582722956067,301,171
"4333",0.215477142137301,0.178771090923368,301,210
"1239",-1.61315836604849,0.137732411039238,301,130
"1885",-1.2627070374478,0.139056207973815,301,152
"2162",-0.452665198251505,0.154526503837528,301,188
"1522",0.136994214139598,0.175420284014211,301,210
"99",-1.41786645735994,0.137830339803653,301,139
"2650",-0.502403690165459,0.153110131726802,301,185
"1798",0.772702732340926,0.206494187492139,301,232
"2023",-0.960188129218899,0.142687265540172,301,160
"1881",-0.856001915024428,0.144724205832371,301,172
"41",0.46517795654161,0.190347313452536,301,218
"3822",0.15496917673555,0.176176351464957,301,206
"2275",-1.32057276859925,0.138671413928097,301,151
"2329",-0.876618136167678,0.144373624891911,301,172
"1172",-0.12694207071202,0.165123887737639,301,201
"3427",-0.627651368639843,0.149754016143878,301,172
"1159",-0.663782299736266,0.148925591560897,301,169
"3600",0.045169710514989,0.171663196466169,301,204
"791",-0.20936856499527,0.16221983581511,301,185
"1841",-0.865902278121506,0.144558400915609,301,164
"2350",-1.45409595186662,0.137951079626241,301,135
"2390",-1.41969787022168,0.137831760438598,301,136
"5518",-0.0496230437803814,0.167992418702408,301,196
"2242",-1.49761507678835,0.138072496282679,301,146
"3871",-0.766847714389956,0.146424811360853,301,181
"271",-1.04183407429527,0.141493984501487,301,157
"529",-0.764772995039157,0.146473445292533,301,167
"3178",0.64372586396098,0.19947213445164,301,221
"2019",-1.55340853009661,0.137812431106353,301,128
"2744",0.719864896589787,0.203574399747334,301,226
"4063",1.27562108695706,0.23711825793521,301,241
"538",-0.977497539627773,0.142353433682061,301,170
"351",-0.527863921839897,0.152377330835082,301,186
"5359",-0.930930143366305,0.143303566522136,301,160
"5547",1.53285468942493,0.25462220668558,301,247
"844",-1.20405735090853,0.139298614799712,301,156
"35",0.457617788370164,0.189976498675373,301,211
"5441",-0.166053272573738,0.163720516840803,301,192
"3874",0.0306786205904156,0.17108819539948,301,208
"2081",-2.13107116437375,0.144973376011013,301,100
"951",-0.954333682507715,0.14280730000583,301,165
"1949",-1.29929512518854,0.138874932833489,301,148
"2442",-0.833085288562572,0.145105259891778,301,177
"2273",-1.07641024711609,0.141147828572674,301,166
"1905",-0.996836237552408,0.14203111240283,301,167
"1770",-1.06302690777993,0.141288278045798,301,158
"2449",-1.48123974618277,0.138056838513762,301,149
"3889",-0.266187092498224,0.160320421656828,301,194
"1704",-1.15801995527051,0.139895146062116,301,162
"4031",0.178856994677757,0.177191326433331,301,207
"3421",-0.238620476387342,0.161235319571357,301,189
"2041",-1.88682229363638,0.140359342272671,301,117
"2268",-0.242299351663456,0.16111268213071,301,195
"910",-1.04390505202829,0.14147384530492,301,160
"9",-0.2762057436338,0.159989590670145,301,192
"5464",-0.030763052987909,0.168707147582621,301,205
"1848",-1.77372801531666,0.138800651855453,301,128
"912",-0.304566512634964,0.159056372373945,301,197
"1060",0.463678479603174,0.190273664444319,301,211
"2881",-0.364809417045328,0.157116318471225,301,194
"1550",-1.73129025679331,0.138713939244855,301,123
"5519",1.08286450478956,0.224794639402788,301,232
"3881",0.364244920304329,0.18550188488676,301,212
"5395",-0.813102778454166,0.145456870640332,301,170
"4357",-0.84194157934603,0.144956935541834,301,167
"1456",-0.0624865979251298,0.16750844220765,301,196
"5203",0.757555171881653,0.205651089066208,301,231
"1677",-1.31735074142496,0.138706673971315,301,149
"2003",-0.887964089303108,0.144169181877781,301,174
"1394",-1.03715471505717,0.141540147667207,301,156
"2737",-0.330323282634579,0.158215982005368,301,189
"874",-0.733478499607235,0.147239300056022,301,173
"1640",-2.08925800111181,0.143975972256638,301,109
"2770",-0.363219806123565,0.157166065086196,301,182
"3300",0.553416305325597,0.194769405033329,301,214
"2825",0.745248263734853,0.2049696728751,301,222
"5420",-0.0429176732624795,0.168245796184242,301,196
"206",0.0714950528689507,0.172721068468496,301,208
"2808",1.26092618213796,0.236154258302632,301,236
"3976",0.0323198746307814,0.171153053560543,301,204
"1525",-0.268950854889573,0.160229093376405,301,196
"1141",-0.333955938457836,0.158098443162317,301,186
"3238",-0.25360471718239,0.160736976683599,301,192
"2494",-0.187590646442622,0.162967122007747,301,189
"4740",-0.924291978809162,0.143444591073717,301,165
"1674",-1.81359804968732,0.13911419830099,301,120
"2510",-0.814361601893174,0.145433754589968,301,169
"2672",0.43891986421364,0.18906490311341,301,219
"1385",-1.31159730865704,0.138765974664784,301,141
"832",-0.345150370637468,0.157738430270229,301,193
"1167",-0.568721088432399,0.151230340973276,301,184
"2577",-0.184738740699404,0.163066044693184,301,196
"1421",-1.50678113603926,0.138059473564972,301,137
"4289",-0.604174582734473,0.15031424880051,301,171
"409",0.163642389588282,0.176543503444482,301,211
"927",-0.840209705344856,0.144985735193318,301,169
"2395",-0.986713632454039,0.142192385648751,301,161
"2894",0.0840404185672707,0.173230955541086,301,202
"3307",0.345952570227491,0.184647754740471,301,205
"4963",0.132527231695646,0.175233395859923,301,199
"3216",-0.24972508076554,0.160865728286708,301,186
"2583",-1.0476466255734,0.14143773861529,301,160
"3803",0.8039892482128,0.208250855121132,301,225
"4825",0.719395219296697,0.203548712017346,301,223
"938",-1.09222085360148,0.140957690447095,301,155
"2804",0.806205860310671,0.208376091378772,301,223
"1778",-0.259278781191709,0.160548957244958,301,196
"631",0.105458144673642,0.174109463086132,301,204
"814",-1.18731168279298,0.139468801094398,301,150
"3563",1.46365867442715,0.249798646509594,301,241
"1910",-1.1727486578972,0.139663457862876,301,162
"1432",-0.575194482789193,0.151056418771726,301,173
"2899",-0.348678442521092,0.157625753093607,301,188
"626",-1.58448371504851,0.137674183088263,301,135
"4899",0.457712539810963,0.189981138153777,301,213
"940",-0.923557016450663,0.143460114860718,301,170
"2182",-1.11020375666054,0.140702004478189,301,164
"543",-1.43778989805935,0.137878376019741,301,140
"3402",1.95891366064895,0.286080743934232,301,251
"3852",-0.425498206936294,0.155300062209516,301,183
"998",-0.0304952585605635,0.16871734362753,301,196
"5372",0.504530808998368,0.192298166035724,301,212
"924",-1.44587448868868,0.137912681097936,301,148
"5467",0.629149267388861,0.198701069479188,301,231
"5050",-0.40099355312983,0.156014492841552,301,186
"2291",-1.42869514096042,0.137848314815828,301,140
"5176",0.00974914252162534,0.170267061110836,301,200
"2553",-1.029186296446,0.141621964509117,301,167
"232",-0.494844990240551,0.1533271301347,301,191
"1799",-0.818025847823107,0.145367305061114,301,172
"5164",1.08223466643169,0.224755531181568,301,231
"990",0.568758236820913,0.195555778547875,301,218
"1821",-1.42112739060666,0.137833354414277,301,148
"4570",1.03416569888365,0.221793603710997,301,228
"2398",-0.665422766680319,0.148887875662665,301,182
"1018",-1.00943461916721,0.141853794909128,301,153
"1156",0.321000897483039,0.183494412893617,301,210
"4296",-1.07107018478929,0.141205688478647,301,149
"321",-0.281595210142914,0.159811869744744,301,185
"2088",-0.529451088941729,0.152331768103175,301,172
"2053",-1.24932917290177,0.13908978307436,301,145
"5204",0.849382258153655,0.210835929470946,301,225
"1977",-1.36947839375542,0.138081008180876,301,151
"942",-1.29872348564462,0.138879367143153,301,152
"4906",0.130695144580196,0.175156860753039,301,200
"2514",-0.477208978471562,0.153830707751563,301,189
"2702",-0.147897392324,0.164366725430447,301,193
"5553",0.0869293917185973,0.173348875450009,301,201
"3324",-1.20611778616949,0.139281825649117,301,150
"4426",-0.066715313645348,0.167349918586252,301,197
"756",-0.115173202670997,0.165553682315264,301,200
"4102",-0.894648086700604,0.14404376135303,301,166
"308",-0.912357904386779,0.143693258534917,301,163
"1255",-1.51961945703769,0.138015569980984,301,146
"5523",0.551827742535169,0.194688274978493,301,215
"2223",-0.635515516640464,0.149572137769446,301,181
"610",-0.53469898671443,0.152181432578818,301,182
"5586",0.326719633795675,0.183757550861222,301,212
"4808",0.233331724677991,0.17955229285688,301,209
"1609",-0.294947790790538,0.159372277628669,301,196
"92",-1.32741908267394,0.138592307380271,301,147
"630",-1.36698911884345,0.13810768341848,301,139
"1813",-1.16937683821816,0.139713869998446,301,155
"1090",-0.265457077501977,0.160344553940427,301,192
"1757",-1.17192684447911,0.139675579190667,301,160
"2992",0.278095984651673,0.181543309552004,301,206
"1957",-1.22950059335175,0.139147998006873,301,153
"438",-0.649675322921946,0.149248159849563,301,173
"115",-1.41004725294343,0.137832652059276,301,146
"822",-0.44713455808914,0.154683195825324,301,193
"4578",0.121944490233398,0.174792229641832,301,208
"2151",-0.890242075259146,0.144126868109002,301,177
"5210",-0.00721793120435993,0.169609262315903,301,193
"1291",-0.791429135295165,0.145881033717271,301,171
"1105",-0.273738721308053,0.160070997515056,301,192
"2176",-0.103500731599733,0.165982719968172,301,196
"2154",-0.962418265399708,0.14264233446438,301,166
"2389",-1.79396270605777,0.138915069028831,301,125
"3599",-0.723985048363783,0.147477064884492,301,180
"691",-0.137528993453349,0.164739959196968,301,195
"1106",-0.294077472949371,0.159400896351896,301,195
"2810",0.915077550532687,0.214652539517899,301,227
"452",-0.929111927366926,0.143342313659536,301,163
"2163",-0.863922097322095,0.144591857858924,301,172
"3245",-0.551484114978025,0.151705736081883,301,186
"964",-1.06572194702805,0.141261123437172,301,163
"5198",-0.483308597421816,0.15365699055066,301,184
"3509",0.458991195416115,0.190043766881493,301,222
"1771",-0.661727156619991,0.148972757194974,301,176
"3352",0.538158424210773,0.19399244962046,301,214
"1340",-2.07428303508169,0.143594790414168,301,111
"2259",-1.88929365352877,0.14040122066256,301,119
"908",-1.68227727992004,0.138431966544373,301,132
"4065",0.404418601832025,0.187403378510686,301,209
"4299",-0.591869206767101,0.150621947873348,301,169
"1796",-0.926739105578948,0.143392756617654,301,167
"1934",-0.073866930847804,0.167082453298715,301,202
"4025",-0.195071002339559,0.162708852601375,301,193
"1782",0.27382163377083,0.1813512016895,301,214
"3757",0.287449541296292,0.181965148400522,301,213
"3631",0.609777205322706,0.197683482965866,301,225
"202",-1.14608354750186,0.140098588507455,301,153
"1594",-1.10856680012131,0.140727005300703,301,155
"588",-1.12558495566625,0.140453007176691,301,139
"870",-1.04736003001391,0.141440495877145,301,163
"2402",-1.41323419239836,0.137830016618868,301,143
"2022",-1.30787133266375,0.138801646251041,301,150
"1382",-0.786027443137644,0.145994946536685,301,167
"1294",-0.692994805774824,0.148240322437075,301,179
"137",-1.07562856052726,0.141156474157357,301,166
"890",-1.5663748827929,0.137737006458664,301,135
"823",-0.755946539462108,0.146684145294208,301,174
"4800",0.229134146670017,0.179367973221677,301,209
"5033",1.59231139352916,0.258832636890019,301,250
"4671",-0.0893792308353674,0.16650501739943,301,192
"1802",-1.00631494152964,0.141895343232084,301,155
"873",-0.200514481566869,0.162521974529644,301,198
"1126",-0.938064596546096,0.14315115093262,301,172
"3312",1.10817063120047,0.226372305914194,301,238
"1726",-1.20570334488898,0.139285130888447,301,158
"4220",-0.186356532650808,0.163009897877857,301,194
"501",-0.555238958573327,0.151600831398596,301,174
"1795",-1.46936160069597,0.13801891724414,301,143
"1109",-0.866794857515055,0.144543259671401,301,163
"1978",-1.24474218135005,0.139101097227054,301,146
"1508",-1.16108644717327,0.139844689013814,301,148
"4170",-0.343642189927485,0.157786719926869,301,186
"243",-0.00297643654707457,0.169773064562637,301,199
"5173",-0.469087145649355,0.15406137013046,301,181
"287",-1.86375868099377,0.139944149831406,301,132
"2131",-1.09463567902637,0.140925847461362,301,156
"1986",-1.33157219381361,0.138542048515046,301,152
"3930",0.920847691046147,0.214991974232608,301,229
"4927",-0.793014792467925,0.145848225686822,301,171
"1520",-1.41107554794649,0.137831539666382,301,139
"2848",-1.01429912126824,0.141791936735653,301,161
"2640",0.447912828936938,0.18950236531811,301,215
"4964",-0.84652835069754,0.144880944706168,301,166
"3455",-0.867629386989035,0.144529067037551,301,161
"1634",-0.668846416233305,0.148808941989244,301,174
"2970",-0.325089020579333,0.158385861168622,301,189
"4806",-0.688416869002719,0.148349965117942,301,170
"3125",-0.272494494407883,0.160112068260604,301,194
"106",0.0714173226639189,0.172717920497742,301,203
"5468",0.0275308143081783,0.170963992799246,301,207
"5460",0.220152686436667,0.178974954511317,301,208
"59",-1.95700858380012,0.141298063929586,301,123
"606",-0.765674091341679,0.146452277253781,301,176
"1601",-0.874182192590844,0.144416256685695,301,164
"1396",-1.0608926079439,0.14130948066099,301,161
"5264",-0.58833426468994,0.15071236641149,301,173
"1490",-0.596772319257263,0.150498045435127,301,176
"180",-1.03560948597562,0.141555652674045,301,159
"2371",-1.62618121679485,0.137826264627364,301,133
"2074",-0.859031432542575,0.144673813242664,301,167
"1110",-0.7677437162486,0.146403923648062,301,176
"886",-0.522790785240388,0.152523180437369,301,179
"5261",-0.443573233192978,0.154784219111267,301,186
"2198",-0.423968419314742,0.15534406352977,301,188
"2447",-0.466214211807184,0.154142821456494,301,189
"1265",-0.294563917889397,0.15938489990604,301,200
"1741",-1.80510937139715,0.13901689622426,301,131
"1400",-1.24137429100588,0.139109915427573,301,150
"1854",-0.535049038583514,0.152171424925127,301,180
"1861",-1.22885488832902,0.139150502225157,301,156
"1474",-0.760674240925254,0.146570565564331,301,173
"3577",-0.244212691921512,0.161048979765747,301,192
"1808",-0.400811923126584,0.156019875616066,301,185
"2159",-0.608824870223985,0.15020070405508,301,187
"826",-1.1931103751376,0.139403062648364,301,145
"283",-1.1766165827923,0.139607928849755,301,160
"1921",-0.537641204656773,0.152097409477874,301,172
"3998",1.0141364341642,0.220572802013693,301,237
"1574",-1.80029318502275,0.138969277160519,301,118
"119",0.693132576934772,0.202119868948805,301,230
"2361",-1.1151132290272,0.140625139311063,301,150
"4213",-0.940512192653587,0.143098884722837,301,159
"1309",-0.556756300926176,0.151558633405617,301,181
"4040",0.334412041716282,0.184112630575978,301,212
"2601",-0.717532365322329,0.147638286344874,301,177
"2205",-1.08895942728698,0.140999469632575,301,157
"2020",-1.45725018072813,0.137965948919921,301,147
"1923",-1.94426187267545,0.141151806646723,301,118
"5409",0.498985475405903,0.19202117503739,301,215
"1187",-0.996450114468509,0.142036954680529,301,157
"1185",0.288816342184361,0.18202695597514,301,217
"2941",0.158826717767635,0.176339457965434,301,206
"2409",-1.31679972347723,0.138712562775436,301,151
"1573",-1.56925259987144,0.137723020715816,301,130
"1556",-0.865784927238087,0.144560388713713,301,172
"154",-0.425407789202645,0.15530266106775,301,191
"3777",0.302549614359736,0.182650310768651,301,217
"2872",-0.958314109880729,0.142725379126705,301,165
"2195",-1.05940231981579,0.141324150760062,301,165
"4266",-0.399605598478896,0.156055662468681,301,180
"948",-1.73590657160647,0.138723244670763,301,127
"3771",-0.857877318180253,0.144693038235388,301,164
"5398",0.797286251544187,0.207872768302093,301,230
"4455",0.0392957356799457,0.171429481497238,301,206
"2327",-1.75446395883833,0.138752365839353,301,126
"5115",-1.60467825551714,0.137693070945047,301,137
"3933",-0.0595394710524681,0.167619088543732,301,196
"1256",-1.29439638817213,0.138911089580283,301,152
"2394",-1.2314909150064,0.139140606869111,301,152
"518",-0.985537815295665,0.142212199039195,301,158
"1286",-0.718148874610788,0.147622913962423,301,171
"1019",-0.875646708005459,0.144390674939192,301,173
"2713",-0.502615079517682,0.153104054752406,301,179
"5150",-0.720381378090052,0.147567185530591,301,174
"3772",0.744919630099904,0.204951520928218,301,225
"1365",-1.51283717865323,0.138042287088556,301,142
"1316",0.713499506029308,0.203226663263001,301,225
"1754",0.10735902797775,0.174187902511484,301,207
"1477",-1.12969085088688,0.140383145967743,301,147
"280",0.380731481297558,0.186277940219652,301,218
"2986",-0.388070226634182,0.156401152220629,301,189
"4462",1.40601646066222,0.245844370129357,301,245
"4802",-0.183108914020786,0.163122692293324,301,193
"894",-1.30827643864602,0.138797877003006,301,149
"1918",-0.968408507264827,0.142524223847916,301,169
"1834",-0.435961763158612,0.155000674023358,301,189
"140",-1.34536093615261,0.138368512881522,301,148
"318",0.278974470367504,0.181582844119753,301,207
"931",0.105521864397656,0.174112091249347,301,211
"553",-0.913947456330337,0.143660621842799,301,165
"3205",0.0990503314774078,0.17384560166121,301,201
"1004",-1.42313971894276,0.137836292464294,301,145
"1909",-1.61253888903658,0.13772892366804,301,131
"455",-0.613295657394567,0.15009285090566,301,169
"2853",0.350523452222708,0.184860502794496,301,212
"887",-0.84707863354289,0.144871845527477,301,170
"1275",-1.29006967774592,0.138939581187803,301,154
"1777",-1.45117307533942,0.137937260948825,301,144
"4741",-0.895267062378364,0.144031951706783,301,162
"1851",-0.722346111487443,0.147518072535719,301,178
"1095",-0.452080206397312,0.15454307001539,301,183
"2450",-1.52103485173638,0.138009086059454,301,148
"986",-0.853002876715749,0.144773903951094,301,172
"2102",-0.634274226699525,0.149600716040573,301,183
"2358",-0.698183209180455,0.148114953651994,301,173
"3173",0.988787617955016,0.219039142155076,301,235
"5465",-0.076304013490575,0.166991487826003,301,199
"4682",0.4374805676521,0.188995057020659,301,218
"2560",-0.376375703999974,0.156757643662912,301,192
"1312",-0.275188891973702,0.160023140442913,301,189
"4895",1.31732299939235,0.239875498817305,301,242
"4408",-0.498730936318446,0.153215647038523,301,184
"2385",-1.53931483230089,0.137904427152847,301,136
"764",0.282730425729907,0.181752071611071,301,210
"2567",-0.36287913560817,0.157176739993239,301,193
"360",-0.273108793489184,0.160091789660806,301,188
"2544",-1.35845327973123,0.138205687932312,301,149
"3626",2.35441063786842,0.317773231096353,301,259
"1700",-0.550624885400957,0.151729832904394,301,177
"3330",0.359036397311456,0.185257941045744,301,209
"3390",0.349504227371188,0.184813024467079,301,211
"3267",0.0637706348190617,0.172408933274061,301,204
"2800",0.00143947849894772,0.169944048313116,301,196
"2240",-1.58088328057364,0.137681389461978,301,133
"1482",1.13896672796023,0.228308852974765,301,239
"4701",0.06188694286718,0.172333030112986,301,207
"4168",-0.0507996477326297,0.167948037458099,301,196
"2830",0.733492776347056,0.204321790805199,301,226
"1139",-0.416294897865187,0.155565855514678,301,191
"1271",-0.252643211906076,0.160768870032188,301,198
"428",0.164212953432924,0.176567710462337,301,212
"2029",-1.50096347315341,0.138069592367425,301,139
"3718",-0.180834169728955,0.163201895089004,301,200
"4050",0.28696078890364,0.181943056950366,301,208
"554",-0.868635789174115,0.144511902939593,301,157
"4681",1.17333548532935,0.230491419092792,301,233
"4004",-0.953826847379947,0.142817816512545,301,164
"2209",-1.87781633213831,0.140201569511975,301,130
"510",1.21060800321427,0.232883611487268,301,228
"2279",-0.703911159988732,0.147975234062289,301,177
"1675",-1.40547719977204,0.137840693921134,301,144
"3164",1.47039968090117,0.250264894461254,301,240
"163",0.182314714353029,0.177339234078871,301,203
"3892",0.326022042933438,0.18372541409473,301,214
"3870",0.559074250372474,0.195058812542227,301,220
"3182",-0.0117737082851261,0.169433779423542,301,204
"5424",0.16789450910691,0.176724067741142,301,206
"2359",-1.44241349024656,0.137897361887762,301,134
"1215",-1.09939741265388,0.140860767020597,301,155
"2615",0.341594946871635,0.184445355305527,301,210
"1318",-1.15807530238201,0.139894227040252,301,163
"5170",1.47729465398516,0.250742612534365,301,241
"1559",-1.52763328876395,0.13797525523721,301,132
"3841",0.790693539416256,0.207501820296892,301,224
"513",-0.657783913823044,0.149063038100588,301,173
"2352",-1.314587535838,0.138735767769949,301,153
"3319",1.12438150304962,0.227389426809481,301,228
"2045",-1.63771213832854,0.137936877692618,301,135
"1407",-0.622397474563573,0.149876840284822,301,180
"221",0.405280326596676,0.187444554927843,301,211
"1357",-0.639357435255632,0.149483926786645,301,182
"1175",-0.907301566700852,0.143795883377167,301,165
"2972",-0.387576252193132,0.156416082524705,301,191
"2044",-1.67521829494151,0.138360169587758,301,133
"4933",0.421676919635165,0.188231189880585,301,218
"1061",-0.704288010473083,0.147965995846438,301,168
"2219",-1.16259039435033,0.139820312455492,301,154
"2845",0.287216723093498,0.181954624420332,301,211
"1197",-1.7754958267258,0.13880749453369,301,124
"483",-0.383868578523825,0.156528506639803,301,184
"1276",-0.913838892689892,0.143662856247284,301,175
"541",-1.21506268071719,0.139219006973478,301,148
"2492",-1.50146235312115,0.138068976366812,301,137
"4968",-0.723691772522916,0.147484405076939,301,165
"1968",-1.20976368694585,0.139254283252336,301,151
"4288",0.708016002896681,0.202927799160832,301,227
"3830",0.6867333091695,0.201773956185574,301,221
"3414",-0.62142696992826,0.149899666210979,301,179
"5195",1.72299365509762,0.268295923472861,301,250
"2496",-0.786987237593933,0.145974464584324,301,173
"1716",-1.32509893353476,0.138619693582183,301,153
"4860",-0.1722942908714,0.163500698106357,301,189
"896",0.28498800880625,0.181853942789561,301,212
"2962",-0.19138526273778,0.162835892699151,301,195
"2271",-0.620791710001174,0.149914632288292,301,178
"2322",-0.834554790284062,0.145080437050154,301,170
"1840",-0.333269661434279,0.158120624192726,301,195
"2235",-1.18821537953701,0.13945809082781,301,155
"650",-0.429713322735976,0.155179148514306,301,186
"4779",1.04731995067351,0.222599659180842,301,234
"4941",-0.364999156283693,0.157110387684715,301,186
"435",0.737921128785592,0.20456550626279,301,226
"5238",0.0506006307549714,0.17188005047598,301,198
"1994",-0.337192969661365,0.157993981109264,301,191
"2613",0.291512478025787,0.182149000304322,301,213
"1053",-0.236377970415237,0.161310180815787,301,189
"1418",-0.0885653087820952,0.166535221471062,301,190
"1887",-0.803565028393621,0.145637206004757,301,176
"946",-1.1476178346395,0.140072004560364,301,155
"3298",0.204674668775539,0.178301981459463,301,202
"2300",0.258716296489863,0.18067565901817,301,212
"302",-1.17709682579461,0.139601216173497,301,155
"195",0.491509883089121,0.191648849541215,301,219
"900",-0.992317707425813,0.142101022969416,301,155
"3073",-0.0950598949465278,0.166294510487977,301,201
"3750",0.957902894596692,0.217187844996837,301,232
"13",-1.31829493610414,0.138696485340903,301,151
"845",-1.37913407235576,0.137987920069956,301,140
"1241",-0.734599896994702,0.147211240560428,301,177
"531",-0.0122576957803684,0.169415164135784,301,196
"2407",-0.474579579611734,0.153905457161748,301,184
"1065",-0.499538147308325,0.15319246813071,301,185
"1300",-0.74808628362878,0.146876050811197,301,178
"251",-0.573384862861193,0.151104756487548,301,180
"5371",-0.17633791714801,0.163358927931806,301,196
"4495",0.331928936822955,0.183997870027903,301,209
"4814",0.184351740516231,0.177426489971887,301,209
"2224",0.216029203536879,0.17879513595096,301,211
"5551",0.891680175347249,0.213283112489658,301,237
"3198",1.31965767739686,0.240030800109858,301,237
"5037",0.557182149814674,0.194961952455631,301,218
"294",-0.221414664534005,0.161812109331107,301,193
"200",-0.145699963736238,0.164445584482791,301,190
"5126",-0.205982928856016,0.162335108727936,301,193
"3048",0.20183869418744,0.178179261962368,301,205
"995",-0.102873630449286,0.166005841439996,301,207
"2600",-0.881420395563552,0.144288327416827,301,166
"4670",0.90710662304133,0.214184754801585,301,230
"5251",0.443450265509414,0.189285057405531,301,219
"2004",-1.23040477627669,0.139144580224918,301,149
"1082",1.35099382781945,0.242124817032837,301,245
"3530",0.26586920348313,0.180994897829541,301,219
"4824",-0.721684889045117,0.147534607564744,301,177
"2819",-0.165745163321928,0.16373140036598,301,196
"3236",1.01841770822738,0.220833084771179,301,228
"1696",-1.37867194427019,0.137991958643468,301,153
"2694",0.0550220680699411,0.172057135499027,301,203
"3242",1.28742328288487,0.237895367083475,301,236
"1999",-0.658153849568344,0.149054578570531,301,175
"3655",0.476699109958922,0.190914873027814,301,222
"4891",0.0504772703183734,0.171875116623396,301,199
"215",0.901403405783453,0.213850848107576,301,225
"4563",-0.791931646066796,0.145870605423333,301,159
"2592",-0.846378377839814,0.144883424986733,301,176
"1285",-1.11525594333369,0.140622864568079,301,152
"1852",0.209233112573348,0.17849961496978,301,208
"2776",-0.619107570773406,0.149954407614227,301,174
"3643",-0.601676585753546,0.150375844115321,301,177
"1448",-1.37932197288091,0.137986290860684,301,143
"2537",-0.408331166488344,0.155798198435229,301,177
"1527",-0.979713462879631,0.142313532814466,301,165
"2222",-1.50686144190762,0.13805928934901,301,151
"3646",0.680506950615146,0.201438237037208,301,226
"1015",0.859328424534329,0.211408060206815,301,232
"703",-0.568035851786163,0.151248911747181,301,183
"4974",-0.699037795349289,0.148094193529936,301,170
"5000",-0.804983088368335,0.145609788512675,301,173
"1967",-1.03417775773427,0.141570158570193,301,153
"4981",0.289352391319025,0.182051207945865,301,207
"265",0.317548541142536,0.183335905383477,301,210
"1128",-0.401119683370834,0.15601075569207,301,188
"994",-0.520782476066835,0.152580984835238,301,179
"2805",0.640863409369673,0.199320353809327,301,219
"5489",-0.947112009506584,0.142958617421874,301,166
"3915",0.780947981853572,0.206955144100318,301,229
"3008",1.11405901757378,0.226741178009804,301,226
"2764",-0.123248257930643,0.165258461110791,301,188
"2955",-0.163008121968376,0.163828210986793,301,194
"2009",-1.51337416252385,0.13804044918375,301,144
"178",-0.524944518793486,0.152461227424286,301,186
"5083",-0.463349774097287,0.154223978993036,301,175
"655",0.188205998020181,0.177591831831954,301,209
"1951",-0.231993532101769,0.161456797634976,301,194
"5011",-0.0423245333711712,0.168268247116329,301,192
"2728",1.11896978381435,0.227049317608925,301,241
"192",-0.9930460104734,0.142089526827012,301,160
"2",-0.980582149573935,0.142298089422225,301,159
"1151",-1.04749871818114,0.141439161476856,301,155
"2462",-1.03866868777687,0.141525092889439,301,167
"1362",-1.25439809785926,0.139077568747176,301,154
"2423",-1.21962808559613,0.139192853633506,301,155
"4855",-0.100872899923631,0.166079655678789,301,191
"1392",-1.39783104912335,0.137865775595633,301,142
"3776",1.58260614466966,0.258141248470853,301,246
"2007",-1.12937091892316,0.140388625926248,301,150
"5433",0.0324021242704375,0.17115630564886,301,205
"109",-1.50274893635551,0.138067168732156,301,129
"5008",-0.215307443529422,0.162018368348365,301,193
"1989",-1.54192048691614,0.137887484787632,301,146
"966",-0.759832772171333,0.146590665134237,301,176
"644",-0.139549742429313,0.164666994175147,301,199
"2920",-1.12363413922446,0.140485797174517,301,164
"2875",-0.106822356860455,0.165860368511572,301,200
"350",1.1018328653969,0.225976028593758,301,234
"1347",-1.35277643168777,0.138275079550744,301,155
"5094",0.108419920887727,0.17423171245976,301,209
"2806",0.604401858483644,0.197402570566668,301,229
"1103",-0.999769220948116,0.141987537285571,301,165
"2978",-0.248588001510923,0.160903497147747,301,187
"2550",-0.668586899157867,0.148814936594457,301,178
"332",-0.522374764345908,0.152535152183988,301,172
"658",-0.946252946908495,0.142976794186172,301,162
"1829",-1.20907297454713,0.139259291733306,301,150
"1871",1.31390838133208,0.239648538987155,301,230
"4653",-0.0385476469502825,0.168411354160959,301,199
"3809",0.437309230346216,0.188986745468161,301,221
"3952",0.898700169541176,0.213692813347324,301,232
"533",-0.111727229627004,0.165680072922088,301,196
"4281",-0.961851410262194,0.142653709241013,301,163
"474",-1.05469941839745,0.141369892764289,301,154
"4494",0.254975165020316,0.180509160675524,301,213
"2847",-0.133050464272061,0.164902038149069,301,194
"2419",-0.233929648380105,0.161392010824634,301,192
"5380",-0.144658963760986,0.164482989230995,301,196
"1481",-1.54677656266334,0.13785555235061,301,140
"2969",-0.175846874258192,0.163376116443631,301,189
"1478",-0.667445356621111,0.148841282406738,301,175
"1665",-1.32774690549823,0.138588395083434,301,147
"1085",-0.728156991414404,0.147372581600766,301,170
"3596",0.101779901926002,0.173957894876581,301,209
"2540",-0.447720380673198,0.154666589097128,301,189
"5019",0.31284846416858,0.183120532468471,301,211
"3590",0.345004222017068,0.184603671486453,301,211
"3090",1.15133408301871,0.229091649397919,301,236
"2843",0.411082766211328,0.18772224614683,301,209
"3441",0.472910851511887,0.19072792622095,301,216
"1326",-0.862745501874846,0.144611656563529,301,167
"4637",-0.478011983416907,0.153807864022743,301,183
"3612",-0.781401334160537,0.146095107495961,301,169
"5396",-0.482579046076182,0.153677792644683,301,179
"4171",-0.539183303870241,0.152053460412266,301,175
"4977",0.607541556900172,0.197566572944934,301,210
"1812",-0.592014648294945,0.150618247314972,301,180
"888",0.0682346865665423,0.172589149164532,301,200
"3778",0.880016777344818,0.212604643644258,301,232
"5208",-0.665723445479992,0.148880955754572,301,176
"3763",1.5574585266315,0.256357213072509,301,244
"1806",-1.33405159368402,0.138511418544586,301,144
"1585",-0.373584831736886,0.156843646607606,301,188
"2958",0.0205220701039152,0.170688348300258,301,201
"2392",-1.36953730682143,0.138080388903008,301,141
"614",-0.924342405968187,0.143443525164349,301,166
"5442",-0.227058791368669,0.161622250468186,301,198
"877",-1.33016132127872,0.138559283142283,301,144
"3630",1.12471855234475,0.22741062784706,301,243
"3611",-0.00696939798569874,0.169618849013191,301,203
"1800",0.345214169753366,0.184613429065099,301,222
"903",-0.966878990679919,0.142553999105013,301,169
"5478",0.504902415211378,0.192316752288402,301,212
"1270",-1.09702302196822,0.140893599051396,301,164
"3091",-0.460485592512241,0.154305091380939,301,181
"3140",-0.625154134830606,0.149812245352541,301,180
"2210",0.067924628732137,0.172576616745092,301,212
"1264",-1.88024095332086,0.140244767599413,301,131
"1390",-0.986064153532788,0.142203302595058,301,162
"4257",0.0986433631726091,0.173828872651193,301,205
"1308",-1.01575704415937,0.141774061425842,301,154
"4971",0.759792480383456,0.205775310308054,301,233
"4928",-0.301343844889581,0.159162127702536,301,191
"2299",-1.81916935842202,0.139187008514908,301,129
"1538",-1.78959764307515,0.138883111823997,301,124
"2310",-1.67668192003408,0.138375558140897,301,128
"1089",0.423097404293426,0.188299620341719,301,214
"3521",1.35443550744498,0.242355885467576,301,247
"2051",-1.46329320492469,0.137993556430951,301,142
"1263",-1.69855191652236,0.138569397461879,301,132
"2558",-0.784000010219748,0.146038551166121,301,172
"3246",-0.122869092489574,0.165272292113477,301,197
"1530",-0.110212849845061,0.165735690445761,301,201
"1903",-0.661186610699852,0.148985148675951,301,179
"2155",-0.71914760645753,0.147597994748478,301,177
"1306",-0.395066294383152,0.15619089974223,301,186
"1261",-0.721134179711227,0.147548374322178,301,181
"2064",-1.0748574384723,0.141164941471444,301,159
"1225",-0.196674015691278,0.162653728448577,301,194
"1963",-1.21068762645961,0.139247734257121,301,156
"1845",-1.16782948449783,0.139737583999723,301,162
"2590",-0.411231593863672,0.155713302010952,301,184
"4238",0.592228120842329,0.196768703635283,301,231
"2656",1.0351609195108,0.221854469278069,301,233
"464",-1.2468828891955,0.139095746279046,301,148
"759",-0.0379256262681114,0.168434947533486,301,197
"2864",-0.454599700557296,0.154471728970176,301,190
"3645",-0.0549023534104483,0.167793464736991,301,208
"3618",1.49314445286439,0.251843905119478,301,246
"5055",-0.237500916488903,0.161272683239329,301,197
"2668",0.596005754708739,0.19696505363549,301,218
"2372",-1.98829811817519,0.141707764010897,301,110
"1240",0.174403105953311,0.177001181372896,301,208
"4011",-0.0705186258053859,0.167207579403496,301,200
"3372",0.747260722640915,0.205080880242512,301,221
"149",-0.553449310776834,0.151650748446863,301,184
"4699",-0.038568362374674,0.168410568542854,301,199
"2128",-0.0442225852836775,0.168196425889877,301,203
"469",-1.4396813966688,0.137885902562694,301,141
"4703",0.348087974480385,0.184747088935626,301,216
"1023",-0.123630632090683,0.165244516267838,301,193
"4236",0.517745460870396,0.192960990611374,301,216
"1893",0.344382068473029,0.184574761761399,301,217
"5502",-0.0784673945195041,0.166910814876741,301,205
"3742",-0.237934468823827,0.16125821162886,301,197
"4777",1.29614516325585,0.238471294449978,301,237
"3214",0.0654220754988005,0.172475547618815,301,202
"3853",-0.60328375603296,0.150336165429399,301,177
"5571",1.11763036061471,0.226965225878251,301,243
"4888",0.865832431813929,0.211783292672563,301,230
"836",-1.66744274209544,0.138274860158187,301,134
"2016",-1.88860621576982,0.140389639157987,301,110
"136",-1.41094277031958,0.137831669146557,301,147
"211",-0.130543075363484,0.164992996465433,301,201
"2071",1.40354420285622,0.245676085408917,301,244
"5121",0.0731985923393916,0.17279009481947,301,198
"676",0.206512106916576,0.178381588166682,301,209
"4326",0.793942814480757,0.207684531335739,301,225
"508",-0.643392821749427,0.149391580560232,301,169
"1433",-1.51576842580934,0.138031659390396,301,141
"3705",-0.124999659953646,0.165194615650271,301,197
"3583",-0.378404040552459,0.15669536104807,301,186
"3256",-0.466012455391332,0.1541485393436,301,187
"521",-0.796796014344731,0.145771149207775,301,165
"3894",0.0769603101766365,0.172942754546278,301,208
"5096",-0.466839732472144,0.154125092167285,301,188
"1590",-1.46982290781056,0.138020710067136,301,137
"5156",0.828430559532611,0.209637431815665,301,227
"2420",-0.463898830107864,0.154208426115123,301,183
"1171",-0.169368695127398,0.163603590765147,301,199
"3483",0.439901204486053,0.18911255216447,301,214
"4274",0.7761481367622,0.206686631183819,301,224
"587",-1.18163686051862,0.13953985720542,301,151
"528",-0.982854261448602,0.142258237274018,301,167
"4212",-1.00879315587719,0.141862215380995,301,167
"2526",-0.455435213899823,0.154448074201644,301,189
"2570",-1.04049610798895,0.141507079048816,301,163
"4387",-0.72466220799248,0.147460113616176,301,171
"5084",1.56794864106165,0.257100099272368,301,242
"1209",-1.51946784127401,0.138016246919601,301,145
"4688",0.315308705227711,0.183233208140267,301,214
"2534",-0.446270065330584,0.154707707471802,301,185
"4935",-0.048131885499366,0.168048698502927,301,203
"4245",-0.730268257903377,0.147319689005041,301,158
"2512",-0.493798432267902,0.153357124339576,301,189
"4312",0.605643239215734,0.197467388537304,301,231
"2823",-1.07768499147965,0.141133591695359,301,152
"1459",-1.09026235940372,0.140982946737461,301,152
"5042",1.17188107048243,0.230398603554362,301,233
"987",-0.390494683409723,0.156328036475682,301,190
"5114",-0.573932655245703,0.151090100602378,301,184
"4609",0.518138328532328,0.192980755341734,301,215
"79",-1.55654904352965,0.137792734766287,301,136
"846",-1.16782476780301,0.139737656816686,301,161
"4613",-0.154427397102231,0.164133187836512,301,197
"1278",-0.00433996936952736,0.169720360995474,301,212
"3082",0.878242777427894,0.212501693124559,301,227
"1541",-0.892417667480128,0.144086041301734,301,169
"91",-1.56405495465902,0.137749149304511,301,141
"3248",-0.669887892903028,0.148784864859922,301,173
"1066",-0.017421319788524,0.169216878976498,301,196
"366",-0.98430590447796,0.142233193015111,301,167
"1838",-1.25046574243892,0.139087043875719,301,152
"3753",0.694455281284601,0.202191477739861,301,226
"3704",-0.740573986976861,0.147062117421409,301,174
"2243",-1.60109478738325,0.137682025324972,301,128
"340",0.245065367631665,0.180069694357972,301,210
"1231",-0.309561208677744,0.158892669687442,301,194
"857",-1.68502207911151,0.13845808173325,301,129
"4615",-0.000748789813568712,0.169859261402548,301,200
"3638",0.567305205558992,0.19548108078541,301,222
"2036",-0.686074510739426,0.148405710890969,301,180
"4049",-0.381321173299807,0.156606117761386,301,187
"4442",-0.172427217718533,0.163496029477385,301,194
"1203",-1.37920688609056,0.137987287845699,301,139
"1707",-1.23936235363128,0.139115498100321,301,157
"4148",-0.223123233994079,0.161754562122093,301,194
"2988",0.167841011050245,0.176721793643296,301,210
"3278",-0.0587098904271395,0.167650259043608,301,208
"636",-0.214443289865643,0.162047626962913,301,189
"4444",1.5895158651058,0.258633323685806,301,242
"1287",-1.98239015375389,0.14162082725971,301,106
"3060",0.589377785316425,0.196620757552494,301,214
"590",-0.731827498708506,0.147280634542332,301,170
"2953",0.622325208920902,0.198341680546956,301,223
"3147",-0.191225522794628,0.162841408013511,301,195
"1557",-1.56036532242538,0.1377698475415,301,142
"3035",-0.105468822604185,0.165910201488703,301,195
"327",0.120279118325192,0.174723009236737,301,211
"950",-0.704379432658319,0.147963753878198,301,178
"245",-0.153451764510169,0.164168002208366,301,195
"1194",-1.23828657827661,0.1391186009552,301,150
"2356",-0.707329630600878,0.147891238259244,301,177
"43",-2.45475411599923,0.155037410184713,301,95
"4607",-0.000579436758212357,0.169865819136063,301,206
"117",-0.544900775243205,0.151891147819269,301,186
"4336",0.0797223166578449,0.173055049482477,301,218
"1317",-0.542464769570155,0.151960172922996,301,175
"4823",-0.929913913116958,0.143325231581579,301,174
"1034",-0.508049104294998,0.152947718081987,301,183
"2905",-0.50289538826465,0.153095995887888,301,178
"1901",-1.1502280512238,0.140026995909745,301,164
"374",0.291964536750415,0.182169479379242,301,214
"3292",0.5895110011216,0.196627668148922,301,219
"2949",0.55199286622125,0.194696705496145,301,217
"63",-1.49374010665841,0.138073192410887,301,138
"4930",0.515209985034853,0.192833515731314,301,218
"482",-0.0279179805179717,0.168815543211471,301,195
"2582",-0.600401438147355,0.150407453592014,301,183
"1860",-0.919548299675202,0.143544362113713,301,166
"2343",-1.14045604571869,0.140196547277611,301,154
"2781",0.557513174092881,0.194978892543086,301,224
"1081",0.426197239192719,0.18844910838111,301,209
"5386",-0.126909708517398,0.16512506542079,301,193
"4217",-0.589938575749585,0.150671216952158,301,177
"1429",-1.40398758471721,0.137844428083008,301,144
"1995",-0.86875358207924,0.144509890425483,301,165
"5354",0.262901095117078,0.180862286009906,301,216
"841",-0.709329082036095,0.147841915741864,301,176
"1884",-1.3764294720195,0.138012182603866,301,140
"39",-1.06978858263161,0.141219181847952,301,159
"975",-0.449696478525214,0.154610589913379,301,189
"4836",0.885430499770267,0.21291921735036,301,223
"784",0.0349570745623912,0.171257411644133,301,200
"3191",0.915802641566533,0.214695156612275,301,230
"1330",0.447707997887703,0.189492381128854,301,214
"843",-0.917933644177493,0.143578066714638,301,171
"753",0.247297088810148,0.180168464967877,301,209
"2614",1.43999793989135,0.248168430366139,301,244
"2536",-0.709390040676299,0.147840409889173,301,174
"2518",-0.710309181246359,0.147817689779445,301,176
"1857",-1.90126685717333,0.140593895660807,301,116
"2542",-0.671186571059503,0.148754795276424,301,179
"3888",-0.315730060252888,0.158690891215348,301,187
"573",-0.644602790050497,0.14936393538407,301,173
"3466",0.66929076766409,0.20083558282229,301,218
"408",0.357324916918349,0.185177911790061,301,213
"2568",-0.189116561781168,0.162914297583782,301,196
"3086",-0.397015569475828,0.156132713777619,301,192
"1681",-1.53943873351181,0.137903627107959,301,142
"1756",-1.23105633012715,0.139142179749698,301,150
"4045",-0.431349264400709,0.155132339039322,301,185
"4955",-0.042613661325015,0.168257302556104,301,203
"5137",0.260062256728488,0.180735639893276,301,209
"5120",-0.469795566211103,0.154041275750982,301,177
"3639",0.659736159065537,0.200324351684973,301,223
"2127",-1.0003455268735,0.141979141398298,301,163
"1033",-1.5159749250771,0.13803085661281,301,144
"5194",0.475673423162625,0.190864224681539,301,215
"1758",-1.60235506591282,0.137685526688386,301,137
"1730",-1.62525211663577,0.137818362161734,301,136
"1486",-0.0297745000759586,0.168744792848638,301,200
"1776",-1.49316375783813,0.138073054061086,301,142
"8",-0.67857965553142,0.148582520825155,301,185
"1500",-0.822529745554486,0.145287221541462,301,171
"4612",1.06534489752783,0.223709676444608,301,233
"2426",0.385258803048272,0.186492090753904,301,214
"645",0.0277292869788226,0.170971816510139,301,202
"2059",-1.65713801808164,0.138155969829768,301,139
"1021",-0.400031431876435,0.156043022461328,301,182
"4437",0.0645679616421549,0.172441087023634,301,202
"5474",0.276138657930216,0.181455287050112,301,206
"2888",-0.511273350214751,0.152854873882929,301,177
"4799",0.860797341848286,0.211492729470188,301,233
"1413",-0.321650413241622,0.158497758696648,301,181
"2937",-1.1480677983527,0.140064224421531,301,151
"5093",0.741128769890501,0.204742300134833,301,221
"4738",0.392644140034035,0.186842396919139,301,211
"4091",1.28645025730765,0.237831202130811,301,243
"4686",1.5166590263669,0.25348579934622,301,240
"76",0.673510033191595,0.201061968352905,301,221
"5501",0.836457229254196,0.210095504529172,301,220
"803",0.421750199544009,0.188234718966409,301,213
"2393",-1.5400065020627,0.137899952998068,301,139
"3703",0.330891309613346,0.183949954279486,301,216
"1645",-0.225926974710654,0.1616602676964,301,190
"4483",0.862722045703748,0.211603737899636,301,222
"982",-0.167606664856647,0.16366569026846,301,200
"2817",-0.608818721973014,0.150200853238943,301,174
"1902",0.627196908596264,0.198598145165378,301,224
"5453",-0.284979616655907,0.159700349714843,301,182
"2865",0.826894603152185,0.209549929179397,301,229
"1673",-0.999636000885172,0.141989485843993,301,166
"1856",-0.838502409005221,0.145014207869538,301,162
"935",0.171263034552664,0.176867377251248,301,207
"810",-0.0480681388389171,0.16805110529428,301,203
"2005",-1.85230455176168,0.139732221418393,301,119
"1204",-1.3902903412071,0.137904919427401,301,141
"3983",-0.0817547494297244,0.166788366798795,301,196
"2180",-1.42076367829808,0.137832909317083,301,136
"1314",-0.374180059273276,0.156825274675831,301,189
"2528",-0.376038223904419,0.156768024622109,301,183
"3470",-0.693596750647432,0.148225837361202,301,172
"2467",-0.167806763061572,0.163658633305544,301,199
"3081",-0.410733858519569,0.155727847720563,301,185
"2591",-0.618502641532527,0.149968730519323,301,182
"3608",0.261337973025225,0.180792529072206,301,209
"620",-0.762307328876287,0.146531710059504,301,165
"5122",-0.190396293179506,0.16287005131843,301,194
"584",0.828591863085602,0.209646624041586,301,223
"2649",1.12142218811919,0.227203373778629,301,232
"548",-0.590790069021493,0.150649453438993,301,168
"184",-0.127533897877649,0.165102354969792,301,200
"3065",0.0523988693035487,0.171952014477439,301,199
"335",-0.566582314633091,0.151288402313601,301,181
"58",-0.198897356834461,0.162577399719881,301,200
"1094",-1.24938567018222,0.139089646597381,301,147
"2220",-0.96308142914538,0.142629068110185,301,169
"405",-0.344392666580096,0.157762681885903,301,188
"1688",-1.27881279454485,0.138999433584803,301,146
"213",-0.428640811631677,0.15520987116446,301,187
"4758",-0.0971411884910614,0.166217517748571,301,190
"4947",0.317175119402037,0.183318776208871,301,210
"3207",0.21839150474561,0.178898104569747,301,210
"2525",-0.615447261525007,0.150041376136709,301,184
"2889",-0.79897671031023,0.145727437229237,301,171
"2556",-1.06590809307574,0.1412592303458,301,159
"2960",-0.162315625774918,0.163852741384986,301,197
"5215",0.268820274088627,0.18112694941542,301,213
"1750",-1.57849829941289,0.137687743176028,301,142
"139",-1.75545720600706,0.138754033705128,301,130
"4389",1.70400525714972,0.26690331016609,301,241
"2730",-0.178320465006312,0.163289608140064,301,196
"1654",-0.408480406644023,0.155793822088415,301,189
"598",-1.10817131261485,0.140732996367194,301,157
"3904",1.11794741953852,0.226985128376002,301,233
"228",-0.202934662170232,0.162439167659761,301,199
"3745",-0.121568575299104,0.165319755581991,301,190
"576",-0.919228759949863,0.143551043467322,301,161
"4708",-0.210240630080763,0.162190194433779,301,195
"2049",-0.783689285159542,0.146045274474291,301,177
"1005",-0.356532249200468,0.157376476505668,301,179
"1269",-0.924031869825679,0.143450087556399,301,171
"3748",-0.0574085802800894,0.167699176426607,301,200
"3779",0.796170767465587,0.207809940019925,301,226
"4297",-0.0633114407685612,0.167477499027308,301,196
"712",-0.63812016764587,0.149512298419997,301,183
"2998",0.0162005780689992,0.170519004949063,301,196
"577",-1.52894144418898,0.137967920272919,301,134
"671",-1.03334407027761,0.141578672416957,301,155
"4789",0.0376371669879424,0.171363647126039,301,205
"3875",0.335014725901824,0.184140504814617,301,208
"2977",-0.684254147544642,0.148448870321359,301,179
"462",-1.18519160986032,0.139494587963357,301,150
"3418",1.72000836113277,0.268076589788993,301,246
"3445",0.259313248124687,0.180702256184233,301,210
"3002",-0.291315434370305,0.159491754140182,301,189
"380",0.195670667096093,0.177912975300635,301,207
"4659",0.750944550005654,0.20528466912008,301,225
"2208",-0.853931551387665,0.144758529644273,301,166
"5488",-0.427109345639442,0.155253790922251,301,187
"1684",-1.66041469904461,0.138194152237175,301,140
"1721",-0.173983786428722,0.163441401400982,301,200
"648",-1.07133718350069,0.141202859386208,301,154
"1883",-1.33654154166618,0.138480294283933,301,160
"4668",-0.348089577023527,0.157644531221621,301,187
"2107",0.360427844100238,0.185323052392472,301,212
"2892",-0.273581048789591,0.160076201617551,301,188
"4875",-0.0903106549619524,0.166470465935826,301,200
"4592",0.0397125541807953,0.171446037377334,301,206
"4695",0.730437669241162,0.204153895685152,301,228
"4179",-0.150296724316132,0.164280774786391,301,196
"4117",0.621239882118312,0.198284615134675,301,220
"3653",1.2041561741325,0.232467658665668,301,232
"4720",-0.456618538326708,0.15441457367464,301,177
"2980",0.593412008637859,0.196830205108053,301,218
"968",-0.927611949987165,0.143374219719892,301,161
"2285",-1.43505802658581,0.13786819550146,301,143
"2439",-1.31880270454569,0.138690955880703,301,155
"358",0.170614344560018,0.176839761169146,301,204
"3500",0.808015321218664,0.208478400165473,301,224
"2294",-1.55802498514302,0.137783728466771,301,142
"5388",0.29335081625599,0.18223230896416,301,202
"1564",-2.1440778995853,0.145265268916337,301,105
"125",-0.108180372439265,0.165810404531068,301,203
"2405",-0.572016814768019,0.151141446055824,301,189
"1213",-0.780571681862917,0.146113319045633,301,175
"1177",-1.06106960079978,0.141307731422814,301,172
"480",1.31858796959023,0.239959631537943,301,236
"2699",1.92654958244564,0.283589220449148,301,249
"4243",0.828873008879608,0.209662647025494,301,220
"2718",0.60645142360202,0.197509605438842,301,222
"1134",-0.508085327865314,0.152946675270341,301,186
"3966",1.49786892374688,0.252173020383592,301,244
"371",0.977064695679372,0.218334199634005,301,231
"1426",0.00187643196814275,0.169960992170128,301,199
"1224",-1.06680974634974,0.14125002612722,301,149
"2902",0.0273162852195194,0.170955537270657,301,201
"4364",0.422169519344146,0.188254915287079,301,219
"4663",0.3400655448328,0.184374416696495,301,209
"5146",0.595300289257654,0.196928362071071,301,229
"2077",-0.662633918836802,0.148951957778451,301,183
"3798",0.551915329155377,0.194692746706866,301,220
"728",0.604625816045845,0.197414261900435,301,225
"1144",0.72854836033759,0.204050167210397,301,232
"2474",-0.299047581816661,0.159237537379803,301,188
"1737",-1.51219530077784,0.138044418553747,301,146
"155",-0.416831284928687,0.155550289326949,301,183
"1809",-1.7598860491864,0.138762217630355,301,135
"5375",-0.096798432680767,0.16623019222033,301,197
"1898",0.397475669736703,0.187072219324924,301,212
"2382",-2.2958461014933,0.149548455452771,301,100
"2031",-0.98775506523772,0.14217502160295,301,160
"254",0.382367890064232,0.186355293449534,301,221
"673",-0.568348996929212,0.151240421420915,301,175
"2984",0.286661246980237,0.181929520418453,301,215
"55",-1.05197877104813,0.141396104990801,301,158
"4734",-0.0660850203920709,0.167373528970931,301,200
"4242",0.1403385608938,0.175560464411003,301,207
"2490",-0.164812291700683,0.163764370628765,301,191
"1906",-1.26970914232833,0.139034841235183,301,149
"681",-1.00237579421871,0.141949995648201,301,157
"1679",-1.67815760705955,0.138390820615285,301,124
"4876",0.421543256153105,0.188224753092118,301,213
"1660",-0.407265409856719,0.155829476719992,301,187
"1284",-0.921897052234866,0.143495092100294,301,163
"4864",1.29096458427783,0.23812904014783,301,249
"2290",-0.726769926679548,0.14740732943319,301,181
"5171",-0.392023705729312,0.156282063698244,301,181
"1324",0.383823402940104,0.186424145046774,301,208
"2255",-1.14246326365498,0.140161559277005,301,160
"4318",-0.3428860981458,0.157810955424306,301,183
"677",-1.11984258238414,0.140548641521529,301,163
"3943",2.12547530478819,0.29915344713855,301,264
"4566",0.1419394928499,0.175627647562755,301,206
"311",-0.731759390406443,0.147282340172663,301,167
"2759",-0.0338411795855155,0.168590050031846,301,200
"1179",-0.357229526064802,0.157354455526542,301,189
"3862",0.124839473635048,0.174912690951076,301,205
"3231",-0.137205581086243,0.164751646671173,301,201
"4282",-0.870838047816074,0.144474147626204,301,175
"5189",1.27603804955061,0.237145669041561,301,235
"2320",-1.48419565116086,0.138063131865318,301,137
"514",-0.0903999954482634,0.166467152556418,301,198
"4564",0.446715972453425,0.189444039626777,301,218
"4985",1.8038359562885,0.274290572722049,301,251
"1117",-0.841520891477282,0.144963924414722,301,166
"4931",0.428078273797854,0.188539925091978,301,207
"4456",0.0259227454008114,0.170900640088268,301,212
"2921",-0.098118355229048,0.166181394857879,301,203
"3649",-0.656016657894648,0.149103427636739,301,181
"2519",-0.962428816964585,0.142642123035699,301,162
"4868",-0.0157227204514832,0.16928204182689,301,198
"934",0.0631374110171903,0.17238340811109,301,201
"3733",0.707108480079944,0.202878399142103,301,221
"207",0.673655815779363,0.201069797223105,301,228
"4755",-1.16839284937323,0.139728909684302,301,151
"504",0.466274274115304,0.190401192608815,301,215
"2662",-0.558109765897581,0.151521092481973,301,177
"3914",0.379139006258229,0.186202720071739,301,209
"5155",-0.484956453070924,0.153609979065504,301,181
"19",0.532597167972816,0.193710532219475,301,227
"4925",-0.331745472269838,0.158169928151665,301,184
"2368",-1.89150605146101,0.140438129223867,301,118
"3982",-0.302308711053046,0.159130454693529,301,196
"3546",1.19730539648463,0.23202683923354,301,232
"2010",-1.8009862881802,0.138975788939592,301,123
"485",-0.755397822132078,0.146697425843926,301,169
"1526",-0.991496546127569,0.14211408957908,301,159
"5087",0.0717557103837661,0.172731625780288,301,204
"4509",0.228884417458976,0.179357020215516,301,205
"1076",-0.55473998661655,0.151614733142243,301,175
"3696",1.52826764693414,0.254299887538151,301,249
"4271",0.550407735522485,0.194615800064431,301,212
"4916",0.0440756021811514,0.171619598256483,301,196
"1386",-1.4139216152691,0.137829759051304,301,135
"1311",-1.02807266114922,0.141633819852112,301,168
"2125",0.192437504875379,0.177773728974336,301,210
"4199",1.05601281376513,0.223134193311402,301,237
"4470",0.191267586870908,0.177723399319929,301,207
"972",-0.597327567365395,0.150484124058131,301,180
"3856",0.585220761543296,0.196405305415578,301,223
"1713",-1.04617220053244,0.141451935493806,301,170
"2093",-0.92659014395302,0.143395917801073,301,161
"765",-0.167042888062125,0.163685579962058,301,192
"4867",0.0326193656418335,0.171164896030624,301,197
"4230",1.4295083104487,0.247448847286286,301,238
"2873",0.294189576555744,0.182270344580677,301,208
"3263",-0.000830197833312204,0.16985610934024,301,200
"3737",-0.0481764010886415,0.168047017832729,301,199
"2403",-1.21096237477639,0.139245819827006,301,157
"1449",-0.771226899274033,0.146323416283512,301,175
"2337",-0.512997119521319,0.152805222430551,301,185
"3467",0.478831009423322,0.191020221401174,301,216
"596",0.532547135678188,0.193707999013006,301,224
"1683",-1.09199754799265,0.140960595790517,301,167
"266",1.15002582276097,0.229008704840362,301,235
"113",-1.93855882216336,0.141086143057015,301,117
"2491",-0.274113470776022,0.160058629217459,301,193
"2123",0.41853422058521,0.188079953474402,301,221
"1588",-1.15554120925561,0.139936588141511,301,154
"724",1.48787621708217,0.251477367188806,301,245
"29",-1.77334718463374,0.138799244938862,301,126
"2316",-1.03568810198927,0.141554860177816,301,159
"4391",0.800280094101635,0.208041521683978,301,229
"5103",-0.0505328931877393,0.16795809734023,301,192
"5273",-0.910908312523704,0.143722870065458,301,166
"1336",-0.275971801217061,0.159997308783183,301,190
"3243",-0.743868800951245,0.146980259124133,301,176
"3024",-0.587593612612212,0.150731427309678,301,179
"4385",-0.402494534368263,0.155970064146363,301,187
"267",-0.255018683877809,0.160690092840738,301,188
"1786",-0.748025511555429,0.146877547068131,301,174
"5148",0.120193052015249,0.174719433448555,301,209
"611",-1.26793625286282,0.139040654181304,301,146
"1444",-0.46262618678697,0.154244473630478,301,182
"2549",-1.39809809722315,0.137864651042902,301,142
"1939",-1.68746470323939,0.138480379677138,301,133
"2417",0.132420345653108,0.175228928874451,301,210
"2349",-1.22013056737021,0.139190200253558,301,144
"1052",-0.473335271990027,0.153940804717187,301,186
"2056",-1.01501216597019,0.141783157157913,301,165
"4449",-0.393948590825345,0.156224340304763,301,178
"3353",0.495582418008592,0.191851529844532,301,212
"233",0.998028879396557,0.219596782215396,301,231
"2037",-1.41911227990212,0.137831229251261,301,143
"4791",0.893255359201101,0.213374955682621,301,224
"3365",1.23258874731744,0.234306557947277,301,234
"5473",0.0914686619927469,0.173534526629205,301,198
"2851",-0.0478525693177003,0.168059244758295,301,198
"5256",1.00834954901225,0.220221560540117,301,231
"1220",-1.7423816820109,0.138734042375705,301,136
"277",-0.606582397972121,0.150255279100023,301,177
"1864",-0.051946023729615,0.167904818731259,301,203
"310",-0.890487378455444,0.144122285153342,301,164
"4883",0.146081055150996,0.175801686317695,301,201
"1725",-1.30443906392832,0.138832482999091,301,158
"2521",0.214558504193026,0.178731095062619,301,207
"4837",-0.525736595109155,0.152438454860326,301,180
"4067",1.10183089209136,0.22597590533071,301,234
"3868",0.849836837052533,0.210862033507877,301,229
"1863",-1.59923816757,0.137677626159454,301,134
"395",-0.764380767364988,0.146482680577934,301,166
"1129",0.00946074024531261,0.170255822274356,301,200
"2082",-0.920356660439112,0.143527436065925,301,160
"500",0.0895006229893976,0.173453980714714,301,202
"4978",0.608833983861712,0.197634145292019,301,221
"3136",-0.15711000127137,0.164037606065547,301,194
"2596",-0.914991905621129,0.143639086321842,301,177
"1419",-0.105627856485663,0.165904344610906,301,200
"1349",-1.51630027864429,0.138029577658355,301,145
"122",-1.79106590342249,0.1388933785134,301,127
"3096",0.398138384312018,0.187103782999821,301,209
"4089",0.916901632127252,0.21475976995741,301,229
"4606",-0.47595020691522,0.153866502114067,301,186
"5282",-0.610059413175434,0.15017079744321,301,183
"1690",-1.01138567437208,0.141828565877342,301,168
"5095",0.479963521574693,0.191076226137929,301,216
"5075",1.83729533783792,0.276802407432786,301,248
"5393",-0.681675897697319,0.148509758962264,301,168
"1472",-0.58339401685546,0.150840263664831,301,171
"649",-1.74935276043547,0.138744403407628,301,135
"457",-1.2752272684322,0.139014593943643,301,160
"5305",-0.00157449067428109,0.169827298062719,301,195
"5180",-0.170318719903274,0.163570149143497,301,192
"4880",0.159793890907708,0.176380400044783,301,205
"312",-0.275756172151873,0.160004422990876,301,181
"2652",-0.895387675601666,0.144029646627859,301,166
"1807",-1.21206017412701,0.139238320086473,301,158
"1879",-1.5110762620776,0.138047962065476,301,141
"3249",-0.236940567996726,0.16129139182511,301,196
"1740",-1.38858877764523,0.137915697100439,301,146
"1346",-1.58500706402408,0.137673383632402,301,138
"1735",-0.539110187610208,0.152055542690501,301,182
"735",1.08161435657818,0.22471702212603,301,232
"5290",-0.948608541572924,0.142927029089897,301,166
"3166",0.773551301327439,0.206541561251257,301,232
"511",-1.30975125244942,0.138783928066265,301,153
"4715",-0.0737960615723666,0.167085099898451,301,203
"3259",-0.691788500009051,0.148269302956847,301,174
"2807",-0.390035875674187,0.156341852254842,301,193
"2248",-1.75908450709426,0.138760631853478,301,124
"1722",-1.08598241060925,0.141036398565232,301,159
"2809",0.0227875711580105,0.170777312035294,301,191
"4517",-0.528774840626559,0.152351176469525,301,177
"5032",0.384641641603313,0.18646287142637,301,215
"3684",0.727943718294079,0.204016986707107,301,223
"85",-0.390741814686442,0.156320598776966,301,192
"4932",0.547504146975742,0.194467742980953,301,223
"2812",-0.16355868363317,0.163808718825826,301,189
"4425",0.0344624121137037,0.171237823686577,301,199
"3000",-1.20433959991911,0.139296261968832,301,163
"985",-0.921969013937098,0.143493578340539,301,169
"897",-0.95004471144784,0.142896816742235,301,171
"5564",0.322832584764434,0.183578616975549,301,212
"4952",0.0438809654860828,0.171611845480577,301,206
"766",0.35671910838645,0.18514959928996,301,213
"1658",-1.20173139530398,0.139318649659621,301,143
"5540",0.820447460064092,0.209183174248577,301,228
"2228",-1.56913808383578,0.137723552833503,301,139
"460",-1.04290520546631,0.141483550673619,301,159
"3176",0.00607050497746126,0.170123859346965,301,207
"1381",-1.54455132385682,0.137870207794664,301,141
"201",-0.925722051931975,0.14341432538175,301,170
"5130",0.309368713320526,0.18296139253531,301,216
"2974",-0.129920053612635,0.165015620637549,301,199
"4419",0.494447129781835,0.191794992133298,301,222
"1304",-1.08588920166071,0.141037536567697,301,158
"5057",0.0493487400935311,0.1718299980763,301,201
"404",-0.0489033207497423,0.168019578017865,301,199
"2112",-0.459989267375756,0.15431914442479,301,179
"1954",-0.635018469968588,0.149583576244431,301,180
"1748",-1.49601572620746,0.138073128412348,301,145
"3180",-0.0550274273348842,0.167788756832298,301,200
"2135",-0.954272571425562,0.142808567069218,301,163
"3438",0.975237461162411,0.218224568345555,301,233
"4479",-0.459009295291201,0.154346889975324,301,181
"2152",-0.515775263651266,0.152725193085306,301,192
"1953",-0.149664417621344,0.16430340997465,301,195
"4887",0.636431207202439,0.199085688807348,301,223
"5560",0.880461454244724,0.21263045970038,301,232
"3792",0.223058578124522,0.179101909927718,301,209
"2034",-1.14683083208398,0.140085630617384,301,150
"4796",-0.289608294222132,0.159547935135317,301,191
"3027",-0.192811475349514,0.162786684817182,301,196
"237",-1.74113896650409,0.138732112256378,301,131
"2282",-0.369532499235889,0.156969143633895,301,187
"1734",-1.91948065628297,0.140852441089603,301,123
"71",-1.3330763034718,0.138523515152076,301,151
"4222",-0.0514514755314225,0.167923460658349,301,206
"3301",0.531489451904055,0.193654459862503,301,211
"5183",-0.0967590703822811,0.166231647891689,301,203
"1288",0.207303462669081,0.178415896927582,301,211
"1680",-1.78377027151382,0.138847009032709,301,131
"1124",0.0610255204754894,0.172298347561493,301,203
"3632",0.223641197906822,0.179127387338296,301,215
"143",-1.09073918100194,0.140976844399506,301,157
"4476",0.129346314753643,0.175100556468159,301,206
"376",-1.59637174165487,0.137672607231689,301,141
"289",-1.51744028387226,0.138024961570686,301,139
"3066",0.300910204616582,0.182575676195002,301,205
"5537",0.515590724349174,0.192852648906307,301,220
"2335",-0.50798593661366,0.152949536549099,301,182
"2595",-0.903476637363378,0.14387221495798,301,168
"1635",1.03074018648637,0.221584255527482,301,239
"3119",-0.0301075419476282,0.168732108086426,301,200
"1252",-1.11427630345266,0.140638434766334,301,153
"4308",0.620037005209852,0.198221398977596,301,225
"1147",-1.12898602693822,0.140395211085447,301,146
"1762",-1.20401125008639,0.139299000701236,301,147
"551",-1.97852438404665,0.141566848567492,301,116
"2319",-0.624865346327218,0.149818996248107,301,188
"2607",0.623091753920928,0.198382000158532,301,225
"666",-0.513373914338928,0.152794368468955,301,180
"4151",-0.0137642629362216,0.169357251193877,301,199
"727",0.0336164431406346,0.171204338806311,301,198
"2645",0.535536242465543,0.193859438358654,301,215
"920",-1.02272598251438,0.141692505368224,301,162
"1988",-1.36835922001319,0.138092880033337,301,152
"1913",-1.4797371211517,0.138053110916106,301,140
"4087",1.22013632936187,0.233499331244724,301,236
"4667",0.117096916174493,0.174590898039208,301,205
"5041",-0.0820021771134649,0.166779157327668,301,199
"2039",-1.96769770343092,0.141426055261815,301,113
"2400",-1.60237290073197,0.137685579225926,301,143
"4001",-0.265296489447872,0.160349863061476,301,192
"472",-1.19179965040015,0.139417298661632,301,151
"2177",-1.58261681658985,0.137677552575519,301,139
"914",1.15219861908594,0.229146479410858,301,237
"646",-0.296655890411124,0.159316125545256,301,194
"4332",-0.326628335546563,0.158335842996667,301,200
"740",0.485481742943374,0.191349522171635,301,215
"1214",-1.51684128370703,0.138027413011463,301,147
"4146",-0.459122811669206,0.154343676122237,301,194
"2701",1.1872822045939,0.231383475938686,301,236
"530",-0.181080258554565,0.163193318810733,301,195
"3923",1.41636142685367,0.246549720399195,301,243
"3294",0.351082293046235,0.184886544733096,301,207
"2546",-1.53624057289879,0.137924038271946,301,139
"18",-1.17329684921885,0.139655433682179,301,165
"3885",-0.944787849349381,0.143007859389187,301,170
"1552",-1.36605998037422,0.138117884465631,301,138
"3690",-0.815923707435404,0.145405276876518,301,164
"4645",0.165524229552761,0.176623368764365,301,204
"949",-0.63214985807613,0.149649729082301,301,183
"3722",2.80129404720614,0.356062044060557,301,269
"5378",0.219447527599514,0.178944176063672,301,200
"1717",-0.596563145337634,0.15050329567427,301,187
"4460",-1.09138561334555,0.140968523535337,301,164
"3219",-0.367517582313182,0.157031812614857,301,180
"1497",-0.517071047601085,0.152687867100218,301,180
"1546",-1.38453066205722,0.137944194345587,301,146
"5349",0.425939457878637,0.188436668814494,301,214
"4459",0.177308501231963,0.17712517060244,301,210
"685",-0.481821128926296,0.153699396346384,301,182
"4298",0.590278781142882,0.196667504425913,301,221
"905",0.589503234281408,0.196627265231928,301,220
"1189",-0.376259243065555,0.156761225440462,301,184
"597",-0.528480808121289,0.152359617414931,301,175
"2612",0.326664130035424,0.183754993512678,301,216
"1689",-0.805220497237048,0.145605219614859,301,180
"4032",1.31130246059097,0.23947547360599,301,232
"5373",0.268241637537531,0.181101041384558,301,212
"3032",-0.279168259126152,0.159891879775166,301,202
"801",-0.484771553207021,0.153615255808091,301,178
"1548",-1.43032598179516,0.137852840906872,301,135
"454",-0.649856418524538,0.14924402828515,301,177
"4948",1.21169615643076,0.232953842065167,301,239
"5223",-0.863936345610823,0.144591617746077,301,158
"4383",0.401684592369879,0.187272846280189,301,218
"37",0.125181061276044,0.174926915627194,301,202
"5379",0.957817551283994,0.217182755800277,301,232
"782",0.498668339510887,0.192005354668302,301,216
"382",0.117410392741196,0.174603903135142,301,208
"2066",-1.05014884583111,0.141413690929251,301,172
"1027",-0.309744606214959,0.158886663992902,301,197
"4184",0.712837819151429,0.203190565562498,301,227
"828",-0.268953775710238,0.160228996885767,301,201
"2321",-0.6561212638797,0.149101037908088,301,181
"1805",0.160836607645547,0.176424561452633,301,213
"707",-0.0671127921096987,0.167335032465133,301,197
"1351",-1.88064347769225,0.140251891676218,301,122
"5370",-0.668030310519128,0.148827786756364,301,182
"1045",0.642582903744481,0.199411508061803,301,224
"1659",0.205846781136413,0.178352754270315,301,206
"847",-0.905696576392874,0.14382805500121,301,177
"855",-0.374970882418056,0.156800890314022,301,187
"2995",-0.197295195438577,0.162632388142329,301,194
"4505",0.488846685042056,0.191516508449773,301,219
"2646",-0.440414762871688,0.154873935628932,301,188
"3724",1.73766962375356,0.269376305329826,301,247
"352",-0.636591744120313,0.149547392645754,301,177
"1581",-0.611550599244395,0.150134801594517,301,173
"2046",-0.106485408225262,0.165872770782709,301,200
"2084",-0.587077217718307,0.150744740669887,301,177
"468",-0.928345775502074,0.143358617990208,301,165
"996",0.0613519233938357,0.172311487081635,301,195
"60",-0.809232150692638,0.145528921141282,301,167
"2559",0.989129298414483,0.219059729738872,301,225
"4839",-0.476833291761938,0.153841392646695,301,189
"2609",0.68642717032569,0.201757429942108,301,221
"1025",-0.165262736452614,0.163748447311166,301,200
"2618",-0.178447048168169,0.163285186379668,301,192
"471",-1.29262156974807,0.138923163558887,301,148
"2573",-0.756967053519332,0.146659497851792,301,166
"2302",-1.02331220850717,0.141685918088713,301,158
"5288",-0.572809607614619,0.151120168925944,301,181
"4012",-0.0770306820784024,0.166964382169283,301,203
"2360",-1.13000421421582,0.140377773208921,301,150
"1927",-1.29792154742224,0.138885492039448,301,145
"4394",0.148850523364874,0.175918258235492,301,207
"2304",-1.42262264389781,0.137835461744871,301,145
"532",-0.566335599258092,0.151295118279759,301,179
"3729",0.971735042709701,0.218014615139147,301,228
"3348",0.0201845107603227,0.170675103755152,301,204
"4797",-0.366726963314385,0.157056450816568,301,186
"1036",-0.73849972822863,0.147113809618599,301,178
"80",-0.379220125975449,0.156670355263425,301,184
"3100",0.592985630719913,0.196808051797285,301,217
"2345",-0.403587334114705,0.155937777918157,301,184
"3471",0.256106266763638,0.180559465984826,301,216
"5240",-1.04698583041559,0.141444097466772,301,152
"570",-0.0907111250441568,0.166455614667028,301,197
"4652",0.652282733617994,0.199926919495394,301,220
"2212",-1.6408154663122,0.137969921324849,301,126
"2934",0.282096692316522,0.18172349579078,301,219
"5568",1.53490132102301,0.254766134673495,301,246
"1044",0.535649026926132,0.193865156287742,301,216
"1971",-0.986649501981228,0.142193460602233,301,162
"3896",1.80048187809792,0.274039763679007,301,250
"5237",-0.0950140241191043,0.166296208190778,301,209
"32",-0.682425276374001,0.148492090011668,301,175
"993",-0.223970857667502,0.161726037082746,301,194
"4798",-0.0663483622125785,0.167363663603433,301,199
"1532",-1.38926814740152,0.137911309721178,301,145
"3141",0.0120082735478967,0.17035516853794,301,204
"3569",0.705327988023625,0.202781531315861,301,225
"1746",-1.44881786700361,0.137926218143673,301,138
"1122",-0.427617659503437,0.155239206682003,301,185
"3409",-0.964431957608153,0.142602191989205,301,163
"3305",0.807140214390477,0.208428912178381,301,226
"5452",0.0798786701395853,0.173061411521965,301,203
"235",-0.297300453199331,0.159294941692332,301,188
"1292",-0.798993248725298,0.145727107770984,301,171
"326",-0.73097368915771,0.147302018481196,301,170
"679",0.00919992307415723,0.170245660164098,301,195
"2014",-1.02224431258209,0.141697947709452,301,162
"4429",1.17489624553165,0.230591065676594,301,235
"4307",0.268524733188352,0.18111371582568,301,213
"3711",1.12847762280433,0.22764722792198,301,232
"3921",0.564467563481197,0.195335335578712,301,214
"3922",0.64680559979603,0.199635634929923,301,222
"5127",0.359197373844278,0.185265471626088,301,212
"4623",0.306529788120862,0.182831757819962,301,215
"1545",-1.59416575045777,0.137670201545997,301,128
"4341",-0.616572500030939,0.150014562028445,301,180
"2790",-0.519042346783999,0.152631090270847,301,188
"2052",-1.04093982190893,0.141502728296407,301,159
"1766",-0.727212373908841,0.147396246132695,301,164
"918",-1.2762917918261,0.13901026961287,301,149
"5498",0.705298382780828,0.202779921214846,301,226
"4219",-0.22408915479737,0.161722057292725,301,194
"555",-1.03431676000345,0.141568743972727,301,161
"2133",-0.243947158233662,0.161057817272181,301,187
"5287",0.353330064169829,0.184991359220642,301,216
"629",-1.95147341459995,0.141234225389062,301,119
"3786",-0.44625110132223,0.154708245247234,301,178
"1729",-0.780804531845475,0.146108200273304,301,169
"295",0.157928354672988,0.176301445847634,301,203
"5427",0.384939426304854,0.18647696891175,301,213
"2213",-1.01994425353728,0.14172432016358,301,157
"5082",0.0413090234532115,0.171509489013027,301,201
"4072",0.569103335267695,0.195573526221706,301,218
"4488",0.160117706827231,0.176394111996669,301,207
"2186",0.105999697463827,0.174131802484,301,205
"355",-0.276723244273014,0.15997251866113,301,203
"4920",0.39767321700482,0.187081627062803,301,220
"2501",-0.920277991228535,0.143529084770569,301,164
"3167",0.126984231389601,0.175002043467412,301,200
"1832",-0.848362916307201,0.144850616111338,301,177
"3884",0.977254647676863,0.218345600292203,301,227
"1218",-1.296264459215,0.13889779361132,301,151
"3109",-0.257101471847565,0.160621069202075,301,196
"14",-0.743358033081161,0.146992925952628,301,170
"5181",0.149863443505616,0.175960932402431,301,208
"4172",0.426253475902705,0.188451822352804,301,216
"848",-0.785335681267742,0.146009772860918,301,168
"2454",-0.212233010980044,0.162122549344195,301,195
"1577",-1.42598299138877,0.137841759595302,301,144
"2262",-0.968179995746208,0.142528654719283,301,166
"4010",-0.387457246568899,0.156419681136754,301,188
"2946",1.57000550307788,0.257245981527686,301,246
"2033",-1.70914605127971,0.138634637877168,301,141
"2575",-0.00237771590455082,0.169796220117027,301,202
"3067",0.57577025050535,0.195916901546189,301,220
"1434",-1.27147200675939,0.139028745216597,301,146
"2305",0.343867037022394,0.184550836061897,301,225
"4984",0.310691937175502,0.183021876216948,301,218
"1165",-0.390164492319624,0.156337978329973,301,179
"3451",0.00959835380238161,0.170261184724976,301,199
"2878",0.283794946459342,0.181800092658641,301,210
"3374",-0.280022943473222,0.159863699398425,301,193
"517",-0.597225359340623,0.15048668498872,301,181
"413",-0.615996731887202,0.150028273495079,301,176
"4187",0.0305801332140543,0.171084305597521,301,202
"3074",-0.10729286036738,0.16584305391359,301,197
"3812",0.776788718442555,0.206722438558686,301,231
"4355",0.191528071748791,0.177734602737458,301,215
"2035",-1.33453652773037,0.138505382674974,301,144
"4066",0.870229422058734,0.212037459833351,301,233
"925",-0.118106756179225,0.165446274379025,301,201
"4482",-0.0441792598314292,0.168198064591972,301,204
"1622",0.660771907393849,0.200379675187154,301,217
"1687",-1.45445149856552,0.137952761656744,301,141
"4150",0.35806131752881,0.185212338262761,301,218
"776",0.171093899956028,0.176860175991231,301,204
"3443",-0.434448156138168,0.155043832688395,301,184
"4008",0.0403548919834201,0.171471559368278,301,204
"2346",-0.659505616040846,0.149023650401074,301,179
"1200",-1.45102789310619,0.137936576726167,301,137
"3537",1.15886237314367,0.229569580021635,301,238
"937",-1.37882874351115,0.137990583334689,301,141
"4301",0.368277711518535,0.185691168408453,301,218
"3554",0.416907645585915,0.188001764165571,301,215
"5169",-0.683918706062168,0.148456807978718,301,179
"3816",0.14805027324667,0.17588455842596,301,211
"4103",-0.698874710311542,0.148098157658973,301,177
"3435",-1.31843292096128,0.138694986165129,301,154
"3647",-0.0886513927669103,0.166532026454746,301,203
"3725",0.232159306951277,0.179500769850207,301,207
"1760",-0.924823862825883,0.143433343353328,301,164
"1112",-1.05563141712823,0.141360880910939,301,161
"1453",-1.67816322471001,0.13839087821286,301,129
"4616",1.37586066430533,0.243799119542886,301,242
"1020",-0.851057305593699,0.144806083131408,301,169
"2755",-0.0780141668660653,0.166927709872917,301,197
"4500",-0.00696446780625818,0.16961903919977,301,199
"1844",-0.396873933933757,0.156136935883805,301,189
"4353",0.888398471439706,0.213091931462969,301,225
"3667",0.567564483903512,0.195494406446544,301,226
"3973",-0.0671793963432518,0.167332538283572,301,195
"2758",0.390510343656055,0.186741062009087,301,221
"1578",-1.77971368185477,0.138826020385279,301,128
"1409",-1.15625766007372,0.139924554910867,301,165
"565",-0.706147600700317,0.147920330790577,301,178
"4633",-0.657571684200684,0.149067890460651,301,182
"2428",-1.31856362883686,0.138693563677947,301,149
"2890",0.952668340707,0.216875968659352,301,232
"2739",-0.533018740238807,0.152229507038359,301,179
"1237",-0.483114894525002,0.153662514372818,301,187
"4625",0.770444453285178,0.206368186644286,301,227
"2482",-0.0687254609440066,0.167274660869938,301,198
"5340",1.53818486262925,0.254997197818566,301,247
"286",-0.744896145259043,0.146954809746724,301,170
"3547",-0.093388899430055,0.166356377372014,301,198
"4772",-0.77047490823224,0.146340701658184,301,173
"1470",-1.67006354853602,0.138304205709855,301,128
"5144",2.01133671671732,0.290150440937358,301,249
"1125",-0.0113263601687678,0.169450990102798,301,198
"300",-0.723484815646905,0.147489584321813,301,163
"160",-0.280243570107295,0.159856425629141,301,196
"560",-0.747082831109755,0.146900777845442,301,166
"608",-0.523925568743192,0.152490532470612,301,181
"4161",0.79810622979925,0.207918969202662,301,219
"4113",-0.316657057972591,0.158660614681373,301,191
"780",0.27934591491443,0.181599565554866,301,219
"3321",1.11216919347437,0.226622719211311,301,227
"2522",-0.041669073402734,0.168293064213494,301,205
"2287",-0.610959252249698,0.150149059607306,301,181
"1794",-0.835375262083685,0.145066620425804,301,178
"2839",-0.749126824740023,0.146850458533762,301,170
"2160",0.728206816551163,0.204031423601213,301,228
"3070",0.570961312330622,0.195669122679701,301,218
"1462",1.2950685658615,0.238400128784035,301,244
"120",-1.24301795674306,0.139105539701292,301,155
"787",0.857539618845897,0.211305012511314,301,232
"1388",-1.27352607498124,0.139021211006327,301,146
"2616",0.454144634018023,0.189806575683746,301,214
"1210",-1.15552635727438,0.13993683803797,301,158
"2548",-1.10309571140461,0.140808131836021,301,164
"1190",-1.51923180652741,0.13801729388025,301,137
"1817",-1.31316249749099,0.138750333613329,301,157
"4138",0.862020437630153,0.211563263392678,301,232
"407",-1.28547010538833,0.138966434513357,301,153
"3344",1.91360323448632,0.282597080513318,301,251
"1929",-0.806022676122657,0.145589826610229,301,164
"2571",-0.551579361801696,0.151703066936984,301,183
"1011",0.49673303987011,0.191908860451566,301,216
"4116",0.105021275007912,0.174091446372485,301,208
"3906",1.00899079094762,0.220260448795664,301,233
"3807",-0.321723345538973,0.158495383128848,301,192
"3162",0.688299076454883,0.201858512323878,301,227
"5035",0.261692174928594,0.180808330984524,301,211
"1211",-0.462615893070784,0.154244765169885,301,181
"3839",0.707607939293986,0.20290558447663,301,223
"719",-0.332194391874985,0.158155400874703,301,190
"2298",-1.25850535594502,0.139067372633428,301,149
"732",-0.158938298055315,0.163972585789532,301,197
"4200",0.541047240864415,0.194139160888889,301,222
"4547",-0.273723605277266,0.160071496424799,301,194
"4007",-1.13759393334582,0.140246424358516,301,154
"1676",-1.21831905101561,0.139199971003382,301,158
"2097",0.00540444759340471,0.170097966262795,301,201
"1569",-1.57602026154947,0.137695605272874,301,139
"1118",-0.591553847419559,0.150629977075794,301,182
"372",-0.237551082821474,0.161271008570548,301,194
"1985",-0.766044693061122,0.14644359133405,301,175
"157",-0.826888124381221,0.145211217244312,301,166
"3698",-0.625865808973046,0.149795624267415,301,190
"4970",1.6455055680409,0.262650327310251,301,248
"2086",0.528201862501666,0.193488201792495,301,224
"1100",-0.183693418716743,0.16310236715572,301,201
"42",-1.51703688791495,0.138026618782588,301,145
"4422",1.08310029187681,0.224809281984379,301,234
"3946",-0.0347991232314363,0.168553645050753,301,200
"3683",-0.191792039142895,0.162821851540971,301,201
"1993",-0.901682042825103,0.143907619353108,301,168
"5128",0.443574377317243,0.18929109508293,301,217
"164",-1.39274093820009,0.137890643245087,301,149
"3132",0.503228396167703,0.19223304876766,301,220
"4751",-0.106249553315333,0.165881453279292,301,192
"1641",-0.911960726620556,0.143701386521172,301,161
"4436",0.107590563261642,0.174197461860683,301,210
"403",0.63790047069762,0.199163432381735,301,229
"1584",-0.154144076849344,0.164143294946511,301,196
"1169",0.353516717591857,0.185000067882403,301,208
"1443",-1.14243413692828,0.14016206679453,301,156
"3063",0.902177440846161,0.213896126688426,301,231
"4123",0.318165070698252,0.183364192824912,301,212
"1767",-0.228803928709386,0.161563683919948,301,196
"5419",0.665677317839704,0.200642008446836,301,220
"1789",-1.481556469074,0.138057579687891,301,148
"1099",-0.440636155503692,0.154867642613557,301,187
"1415",-0.710830422447238,0.14780479325869,301,182
"1403",-1.01706289205062,0.141758299362243,301,154
"5312",-0.751194929580647,0.146799751066511,301,180
"750",-0.393491349172503,0.156238036802232,301,186
"2199",-1.69656248075973,0.13855496081418,301,133
"3025",0.383529476912288,0.186410237422076,301,209
"3781",0.149903482591418,0.175962619667443,301,203
"1152",-1.07097568263058,0.141206688304609,301,156
"1625",-0.0165464078312312,0.169250435191453,301,195
"304",-0.0930552356410887,0.166368736441858,301,199
"868",-0.779773906341102,0.146130900943593,301,169
"4820",-0.0897251687777651,0.166492183098805,301,191
"3619",0.821885386364555,0.209264897761225,301,227
"498",-0.72658927316545,0.147411854580561,301,167
"1297",-0.471219427533537,0.154000874834219,301,185
"323",1.06115785275607,0.22345126318018,301,232
"1952",-1.07148855847768,0.14120125261452,301,157
"4331",-0.668430306805546,0.148818552792319,301,178
"973",0.962042265724055,0.217434859736203,301,228
"5435",0.425715216650736,0.188425848975848,301,219
"583",-0.897140384681065,0.14399600821534,301,162
"5422",0.49587968116223,0.191866338383541,301,214
"1083",-0.470350770751376,0.154025524391333,301,184
"1828",-1.11965801242251,0.140551668194598,301,165
"3137",-1.02892806919068,0.141624703070544,301,155
"3855",0.92023453351338,0.214955872470466,301,223
"5119",-0.164590553913133,0.163772211404144,301,195
"774",-0.536434357573238,0.15213184836984,301,192
"488",0.0969916936585913,0.173761014487734,301,203
"692",0.900502725228434,0.213798176561239,301,224
"1586",-0.652836288070104,0.149176039149688,301,184
"1568",-0.72659658817462,0.147411671351391,301,175
"627",-1.02482021869145,0.141669152036565,301,163
"954",-0.812175950919596,0.145473987847223,301,175
"1562",-1.72096238282014,0.138685363085323,301,133
"2569",-1.37496557430455,0.138025929314278,301,148
"5051",1.12772586183184,0.227599889609121,301,236
"2779",0.481196005317714,0.191137207237578,301,210
"3819",0.663493670147043,0.200525166247626,301,219
"2441",-0.901806940399727,0.143905163982941,301,174
"4629",0.307964658276896,0.182897256441768,301,212
"813",-0.58745311936181,0.150735047481554,301,183
"1662",-0.845999027482488,0.144889699655384,301,161
"2026",-1.52694520667147,0.137979036856233,301,142
"974",-0.128958436135118,0.165050558443587,301,194
"1780",-0.011043161482032,0.169461887817689,301,204
"4033",-0.576489300943988,0.151021970050013,301,186
"1811",-1.15161165079207,0.140003277037576,301,145
"662",-0.0554748518077592,0.167771917428213,301,197
"1727",0.0502555751174047,0.171866250777155,301,206
"3266",0.237164870058493,0.179720966306185,301,207
"1341",-1.12098561073747,0.140529827874093,301,168
"1193",-1.48533036324538,0.138065166716311,301,154
"4327",-0.319611712656562,0.158564200817941,301,191
"5438",-0.233559527122266,0.161404390603864,301,194
"1984",-1.59881664102086,0.137676753286796,301,139
"1436",-0.190769683584481,0.162857151018024,301,200
"1533",-2.07726521377653,0.143671238544581,301,108
"5521",0.787371404889109,0.207315241320984,301,226
"922",-0.30933896155373,0.158899948108433,301,195
"2648",-0.00517232034260128,0.169688209959589,301,200
"1493",-0.605390637786286,0.150284417791752,301,181
"190",-0.51963742027043,0.152613953968989,301,179
"3787",0.028222640602056,0.17099126862056,301,205
"2351",-0.999868407191632,0.141986088417267,301,170
"4376",1.09188540183853,0.225355612315345,301,237
"1096",-1.2548689592552,0.139076422866649,301,147
"66",-0.0548113862832069,0.167796888989082,301,201
"4334",-0.343935210147447,0.157777332296683,301,191
"861",0.15617124477281,0.176227145434899,301,209
"595",-0.937776329021902,0.143157310718332,301,168
"3828",-0.0602841295370887,0.167591118236966,301,198
"3680",0.351344225075832,0.184898753080428,301,223
"456",0.318153016713763,0.183363639687267,301,206
"4683",0.177619853729524,0.177138468332489,301,213
"1739",-1.36142907222843,0.138170506188338,301,150
"3089",0.307339718336858,0.18286872372269,301,216
"3332",1.35498400532859,0.242392730365961,301,240
"4291",-0.846075881060843,0.14488842834447,301,172
"3504",-0.437596416597955,0.15495411129788,301,180
"4501",-0.519170417536045,0.152627402090952,301,175
"3437",0.54461468444455,0.194320589613839,301,214
"3960",-0.192882351495476,0.162784241038741,301,202
"3764",-0.927982289642729,0.14336634787311,301,170
"3404",-0.859370860348148,0.144668151839444,301,164
"4714",-0.396280059122472,0.156154648823422,301,194
"466",-1.2369023641633,0.139122729058038,301,149
"5549",1.09996888192201,0.225859627843008,301,232
"1155",0.420472496239583,0.188173203252126,301,214
"1670",-1.73712315850571,0.138725438698221,301,121
"345",-0.4573686022955,0.154393339262183,301,180
"1907",-0.217468096689568,0.161945294008789,301,196
"4881",0.0429541028350649,0.171574939677672,301,201
"4056",-0.526623244161868,0.152412971935755,301,184
"1387",-0.707054486750689,0.147898014662671,301,175
"282",1.12927480753143,0.227697438379133,301,238
"2277",-1.72534512476445,0.138699018561803,301,126
"4760",0.118675830200679,0.17465642211843,301,200
"2515",-1.64950235620261,0.138067256640343,301,131
"2174",-0.471191482606415,0.154001667923285,301,190
"3879",-0.11969977723879,0.16538802282305,301,194
"3661",0.115110888975894,0.174508550686386,301,211
"5086",-0.588684508487324,0.150703366792754,301,181
"1518",-1.3748238630811,0.138027282223132,301,141
"2078",-1.88302713627115,0.140293781331489,301,113
"4092",0.619073467406295,0.198170783776072,301,226
"2317",-0.945262560997409,0.142997785369583,301,165
"1157",-0.466409777191078,0.154137278775945,301,180
"4621",0.481757839123327,0.191165017041986,301,222
"1818",-1.2199773723899,0.139191004639342,301,148
"4203",-0.907961684395639,0.14378259336813,301,167
"4679",0.132389844288764,0.175227654202119,301,205
"1701",-1.28490042979174,0.138969522392669,301,152
"3825",-0.0553134882655772,0.167777990179408,301,200
"1667",-1.18321902030737,0.139519399145852,301,154
"2218",-1.01580952594602,0.141773423462782,301,155
"1196",-0.558314985710609,0.151515408710652,301,180
"674",0.214310515936441,0.17872030139153,301,205
"3143",1.50005285955114,0.252325288172617,301,240
"3551",0.803985499196675,0.208250643392687,301,222
"2408",-1.01311057210821,0.141806731374865,301,166
"4961",-0.138433088892433,0.16470730119386,301,199
"2987",-0.401154072987998,0.156009736871156,301,186
"574",-0.828134113516946,0.145189729710596,301,166
"698",-0.327530994313316,0.158306534589054,301,183
"1350",-2.28512283715266,0.149193128602171,301,109
"1850",-0.32570996860312,0.158365678524381,301,189
"2943",-0.90635944929567,0.143814792381303,301,164
"490",-1.17733783041594,0.139597863101736,301,156
"3844",1.10400644762783,0.226111847555,301,235
"1975",-0.933090125112772,0.143257460407714,301,165
"3194",1.92585774786703,0.283536136281844,301,251
"477",-0.233699808125285,0.161399698206937,301,193
"2367",-1.1343453608822,0.140302878945495,301,163
"805",-0.630903546390157,0.149678550222301,301,173
"3462",0.979808468230627,0.218498947062991,301,234
"297",-0.874301454172986,0.144414178863246,301,170
"714",0.188205058578672,0.177591791492102,301,200
"5579",0.653079741531119,0.199969360133035,301,220
"4068",0.847871839579886,0.210749224903,301,233
"3950",0.377445606317322,0.186122793673591,301,217
"2861",1.1621030701228,0.22977564566101,301,234
"2181",-0.457150523053331,0.154399513118198,301,193
"3212",-0.154282377120469,0.164138360957315,301,192
"4857",0.317552273684009,0.183336076613812,301,207
"1251",-0.684324334240289,0.148447208868361,301,182
"3883",0.583957958690772,0.196339930864328,301,222
"1827",-1.39566563958155,0.137875559024336,301,146
"3790",1.43142861801559,0.247580434339652,301,237
"4829",-0.420327671035383,0.155449060009236,301,184
"129",-0.36206648333105,0.157202223758064,301,189
"375",0.346496647895264,0.184673054602971,301,214
"4480",0.047928551211328,0.17177326394374,301,200
"4664",-0.260485691518608,0.160509003008754,301,191
"1874",-0.482134507733624,0.153690464669849,301,182
"5434",-0.277426708860505,0.15994931427557,301,188
"2124",-0.33362225368494,0.158109226673017,301,187
"876",-0.856831372960011,0.144710431092866,301,171
"1163",-0.607668883698736,0.150228796331499,301,180
"193",-0.872905017875997,0.144438449599473,301,168
"921",0.0412014291158669,0.171505210663689,301,201
"4929",-1.51048793331487,0.138049736159688,301,143
"4966",-0.272354507805535,0.160116689674886,301,188
"4496",-0.120637398908791,0.165353762138799,301,195
"825",-0.975231811473408,0.14239496431886,301,160
"2557",-0.673097480106075,0.148710451424249,301,177
"4764",1.04894872885393,0.222699702091887,301,230
"2440",-1.23751060710114,0.139120895470451,301,154
"1997",-1.38544937075245,0.137937404095518,301,147
"94",-1.22170323390514,0.139182170591531,301,151
"313",-0.441372598986112,0.154846714392096,301,184
"2280",-1.16623217239662,0.139762422051869,301,145
"3720",1.19976455357591,0.232184974620361,301,243
"4255",1.52960250313921,0.254393646968327,301,247
"2376",-1.86186462764438,0.13990898879302,301,135
"1232",-0.896147518765132,0.144015096099026,301,171
"4745",0.151789346728301,0.176042127450801,301,204
"592",-1.52563239087287,0.137986097989525,301,130
"1643",-0.986932346533642,0.142188724524992,301,153
"3580",1.45746802165022,0.249371164423287,301,244
"4154",-0.550010988357542,0.151747069267459,301,186
"324",-0.185103509025972,0.163053377938271,301,197
"4180",0.979122269958129,0.218457730791052,301,223
"3403",0.358008386291225,0.18520986335254,301,210
"1797",-1.33677169082373,0.138477402217566,301,158
"3701",0.344999575648139,0.184603455551588,301,207
"5444",-0.167283212803811,0.163677100246935,301,193
"4466",1.58525035344712,0.258329459983543,301,252
"2204",-1.07998655165297,0.141107437530493,301,171
"1638",0.379636944214902,0.186226234074637,301,218
"204",0.076862078212496,0.172938763925261,301,204
"4737",0.219982643485705,0.178967531512121,301,206
"4477",-0.523553928084226,0.152501223387625,301,179
"1186",-0.637679322186767,0.149522415226794,301,181
"2610",-0.669122891246213,0.148802553509608,301,164
"1184",-0.554330230798291,0.151626158362974,301,180
"2904",-0.336204421139623,0.158025853575079,301,191
"1980",-1.03374942406016,0.14157452642816,301,170
"153",-0.573986861589451,0.151088651446934,301,187
"4951",0.136818525940705,0.17541292610622,301,196
"2214",0.106318165320771,0.174144942326985,301,211
"426",0.457217684232017,0.189956909907381,301,214
"2354",-1.46346645228654,0.137994319870244,301,144
"1154",-0.542450681503698,0.151960572701393,301,182
"2837",-0.890957611184084,0.14411348543668,301,161
"5569",1.12105842957807,0.22718051575482,301,237
"1228",-1.05761428826469,0.141341628129853,301,153
"3935",1.56827287891255,0.25712309095105,301,243
"3574",-0.454993121512915,0.154460590434154,301,193
"4177",0.411550472535112,0.187744662054394,301,214
"670",-1.16981458878075,0.139707225570727,301,152
"3789",-0.0517903993510228,0.167910684531573,301,206
"138",-0.207692948258296,0.162276847385858,301,201
"1636",-0.927444555494145,0.143377776516586,301,170
"5235",0.431748540974365,0.188717354226504,301,213
"2075",-0.480901519398852,0.153725599176763,301,184
"546",0.0120700764810016,0.170357580653841,301,201
"651",-0.188517834333683,0.162935015810213,301,194
"2989",0.169193334987197,0.176779296560939,301,204
"28",-1.25374173814146,0.139079159588107,301,144
"1875",-1.17549277266571,0.139623797051898,301,153
"1540",-1.28708908490713,0.13895737631941,301,149
"338",-1.00783383412669,0.141874926173648,301,160
"642",-1.33940980589517,0.138444108783058,301,156
"121",-0.00616552358529576,0.169649866611212,301,203
"465",-0.675471688639357,0.14865518249884,301,174
"1496",0.378538015960448,0.186174346882997,301,215
"798",-0.154871598829235,0.16411734619994,301,193
"1537",-1.35369294539143,0.138263710935886,301,154
"3499",0.420071224711551,0.188153891336445,301,210
"5108",-0.624851478322187,0.149819320527148,301,183
"5141",-0.210927411143533,0.162166865100856,301,197
"1162",-1.05592248468586,0.141358062011736,301,163
"5167",0.878753425948402,0.212531320962811,301,225
"205",-0.93451657805292,0.143226982825884,301,158
"3545",0.364509305840694,0.185514283263997,301,221
"4698",0.292873634256829,0.18221067703597,301,218
"4435",0.785832783202772,0.207228907187225,301,228
"183",-0.627120753844208,0.149766367218971,301,178
"1059",-0.884140349381673,0.144239227422137,301,170
"2504",-0.267510270625545,0.160276690753962,301,192
"3593",0.824803973336912,0.209430905937375,301,233
"2375",-1.70256589460104,0.138596419534329,301,125
"768",-0.367651421506321,0.157027644422001,301,191
"2799",1.57135570542888,0.257341783338481,301,245
"5004",-0.451193404988697,0.15456818569506,301,178
"1897",-1.15774359614545,0.139899739232415,301,153
"2874",-0.468948051131104,0.154065315069606,301,181
"1259",-1.00506953941402,0.141912354480984,301,161
"3055",1.81680966959505,0.275262406406563,301,249
"2043",-0.88610134996421,0.144203456326253,301,174
"476",-0.538634370059407,0.15206909720293,301,183
"819",-0.853179139191791,0.144770986760206,301,175
"4879",0.640337276263068,0.199292475137332,301,221
"3463",1.02850807800135,0.221447965721338,301,232
"4415",-0.0523063912817362,0.167891237289561,301,199
"1656",-0.920752173218101,0.143519142426651,301,169
"2308",-0.951405354644918,0.14286829592674,301,166
"3393",0.470477837001879,0.190608028854409,301,211
"5123",-0.423996184669612,0.155343264319879,301,188
"2965",0.283835674395224,0.181801930425698,301,206
"4812",-0.541277736461206,0.151993880070552,301,180
"1781",-1.23368932557259,0.139132979588609,301,144
"364",-0.393903581296801,0.156225688127358,301,189
"4980",1.88075038467254,0.280091106354189,301,258
"344",-0.49641954357388,0.153281978956932,301,180
"4910",-0.0742711509268023,0.167067359250152,301,196
"2453",-0.0222536573510708,0.169031833298347,301,206
"4051",1.93693251564427,0.284386786208965,301,260
"633",-1.02464245012493,0.141671115322152,301,158
"4807",-0.349926896918005,0.157585980625347,301,186
"2893",0.69662996314126,0.202309292834473,301,222
"2833",-0.577684892599702,0.150990264678009,301,186
"2332",-1.3078321728311,0.138802009174037,301,143
"3",-0.757617210636281,0.146643831427711,301,172
"369",-1.30577493514813,0.138820716466515,301,145
"2529",-0.796014664056983,0.145786942631283,301,176
"2455",-0.111459176738097,0.165689914281788,301,206
"1101",-1.43013842740226,0.137852299103574,301,139
"4863",0.522728294315986,0.193211923925933,301,215
"797",-0.0356253740314897,0.16852225873764,301,199
"4562",0.596745169905237,0.197003522573647,301,219
"467",-0.921053608646476,0.143512816326821,301,163
"871",-1.0350769140741,0.14156103212595,301,172
"416",0.349985720625895,0.184835450949262,301,219
"4939",-0.37023432823534,0.15694735659349,301,184
"2430",-0.678006222902147,0.148595954838558,301,179
"2944",0.341900642479911,0.184459540553243,301,221
"1492",-0.516142293489079,0.152714620272902,301,181
"3861",-0.784136615254067,0.146035598765454,301,175
"809",-0.992710404677297,0.1420948134512,301,163
"2431",-0.662340338859153,0.148958693756279,301,182
"1831",-1.30098428448619,0.138861497707239,301,150
"386",1.07254747194311,0.224154998966104,301,237
"2289",-1.16557259544171,0.139772780305531,301,166
"16",-0.800665063762661,0.145693962472778,301,169
"2244",-1.39505001357146,0.137878556079861,301,142
"1959",-0.687905380674955,0.148362158378329,301,176
"4005",1.0495775921714,0.22273834206608,301,229
"872",-0.606709620221066,0.150252174077234,301,182
"1039",0.91933315259706,0.214902814421962,301,226
"4182",0.60978524574736,0.197683903624592,301,228
"1816",-1.38882308724972,0.137914171326028,301,147
"965",-0.710838326083794,0.147804597641588,301,180
"2948",-0.297527353318663,0.15928748525398,301,184
"3766",0.763352672456505,0.205973199762807,301,228
"3490",0.585530123835546,0.196421326217203,301,218
"2785",-0.997278960617595,0.142024444034393,301,161
"4195",0.453413855948523,0.189770857072487,301,221
"30",-0.945801184825167,0.14298636471865,301,167
"879",-0.78127188660441,0.146097944061863,301,161
"3199",0.262431696832963,0.18084133240447,301,211
"4986",0.959426762533445,0.217278740987697,301,237
"992",-0.250422956741829,0.160842555543601,301,189
"4909",0.404933629871536,0.187427986488335,301,214
"5546",1.28238975630603,0.237563624768437,301,239
"1866",-1.71691528369778,0.138670415944183,301,123
"3760",-1.04404875546162,0.141472452820008,301,162
"2156",-1.14155415916003,0.140177403394291,301,158
"5089",1.57963608824867,0.257929985000445,301,244
"415",-0.225330213377852,0.16168032353503,301,198
"4598",0.863184327926573,0.211630411675391,301,228
"4454",0.198815758231973,0.178048649925235,301,211
"3515",-0.0298115914314134,0.168743380020788,301,208
"3571",0.108603802155468,0.17423930826273,301,204
"1576",0.799152142737942,0.207977920617014,301,228
"5113",-0.39002749735763,0.156342104635557,301,193
"3391",0.273416780470506,0.181333027461631,301,215
"5338",0.0397047932765586,0.171445729077048,301,205
"503",-0.593988598671832,0.150568175805415,301,175
"1246",-1.5951198855481,0.137671087353506,301,140
"1450",-1.02486577615717,0.141668649453628,301,163
"2585",-0.826006225077066,0.145226487852542,301,167
"1088",0.0864844447998503,0.17333070191949,301,201
"1335",-0.519134912777703,0.15262842454952,301,173
"1791",0.0716825818692938,0.172728663724463,301,202
"835",-0.85861075366762,0.144680825145473,301,170
"3719",-1.08890383606539,0.141000169676997,301,154
"189",-0.0159126037356505,0.169274754300376,301,192
"1607",-0.972888584929278,0.142438666164857,301,167
"2342",-1.34630178080084,0.138356565422331,301,149
"1406",-0.633027461465794,0.149629464533092,301,173
"5412",0.435469140697173,0.188897524417836,301,218
"4149",0.517498115641372,0.192948548700694,301,216
"1133",-0.112215127784687,0.165662163693221,301,198
"5381",0.415123501411803,0.187916068329238,301,216
"1046",-0.328553325101926,0.158273361218689,301,192
"933",-0.312086808581848,0.158809999770772,301,191
"1410",-0.248927756068448,0.160892210319825,301,197
"1253",-0.847429315820952,0.144866047898756,301,167
"1755",-0.658943330124826,0.149036518696438,301,173
"1282",-0.163800963248028,0.163800144069414,301,194
"688",0.0716000228024016,0.172725319835501,301,199
"2664",0.494054199844096,0.1917754307843,301,221
"1849",-1.13963917380818,0.140210788279812,301,158
"1723",-1.38048329566628,0.137976388465966,301,150
"1247",-1.91127999843681,0.14074110707801,301,118
"4098",-0.0796263090988898,0.166867628337086,301,197
"2745",0.750694405669201,0.205270822058607,301,226
"20",-0.369305749774983,0.15697618728493,301,189
"4198",1.76824153296786,0.27163813396879,301,251
"544",-1.16911249557938,0.139717896255303,301,148
"632",-0.744718564784003,0.146959205981778,301,171
"1678",-1.48369482492123,0.138062165407086,301,143
"1724",-1.53678178378272,0.137920623178816,301,138
"3627",0.274741324913294,0.181392501376014,301,209
"4502",-0.105812723061244,0.165897536950061,301,201
"1591",-1.00574814404027,0.141903054842905,301,164
"1855",-0.121584833859198,0.165319161985402,301,198
"1702",0.181003650614883,0.177283121849455,301,211
"100",-1.40351901867486,0.137845717266646,301,141
"419",0.247048921838296,0.180157475982481,301,212
"1998",-1.0956057804349,0.140912835529239,301,168
"704",-0.735462009170367,0.147189679966567,301,169
"881",-0.113621117943137,0.165610580229137,301,201
"4897",-0.220472397548121,0.161843874762976,301,197
"1930",-0.477345620174211,0.153826821125244,301,184
"3980",-0.279224939386548,0.159890010805676,301,196
"475",-0.73019593414653,0.147321500768517,301,172
"3446",-0.0721192977798087,0.167147740824961,301,201
"5168",1.03110058190506,0.221606270021133,301,231
"2370",-1.44393185387891,0.13790398633586,301,139
"717",1.0953252522877,0.225569937223172,301,234
"2258",-1.58454141469644,0.137674091800275,301,131
"762",-0.143520589681873,0.164523926533071,301,193
"1672",-1.34602578096857,0.138360068814594,301,148
"2241",-1.86388153926708,0.139946429540743,301,125
"3150",-0.00674830834208766,0.169627378312007,301,199
"3277",-0.524622537079283,0.152470486493622,301,179
"4490",-0.301842769966319,0.159145748806219,301,189
"1991",-0.935992206085598,0.143195443114446,301,168
"4743",-0.72023019641876,0.147570962194177,301,174
"5154",0.266992625469424,0.181045144002312,301,214
"2099",-0.311522367404853,0.158828468703416,301,194
"4452",0.515235109254929,0.192834778192175,301,214
"3589",-0.223033372249013,0.161757587167983,301,196
"3910",0.891223537601687,0.213256497108804,301,231
"885",-0.390005961845891,0.156342753366348,301,190
"607",0.913867166294485,0.214581423218963,301,230
"4439",0.940526251232417,0.216154662751568,301,228
"5480",1.00577949047007,0.220065780496188,301,232
"1334",-1.1440458565004,0.140134000156878,301,154
"3668",0.335132607039723,0.184145957760535,301,222
"4884",0.31517268799764,0.183226975257131,301,206
"2412",-1.01555167977181,0.141776561462862,301,176
"4047",-0.241858631097501,0.161127362926131,301,189
"802",-0.128747383218295,0.165058229393377,301,197
"398",0.161612958028583,0.176457456115812,301,208
"3329",0.513589040459119,0.192752094790892,301,224
"2150",-0.83013661555626,0.145155398604497,301,174
"4226",0.0673025783921039,0.172551480540523,301,199
"2094",1.16192807622846,0.229764513267722,301,234
"275",-0.837097120690653,0.145037715640695,301,173
"3195",0.410655347570675,0.18770176537281,301,213
"2516",-0.665837690056589,0.148878325904717,301,169
"3053",0.174501030544508,0.177005357451119,301,206
"635",-1.61760228361411,0.137760143598728,301,135
"3615",0.91302096163508,0.214531722039777,301,236
"2157",-1.52591031912402,0.137984620400647,301,143
"5583",1.56969232170349,0.257223764593726,301,243
"4021",1.50100880326333,0.252391964236097,301,241
"1277",0.618808005908486,0.19815684247649,301,220
"4998",-0.51535194601671,0.152737387506105,301,186
"1121",-0.802562394377229,0.145656723938107,301,166
"4830",-0.348711415078892,0.157624701989854,301,184
"3476",0.329480226055675,0.183884830664726,301,205
"4100",0.609182291584242,0.197652362187107,301,226
"3281",0.680523020454401,0.201439102430948,301,226
"1257",-0.991383397172607,0.142115898732395,301,179
"2747",0.230204176080532,0.179414920527257,301,207
"2866",0.715679853080848,0.203345676360977,301,228
"361",0.662905680278609,0.20049372183467,301,223
"2712",-0.298473553242762,0.159256395267485,301,185
"3153",-0.0756286272611271,0.167016687859911,301,195
"147",0.136830014952146,0.17541340725283,301,204
"5390",-0.918954805012987,0.143556767334573,301,165
"5525",0.206952743699657,0.178400689973326,301,211
"3568",0.86290205261242,0.211614123810153,301,230
"2829",-0.956222568727576,0.142768270709663,301,165
"5225",0.978440466681441,0.218416787813286,301,232
"1107",-1.14557043145725,0.140107495722472,301,157
"3560",0.311951191192141,0.183079471787147,301,214
"2483",0.0862651877740358,0.173321748133301,301,200
"12",1.34817363280395,0.241935633026759,301,235
"4991",0.202055689611908,0.178188645523472,301,205
"1915",-1.6415977234043,0.137978420924949,301,130
"5267",-0.561139278012472,0.151437418690173,301,182
"591",-0.957808952685325,0.142735705434862,301,161
"4759",0.66283025503611,0.200489688799124,301,230
"1843",-0.833469462883255,0.145098760529575,301,172
"3634",-0.430860798761435,0.155146309073897,301,189
"112",-1.78600037487238,0.138859968249672,301,129
"3375",-0.133043295223399,0.16490229799721,301,203
"2769",-1.04582512081969,0.141455282458851,301,157
"4487",0.793276152552733,0.20764702599771,301,226
"5101",-0.19401586228667,0.162745178903011,301,192
"549",-1.3367698162134,0.138477425783246,301,148
"3464",0.564468035256274,0.195335359795114,301,211
"3120",2.10834171007756,0.29778975224696,301,254
"2443",0.551826494994011,0.194688211286588,301,228
"3019",-0.455049448177259,0.154458995734518,301,182
"869",-0.38182694002078,0.156590684832441,301,186
"2926",-0.293347716158971,0.159424896966209,301,187
"1773",-0.60850187379403,0.150208544673144,301,183
"2644",0.516438183478551,0.192895247516132,301,219
"1279",-0.848108494550725,0.144854821206976,301,164
"5175",0.614288309531913,0.197919715778766,301,222
"4572",1.07668484593119,0.224411261712054,301,237
"3689",1.16988705034136,0.230271417345005,301,239
"3472",1.78256879455603,0.272703326891711,301,252
"2050",-0.293800821860841,0.159409994572797,301,191
"3806",0.682416632806585,0.201541116341501,301,221
"4580",0.393859979690798,0.186900182536242,301,215
"4762",0.217473209660814,0.178858062522732,301,208
"1051",-0.842090034000883,0.144954470233064,301,161
"1136",0.961138972660843,0.217380926873745,301,226
"1804",-0.42977820584915,0.155177290801772,301,184
"2555",-1.36746460161237,0.138102513177321,301,148
"1626",-0.901061417930571,0.143919800905413,301,170
"4377",-1.05870166502837,0.141331014277293,301,155
"1983",-1.13108687672123,0.140359171978029,301,164
"288",-0.714209461036942,0.147720991737148,301,175
"1368",-1.26482109465707,0.139050178744573,301,145
"1768",-1.07931041946494,0.141115182243294,301,155
"567",-0.884290250869043,0.144236504157454,301,169
"1653",-0.482232730753296,0.153687664937785,301,186
"3865",0.337969694638224,0.184277286997574,301,212
"4811",-0.485917939649593,0.153582532607698,301,185
"969",-0.212625384836429,0.162109239765142,301,207
"2761",-0.626504154268923,0.149780734094133,301,182
"842",-0.696032975853116,0.148167051300142,301,177
"5431",0.322680951255896,0.183571643476086,301,216
"5303",0.265714273592913,0.180987970713551,301,209
"4157",-0.0317303649113911,0.168670329608961,301,202
"3417",0.890223375820162,0.213198217041227,301,225
"3474",0.741365270813307,0.204755343891083,301,227
"1329",-0.517645949791391,0.152671307695737,301,179
"4401",0.0355601696979733,0.171281301754345,301,200
"3224",-0.694329703238426,0.148208178371378,301,169
"4739",0.0299735179108125,0.171060352470955,301,203
"3506",0.297045824346006,0.182399986292267,301,211
"3663",-0.0275964314691751,0.168827804105719,301,205
"2659",1.56337413936462,0.256775912650295,301,243
"5449",-0.656596073782351,0.149090189399664,301,174
"3388",-0.192511064234474,0.162797044565804,301,196
"4539",0.197825515612966,0.178005908679403,301,200
"3562",-0.144824656420271,0.164477033655863,301,195
"1956",-0.726276260717896,0.147419694800835,301,174
"1168",-0.236297247683639,0.161312877142193,301,194
"1992",-1.63416027975298,0.137900570985956,301,144
"4710",-0.68885381354574,0.148339539844156,301,172
"2928",0.764628081280804,0.206044157164941,301,228
"569",0.175016555313224,0.177027345781943,301,206
"4900",0.0125569524421545,0.170376586304805,301,203
"4156",0.253236219442056,0.180431879540415,301,208
"383",-0.380104800987141,0.156643282390001,301,191
"4320",-0.152568985382229,0.164199527050142,301,189
"680",0.765512616101576,0.20609338846104,301,220
"4054",-0.242922626527712,0.161091925159229,301,195
"3677",0.380874336507496,0.186284690663802,301,215
"3756",1.14634495167706,0.228775509899699,301,244
"5257",-1.29653022153119,0.138895852854795,301,156
"2314",-1.56283621070968,0.137755809613736,301,138
"4121",0.0943328726557409,0.17365190006132,301,207
"1104",-0.022786715685402,0.169011450732231,301,199
"1098",-0.996846818723543,0.142030952649939,301,167
"3395",1.30151774590626,0.238826751500799,301,237
"4611",-0.364108389798041,0.157138243994045,301,180
"1774",-0.688399502799261,0.148350379294342,301,179
"4543",0.748387863352616,0.205143202965551,301,227
"1539",-1.85410369328351,0.139765272510974,301,119
"661",-0.140517220127183,0.164632098066182,301,188
"3457",-0.380559857885109,0.156629370748093,301,189
"3942",2.09783861490392,0.296955907316242,301,252
"1521",-0.54561032130904,0.151871082152172,301,180
"1322",-0.368013518797973,0.157016371398058,301,188
"3012",0.0375669308670261,0.171360860740792,301,203
"2993",0.891703237284014,0.213284456780445,301,226
"2114",-0.831747757589852,0.145127945608565,301,174
"5209",-0.292132468436016,0.159464872480702,301,190
"1084",0.349849718458261,0.184829115874148,301,213
"1965",-1.19435011186618,0.139389936628869,301,157
"2896",0.385903368576258,0.186522616448078,301,212
"535",-0.909244946947117,0.14375666289584,301,161
"3247",-0.437228726068126,0.154964580780872,301,193
"796",-0.0895922404950897,0.166497114512148,301,192
"1835",-1.69604642951358,0.138551103812207,301,137
"2951",-0.692212266526976,0.148259129579224,301,183
"5585",0.572307567405699,0.195738437143864,301,218
"2935",0.00897579912452491,0.170236929046111,301,196
"5068",1.07019695002902,0.224009559368522,301,232
"4569",-0.545047146152271,0.15188700700212,301,176
"2538",-0.620401004474035,0.14992384692254,301,178
"2632",0.0246027599305918,0.170848685731063,301,202
"1922",-0.162916535413048,0.163831454430206,301,198
"4750",0.928517844462846,0.215444225341615,301,225
"4528",-0.153357709637055,0.164171359917386,301,198
"4596",0.40513209203749,0.187437470556335,301,213
"4144",0.603466911068043,0.197353774976445,301,222
"657",-0.688752105770584,0.148341967284889,301,176
"3473",1.60340347246549,0.259624773238494,301,244
"1629",-0.638167314190019,0.149511216722403,301,177
"23",-0.590362104819968,0.150660385228246,301,178
"5463",-0.00913587956079418,0.169535328329167,301,198
"101",-0.684339481759743,0.148446850270252,301,178
"4775",0.712888594756407,0.203193335245381,301,217
"1736",-1.05563167433589,0.141360878420946,301,160
"2257",-1.56410727796044,0.137748867537509,301,135
"4727",1.39159527998429,0.244864263164317,301,238
"1359",-1.3397437812165,0.138439878518725,301,153
"2166",-1.98035418931036,0.141592127070998,301,117
"1572",0.950589165570183,0.216752243664287,301,224
"1009",0.413286177525036,0.187827892262626,301,218
"4402",1.92248762831967,0.283277654312348,301,249
"2653",1.79630160738536,0.273727426487712,301,250
"3056",0.797516010625956,0.207885712440297,301,224
"4889",-0.204986892076014,0.162369081706013,301,192
"341",-1.00694150446104,0.141886877266638,301,164
"1302",-1.45759225700733,0.137967550104835,301,140
"4083",0.121270505741614,0.174764209066812,301,201
"5476",0.933541742095744,0.215741092724589,301,228
"3456",0.450677041104404,0.189637194890869,301,221
"5408",1.24753599418353,0.235279317811792,301,232
"3902",0.572162625753924,0.195730972651445,301,217
"1519",-0.978110553063115,0.142342323526194,301,165
"989",-1.05925755789981,0.141325570493998,301,158
"4251",1.02846534245492,0.221445357297902,301,236
"4176",0.327055069283582,0.183773007560935,301,223
"4362",-0.734902494658882,0.147203671693132,301,178
"2315",-1.54339661371566,0.137877804160426,301,142
"4294",0.228772911005458,0.17935213006,301,210
"1924",-0.685817410111003,0.148411815162935,301,180
"5263",-0.0102519351511207,0.169492344341486,301,203
"3020",1.29119504292059,0.238144254936113,301,246
"5224",-0.966924008997187,0.142553118819532,301,162
"1483",-0.627839040806705,0.149749650399494,301,184
"5191",0.644117315839873,0.199492904871681,301,222
"2716",1.72782234075398,0.268651002300581,301,244
"4673",-0.598653916562167,0.150450958874668,301,176
"299",-0.874629886630311,0.144408451875872,301,162
"2311",-0.497078652442055,0.153263070076615,301,185
"2307",-0.216511709014632,0.161977625310882,301,196
"1644",0.0405350930842559,0.171478721159227,301,207
"820",-1.27768783280134,0.139004374835555,301,149
"4223",0.610951497439922,0.197744934449086,301,224
"4451",2.15375280225417,0.301413407736863,301,260
"1321",-0.977129276787133,0.142360134149703,301,163
"682",-0.578044691808254,0.150980742909395,301,178
"4166",0.707537255454761,0.202901736862919,301,216
"68",-0.575485419397198,0.151048668303019,301,184
"5295",-0.486140326482279,0.153576182665118,301,183
"2183",-1.5193113228437,0.138016942116334,301,130
"3708",-0.0506445419956419,0.167953886680548,301,204
"2780",-0.508875538718489,0.152923924800681,301,184
"2915",-0.161154038865386,0.163893921284877,301,194
"1395",-0.23419571457303,0.161383112995309,301,205
"2879",-0.11427486827153,0.165586608513176,301,193
"4908",0.425933936268336,0.18843640237839,301,211
"2523",-1.34791299651987,0.138336145834364,301,147
"5402",0.194579693887552,0.177865963383255,301,206
"3963",0.0527446155033894,0.171965860094083,301,205
"4588",-0.550716233300693,0.151727269533938,301,182
"1375",-1.0339685286725,0.141572290476626,301,162
"1180",-0.159596492826473,0.163949202719078,301,198
"1987",-1.17744518348793,0.13959637288591,301,148
"5142",-0.162703742480014,0.16383899126291,301,195
"3308",0.469181258685939,0.190544188496558,301,211
"4464",-0.0381020475790211,0.168428255114468,301,201
"5205",0.909704141849385,0.214337051662315,301,234
"770",0.331609821602894,0.183983131364891,301,215
"2588",-0.305824464580604,0.1590151180082,301,189
"1363",-0.687031087414718,0.148382974090406,301,174
"1057",-0.85582666148631,0.144727114371487,301,169
"3054",-0.0819415542729682,0.166781413674041,301,196
"2507",-0.553551810833299,0.151647885347962,301,181
"4093",-0.504943718617047,0.153037086473267,301,180
"5439",0.636354505775057,0.199081631569579,301,226
"2757",-0.124283088250814,0.165220729247756,301,197
"1870",0.147035735034485,0.175841853112448,301,208
"1494",-0.760242266126847,0.146580877279241,301,175
"172",-0.879853103332649,0.144316355935416,301,167
"1620",-0.69000579352038,0.148312014137203,301,168
"2697",-0.115422187323055,0.16554455927821,301,198
"2172",-0.320053283045315,0.158549803881725,301,198
"3077",0.937750825967773,0.215990204955001,301,230
"5165",0.242332376850523,0.179948896231777,301,209
"3773",0.636008548835745,0.199063333242931,301,219
"1348",-1.81875877316987,0.1391814110263,301,119
"5440",-0.0848956279308055,0.166671531340057,301,200
"5384",0.248406264182857,0.180217597400596,301,211
"1327",-0.958182791821818,0.142728061417202,301,156
"659",-1.03943406708968,0.141517528527655,301,160
"5522",1.67291219970082,0.264635754385997,301,252
"3072",-0.10543872439931,0.165911309993088,301,195
"4027",-0.301755715535355,0.159148606504845,301,192
"4304",0.0234905028650534,0.170804941641889,301,208
"3015",-0.745800378244661,0.146932443138529,301,170
"3069",0.326235877653806,0.183735263948656,301,208
"3669",-0.260282748072024,0.160515720477766,301,196
"339",-0.442063231991876,0.154827094680791,301,181
"4468",0.405894838364715,0.187473928645308,301,216
"3111",-0.297899447548905,0.159275258260836,301,183
"2707",0.48076574529339,0.191115914879572,301,210
"417",1.27689212253607,0.237201825742029,301,246
"859",-0.857128740468798,0.144705488940108,301,167
"4153",0.0508677168329586,0.171890733985991,301,210
"4831",0.215932350726146,0.178790917024995,301,213
"3387",1.97118836808078,0.287029904832275,301,259
"1182",-0.175559293654332,0.163386186479472,301,189
"3797",0.0852957846229593,0.173282173407669,301,210
"939",-2.14267560842436,0.145233963800319,301,111
"4728",-0.335771977206977,0.158039804407637,301,188
"1960",-1.60998416240597,0.13771554860937,301,134
"4036",0.632110810027352,0.198857353995916,301,217
"2802",0.584623467543576,0.196374379529285,301,220
"3584",-0.58233019446345,0.150868037245217,301,179
"5307",-0.698974057006399,0.148095742958657,301,174
"1566",-1.81341764840171,0.139111956443973,301,131
"290",-1.54453916505656,0.137870287848825,301,139
"3331",0.576511635922634,0.195955146059867,301,222
"1615",-0.705079259952523,0.14794658133525,301,171
"4006",0.139452633893672,0.175523308476282,301,212
"1441",-0.738826153419377,0.147105667903296,301,167
"5294",-0.215597278155646,0.162008559290146,301,197
"907",-0.0137504277435684,0.169357782795946,301,205
"2581",-1.36913991608559,0.138084577218293,301,143
"4849",0.418196824979543,0.188063730050279,301,215
"4129",1.038732910377,0.222073084828355,301,230
"4958",0.290296104251534,0.182093919198664,301,209
"3624",0.0963885084465758,0.173736247334362,301,209
"4847",-0.286516292791602,0.159649735769039,301,184
"2796",0.25026586320433,0.18030003491434,301,210
"3010",0.167599110810664,0.176711511679276,301,204
"3501",0.83990003583231,0.210292391349326,301,228
"1575",-1.33328033309023,0.13852098945615,301,150
"445",-0.283852174211991,0.159737493110963,301,191
"652",-1.25831773770114,0.139067850754947,301,155
"852",0.157358867580924,0.176277357868006,301,203
"953",-0.995719619105714,0.14204807490932,301,163
"1166",-0.327060391746588,0.158321812468398,301,189
"3400",1.02842507204475,0.221442899370384,301,231
"3949",1.80960547067089,0.274722422862792,301,253
"3693",0.553276562176943,0.194762265945342,301,223
"865",-0.18989942224854,0.162887224437175,301,187
"486",1.07442038241479,0.224270963033048,301,238
"2857",-0.0650871945229234,0.167410919522554,301,199
"5006",0.356313681673825,0.185130656102793,301,212
"50",-0.734670030761595,0.147209486196656,301,180
"2798",-0.101114733509628,0.166070729822123,301,197
"988",-0.44146170060271,0.154844182810456,301,186
"4666",-0.39536984313354,0.156181827596993,301,185
"5426",0.137279977918792,0.175432253257472,301,215
"4044",-0.186619234114225,0.163000788341879,301,205
"4378",1.40956448491864,0.246086071055796,301,243
"5221",-0.214139660001733,0.162057911774797,301,188
"1614",-0.192610901752567,0.162793601339045,301,191
"618",-0.554576432703358,0.151619292536247,301,173
"775",0.116106126789734,0.174549806585205,301,199
"3343",0.520587424220487,0.193104043472215,301,220
"5034",0.340517762775774,0.18439538673095,301,212
"320",-0.822823283859458,0.1452820588083,301,162
"783",0.566329916357337,0.195430968753304,301,224
"325",-0.0707383103027404,0.167199364514393,301,195
"3071",1.10046708656374,0.225890732820195,301,228
"3637",1.85552097250667,0.2781781071923,301,255
"2535",-0.383420744696813,0.156542128929034,301,187
"123",-0.353464927693567,0.157473565409299,301,183
"4922",0.572371326337959,0.195741720872896,301,225
"307",-1.36654833896229,0.138112506799238,301,144
"1464",0.652423444209537,0.199934411327437,301,219
"2231",-1.11129989852902,0.140685083460237,301,159
"605",-1.90038676768268,0.140580342049142,301,112
"3539",0.52578938137186,0.193366350626291,301,222
"1661",-1.41760963546076,0.137830197689041,301,150
"4014",-0.511794920973873,0.15283985130293,301,175
"5062",0.793131768156787,0.207638904389374,301,225
"3479",1.47201365538324,0.250376644287201,301,244
"1377",-1.05016561182365,0.141413529861614,301,161
"3633",0.531462765296581,0.193653109325035,301,219
"1423",-1.4675589491205,0.138011711666972,301,140
"3780",1.14822911331398,0.228894845344603,301,241
"781",-0.410920507441092,0.155722392023205,301,189
"4009",-0.786632951749677,0.145982012946341,301,168
"660",-0.3085734175623,0.158925023415995,301,185
"4544",1.04246854349942,0.222301983620635,301,237
"1563",-1.90879444713081,0.140705756469669,301,127
"4725",-0.187258594408336,0.162978626654199,301,197
"2283",-1.16219018667709,0.139826773846732,301,146
"3762",-0.668310451757361,0.148821320138265,301,180
"3552",0.902695305839128,0.213926426963216,301,230
"4590",-0.259000696020584,0.160558164949712,301,195
"3581",0.501572946931693,0.192150334962134,301,227
"739",0.287695721130359,0.181976277691631,301,211
"1075",0.00329471366994126,0.170016020629373,301,189
"1962",-0.599675771206504,0.150425493108544,301,182
"862",-0.598416392884546,0.150456888875189,301,180
"3635",-0.517444130798963,0.152677120767542,301,178
"594",-1.02196720615285,0.141701091103182,301,163
"3286",-0.406045192622773,0.15586534443024,301,185
"2842",0.0755630303318872,0.172886011558392,301,201
"789",0.121235019500926,0.174762733997012,301,203
"979",-0.251433458132756,0.160809012243974,301,199
"3662",-0.251011027554828,0.160823033273858,301,196
"47",-0.987861519710647,0.142173256499496,301,160
"5352",-0.0167463344693292,0.16924276579023,301,196
"1458",0.570161035603675,0.195627937679703,301,214
"999",0.389930350771026,0.18671353522586,301,219
"2925",-0.320985199739505,0.158519430478097,301,185
"4988",0.586969157535515,0.196495876203559,301,221
"4233",-0.00995957114484167,0.169503601800631,301,199
"5028",0.471555244255349,0.190661106420194,301,215
"2856",0.374331243318325,0.185975963318641,301,218
"4706",1.14921903526422,0.228957570212804,301,243
"2767",0.339613526325714,0.184353460353761,301,208
"5269",-0.698458286267808,0.148108274667871,301,173
"1712",-1.46991129540465,0.138021051092054,301,147
"5139",-0.404751432331769,0.155903440480466,301,182
"4229",-0.480704114817958,0.153731222528086,301,182
"5430",-0.189963365633791,0.162885013963734,301,190
"379",-0.557920577711482,0.151526334215229,301,182
"634",-1.46070003860395,0.137981916030866,301,141
"1579",-1.86427046984435,0.139953645138721,301,124
"1354",-1.73884358555131,0.138728393289733,301,128
"1703",-0.583902327908253,0.150827021958243,301,187
"3607",0.0775524547149668,0.172966814765643,301,217
"2748",-0.152527547128175,0.164201007401995,301,192
"3587",0.569508545847988,0.195594368652525,301,216
"1950",-1.65538672947721,0.138135532355116,301,136
"75",-2.13102818039216,0.144972402953674,301,111
"4707",1.05187677298625,0.22287967913774,301,231
"4064",1.07955957077942,0.224589513595968,301,237
"3617",0.856572503150474,0.211249327403967,301,236
"3177",0.548052088263779,0.194495668953016,301,225
"4524",0.386576149182113,0.186554488100712,301,217
"1142",-0.874736670663632,0.144406588287533,301,174
"1710",-1.21044332526723,0.13924944921275,301,158
"2815",-0.394802094443863,0.156198799248532,301,189
"1226",-2.07163650041986,0.143526848420071,301,108
"3296",0.472236186969785,0.190694665905102,301,217
"3392",1.44174284008996,0.248288317597318,301,245
"3036",0.894910469579898,0.213471513773257,301,228
"3801",2.09544581291184,0.29676616752339,301,253
"5",-1.2363914117742,0.139124294193655,301,152
"4523",0.249205252218076,0.180253007350624,301,206
"4942",0.46449012017368,0.190313523100217,301,220
"4944",0.553068023986654,0.194751613105292,301,226
"3996",1.94656063946464,0.285127855722626,301,253
"2341",-0.842359091614443,0.144950003366059,301,163
"1205",-1.67824696902168,0.138391736378769,301,128
"2237",-0.920344620186016,0.143527688418997,301,174
"4424",0.642172625790027,0.199389752477799,301,222
"1877",-1.20618508116336,0.139281292353903,301,153
"2677",0.273822617316879,0.181351245846329,301,216
"665",-0.405004988038483,0.155895968834483,301,192
"722",0.159530200618339,0.176369235691377,301,201
"242",0.244796196200534,0.180057789290289,301,208
"2068",-1.79589155886833,0.138930586815075,301,123
"2421",-0.520955440231859,0.152576005393752,301,184
"5316",0.707443475315708,0.202896632187443,301,226
"4311",-0.350601825950573,0.157564501586867,301,183
"3616",1.18674877890098,0.231349289651183,301,239
"1191",-1.83057129362804,0.139355948795923,301,126
"4594",0.440876311270191,0.189159919940084,301,213
"3651",1.45097838604558,0.248923757613098,301,244
"2630",0.000575774051777478,0.169910569572566,301,199
"2381",-1.53068516581909,0.137957864531111,301,145
"319",-0.470546258664797,0.154019977689106,301,186
"1976",-0.226721971220111,0.161633561308463,301,194
"2436",-0.9633451418178,0.14262380512789,301,166
"4973",0.0664651681579909,0.172517656367873,301,200
"1733",-0.959304315901592,0.142705201418597,301,165
"3244",-0.429838081365995,0.155175576554803,301,181
"4574",0.528221590932521,0.193489198777498,301,217
"4414",-0.333964041731361,0.158098181327581,301,198
"1207",-0.383775522883661,0.156531336458842,301,188
"1830",-1.50553565308517,0.138062176773138,301,140
"1160",0.222641477245991,0.179083675296543,301,214
"1149",-0.237592686830162,0.161269619763688,301,197
"4957",-0.0341944242202528,0.168576623561237,301,200
"1714",-0.78142700384239,0.146094545216305,301,170
"1892",-2.03860592455578,0.142698534904344,301,111
"3272",-0.193053819370569,0.16277832953629,301,196
"5242",-0.978103178804792,0.142342456851483,301,162
"4283",-0.640954263443615,0.149447353582906,301,177
"3009",-0.854373874456194,0.144751202674579,301,171
"2520",-1.29400593128825,0.138913792355038,301,147
"4822",-0.259093185225006,0.160555102454148,301,194
"3151",0.631128988998883,0.198805520886382,301,220
"3129",0.45048596408687,0.189627869237288,301,220
"2715",1.28827421217229,0.237951494764034,301,244
"639",0.338251779949299,0.184290354343859,301,211
"3172",0.11902834576325,0.1746710582045,301,196
"5076",0.768109345936556,0.206238012269761,301,228
"4314",-0.264467833541909,0.160377261884791,301,197
"4721",-0.610926939456174,0.150149839327545,301,179
"4178",0.81346543813249,0.208786968626359,301,226
"1699",-1.76480153665545,0.138773226389708,301,121
"2719",0.315883306959703,0.183259543306727,301,211
"2912",0.38912303585296,0.186675231936688,301,220
"4809",0.0466648244558336,0.171722822389765,301,207
"4396",-0.504469224461929,0.153050735793202,301,180
"5116",0.140256601005316,0.175557026340568,301,210
"3932",2.23748985768078,0.308172662705409,301,260
"5279",0.976172387830292,0.218280654187465,301,230
"3503",0.906063896266486,0.214123656657413,301,228
"5184",-0.204495055438165,0.162385867613223,301,191
"507",-0.555979040335632,0.151580234886114,301,184
"3250",-0.0633033148743653,0.167477803810253,301,197
"4196",1.71950790035071,0.26803983452047,301,246
"4287",-0.571077430659837,0.151166711498138,301,184
"2983",0.377745623096893,0.186136949523073,301,210
"3811",0.890054296842402,0.213188366724101,301,225
"1195",-1.08484993941683,0.141050151339746,301,159
"5500",1.24643277151238,0.235207378994106,301,239
"2576",-0.289702901930285,0.159544821181411,301,194
"898",-1.85764892366693,0.139830767387409,301,127
"4542",0.108961238720957,0.174254075314657,301,209
"1981",-0.701646368903674,0.148030636988205,301,175
"744",0.330013563143161,0.183909439862967,301,216
"5270",-0.118936058612847,0.165415942859703,301,196
"107",-1.40398937494587,0.137844423262881,301,147
"114",-1.3934188676319,0.137886956463047,301,144
"4017",-0.474872591596508,0.153897131083943,301,181
"3672",0.0963723189842278,0.173735582692027,301,207
"4082",0.0854814667102035,0.173289752047041,301,201
"4733",0.555747957867168,0.194888585717554,301,220
"4085",0.864201002187923,0.211689089478468,301,232
"4617",0.985163445228294,0.218820914692975,301,241
"33",-0.523578245347447,0.152500523818555,301,178
"4731",-0.680340602155283,0.148541185701723,301,184
"5368",0.562159058193919,0.195216897326195,301,223
"880",-0.790197822927107,0.145906708244756,301,175
"2885",0.25258861491273,0.180403117008493,301,203
"2378",-1.24417073485865,0.139102554654161,301,155
"447",0.503149464984026,0.192229103623317,301,221
"1424",-0.970545111125065,0.142483103188088,301,159
"2284",-0.710763315303305,0.147806454099627,301,168
"882",-0.705575261166927,0.147934399185693,301,182
"3909",0.876091555209728,0.212376937965545,301,231
"4946",0.208643536815925,0.178474027250494,301,216
"88",0.415900378386062,0.187953374490437,301,212
"721",0.115617368493833,0.174529543424551,301,205
"3489",0.653054182757802,0.199967998915721,301,226
"1946",-1.47458336129579,0.138037836442041,301,144
"4878",1.18568942865963,0.231281413695708,301,241
"5505",0.911825061772657,0.214461506623039,301,223
"1825",-1.66716113273586,0.138271677209595,301,125
"4055",0.668940188644293,0.200816789752653,301,222
"2778",-0.176099178882882,0.16336728379703,301,196
"4367",0.0682085666215432,0.172588093319004,301,199
"3840",0.361036691202504,0.185351556022313,301,218
"142",-0.856472533778463,0.144716392164029,301,172
"690",0.186940571473159,0.177537511470119,301,206
"617",0.0388778793726444,0.171412888789288,301,203
"4003",0.415105219984976,0.187915190604565,301,208
"1235",-1.25484874978411,0.139076472137687,301,155
"4784",-0.664999179884255,0.148897620435721,301,178
"4646",0.0193069457341025,0.170640684814927,301,197
"5499",1.98761195254333,0.288303476452499,301,253
"3295",1.84780332450838,0.27759492557232,301,252
"3092",-0.04364147130898,0.168218408158775,301,204
"5383",0.567007752136358,0.195465794916786,301,216
"5219",-0.201305478557337,0.162494891801783,301,193
"4516",2.26676398249272,0.310558871911178,301,258
"3549",0.53006701918654,0.193582496213653,301,227
"1815",-0.426356900686131,0.155275392138879,301,186
"5247",-0.240620838288961,0.161168610478186,301,196
"5152",0.588108973196118,0.196554957049925,301,222
"609",-1.43529509820176,0.137869043859313,301,144
"1621",0.721358549514195,0.203656122396953,301,222
"1164",-0.353971500348145,0.15745750684881,301,190
"4519",-0.269021312711612,0.160226765786078,301,192
"186",0.690375541670072,0.201970729142485,301,226
"2903",-0.35366928248093,0.157467086143264,301,179
"3251",-0.579187273891235,0.150950565976011,301,179
"4081",0.591548415122298,0.196733407578849,301,224
"2092",0.258089431786612,0.180647737943255,301,208
"2109",0.261112039839482,0.180782451089675,301,208
"5457",1.35765871440695,0.2425724793097,301,237
"853",-1.15174627165476,0.140000975154499,301,154
"654",0.241574283693556,0.179915419248067,301,214
"1360",-0.722866766312377,0.147505048648932,301,178
"5117",-0.32178976830035,0.158493219672773,301,184
"3642",-0.210444040048606,0.162183283475641,301,198
"3878",0.428213536022477,0.188546458628116,301,207
"851",-1.55758771878847,0.137786377805903,301,139
"4350",1.2548743131325,0.235758407236679,301,235
"5187",1.55505785165766,0.256187466763914,301,248
"4485",0.557667362721089,0.194986783927008,301,219
"1501",-0.64782672917961,0.14929033750552,301,176
"86",0.365039302502698,0.185539142076357,301,215
"4286",0.313984627242232,0.183172550615351,301,214
"4819",0.0201190623409376,0.170672536138996,301,207
"3083",1.29176133885431,0.238181645697315,301,232
"2062",-0.768790981623361,0.146379600646396,301,179
"2797",0.316484245282035,0.183287093301175,301,211
"1570",-1.22423619742194,0.139170080996475,301,154
"21",0.164926178659324,0.176597979546938,301,205
"5049",0.812046002877834,0.208706544945474,301,230
"3636",-0.634110367364493,0.149604491786425,301,182
"4104",0.229336306316476,0.179376840904382,301,210
"621",-1.3780452471494,0.137997506695194,301,149
"1890",-1.15360064715548,0.139969385031676,301,167
"1554",-0.32908391417468,0.158256153112921,301,181
"794",-0.837448944060277,0.145031823718348,301,166
"1454",-0.0962766149650516,0.166249491867637,301,198
"3518",1.61133270059337,0.260192309029807,301,251
"936",-1.14256223060163,0.140159834897475,301,158
"4917",0.515417900484046,0.19284396364473,301,215
"3866",0.00160957432141769,0.169950643622393,301,202
"5351",0.63721048661933,0.19912691721157,301,224
"4335",-1.07472655519606,0.141166372677646,301,155
"747",0.404193058152661,0.18739260391213,301,217
"158",-0.127186406799883,0.165114996949853,301,203
"5244",-0.503909074132279,0.153066846832187,301,181
"1597",0.016840387117649,0.17054404727242,301,201
"2466",-0.20284477123065,0.162442240275547,301,194
"3099",0.158216739785865,0.176313646389406,301,209
"686",-0.425337191450742,0.155304690401979,301,182
"496",-0.519736945415832,0.152611088108506,301,180
"2090",0.596885044344888,0.197010801043646,301,221
"958",-0.643096527153123,0.149398352835332,301,180
"3899",1.24436212639456,0.235072417469254,301,242
"1738",-1.6302494181499,0.137862780819399,301,135
"5234",-0.926366604720698,0.143400660281248,301,160
"3603",0.507653621514329,0.192454451907652,301,220
"839",-0.922336668679224,0.143485840790059,301,163
"1639",0.314653983279468,0.183203209756244,301,212
"960",0.132464946977314,0.175230792826934,301,204
"1296",-1.07361245754719,0.141178486707249,301,161
"2353",-1.13796854373926,0.140239900645497,301,162
"5387",-0.540718871030224,0.152009765146884,301,177
"5125",-0.338510792045909,0.157951533295227,301,191
"5574",0.479906274766737,0.191073394493311,301,213
"1719",-1.20517685388531,0.139289381732047,301,156
"5437",-0.152292714410246,0.164209397568691,301,194
"2188",-0.75614186957675,0.146679422408376,301,176
"3601",0.300259321328936,0.182546061154927,301,219
"1238",-0.287459509443265,0.159618675480308,301,196
"4632",1.25345640601061,0.235665760143409,301,236
"1613",1.1241179517247,0.22737285044943,301,233
"2111",-0.245103628523972,0.161019334725858,301,200
"3542",-0.123844133040426,0.165236731485062,301,193
"4749",0.0749615454809844,0.172861599274177,301,207
"2270",-0.743638755368807,0.146985963033239,301,181
"2416",-0.094892357879592,0.166300711289977,301,194
"2605",1.10731879135202,0.226318998482465,301,235
"4420",0.626062280827,0.198538368000757,301,221
"4000",0.702629847366732,0.202634868383248,301,225
"4815",-0.738119885348722,0.147123286678582,301,173
"4227",0.227833144964504,0.179310927691803,301,205
"4959",0.128504316147748,0.175065427297011,301,203
"439",0.757968479048883,0.20567402899022,301,226
"5129",1.53220739084804,0.254576700831411,301,244
"2414",-1.0583887510258,0.141334073171876,301,158
"930",-0.406460769149443,0.155853121956998,301,193
"512",0.286883189841708,0.181939549994054,301,214
"5005",0.408426067518378,0.187595009960184,301,213
"3848",-1.09024241285887,0.140983201360893,301,153
"5405",0.29457531420746,0.182287842084526,301,213
"1759",-0.593574120990445,0.150578665909493,301,183
"1077",0.812136704208183,0.208711682727993,301,234
"3751",0.360783247542977,0.18533968988921,301,211
"1158",-0.494907016881565,0.153325352043535,301,177
"2777",0.112706179783044,0.174408950683244,301,204
"891",-0.339470236887776,0.157920659238226,301,194
"2884",0.603985762174475,0.19738085184605,301,220
"1650",0.0756953145059059,0.172891381650536,301,200
"3005",-0.137028555907522,0.164758045133908,301,193
"1001",0.446091569488151,0.189413623731298,301,213
"1937",-1.0743510970128,0.141170468831067,301,163
"2087",-0.953866096235277,0.142817001486611,301,161
"165",-0.590716991098152,0.150651319168722,301,183
"1219",-0.743918007829844,0.14697903929723,301,179
"1498",-1.17492234077456,0.139631936063359,301,148
"5124",-1.00627262175958,0.141895917268486,301,160
"1030",-0.124646545154604,0.165207482568901,301,200
"2698",0.464843939919616,0.190330903370971,301,219
"5249",-0.759357777497313,0.146602033992222,301,172
"2704",-0.234181128587721,0.161383600749302,301,196
"5539",0.217046061268698,0.178839443385512,301,212
"4469",0.888198929168525,0.213080313912844,301,231
"5541",1.58183208897785,0.258086174588314,301,243
"3014",-0.624093341726507,0.149837061231491,301,175
"3702",0.35742769535641,0.185182715938449,301,209
"3731",1.55436716871615,0.256138648372507,301,246
"402",0.069687394201732,0.172647897151097,301,205
"795",-1.01317431265802,0.141805932817559,301,155
"102",-1.35703569497707,0.138222764816819,301,149
"3253",0.730944958333412,0.204181760269942,301,219
"3623",1.55616632993953,0.256265832526419,301,248
"2429",-0.140650093987874,0.16462730733166,301,199
"5418",-1.98717062937268,0.141690735929499,301,106
"5332",-0.700942058137579,0.148047824634427,301,179
"2611",-0.181209932125578,0.163188800412483,301,195
"2167",-1.8174005699435,0.139163153228583,301,122
"2060",-1.11445572694419,0.140635590867202,301,160
"545",-0.779520470101947,0.146136500629252,301,171
"1990",-1.52605605497877,0.137983841848715,301,141
"604",-0.187119311452013,0.162983453431724,301,196
"911",0.0875525255272846,0.173374334222751,301,207
"957",-0.826100457357969,0.145224853649382,301,168
"346",0.860533848779829,0.21147753829762,301,229
"3640",0.550906020443488,0.194641226710701,301,224
"3327",0.405508417613902,0.187455456721507,301,209
"3602",0.0510752340019008,0.171899035942426,301,200
"3434",0.0361101955116885,0.171303097668324,301,203
"1487",-0.750234148124242,0.146823281228546,301,177
"4035",2.55049561535624,0.334277597087466,301,266
"4718",-0.320659004199873,0.158530060295229,301,192
"5233",-0.592614492210804,0.150603001474248,301,178
"442",-0.0613143913704047,0.167552434828664,301,201
"2203",-1.88866924572917,0.140390703240059,301,134
"2179",-1.46371695709697,0.137995420265029,301,145
"1886",0.241125497627839,0.179895607383774,301,206
"4057",0.916049083227984,0.21470964360989,301,227
"1542",-0.760076473358363,0.146584838620739,301,173
"1227",-1.77938173525516,0.138824444474507,301,130
"4640",-0.438868789697099,0.154917899648269,301,187
"2862",0.0915537365179622,0.173538010371341,301,203
"1803",-1.80870282598889,0.139056024303662,301,127
"5309",-0.251951918902874,0.160791806610555,301,191
"2042",-1.19683225687659,0.139364651556648,301,156
"5416",0.137415666720898,0.17543793716665,301,203
"4189",1.43526291016009,0.24784336972595,301,252
"4305",-0.580176608557026,0.150924511241529,301,175
"493",-0.738649688587361,0.147110068997668,301,174
"220",-0.935328814347389,0.143209623000106,301,172
"3127",1.13881501229406,0.228299268173809,301,234
"4723",0.947462600097296,0.216566355673668,301,237
"2464",-1.75641433525153,0.138755692121989,301,122
"2457",-1.08857368911091,0.14100431885744,301,155
"126",0.71095914862484,0.203088127579743,301,219
"3744",-0.486185320146601,0.153574897855756,301,188
"2058",-1.89828555971529,0.140547582763873,301,123
"3367",-0.163249397152211,0.163819667703986,301,189
"944",-0.991654790205026,0.142111562920638,301,156
"1944",-0.256352787571873,0.160645875717201,301,188
"524",-0.729872781200243,0.147329596181116,301,166
"2091",0.0566758216601162,0.172123494018985,301,211
"694",1.00666774330237,0.220119605746994,301,231
"5443",0.187961259605848,0.177581323351546,301,209
"5490",-1.09947161531725,0.140859728814511,301,161
"2545",0.711925538747589,0.203140812345059,301,234
"2326",-1.8087676007123,0.139056757631381,301,124
"5573",0.361882881797443,0.185391184457209,301,216
"1174",-0.6657946483633,0.14887931674034,301,174
"1173",-0.0557468755617075,0.167761681053474,301,198
"3880",0.183929259188056,0.17740838567364,301,206
"1941",-0.93581192840631,0.143199296565869,301,169
"1547",-2.03283254785791,0.142563430248202,301,108
"5343",1.60036548288479,0.259407609697954,301,246
"2486",-0.855947621624809,0.144725106962696,301,168
"4445",-0.117143353962555,0.165481528525111,301,195
"4109",-0.351894632400675,0.157523403851944,301,180
"1608",-1.28347350880228,0.138977033795554,301,150
"5254",-0.0621709522743621,0.167520286179004,301,200
"5291",-0.812195590107487,0.145473624268933,301,166
"5401",0.442734178664066,0.189250228618744,301,218
"489",-0.267701231115362,0.160270380541797,301,191
"3712",0.683295766384926,0.201588503885129,301,228
"1744",-1.05951337596068,0.141323060986246,301,167
"2760",-0.38598138376494,0.156464364175012,301,178
"2971",-0.240922155459846,0.161158567404626,301,196
"777",-0.410341096941044,0.155739332404853,301,192
"4339",-0.35184091055651,0.157525110462847,301,194
"983",-0.616152269423852,0.150024567656937,301,174
"2478",-0.455278293844155,0.154452516789383,301,179
"5462",-0.229439550861256,0.16154236781888,301,198
"4239",-0.0686291783233287,0.167278264161142,301,199
"2768",0.0226414295475346,0.170771569319629,301,200
"893",-0.362071030557643,0.157202081087274,301,193
"4216",-0.418450278313109,0.155503364961147,301,189
"1742",-1.48658953248693,0.138067168880677,301,142
"2813",0.571334639856045,0.195688340183043,301,220
"256",0.368405899889495,0.185697190883015,301,217
"1146",-0.72111826654502,0.14754877205626,301,174
"2252",-1.38386013722579,0.137949273047933,301,144
"4886",-0.0550579107489294,0.167787609445544,301,195
"4461",-0.399505269391252,0.156058641687401,301,191
"2524",-0.625171914380249,0.149811829846183,301,179
"1544",-1.11319266683469,0.140655534801893,301,158
"3591",0.265562779798721,0.180981197764071,301,213
"4551",1.71042406964732,0.267373405453401,301,243
"2551",-1.12805374280596,0.140411126339276,301,154
"669",-0.682951315037238,0.148479673087152,301,170
"5207",0.271908602971738,0.181265357030847,301,210
"3189",1.84701130902075,0.27753513042439,301,253
"3118",1.14636027011056,0.22877647983699,301,236
"3299",0.974229997043812,0.218164150569151,301,229
"563",-0.50644395075522,0.152993919893809,301,190
"1198",-2.03455037370273,0.142603168267972,301,108
"5342",2.18867222505989,0.304220032902888,301,254
"4882",-0.138922607280054,0.164689627437482,301,191
"1245",-0.98314978831745,0.142253112135679,301,156
"111",-1.88551705087031,0.140336959569823,301,118
"663",-1.1528100284663,0.139982825790578,301,158
"3368",0.922259300197335,0.21507511659085,301,231
"564",-0.451666260697275,0.154554793213767,301,180
"3961",0.951781221354891,0.216823168413432,301,230
"1873",-0.9551720559004,0.1427899443838,301,175
"4601",0.658647921340748,0.200266249541269,301,227
"5040",1.03629874214299,0.221924079920515,301,227
"5212",0.303435213720987,0.182690652793602,301,227
"1940",-1.06576101826714,0.141260726283682,301,160
"4185",1.84802568192625,0.277611714773217,301,252
"3235",0.84159070967324,0.210389167393485,301,227
"2295",0.0758666775718209,0.172898338751731,301,201
"3622",0.969478097961563,0.217879452125116,301,225
"3287",0.594609629907522,0.196892451077913,301,219
"2333",0.162092757495219,0.176477791835152,301,211
"4073",2.24835428163221,0.309056863616032,301,263
"830",-1.34625256371216,0.138357190059219,301,148
"818",-0.689745429257124,0.148318240433989,301,176
"5193",0.576150398622299,0.195936510064423,301,219
"1017",0.69893957945533,0.202434529451502,301,224
"4665",0.884444502238404,0.212861879494064,301,232
"1274",-0.812068720959147,0.14547597365279,301,173
"4475",1.50589126742704,0.252732757811495,301,239
"1135",-1.10247606319873,0.140817076892605,301,150
"3505",0.520620060791129,0.19310568730025,301,215
"2193",-0.70492148280613,0.147950454526856,301,184
"2530",-0.561410371829651,0.151429955940119,301,180
"1514",0.586079061484375,0.196449758930733,301,222
"4279",0.159084032105626,0.176350348651101,301,204
"5232",-0.408317133879825,0.155798609975616,301,186
"4265",1.08978385940822,0.225224785211538,301,230
"2621",1.28191270443957,0.237532208030098,301,238
"1379",-0.468270733760194,0.154084522665418,301,187
"255",-0.616451982603157,0.150017430520582,301,175
"5064",2.08452668209864,0.295901389451085,301,252
"453",-0.521406694234099,0.1525630151921,301,180
"849",-0.646623586455837,0.149317795308052,301,174
"52",-1.55565095737637,0.137798298853524,301,149
"5403",-0.00317307881436597,0.169765461235757,301,198
"3453",1.35443840485086,0.242356080084229,301,238
"3261",0.157007789951665,0.176262511393314,301,210
"3926",0.3507909685334,0.184872968187071,301,211
"3808",0.057751189597622,0.17216668002703,301,195
"2564",-0.4513576390302,0.154563534051762,301,182
"478",0.242945354260704,0.179975974736262,301,207
"2763",-0.82425500497733,0.145256971172693,301,167
"1078",-0.258315769071945,0.160580846601152,301,188
"4732",-0.789001882651481,0.145931810646928,301,170
"3492",0.718730917051516,0.203512387854185,301,221
"5266",-0.639311061272722,0.149484989625071,301,178
"1751",-0.243111417645203,0.161085638947514,301,197
"5578",0.338341325466799,0.184294502820708,301,211
"695",-0.039145408388944,0.168388687628734,301,201
"5325",1.97986411552831,0.287702156961762,301,251
"4053",1.07089803859956,0.224052928293553,301,234
"5356",1.16777416059182,0.230136731251759,301,239
"4729",-0.646466246157605,0.149321386689093,301,175
"5466",-0.255958226115638,0.160658951101371,301,192
"1534",-1.62306846934862,0.137800470143444,301,141
"536",-1.31788813525222,0.13870089006937,301,148
"978",-0.0770443583166942,0.166963872106118,301,194
"4776",0.784021702405659,0.207127348733514,301,223
"4937",0.158262458906456,0.176315580757539,301,207
"5534",1.46092466946796,0.249609773014862,301,239
"4169",1.91162975125302,0.282446071323549,301,256
"5277",-0.859382281211508,0.144667961287478,301,164
"4388",1.05150514111635,0.222856826882391,301,232
"3197",1.47377566252499,0.250498695646851,301,243
"2771",-0.947182991643745,0.142957116894489,301,170
"3938",1.80584355380114,0.274440781684674,301,244
"2563",0.0609393508190842,0.172294879184883,301,206
"1583",-1.29915392550844,0.138876033433499,301,142
"2444",-1.03995554877924,0.141512391112447,301,168
"296",-0.491161016801762,0.153432652067186,301,178
"65",-0.856660385061752,0.144713271924198,301,178
"3994",1.98587862839803,0.288168871792127,301,253
"1072",-0.112134057058038,0.165665139227002,301,199
"1896",-0.441898758700683,0.154831766518799,301,185
"459",-0.849618456764449,0.144829865888724,301,163
"3226",1.53707077517479,0.254918778627221,301,237
"5507",1.55004177303807,0.255833109106136,301,246
"5481",2.24691055198199,0.30893927120649,301,257
"736",-0.91665965560781,0.143604556432733,301,168
"4272",0.524450798777932,0.193298795959225,301,219
"4624",0.0781415675432737,0.172990759727051,301,204
"1682",0.153401828446184,0.176110166438079,301,208
"1785",1.19630867061002,0.231962777391217,301,244
"4240",0.598815318597371,0.197111287798373,301,221
"815",-0.36589234366223,0.157082489256696,301,195
"5211",0.785351105346324,0.207201889815693,301,228
"1510",0.825273700620222,0.209457640419528,301,233
"1489",-0.726797875110182,0.147406629347185,301,174
"2816",0.988548232113345,0.219024719606632,301,223
"1837",-1.0638114947309,0.141280419623621,301,162
"2001",-1.59517394369938,0.137671144585974,301,133
"2506",0.195142102794485,0.17789019527618,301,207
"2792",-0.463934416192963,0.154207418032306,301,185
"1502",-0.296864780912688,0.159309259925223,301,191
"4560",2.21436514475309,0.306296142100746,301,258
"977",-0.627074724157056,0.149767439182085,301,174
"5151",0.42185191903323,0.188239617872184,301,216
"5508",1.56046978216574,0.256570271303258,301,241
"751",1.39437862111056,0.245053139233636,301,247
"5161",-0.332079683399059,0.158159112447852,301,191
"257",0.875244924275457,0.212327865632288,301,231
"664",-0.693844828488145,0.148219863058845,301,173
"1731",-1.17931056631864,0.139570815386267,301,150
"4275",-1.06767884774985,0.141241098196146,301,161
"1919",0.561134581134943,0.195164373665905,301,209
"2263",-1.33914289950386,0.138447487426315,301,145
"5059",-0.0418410909645672,0.168286550523108,301,191
"2301",-1.80146669750497,0.138980369694397,301,115
"223",-0.183077821532418,0.163123773782054,301,192
"258",-0.492641363436929,0.153390270097526,301,181
"2858",0.435748957465276,0.188911087095692,301,211
"562",-0.211708894366319,0.16214033397798,301,188
"2136",0.428286068964943,0.188549962336601,301,213
"2901",0.924723328875401,0.215220342274555,301,231
"5201",-0.231944561450505,0.161458437204493,301,188
"1728",-1.8385466283002,0.139487519979278,301,129
"952",0.357585039134142,0.18519007106657,301,210
"2379",-1.45673582067534,0.13796353581111,301,144
"4370",-0.395186326369454,0.156187311857132,301,192
"1010",0.374790386057694,0.185997596825397,301,213
"763",-0.162987144953652,0.16382895384348,301,193
"4463",2.36324364266098,0.318506021056214,301,263
"4956",-0.38195542870036,0.156586766020481,301,187
"3694",-0.544286685357202,0.151908528766758,301,180
"176",-0.177781239931726,0.163308449844316,301,198
"1790",1.57290050367727,0.257451430493784,301,244
"2339",-1.16479684068907,0.139785036639648,301,151
"3644",-0.95539871032317,0.142785261110663,301,173
"2165",-0.891545532783416,0.144102456592578,301,167
"2814",1.16444021623366,0.229924380944059,301,233
"3419",1.36871195814217,0.243316655464203,301,234
"1936",-2.09407482686338,0.144096509191562,301,108
"406",-0.583160965526784,0.150846341010636,301,180
"5555",1.60587294397354,0.259801412382732,301,247
"3846",0.992771692599346,0.219279342623817,301,235
"959",0.48856954618233,0.191502745801085,301,223
"1747",-1.55700348005583,0.137789942767723,301,127
"2055",-1.33497491286242,0.138499914826313,301,146
"3449",-0.492423157277424,0.153396519028312,301,192
"2623",1.08074171234385,0.224662860694382,301,230
"1732",-1.60473016886806,0.13769325562565,301,136
"5517",1.98259370117291,0.287913899522294,301,246
"793",0.15277464929688,0.176083696239754,301,212
"5185",2.42576226286872,0.323721925646739,301,261
"391",2.86313313730933,0.361539542200239,301,264
"2383",-1.66429168853558,0.138238966619462,301,125
"5556",0.147615820796221,0.175866268333827,301,209
"3110",-0.458595738127091,0.154358598361929,301,183
"27",-1.7010840180282,0.13858677236916,301,129
"2387",-1.52142153415241,0.138007263948134,301,131
"5350",0.753859454397723,0.205446125170039,301,224
"1343",-1.91620023030256,0.140808848902686,301,121
"613",-1.25880309654919,0.139066610831506,301,149
"3541",1.08586604154214,0.224981117859136,301,239
"2018",-1.85606095297149,0.139801381899883,301,114
"3126",0.371802933552405,0.185856919008131,301,210
"10",-0.288054546916501,0.159599083457012,301,195
"1694",-1.17057506203282,0.139695751947631,301,155
"2476",0.659714035310867,0.200323170219282,301,226
"2158",-0.491897572414424,0.153411568127351,301,183
"4852",0.529822996115249,0.193570155085567,301,217
"3037",2.18483590763714,0.30391084173003,301,258
"4735",1.2468401644971,0.235233941604455,301,238
"2950",-0.0783436430803287,0.166915427653155,301,199
"3144",0.384824867322347,0.186471545321556,301,218
"4174",1.68677099093818,0.265644476894633,301,250
"4724",0.875494713651222,0.212342342366121,301,232
"3050",0.16756632361176,0.17671011815371,301,207
"5570",1.19220781707453,0.231699402518656,301,239
"5344",0.0761452133819439,0.172909648352694,301,201
"3095",0.978543730188859,0.218422988295153,301,239
"901",-0.797021656573481,0.145766601221047,301,170
"4499",0.247976436772096,0.180198554222549,301,202
"1602",0.898230438572907,0.213665367471115,301,230
"449",1.89718545016118,0.28134264920168,301,250
"2910",1.23348927820671,0.234365046663445,301,243
"4105",0.431707599793824,0.188715373372851,301,214
"2397",-0.543070663951396,0.151942985646623,301,182
"1495",0.295511377230695,0.182330316843997,301,210
"4273",-0.772050355761958,0.14630455010456,301,171
"70",-1.34089064892778,0.13842533272953,301,141
"3465",-0.469430327311606,0.154051636286634,301,186
"2247",-0.979786668803332,0.142312227009551,301,157
"4608",0.838838858138388,0.21023167863362,301,225
"3314",0.0429776561354158,0.171575877255912,301,205
"4675",-0.0463031229458654,0.168117772146289,301,193
"1630",-1.09066749968907,0.140977763684246,301,155
"4858",1.05972150568492,0.223362694404,301,239
"2377",-1.02234332983751,0.141696826697547,301,166
"5382",1.09611563894447,0.225619215718585,301,233
"4565",0.457075708690856,0.189949959765842,301,208
"4028",0.0149372742847854,0.170469588784929,301,204
"2265",-1.9316639030755,0.141004877982526,301,116
"1102",-0.0628758628170797,0.167493837980332,301,198
"718",-1.45576034217132,0.137958944206564,301,140
"2495",-0.082092995198782,0.166775777238852,301,190
"2266",-1.26740041112166,0.139042352429615,301,150
"5366",-1.67518144494422,0.13835977905038,301,131
"331",-1.11368377073758,0.140647801289106,301,155
"5292",-0.246883880928324,0.16096013074309,301,197
"2746",0.381624406506249,0.186320141621048,301,212
"1342",-1.27553262853069,0.139013368279626,301,150
"4160",1.42284521026419,0.246992770192437,301,235
"5584",0.884397058750828,0.21285912105676,301,227
"4902",0.594282556369055,0.196875448438141,301,215
"421",0.0100962734539908,0.170280591265771,301,199
"2578",-0.439412634302475,0.154902429788633,301,184
"1842",1.28850573193516,0.237966768207093,301,238
"2708",-0.264210241179277,0.160385780016337,301,188
"2338",-1.766226977846,0.138776897156523,301,128
"4924",0.39507591954853,0.186958005516249,301,214
"5023",0.823589464951663,0.209361803596537,301,228
"961",-1.44667503928296,0.137916325053111,301,146
"4491",-0.314077045189989,0.15874491070929,301,178
"1000",-0.262494371797879,0.160442533938524,301,185
"5451",1.11787842894027,0.226980797517599,301,236
"64",0.533972018960552,0.193780164431482,301,215
"1414",0.781157607207239,0.206966882009778,301,232
"5218",-0.913965710148276,0.143660246075397,301,166
"3213",1.94611290408827,0.28509336225616,301,249
"2070",-0.0573081061766802,0.167702954468168,301,206
"1043",-0.385846983213248,0.15646843827509,301,186
"5320",0.0533852156932164,0.171991521094658,301,208
"3566",2.57471066409561,0.336349114441957,301,264
"2194",1.35637044190634,0.242485887244657,301,250
"1958",-1.34840497662828,0.138329924487267,301,152
"291",-1.83455497286083,0.139420476083073,301,125
"3079",1.40301325553682,0.245639958387663,301,236
"5182",2.12789889561612,0.299346689629842,301,258
"5160",-0.0787690489085851,0.16689957184022,301,198
"1320",-1.31087486506286,0.13877306513018,301,144
"219",0.0588846978381274,0.172212231337345,301,195
"3334",1.20819675443862,0.232728065819955,301,236
"5229",0.943908369104096,0.216355280292634,301,223
"4872",1.05506535391017,0.22307586118718,301,235
"2076",-1.37513277782654,0.138024338013157,301,142
"2391",-0.396792651405811,0.156139359291171,301,186
"4934",0.158887538814624,0.176342032060217,301,199
"2836",0.113640891686221,0.174447651268746,301,202
"1373",0.0355327355639519,0.171280214819979,301,211
"1979",-0.999962794146361,0.141984711152742,301,159
"1127",-0.307621938125394,0.158956198166976,301,189
"4114",0.925725020440996,0.215279415482225,301,224
"4904",1.30524770972735,0.239073840583446,301,236
"4137",1.94475823733454,0.28498901769325,301,256
"2325",-1.3270235221982,0.138597014423496,301,145
"3951",1.16798922921878,0.230150436933011,301,236
"1942",-0.560891810569246,0.151444234660999,301,187
"5018",2.29853400415764,0.313161883176735,301,256
"431",0.907181920934396,0.214189167708248,301,233
"991",-0.18548694512308,0.163040067437431,301,191
"808",-0.89219680441424,0.14409020458641,301,168
"2267",-2.15038589055411,0.145406027443246,301,96
"3304",0.410505248886985,0.187694574003243,301,212
"3461",0.870604095791605,0.212059136175342,301,226
"2731",0.165939257334191,0.17664099239972,301,207
"141",-1.43077513048845,0.137854160309438,301,142
"5369",-0.165807771397119,0.163729188586185,301,191
"3210",-0.300640815522099,0.159185210645345,301,188
"2940",1.23457031692041,0.234435279116734,301,238
"2803",0.152544229130539,0.17607397331808,301,202
"4898",-0.0362488976482786,0.168498581782403,301,196
"5286",-0.258002619398524,0.160591218113888,301,189
"4075",0.123239402679105,0.174846090619677,301,208
"2624",1.65304583630672,0.263195322555726,301,249
"4270",0.536176953840192,0.193891924761683,301,218
"4890",-0.388171654166521,0.156398087982721,301,192
"4583",1.08878070466893,0.225162366047029,301,229
"1784",-0.815128973668206,0.14541973679259,301,172
"2132",-0.149057124037465,0.164325160404112,301,193
"2085",0.665358700340743,0.200624953493706,301,221
"2709",0.360897943321284,0.185345059727638,301,218
"2002",-1.89929359089083,0.140563368836604,301,120
"2148",-0.351995514907345,0.157520199341811,301,187
"640",-0.447177062653544,0.154681990824575,301,189
"2900",2.17950687603593,0.30348169100346,301,261
"1244",-0.743901326495217,0.146979452813943,301,177
"1221",-0.744851023948509,0.146955926670446,301,176
"181",-0.666744069218915,0.148857449695979,301,179
"1447",0.256162557855661,0.180561970282872,301,210
"2774",1.12064209092346,0.227154356792224,301,231
"1484",-0.0387503697877562,0.168403666375805,301,198
"194",-0.310281925263962,0.158869070755839,301,181
"4788",-0.152440672591924,0.164204111093365,301,205
"1685",-0.78111872988465,0.146101302513839,301,176
"547",-0.609866328675294,0.15017546850171,301,176
"2956",0.221314848735053,0.179025704919823,301,205
"2021",-1.48042992476552,0.138054872525161,301,140
"4584",-0.139562171778326,0.164666545704051,301,195
"4644",-0.088722745940716,0.166529378263695,301,198
"1933",-1.37004175466387,0.138075109873675,301,144
"1258",-0.242782981323838,0.161096575282368,301,196
"2173",-0.604239912445463,0.15031264365312,301,189
"575",-0.171415050618245,0.163531592590914,301,192
"3794",1.0799065778508,0.224611041169024,301,238
"3315",1.24323063701367,0.234998702267041,301,233
"509",-0.124975572144927,0.165195493281333,301,194
"1425",-0.751067740143585,0.146802863239367,301,167
"1592",-0.62649190033165,0.149781019771543,301,182
"601",-1.30494254163498,0.138828083829079,301,151
"4593",-0.133933082451251,0.164870056538657,301,196
"557",0.639458426638083,0.199245920172094,301,223
"2456",-0.391433026632196,0.156299810829571,301,183
"4746",1.46686812655433,0.250020532188866,301,244
"1138",1.0892728947095,0.225192989089686,301,240
"73",-1.0325559627739,0.141586769012298,301,165
"3068",0.0694450449708514,0.172638093024752,301,197
"5365",-0.41040624313167,0.155737427063635,301,183
"3679",0.0570915266229758,0.172140185095073,301,201
"2024",-1.20328035942949,0.139305179171002,301,154
"2643",2.97030820749841,0.371123755200745,301,268
"566",-0.0541907038295645,0.167820256793347,301,197
"217",0.678244675800027,0.201316464523786,301,224
"4736",-0.282582825469896,0.159779320100396,301,194
"1014",-0.556944730943913,0.151553401241531,301,181
"4765",0.757192425690467,0.205630958423425,301,227
"3075",0.490706278740161,0.191608899734716,301,217
"2517",-1.07263259704055,0.141189041988884,301,148
"4513",-0.356591267902317,0.157374611889155,301,184
"2187",-0.932805662073969,0.143263536012651,301,168
"5536",0.428702170809441,0.188570064437586,301,216
"5250",-0.635921414220296,0.149562801725283,301,174
"806",-0.534956254982156,0.152174077246584,301,179
"148",0.409603599910375,0.187651385688015,301,214
"542",-1.62192184219049,0.137791470491488,301,127
"2801",0.807901975950692,0.208471989498322,301,220
"1823",-0.87865727189529,0.144337615726173,301,175
"4295",0.107999535502906,0.174214349717789,301,205
"4600",1.39193256488372,0.24488714379154,301,241
"745",1.06611570618941,0.223757285938486,301,236
"741",0.0262485490586323,0.170913470421416,301,203
"196",-1.07048172531978,0.141211901632666,301,156
"976",-0.67379104440186,0.148694326469917,301,178
"2855",0.0844815700969625,0.17324895015871,301,201
"2435",-0.692835357616722,0.14824415670791,301,177
"2027",-1.22380428035976,0.13917207128629,301,144
"3834",1.10909012376738,0.226429862670491,301,236
"2274",-1.50725720244496,0.138058364028354,301,139
"1420",-0.989503238429125,0.142146267787184,301,158
"2991",0.513261342306775,0.192735641396339,301,220
"4122",0.266780190823524,0.18103564042442,301,204
"1695",-0.279834750349791,0.159869904091766,301,198
"5241",-0.940763143742589,0.14309353068111,301,155
"1507",-0.998651580064318,0.142003974945795,301,163
"4866",0.638737288338937,0.199207732114089,301,217
"4019",-0.929384154086258,0.143336516961693,301,161
"440",1.0499230849225,0.222759573869223,301,237
"2527",-0.493212958205832,0.153373898091765,301,188
"3858",0.462703895253528,0.190225823346819,301,215
"381",0.191954528197284,0.17775294777456,301,209
"2773",-0.108113829438299,0.165812851974627,301,197
"2192",-1.08099562734224,0.141095781890703,301,165
"4894",-0.342883060531115,0.157811052826205,301,187
"2072",-1.06221750399149,0.141296347712142,301,158
"4340",-0.331393230790266,0.158181330195842,301,191
"4112",-0.242968459835233,0.161090398992055,301,195
"2786",0.158796146704617,0.17633816415215,301,205
"2028",-1.96612907005681,0.141406717842408,301,114
"884",-1.65930437527667,0.138181232482661,301,141
"589",-1.23510328506927,0.139128345896867,301,144
"3428",-0.125081518368747,0.165191633264301,301,201
"1551",-1.40743725003682,0.137836619032299,301,142
"1894",-0.87637124539378,0.144377964473522,301,168
"3302",0.683511124200346,0.20160011476267,301,217
"1074",-0.546391975622114,0.151848998974648,301,184
"1367",-0.157627839747982,0.164019179890479,301,194
"3652",1.18939361031103,0.231518844664933,301,235
"537",-0.613037017806313,0.150099056926367,301,180
"1705",-0.0284465746252209,0.16879539200745,301,195
"1022",0.0317901901940356,0.171132114339549,301,208
"2460",-0.186302759206656,0.163011762812473,301,196
"5446",0.504512218669777,0.192297236302532,301,223
"3674",-0.0138954117771687,0.169352212152373,301,205
"1820",-0.60406393358287,0.150316968106734,301,177
"2189",-1.7266198785826,0.138702542095985,301,130
"840",-2.06062017404993,0.143244460102368,301,111
"827",-1.50116348755792,0.138069351101665,301,136
"1058",-0.043226858170249,0.168234095704286,301,203
"2006",-2.20853788469684,0.146813191450842,301,108
"3185",1.97165781415508,0.287066251154824,301,253
"2597",-0.923911753470472,0.143452624876968,301,164
"1042",-0.859696621240537,0.144662715088515,301,163
"5407",0.395013386698958,0.186955031024547,301,220
"3820",0.739704952959338,0.204663797360328,301,222
"1814",-0.665565327116812,0.148884595016211,301,178
"2849",0.104823169334851,0.174083277707513,301,206
"1092",-1.21720198902657,0.139206283758501,301,156
"5364",0.0335868836009456,0.171203169117015,301,201
"3739",0.84763307961184,0.210735523367312,301,230
"3383",1.04652928943676,0.222551113864737,301,226
"2119",-0.786111468529118,0.145993149301581,301,174
"4510",-0.201882909624765,0.162475132758564,301,200
"2637",1.9456810090601,0.285060092046638,301,251
"1026",0.495894490026861,0.191867076157255,301,216
"3040",0.553812637582806,0.194789654868875,301,222
"3788",0.457842985748003,0.189987525733069,301,223
"349",-0.0186880947108686,0.169168322368452,301,196
"3657",1.32853752396844,0.24062238555465,301,235
"3376",0.380540918718516,0.186268936119534,301,208
"5582",1.40372069099625,0.245688095224984,301,241
"3171",2.2583178733021,0.309869190143216,301,256
"5213",0.779326619929504,0.206864387647173,301,224
"3306",0.370295931193222,0.185786028867323,301,216
"5265",-0.980247100502414,0.142304032464919,301,161
"4473",2.3720225696407,0.319235349139758,301,256
"1745",-1.71247730938726,0.138651174639091,301,129
"1801",-1.01451925350352,0.141789218659902,301,168
"3047",1.86150396148213,0.27863085661801,301,255
"388",-0.319807852433191,0.15855780548823,301,191
"3271",0.112281568233298,0.174391376059483,301,203
"238",-0.829592292346872,0.145164706767032,301,171
"5293",-0.367245613315184,0.157040285002232,301,193
"2689",1.49470888242968,0.251952843248474,301,244
"5010",-0.14359359287605,0.164521300198501,301,200
"2422",-0.460869146923339,0.154294230907464,301,182
"1657",-1.26546172467634,0.139048286132685,301,146
"3370",1.02715010207156,0.221365097355068,301,229
"3959",0.21986071897256,0.178962209467481,301,208
"2678",0.777315517442131,0.206751892159188,301,228
"4785",-0.360124399258907,0.157263234127761,301,191
"752",0.514914973719542,0.192818692823501,301,221
"3836",0.679393844427898,0.201378307551807,301,232
"4372",-0.364472457897547,0.157126854726283,301,195
"4635",2.65604142783342,0.343357767185485,301,262
"2628",1.39788199892519,0.245291072708606,301,236
"2533",-0.189711249933587,0.162893730142808,301,196
"4556",0.277676445365368,0.181524435191177,301,205
"2565",-0.106312129311873,0.165879149577556,301,200
"2973",0.554260579713037,0.194812545750257,301,223
"1553",-1.82318337727586,0.139243589777161,301,128
"3845",0.656369450487617,0.200144682696675,301,213
"2762",0.360799018715108,0.185340428248561,301,216
"3507",-0.637223468684842,0.149532881036733,301,175
"1868",-1.76881854542778,0.138784213295362,301,129
"1283",-1.27919554642188,0.138997712501271,301,152
"1655",0.171039222472959,0.176857848110818,301,204
"687",-0.396249765913945,0.156155552772393,301,187
"2260",-0.085902342676834,0.166634115876016,301,204
"5012",0.937210030085198,0.215958178211581,301,235
"5469",-0.331464095721721,0.158179036067246,301,194
"4410",0.184610681749734,0.177437588101182,301,216
"2069",-1.02433906131597,0.14167447399003,301,157
"3517",0.462759963583147,0.190228575091679,301,219
"77",-1.3955028013419,0.137876342503638,301,151
"4374",-0.373268168159372,0.156853427042625,301,190
"316",-1.07675075037001,0.141144042601507,301,153
"356",-0.411160937307533,0.155715366286766,301,192
"26",-0.148433996982436,0.164347488717363,301,196
"4167",-0.450267613025036,0.154594409647941,301,174
"2445",-0.814288159592051,0.145435099083076,301,172
"2584",-1.42314884565737,0.137836307590117,301,150
"2500",-0.941924122081988,0.143068776838281,301,161
"3394",1.01114305554004,0.220391032841246,301,231
"3573",0.179316801118926,0.177210980429572,301,205
"3660",0.18732896677737,0.177554180234699,301,210
"2886",0.242422017685117,0.179952855604446,301,205
"3413",-0.167880190927725,0.163656044001049,301,197
"97",-1.01675799724939,0.141761958860591,301,161
"2080",-1.84551668665514,0.139609329093134,301,130
"4503",0.704215905246207,0.202721062862532,301,225
"5429",0.248511705200352,0.180222269539835,301,208
"2264",-0.779859068805632,0.146129020818253,301,166
"1715",-1.23236391790521,0.139137513539191,301,154
"3230",1.68901396523059,0.265808032034615,301,252
"3614",1.18852288800922,0.231463009810289,301,245
"2552",-0.384865774863244,0.156498207095347,301,196
"5550",0.505281950965431,0.192335738308424,301,218
"4432",-0.168880741889809,0.16362077807684,301,199
"2917",0.323230538211563,0.183596920918938,301,212
"539",-1.4574396439391,0.137966836139906,301,137
"3051",0.450922694481067,0.189649185387619,301,212
"3440",-0.264145490299462,0.160387921294782,301,186
"5063",1.62333915749553,0.26105368826445,301,244
"816",-0.937717088511771,0.143158576657756,301,172
"5509",1.04065225599353,0.222190657445541,301,239
"3979",1.02154895552305,0.221023680044628,301,232
"3495",0.966673222218969,0.21771161695827,301,230
"3605",2.19014413900908,0.304338718458643,301,258
"3303",1.17609132097724,0.230667396259735,301,237
"4634",2.04126003436622,0.292492041645293,301,260
"4962",0.931879986766008,0.215642841320518,301,230
"1206",-0.253489881066261,0.160740785301634,301,198
"5377",-0.250727679612568,0.16083243911484,301,189
"5304",-0.0595002071238063,0.167620563591211,301,199
"4418",1.18228636355938,0.231063511469134,301,231
"3174",1.38457391141344,0.24438841040934,301,246
"226",-0.203555527299746,0.162417951802288,301,193
"2831",0.137512598623637,0.175441997801416,301,197
"4901",-0.0481717739691987,0.168047192526398,301,203
"3575",0.77832564092014,0.206808385019958,301,226
"1663",-2.10951565059811,0.14447315328259,301,102
"3426",0.755709765542866,0.205548706980097,301,223
"4773",0.886143892718655,0.212960715093592,301,224
"2110",-0.831031497378646,0.145140132597569,301,166
"3905",2.5350173381817,0.332957212985445,301,263
"3001",0.716616437745063,0.2033968305815,301,222
"5038",2.57190412053289,0.336108661252583,301,262
"5179",0.528242615483729,0.193490261271954,301,218
"2963",-0.205164977825769,0.162363005490108,301,189
"1878",-0.594509438211127,0.15055501151004,301,181
"4817",-0.421078454861707,0.155427374695493,301,185
"1080",0.226044065640402,0.179232545035686,301,209
"3755",1.02949525614154,0.221508229515849,301,237
"3784",1.25334582311243,0.235658536137666,301,234
"46",-0.669801793354935,0.148786856564985,301,180
"2554",-1.54202686356311,0.137886788708795,301,140
"1961",-0.460648829419817,0.154300469322316,301,187
"1451",-1.04405239093377,0.141472417599743,301,158
"4832",-0.546833256037043,0.151836542255669,301,182
"3656",0.167097108194174,0.176690177947767,301,204
"2880",-0.177714218260281,0.163310792370507,301,196
"1810",-1.41750476384519,0.137830143751029,301,147
"394",0.602139580547935,0.19728453330537,301,217
"3316",0.344318810160154,0.184571822796606,301,212
"2238",-1.20771861687529,0.139269395113664,301,150
"5510",1.03529200847988,0.221862487849841,301,233
"443",0.869619977676127,0.212002207261102,301,234
"2470",-0.439957395368835,0.154886938401205,301,179
"4511",-0.124879658133407,0.165198988004569,301,197
"252",-0.611346530808302,0.150139719462855,301,177
"5531",0.497898632112178,0.191966967008131,301,214
"4842",1.92820926695035,0.283716597480082,301,253
"3049",0.283650333683748,0.181793567598545,301,210
"2083",-0.735059096388134,0.14719975511312,301,173
"1473",-1.14042415295948,0.140197103305485,301,151
"4576",0.878188929224107,0.212498569162687,301,229
"3625",1.88948639548611,0.280755834766367,301,254
"4575",0.024960415482688,0.170862758637311,301,205
"599",-0.526050295316643,0.152429437809759,301,185
"3582",0.259452882472838,0.180708478777856,301,207
"392",1.8568238869388,0.278276654282008,301,254
"947",-0.843273586574693,0.14493483213872,301,174
"858",-1.26970366609973,0.139034859667694,301,152
"4048",-0.24381197158335,0.161062316942406,301,193
"878",0.299969199320385,0.182532863712444,301,221
"5132",0.30979063611687,0.18298067414409,301,218
"1631",-0.57006791850074,0.151193927763941,301,172
"4481",0.596161070590875,0.19697313313767,301,225
"5315",-1.04203160257859,0.141492057300752,301,157
"3835",0.359812358462306,0.185294246170319,301,211
"4657",1.48656329441529,0.251386095566842,301,242
"1223",-0.359251781146961,0.157290696713263,301,186
"552",-0.529238423478798,0.152337870840536,301,176
"929",-0.56293994455235,0.151387928007533,301,182
"3237",-0.0523540281740899,0.1678894421238,301,199
"5484",0.851836450504072,0.210976911366104,301,233
"3057",1.92391061317214,0.283386773204408,301,248
"2108",-0.0908258526472902,0.166451360517853,301,205
"2663",1.73712085905356,0.269335844370555,301,251
"838",-0.465901863195944,0.154151673477198,301,190
"1718",-0.854042514653617,0.144756691843648,301,170
"84",0.115614279208738,0.174529415363002,301,218
"3320",0.746678874193986,0.205048718784818,301,223
"2562",-0.405560105482885,0.1558796202156,301,193
"4384",0.21637901562457,0.178810375611955,301,208
"3038",1.38352183300291,0.24431718464932,301,237
"3769",1.12988852148046,0.227736101264116,301,233
"4375",0.363589197265408,0.185471141279281,301,206
"971",0.441112176726665,0.189171380782734,301,217
"1208",-0.648369277190312,0.149277957745091,301,169
"4438",0.322193576271987,0.183549232913889,301,211
"4763",1.52313605014582,0.253939733084118,301,241
"1947",-1.23271154825546,0.139136305795318,301,148
"4347",-0.897360946929514,0.143991756367867,301,171
"2994",-0.71530957916988,0.147693640160211,301,167
"4398",1.03900358366342,0.222089660979503,301,239
"2924",-1.01898605885332,0.141735500625595,301,153
"812",0.304679360651808,0.182747357304024,301,222
"2498",-1.21733881398487,0.139205498510009,301,150
"527",-1.0314421630538,0.141598295593437,301,165
"4691",0.587904608954736,0.196544362015337,301,222
"864",-1.41249915935389,0.137830412855707,301,144
"3670",-0.139060331480334,0.16468465610715,301,197
"2783",0.203767298697905,0.178262697761304,301,209
"2682",1.85636568779374,0.278241994930158,301,249
"3747",0.634962102108902,0.199008000489894,301,222
"96",-1.61176963263871,0.137724724972911,301,127
"2629",0.655633105932203,0.200105419394467,301,223
"3339",1.03524356475622,0.221859524559845,301,235
"2876",-0.482703596076568,0.15367424176578,301,185
"3740",-0.0767838606871655,0.166973588009052,301,193
"1422",-0.639957695860274,0.149470173208876,301,175
"3767",1.35559399610926,0.242433712356703,301,237
"4803",0.382902536117454,0.186380578953069,301,215
"81",-0.413240618812648,0.15565468577069,301,182
"3416",-0.0232193263805221,0.168994913299744,301,204
"3726",0.853624135162069,0.211079683891373,301,225
"1917",-1.59945090115949,0.137678084359084,301,139
"197",-0.489829944263694,0.153470736449791,301,179
"2594",-1.02647075014901,0.14165108549931,301,161
"1366",-1.50016608523961,0.138070478254517,301,140
"3290",0.233836060896692,0.179574466180146,301,204
"5047",0.373781921233427,0.185950086868053,301,214
"2703",0.932251826645692,0.215664821528303,301,231
"4826",0.250343375468251,0.180303472836548,301,211
"110",-0.551300577734761,0.151710880574734,301,181
"2175",-1.3344246349734,0.138506776574366,301,154
"4284",0.912162347736327,0.214481306902222,301,230
"4994",0.863184522201287,0.211630422886004,301,229
"2604",0.0908149224883261,0.173507761694976,301,209
"1587",-1.09645129980537,0.140901391595397,301,157
"4548",-0.497562810768423,0.153249177133317,301,175
"923",-0.573060165978762,0.151113453142397,301,177
"4090",1.27357535922097,0.236983818159295,301,235
"3241",-0.498090593331129,0.153234029412975,301,185
"580",-0.783814529056333,0.146042563224419,301,170
"2000",-1.15669323642548,0.139917260373111,301,151
"104",-0.781975043525672,0.146082557846283,301,172
"1826",-1.16998897562061,0.139704586698282,301,161
"2911",-0.272073646703741,0.160125962179715,301,188
"3659",1.87720821953825,0.27982192130471,301,254
"3410",1.5389422911564,0.255050524408422,301,240
"3597",0.438046604864938,0.189022520097618,301,222
"1233",0.0595124253688886,0.172237470679072,301,208
"2547",-0.0652389454040509,0.167405232110856,301,201
"1007",-0.0564234101828741,0.167736227969094,301,194
"4471",0.569709170629846,0.195604689325109,301,223
"2811",1.5476080672113,0.255661336593503,301,240
"5138",0.871017159080942,0.212083036850821,301,216
"1391",-0.744252454686754,0.146970750734616,301,176
"5450",-0.197735731822298,0.162617260720602,301,192
"4108",-0.0063810988816749,0.169641547158883,301,193
"622",-0.657676725382748,0.14906548890057,301,180
"1412",-1.02781934805536,0.141636533126863,301,152
"1872",0.388416808254137,0.186641736521864,301,211
"5097",1.31731371408871,0.239874881362531,301,234
"4467",1.74079341761021,0.269606719172665,301,245
"82",-1.27548159862212,0.139013573925416,301,157
"4348",-0.156542511130305,0.16405780813992,301,203
"2626",0.705007854703412,0.202764121647998,301,217
"3558",1.0349538396876,0.2218418031151,301,231
"2344",-1.07911044114757,0.141117462994386,301,164
"3229",0.979025556594039,0.218451922490645,301,230
"4835",-0.260510318617998,0.16050818787082,301,186
"4969",-0.652521350061621,0.149183226018267,301,174
"278",-0.626694040012307,0.149776308060741,301,177
"3023",0.775160439368838,0.206631437594564,301,224
"1358",-0.338155211392466,0.157962982067532,301,190
"5009",-0.693403030755609,0.148230500725616,301,181
"3556",0.787223412893634,0.207306935129616,301,230
"2714",0.753181369572229,0.205408550098999,301,221
"4126",1.2438746988069,0.235040659226017,301,233
"3384",0.177580852594226,0.177136802498211,301,206
"2313",-1.1579601845244,0.139896138861993,301,161
"4041",1.74289186837496,0.269761592016295,301,251
"5421",0.609207384147629,0.197653674659014,301,220
"1709",-1.5895152755043,0.137669214301963,301,133
"916",-1.16836583680055,0.139729324559367,301,158
"4770",1.14470615542622,0.228671769905783,301,236
"593",-1.73090078037975,0.138713072177329,301,129
"3018",-0.084251172750499,0.166695491446678,301,192
"2887",0.138042675887773,0.175464206915811,301,204
"1833",-0.450881052747093,0.154577032885292,301,199
"3664",1.11234477274836,0.226633722057168,301,237
"3138",0.496130764235955,0.191878847935956,301,220
"1504",-1.21376604634618,0.139227134854396,301,152
"603",-0.761256864973182,0.146556679918594,301,171
"4094",0.682696581034966,0.201556204456643,301,221
"3487",-0.0778504457885651,0.166933813691383,301,195
"38",-0.219782877709885,0.161867132702254,301,197
"3084",0.969527542753063,0.217882412162922,301,233
"4427",1.056321577089,0.22315320668652,301,236
"3531",0.166806533028159,0.176677831691669,301,208
"3283",1.20078687470276,0.232250748074509,301,237
"4413",1.15108018858546,0.229075549779041,301,237
"5236",0.204029230555918,0.178274035948939,301,214
"3450",0.791646383313655,0.207555377021445,301,221
"643",0.0781462776939593,0.172990951206709,301,201
"4753",-0.613802048656932,0.150080711645574,301,181
"2236",-1.72332795168191,0.138693041120162,301,119
"2130",-0.143931694086915,0.164509138676521,301,194
"3799",0.773210163073454,0.206522514421004,301,225
"259",-0.31537270747296,0.158702566004787,301,193
"4248",0.648138371201225,0.199706454391771,301,225
"1398",-1.46322130562026,0.137993239025854,301,141
"1153",-1.2610699447619,0.139060673006427,301,150
"4827",-1.5086528491866,0.138054870281496,301,137
"749",-0.0228178203589336,0.169010261563384,301,204
"2705",0.815894774999547,0.208924709794579,301,222
"116",0.55377225689217,0.194787591537744,301,227
"209",0.740087540752294,0.20468488727247,301,224
"1928",-1.42753673461283,0.137845361837331,301,139
"2867",-0.0813548450098125,0.166803253592777,301,190
"1970",-1.13881107470006,0.140225221846887,301,164
"1234",-1.06440309365628,0.141274469411977,301,149
"1536",-1.03079424474593,0.141605048105155,301,158
"2503",-0.514506800798226,0.152761733660467,301,172
"4207",0.100096480127554,0.173888621156094,301,209
"3817",0.625140649284377,0.198489833007251,301,214
"342",-0.786095360281455,0.145993493782519,301,169
"3908",0.25272121865487,0.180409005643782,301,212
"1772",-1.01703015599953,0.141758691677624,301,156
"479",-0.623939714605632,0.149840659314139,301,173
"2063",-0.0568126160495834,0.167721588340738,301,204
"5079",0.976007490047938,0.218270760772946,301,237
"2206",1.12828511013771,0.227635104388462,301,242
"4124",0.857282409069334,0.211290200863678,301,232
"4325",0.016539058303901,0.170532251898421,301,201
"1465",-0.356546430989228,0.157376028438958,301,190
"919",-1.47242106980407,0.138030383056452,301,145
"811",-0.61572157398874,0.150034832754233,301,186
"4536",0.403920419330338,0.187379581004994,301,220
"368",-1.03544662974102,0.141557295657285,301,161
"4099",1.8626011878109,0.278713947997654,301,258
"4147",-0.245131188095884,0.161018417882194,301,195
"866",-0.224393366343098,0.161711824314664,301,209
"167",-0.953352641861218,0.14282767197366,301,168
"4853",-0.817437822419759,0.145377887138799,301,174
"2411",-0.0434862776992233,0.168224279799592,301,197
"5228",-0.362237212051926,0.157196867667027,301,191
"2608",0.425298585336538,0.188405749128886,301,211
"240",-0.28505563552767,0.159697845543875,301,192
"2688",0.315406916606209,0.183237708852918,301,209
"4101",-0.416951511307552,0.155546801665568,301,200
"3029",-0.548672743667978,0.151784698773413,301,176
"1692",-1.09055192786405,0.140979244422569,301,155
"1150",-0.594610294096654,0.15055246464412,301,170
"2579",-0.386317643057087,0.156454174768454,301,183
"540",0.224012642524935,0.179143634335765,301,207
"3815",0.459634611166808,0.190075295349983,301,212
"3326",0.568824265294881,0.195559174049696,301,211
"4421",0.710780385164212,0.203078384111165,301,225
"4267",-0.456100964198357,0.154429226340411,301,187
"711",0.16227373589953,0.17648546361395,301,204
"3981",0.209632967127007,0.178516973218413,301,216
"2190",-1.47447427717634,0.138037474299771,301,140
"2479",-0.614124461393128,0.150072990632455,301,173
"2489",-0.798701373783462,0.14573292667938,301,174
"656",-0.0724160872314362,0.167136650151284,301,195
"1242",-1.31235087156457,0.138758491585122,301,146
"4484",0.23461454966312,0.179608704285405,301,209
"1352",-2.41008343602044,0.153361997974593,301,91
"4097",1.54666230975657,0.255594611784884,301,250
"4224",-0.350025549363177,0.157582840106413,301,194
"4801",-0.698813596385731,0.148099642875936,301,167
"1549",-0.720864413365142,0.147555116344045,301,175
"4774",1.52102152142314,0.253791459585122,301,243
"5260",0.224746295947938,0.179175733687023,301,208
"2840",-0.446200425590188,0.154709682309894,301,183
"248",0.563373010462637,0.19527916483564,301,220
"1605",-0.0272009971541189,0.168842885124096,301,199
"4078",-0.300594364577347,0.159186735941875,301,183
"5311",0.17308073149019,0.176944807355375,301,216
"5308",0.278822306045022,0.181575994997602,301,217
"506",-0.224946775846554,0.161693214045977,301,194
"5163",-0.26082097977683,0.160497905670741,301,198
"5572",1.56357127739231,0.256789876109574,301,240
"1183",-1.3236489243715,0.138636521196432,301,142
"3220",0.853854426229798,0.211092927938036,301,231
"2211",-1.80808460695811,0.139049075035612,301,124
"2089",-0.761516058341408,0.146550510883926,301,176
"3115",0.757277580624182,0.205635683856407,301,218
"1338",-1.04623264672056,0.141451352820727,301,155
"2593",-0.213855371770734,0.162067543553859,301,193
"5202",0.318026877810439,0.183357851570536,301,213
"913",0.617093173437877,0.198066821170302,301,228
"2539",-0.916853310285362,0.143600535946929,301,169
"1468",0.493912510793996,0.19176837787933,301,216
"1145",-0.923083525168781,0.143470104077492,301,170
"4246",1.09547964329402,0.225579562141478,301,234
"2117",0.540056192256703,0.19408880890702,301,223
"3838",1.1033809868258,0.226072755535443,301,236
"3695",0.881915956812021,0.212714930297389,301,229
"5177",-0.401458986768328,0.156000705775286,301,190
"955",-0.538510989986589,0.152072612941614,301,181
"2914",0.085385232463245,0.173285824137968,301,197
"1895",-0.265930074222292,0.1603289175311,301,193
"899",-1.04064112604288,0.141505656170882,301,161
"1313",-0.623036616612256,0.149861832533873,301,182
"2586",0.253299096261339,0.180434672652048,301,209
"2048",-1.60029787507224,0.137680026316372,301,127
"3548",0.398051482315345,0.187099643491156,301,211
"1374",-1.02524030656148,0.141664526235843,301,160
"3202",0.71595467836523,0.20336068477547,301,217
"2692",0.935366747863775,0.215849060674632,301,231
"2841",-0.442810488114906,0.154805873318217,301,184
"4658",1.15147312166507,0.229100466452563,301,235
"5134",0.225018135857978,0.179187630576362,301,212
"1753",-1.54191830078503,0.137887499089723,301,136
"5482",0.622023246512281,0.198325801089915,301,222
"1788",-0.871036968040633,0.144470723493815,301,172
"760",-0.522171726443744,0.152540995455371,301,180
"2531",-1.022226246731,0.141698152364643,301,153
"5494",-1.32207041318569,0.13865456845258,301,153
"4911",1.11064185047482,0.226527031782322,301,235
"558",-0.985546096484908,0.142212058725195,301,161
"1787",-1.62273385129053,0.137797815133881,301,130
"4489",0.00150607759495512,0.169946630549905,301,203
"4302",-0.2041211486974,0.162398633254563,301,192
"1364",-0.876439077261588,0.144376772626246,301,152
"2487",-0.684583303508371,0.148441076761771,301,176
"733",-0.236725036555159,0.161298589264727,301,194
"4757",0.116260862656587,0.174556222704248,301,209
"4558",-0.0336997402207792,0.168595426663307,301,190
"4359",0.981671084485096,0.218610871865409,301,227
"152",0.152498005559432,0.176072022975044,301,198
"4029",-0.696082349772662,0.148165857249693,301,172
"5300",-0.619489996572457,0.149945362830358,301,187
"2976",0.173109614601567,0.176946038275513,301,210
"3342",0.282592945627017,0.18174587169006,301,204
"4263",-0.028680048435712,0.168786493220567,301,200
"5530",0.407061841515746,0.187529734559696,301,218
"5415",1.06686130230777,0.22380334917329,301,235
"637",-0.666612684265103,0.148860477147877,301,180
"1024",-1.0773330293757,0.141137539907499,301,160
"187",0.169831003851976,0.176806424450234,301,204
"945",-1.20786010205745,0.139268322021958,301,150
"2331",-1.44427363271997,0.137905499376067,301,149
"2832",-0.656467622146353,0.149093124517322,301,173
"3567",1.02630273433555,0.221313406456966,301,231
"4158",-0.768120995167716,0.146395149850954,301,177
"556",-2.14455410329416,0.145275896165165,301,108
"1616",-0.265588167131012,0.160340220192541,301,189
"1393",-0.322600168096815,0.158466830463601,301,192
"5346",0.513453000089632,0.192745264052295,301,223
"236",-0.267393603050272,0.160280546111102,301,190
"1686",-0.759818858179219,0.146590997927623,301,178
"2169",-0.874387585138639,0.144412677666459,301,164
"72",0.109662114967812,0.174283038787847,301,201
"2754",0.118112684151767,0.17463304607803,301,204
"105",-1.34381305131499,0.138388189676206,301,149
"24",-0.0535670845451845,0.167843741532316,301,203
"1202",-2.31363460846315,0.150135524645567,301,88
"3196",1.76843753600795,0.271652683906404,301,254
"2690",0.579103685538651,0.196088951679367,301,224
"5363",1.94620898436301,0.285100764006588,301,264
"1706",-2.02055018184906,0.142292278101725,301,114
"1666",-1.25878463415867,0.139066658180594,301,156
"5310",-0.94143786740668,0.143079141212299,301,155
"1389",0.233103759236618,0.179542272207328,301,212
"412",-0.484563532505983,0.153621191850008,301,185
"161",0.0100143139436176,0.170277396455763,301,195
"3598",1.54652789535063,0.255585129861392,301,253
"2245",-1.26127635719511,0.139060118884186,301,150
"1111",1.59064052723592,0.258713492978743,301,246
"2202",-0.163542509443522,0.163809291326626,301,198
"2396",-0.32088192702016,0.158522795655135,301,200
"1035",-0.882831044098047,0.144262936374114,301,165
"3021",0.199274978896972,0.178068478378421,301,208
"2433",-0.363138834899816,0.157168601883696,301,192
"2200",-1.26688072613086,0.139043974736216,301,150
"1516",-1.77506029747102,0.138805760284907,301,122
"1170",0.00355044340882173,0.170025947907125,301,205
"1376",-0.0853163185562369,0.16665589405583,301,212
"625",-0.870217149687256,0.14448482044395,301,165
"2161",-1.00787227101641,0.141874414162308,301,167
"1523",-1.55386642448744,0.13780952015367,301,138
"2216",-1.14347644652015,0.14014391149034,301,166
"4949",0.813957639412,0.208814866041176,301,232
"5399",-0.836441986185544,0.145048699480309,301,172
"1880",-0.472273607796753,0.153970951419784,301,186
"653",-0.857323198648431,0.144702255962606,301,170
"2038",-1.45864565593808,0.13797245935802,301,136
"15",-1.46419170746601,0.137997494063902,301,139
"1610",0.410817852306348,0.187709551692654,301,213
"1108",-0.972051949342014,0.142454448429906,301,161
"2373",-1.76811022054246,0.138782127125894,301,125
"2511",-1.05991353909412,0.14131912980586,301,164
"2230",-0.596616142295732,0.150501965158934,301,181
"2197",-1.15289436357603,0.139981390038134,301,159
"1192",-1.37332415914737,0.138041833669354,301,139
"1697",-1.16814492645226,0.139732721399911,301,151
"22",-0.474484195349636,0.153908167354429,301,193
"2459",-0.683557802110365,0.148465342852656,301,171
"434",-0.448912765990073,0.154632795765879,301,184
"4805",0.0408645791597943,0.171491818143992,301,200
"51",-1.84297144169842,0.139564235168233,301,124
"1619",-1.2281393487593,0.139153340923491,301,146
"758",0.510188222417647,0.192581458823222,301,219
"807",-0.0657769286816514,0.167385072136463,301,205
"389",0.02076566452284,0.170697907795874,301,203
"2225",-1.31489526174157,0.138732582533699,301,154
"1926",-0.20204283332986,0.162469662052233,301,202
"817",-1.51987694967132,0.138014412427882,301,144
"1529",-1.36137280485238,0.13817116229213,301,147
"1599",0.563989365307922,0.195310791979303,301,217
"1440",-0.475836845941965,0.153869724764507,301,194
"1161",-0.553351122098762,0.15165349158345,301,187
"4405",0.343827656425397,0.184549006880097,301,208
"1438",-0.225803066338934,0.161664431361809,301,191
"45",-0.287678136953002,0.159611476776236,301,192
"2229",-0.852719356286089,0.144778595531095,301,176
"1345",-2.48360704811297,0.156182629352011,301,92
"1380",-1.70718353733169,0.138624021528109,301,135
"2642",-0.0969270212711447,0.166225437021312,301,190
"2254",-1.23210055400069,0.139138437545076,301,157
"1120",-1.146220305521,0.140096215813525,301,148
"1401",-0.402824466676141,0.155960311129123,301,187
"1512",-0.694513677802722,0.148203742204404,301,179
"2215",-2.14683327115922,0.145326746212931,301,108
"49",-0.167730269411543,0.163661330898013,301,198
"729",-0.524084594180491,0.152485958212766,301,184
"1966",-1.10453533260014,0.140787156318365,301,163
"222",-0.939367692858293,0.143123315249741,301,163
"44",0.754378935894495,0.205474918060654,301,226
"2178",-1.09978551847739,0.140855328705332,301,167
"1764",-0.285664960152071,0.159677774696924,301,193
"2452",-0.901609752394205,0.143909039920453,301,168
"2079",-1.57574799570472,0.137696544406115,301,133
"1475",-0.799772589894997,0.145711617581371,301,173
"1765",-1.40087884661758,0.137854012328145,301,146
"4022",-0.165675411594785,0.163733864655106,301,205
"3890",-1.14445450584081,0.140126890780404,301,159
"2323",-1.58793056878514,0.137670116838039,301,135
"1041",0.114399896932893,0.174479090038517,301,210
"3439",0.149933483252133,0.175963883929903,301,204
"5461",0.644655155681402,0.199521448053956,301,218
"4790",3.25965229661177,0.397513077806313,301,272
"5017",0.823254297393067,0.209342738847248,301,223
"3743",1.26541002245118,0.23644798086391,301,244
"4194",0.234769172796833,0.179615506315857,301,214
"3939",1.33796282134236,0.241251872413009,301,238
"272",-0.505577185152889,0.153018861516063,301,184
"1935",-1.02987809328541,0.141614658087167,301,157
"1974",-0.798317733706848,0.145740589667264,301,174
"4360",1.68567923547018,0.265564897389627,301,254
"5355",1.91490488800431,0.282696714962252,301,250
"2272",-2.12287674789799,0.1447863436995,301,105
"917",-0.819528550174268,0.145340398577771,301,164
"3735",0.329405364340521,0.183881376897965,301,208
"516",-1.02102677725843,0.141711827564793,301,161
"2437",-0.389392177743725,0.156361251823867,301,181
"1212",-1.16173116495413,0.139834207625569,301,145
"5258",-0.750399052369077,0.146819239211623,301,172
"5088",1.64722812926928,0.262774746939231,301,245
"2693",0.0924846374003039,0.173576140350625,301,200
"3423",0.876357157930952,0.212392335837454,301,224
"5060",1.56983171812829,0.257233653101916,301,237
"2309",-1.3190344097429,0.138688421181635,301,156
"5190",0.566349887190759,0.195431994680659,301,222
"2143",-0.0170612179387477,0.16923068826564,301,203
"2566",-0.866600210586535,0.144546564905976,301,171
"980",0.0869361573836827,0.173349151822317,301,201
"5058",1.02942052903416,0.221503667014706,301,231
"4771",-0.467047029197729,0.15411921612203,301,179
"5561",0.52499215331767,0.193326111910688,301,221
"5339",1.54146147458158,0.255227957773709,301,247
"5557",2.36299489233157,0.318485370453322,301,258
"5227",0.0748702084110693,0.172857892931206,301,206
"4403",1.74425950371549,0.269862566756911,301,247
"2239",-1.49927075429702,0.138071328141228,301,141
"738",0.528933197859802,0.193525165880347,301,215
"3882",0.235861485444367,0.179663574053573,301,206
"585",0.81453561141432,0.208847631296628,301,221
"1344",-1.44202009211893,0.137895673370989,301,149
"3454",0.135481301669543,0.175356942684633,301,210
"2096",-0.361018915230301,0.157235114035115,301,185
"3218",1.01946914304433,0.220897062773812,301,227
"2146",-0.953563460539947,0.142823288625693,301,167
"301",0.240673032105353,0.179875637820257,301,209
"1471",1.31170169381972,0.23950197961711,301,243
"128",1.19937466601558,0.232159895443832,301,236
"2753",0.419913370143588,0.188146295285504,301,211
"956",-0.0618460787155432,0.167532478048477,301,200
"1461",-0.0651461718435433,0.167408709092073,301,198
"1847",0.136481015476217,0.175398792730765,301,212
"3165",0.598588997537552,0.197099501715175,301,221
"5024",1.78218379764765,0.272674660149076,301,248
"3448",1.37294388706446,0.243602156569822,301,244
"484",-0.338703515039755,0.157945329579301,301,189
"2964",0.998814692538375,0.219644278369729,301,234
"1416",0.541483482210348,0.194161331737417,301,224
"463",-0.994760233818762,0.142062813474634,301,166
"4643",1.23927441964197,0.234741145965729,301,231
"4369",-0.220937676930753,0.16182818684138,301,192
"5361",-1.20071173519622,0.139327797700587,301,150
"3972",0.797150437775674,0.207865117363171,301,228
"3977",1.47536884265353,0.25060909926608,301,241
"3523",0.71099662810008,0.203090170478268,301,222
"2057",-1.34989199802028,0.138311171030944,301,146
"3289",1.46943642166438,0.250198221120362,301,239
"5003",-0.13838099776046,0.164709182275455,301,200
"568",-1.1245690182888,0.140470119140502,301,148
"4552",-0.0287666373700363,0.168783193182406,301,195
"3565",0.778541939644642,0.206820484683291,301,229
"377",-0.723422653152098,0.147491139894062,301,170
"2871",0.640479031510139,0.199299985854314,301,217
"4605",0.346116304281726,0.184655367773018,301,216
"3496",1.04877973970894,0.222689320016193,301,235
"2233",1.77868209726147,0.272414034303248,301,243
"3813",0.0990041928960203,0.173843704893131,301,202
"4324",-0.648768299847674,0.14926885352166,301,176
"3728",0.118590847886037,0.17465289411497,301,209
"824",-1.07496339202688,0.141163781612936,301,163
"4404",-0.351305389272254,0.157542128283084,301,188
"4912",0.641478817836759,0.199352970617644,301,224
"444",-0.0214818373315178,0.169061355846051,301,202
"4810",0.818179989636977,0.209054391706904,301,221
"4498",0.231909599827206,0.179489800344517,301,213
"4441",1.50526996583353,0.252689368351709,301,240
"1299",-1.69099775172766,0.138510972432958,301,135
"4256",2.12712151445654,0.299284696674975,301,255
"4465",0.384556535768169,0.186458842771579,301,221
"1437",0.41447114716828,0.187884752216812,301,220
"461",-1.08698122593115,0.141024134925364,301,158
"423",-0.602670949195025,0.150351273663909,301,171
"3184",1.49493330540332,0.251968474293538,301,244
"3944",0.773701402731246,0.206549942665482,301,232
"786",0.270469407895114,0.181200830351215,301,208
"1543",-1.46593895837874,0.138004985308386,301,139
"3134",-0.0647094886490261,0.167425076971816,301,196
"1839",1.07751335258039,0.224462618130012,301,234
"5080",0.596034598072084,0.196966554021964,301,215
"4938",1.39370143385571,0.245007172958556,301,242
"928",-0.0518557145454418,0.16790822261954,301,200
"4290",-0.96647365355074,0.142561935534454,301,159
"5110",1.97351530879255,0.287210098489259,301,248
"4541",0.266822701788535,0.181037542132218,301,209
"171",-0.411099064230718,0.155717174103923,301,181
"4293",0.423673300020146,0.188327376394936,301,221
"5524",0.865587310161605,0.211769135179477,301,233
"2246",-1.67339319170136,0.138340652931368,301,136
"4995",-0.173593747724184,0.1634550827157,301,195
"1511",-0.761871552691112,0.146542058211111,301,169
"4687",0.538834335606888,0.194026759994203,301,218
"3971",1.91073313124103,0.282377482727259,301,250
"2619",1.22667545778292,0.233922869524785,301,239
"2303",-1.25692211881884,0.139071364725637,301,155
"4127",-0.0645414745140812,0.167431375316525,301,202
"2330",-1.04685246709995,0.141445381515296,301,149
"2961",0.641969348245284,0.199378974744521,301,225
"4918",0.655216067905654,0.200083187339633,301,219
"2794",0.850192990099305,0.210882488460161,301,225
"410",0.849529316717023,0.210844373790663,301,226
"1506",-1.39685527231406,0.13787003779956,301,137
"2868",1.93263827506051,0.28405672207676,301,254
"2340",-1.13579740833128,0.14027767583024,301,154
"1130",-0.888293017881314,0.144163099255514,301,172
"4039",1.02651082364896,0.2213260989552,301,228
"2297",-0.339860203899924,0.157908117878602,301,192
"5102",-0.416106561193633,0.155571323493872,301,181
"2741",0.395070861715204,0.186957764927763,301,215
"1008",1.22607274846851,0.233883798806342,301,237
"5222",0.0389304233033455,0.171414975020891,301,192
"1361",0.66155467384509,0.200421501317262,301,225
"2067",-1.03747613825467,0.141536940695498,301,168
"4188",0.410088840791322,0.187674626120054,301,216
"3484",0.991898717887829,0.21922668382862,301,233
"3003",0.199569878310454,0.17808121415987,301,211
"3211",2.20552771838723,0.305580985224176,301,254
"4183",0.875472026029568,0.212341027434762,301,228
"3257",0.830507554035373,0.20975583511907,301,218
"2432",-0.748422861050067,0.146867767081372,301,177
"5306",0.617773674190773,0.198102536869986,301,220
"5248",0.83814212180908,0.21019182924945,301,231
"3864",-0.47976879697674,0.153757859822634,301,189
"5090",0.787700834069343,0.207333732498181,301,228
"3412",1.14781961875298,0.228868903809839,301,237
"3595",1.52994414822929,0.25441764882303,301,253
"4533",-0.521404475264353,0.152563079066103,301,183
"2930",1.72719058492735,0.268604524276857,301,246
"4914",1.0405829109687,0.222186408345486,301,227
"5334",-0.478361471991939,0.153797919473575,301,182
"3628",1.14225973720982,0.228517000576981,301,243
"1048",-0.0812054089565409,0.16680881711756,301,200
"705",0.0481582945269418,0.17178243840062,301,203
"1371",-0.439461314772545,0.154901045277836,301,194
"3121",0.122857147555944,0.174830187480547,301,203
"4080",0.672395162074971,0.201002112318557,301,226
"292",0.211153489712531,0.178583014289653,301,208
"4654",1.73868856930124,0.26945144619971,301,250
"3918",0.083039225184988,0.173190132838562,301,202
"2113",0.220104196946394,0.178972837699443,301,207
"696",0.644550310863631,0.199515883442644,301,216
"4661",0.829262335050631,0.209684838109049,301,227
"414",0.646347802951797,0.199611317874569,301,223
"1720",-1.54641150934749,0.137857955714913,301,141
"2724",2.98155135768016,0.37213559521306,301,272
"1505",-0.967802381193145,0.142535990369153,301,167
"1891",0.915515798882216,0.214678296207614,301,225
"3860",1.49030341744154,0.251646179951146,301,245
"210",-1.01515838312061,0.141781365617497,301,168
"168",-0.446772552110476,0.154693459278591,301,195
"689",1.27946957924337,0.237371378971453,301,240
"1964",-1.37263013833395,0.138048709428442,301,150
"1038",-0.611832289779874,0.150128017308578,301,186
"4915",1.47201400197335,0.250376668289602,301,240
"1217",-0.7933424742887,0.145841481615174,301,171
"396",-0.304779216404395,0.159049395685248,301,193
"5542",1.14528546542876,0.2287084358656,301,238
"3158",0.622790657777511,0.19836616123537,301,214
"3654",0.454662247003108,0.189831882568878,301,227
"3800",0.312321775694815,0.183096428188922,301,216
"1064",-0.561045047998096,0.151440013652203,301,173
"1",0.251275138711392,0.180344810485896,301,206
"2415",1.06268239531598,0.223545314330161,301,234
"4713",-0.455158042137291,0.154455921276201,301,189
"5511",0.993473487759522,0.219321686668829,301,231
"4709",-0.00897868563077089,0.169541384781208,301,209
"3793",1.0470890083824,0.222585478433594,301,236
"2137",0.0547240532902427,0.172045184469842,301,207
"4865",-0.280339751645232,0.159853254735385,301,187
"1298",-0.693981211305025,0.148216577492762,301,176
"4163",0.0601353418318468,0.172262526001707,301,209
"4504",-0.00458190914952161,0.169711013990987,301,200
"1181",-0.901959957308842,0.143902154038918,301,168
"322",0.395589965677263,0.186982460349798,301,214
"772",0.722916608322414,0.203741419702507,301,227
"737",-0.443937739642918,0.154773873223324,301,187
"1580",-1.38617027209354,0.137932213410758,301,145
"3285",-0.621454063639333,0.149899028354373,301,190
"1931",-1.18382956285656,0.139511636550978,301,158
"5289",1.08896203613076,0.225173647568806,301,230
"3723",1.08916818868699,0.225186474105776,301,234
"1932",0.0627208110471109,0.172366620255735,301,198
"4363",2.17780232467003,0.303344507545216,301,252
"2012",-0.770691527325153,0.146335716929391,301,167
"1882",-1.04810806919488,0.141433300995042,301,158
"4631",0.441674225064009,0.189198696075002,301,216
"4618",1.51129040358669,0.253110095108604,301,250
"4787",0.473196631893339,0.190742017993954,301,213
"2477",-0.607430289025227,0.150234605366251,301,173
"4553",2.33264939895526,0.315972344658609,301,259
"3665",0.704755723994682,0.202750411683891,301,229
"2603",-0.336273825685654,0.158023615010275,301,193
"3354",0.676905251061975,0.20124441875611,301,220
"5199",-0.515160238953978,0.152742910008469,301,184
"4874",-0.369149416924191,0.156981044852819,301,188
"1859",-0.0540986847182347,0.167823721718489,301,206
"1618",1.05981165318417,0.223368251942018,301,232
"3233",0.212881255762888,0.178658120225791,301,213
"4209",0.343131782976593,0.184516689946939,301,211
"5031",1.84846231978527,0.277644685593839,301,246
"1948",0.46337242708294,0.190258638423241,301,216
"4412",2.28839039713336,0.312329286935079,301,261
"4546",1.68328094359024,0.265390151866337,301,247
"2480",0.20437779628408,0.178289126623546,301,203
"3201",1.34952311192642,0.242026140754367,301,240
"470",0.823004597117249,0.209328537103828,301,231
"4140",0.495068705459259,0.191825943243028,301,217
"3108",0.97545757343155,0.218237771212181,301,234
"227",0.0564964399802597,0.172116292920296,301,206
"3730",0.730196912551255,0.204140673221699,301,224
"1430",-0.927216180758741,0.143382627679869,301,163
"5512",2.2773935151952,0.311428241305019,301,258
"3405",0.157298051258726,0.176274785869596,301,203
"4983",1.18011631118925,0.230924674463813,301,235
"5324",0.124932557840539,0.174916567009019,301,206
"1865",-1.41550999963273,0.137829575990181,301,142
"5458",0.203470754095154,0.178249863154763,301,203
"4532",1.6878155134898,0.265720631958293,301,252
"1925",0.487591169631471,0.191454173561395,301,219
"2106",-0.876007609795516,0.144384348263442,301,171
"3223",1.29449870455655,0.238362468162189,301,233
"3697",0.72895574090818,0.204072527135189,301,230
"1938",0.712482304770061,0.203171174684447,301,223
"3381",1.01326633183269,0.220519947874052,301,228
"3700",1.20229950466868,0.232348102665445,301,240
"4446",1.22299739731723,0.233684544080072,301,238
"3007",0.329816663462043,0.183900353810707,301,213
"3927",1.65518391564588,0.263350031067777,301,243
"4128",2.42615360898685,0.323754735730603,301,259
"1565",-1.73861134989001,0.138728003680892,301,120
"1603",1.33538579024131,0.241079600724019,301,237
"2740",0.195631933540715,0.177911305755485,301,209
"5516",0.602466774182634,0.197301598163178,301,219
"5036",1.41026068437944,0.246133524242377,301,243
"5406",1.25863051599585,0.236004019819903,301,234
"87",0.466653630567645,0.190419842575865,301,217
"4052",0.0904231359458054,0.17349172590087,301,199
"1648",0.11114252208441,0.17434424927633,301,207
"2667",1.98609464456173,0.28818564446037,301,253
"5239",-0.244497411481131,0.161039504808808,301,191
"2328",-1.5730582359546,0.13770658731768,301,134
"2184",-0.893154913998826,0.144072113632301,301,168
"2968",1.70943354280558,0.267300817968878,301,245
"3620",1.38560235636568,0.244458055283435,301,237
"3685",0.333117834122826,0.184052800002252,301,211
"1439",-0.0830757685952875,0.166739208347085,301,202
"619",-0.996726606772305,0.142032768679797,301,166
"3804",-0.457142626498753,0.154399736670671,301,184
"2671",2.07343481775906,0.295024726655282,301,250
"3863",0.0550440915456996,0.172058018773747,301,198
"4330",-0.118218668213377,0.165442180387415,301,188
"3252",-0.938614570653769,0.14313940076485,301,167
"534",-1.13183326138416,0.140346315826274,301,154
"3843",1.94746391872673,0.285197453596335,301,256
"2738",0.814709970992257,0.208857517116232,301,226
"4393",3.17953805775797,0.39013759901269,301,274
"3160",1.16886345023098,0.230206157438065,301,232
"57",-1.70106988101238,0.138586678481643,301,128
"3658",0.682226358417876,0.201530862260664,301,225
"260",0.432811769813934,0.188768809481736,301,213
"4016",0.579491003667116,0.196108958224272,301,224
"3969",1.34147363787519,0.241486759749418,301,246
"582",0.0698556574303668,0.172654704971572,301,207
"3675",0.10816391676865,0.174221138552894,301,205
"2846",-0.566084885409917,0.151301946933913,301,175
"5243",-1.27294886744647,0.139023377113539,301,154
"3148",-0.220114986387521,0.161855929081313,301,200
"3761",0.0401050875011632,0.171461632659157,301,202
"1428",-0.770471619431019,0.146340777372497,301,168
"4919",0.220811029203268,0.179003699844162,301,212
"1280",0.14315636860245,0.175678748073563,301,208
"3502",0.639742721386188,0.199260978174243,301,214
"4678",0.852791321987398,0.211031797926909,301,223
"4848",0.137425631570107,0.175438354601711,301,209
"2711",1.20880732717079,0.232767442570461,301,246
"3576",-0.821738537545564,0.145301170566646,301,167
"3265",1.03515601468618,0.221854169261755,301,233
"2999",1.10830823323832,0.226380918245968,301,237
"2488",-0.31471008648659,0.158724218785089,301,192
"1633",-0.738609831356206,0.147111063149437,301,173
"4535",0.195257739334365,0.177895178444453,301,214
"1846",-1.04118017981073,0.141500374979097,301,160
"2942",0.0225861983966714,0.170769399120908,301,195
"1332",0.0624919121346323,0.172357398016448,301,210
"3897",2.56096594621475,0.335172429024964,301,259
"3116",0.821579999788131,0.209247537731933,301,223
"2725",0.650914341439191,0.199854084790398,301,233
"4002",1.15540137674441,0.229349726298586,301,233
"1405",-0.662424706883622,0.148956758173856,301,172
"5347",1.4633298195349,0.249775921279862,301,242
"4143",1.95061187111217,0.285440101969488,301,251
"2683",1.64586658357295,0.262676399156524,301,248
"709",0.0884542804518464,0.173411191455644,301,204
"305",0.622573303526136,0.19835472871282,301,223
"4674",0.72956381755796,0.204105909262814,301,223
"1567",0.94489755751864,0.216413999725436,301,227
"3357",0.921667619559711,0.215040262274054,301,227
"4069",1.13926605221216,0.228327764395425,301,230
"699",0.0509805313725995,0.171895247125764,301,198
"1595",1.58252112208181,0.258135198636424,301,241
"3341",1.61510233098063,0.260462492477594,301,242
"156",-0.0314985060674441,0.168679153003516,301,197
"4626",2.40554655014527,0.322029754166424,301,259
"522",-0.0922129482211099,0.166399943289049,301,187
"5341",1.24757416744038,0.235281807412564,301,241
"1769",-0.314454842391015,0.158732561162305,301,193
"427",0.622072192471216,0.198328374902344,301,221
"4366",-0.0582926945807233,0.167665938838631,301,197
"5327",-0.480576343256669,0.153734862024617,301,181
"2296",-0.973766888900001,0.142422198115274,301,165
"481",-0.336547083953436,0.158014802610082,301,179
"4603",-0.0663404723436277,0.167363959159736,301,200
"2140",0.308461012595432,0.182919924520385,301,213
"1853",-1.12192141782666,0.140514338237094,301,162
"433",1.19958801920569,0.232173618847998,301,236
"3823",0.45366558552658,0.18978315963367,301,213
"4870",0.352108811659525,0.18493439809778,301,208
"5021",2.4189300433363,0.323149437493494,301,261
"5069",0.88222097341477,0.212732649717626,301,226
"3408",-0.329135681833355,0.158254474509005,301,186
"3941",1.05540120337333,0.223096536376381,301,234
"4322",-0.154896151290694,0.164116470750225,301,195
"1463",-0.761069187971947,0.146561150004037,301,178
"5400",0.551127612101319,0.19465253590912,301,222
"4107",0.263702478891627,0.180898070952517,301,207
"2164",-1.17589497189455,0.139618092448844,301,150
"4722",-0.0184335500281863,0.169178076545146,301,205
"2938",0.378421578419444,0.186168850696342,301,215
"3447",0.369345631602743,0.185741351774421,301,209
"710",0.123300641696263,0.174848638647905,301,202
"941",-1.0213745361052,0.141707844912097,301,162
"1652",0.633544814685016,0.198933096790698,301,217
"3604",0.98687937652435,0.218924205890776,301,234
"3900",3.1692758383976,0.389196413453921,301,273
"1888",-0.169209818726233,0.163609186095671,301,195
"4192",1.06504712981471,0.223691287728863,301,231
"1031",0.670504442478263,0.200900663359394,301,217
"5136",0.62535409558413,0.198501071881092,301,222
"3516",1.54466820462859,0.255453974453193,301,242
"4559",1.19578198844042,0.231928933861338,301,238
"4358",1.41043834507,0.24614563503079,301,243
"3004",-0.151983844752741,0.16422043536818,301,194
"4630",1.39618142362295,0.245175550089538,301,244
"4211",-0.761356864476795,0.146554299230817,301,168
"3350",2.05271870753194,0.293392265505853,301,254
"5567",0.87488253683663,0.212306865471326,301,234
"2654",1.03798028395698,0.222027001213606,301,231
"212",0.582643463275531,0.196271917141192,301,216
"5336",1.75835470405273,0.270905009131414,301,251
"4260",-0.188595810005825,0.162932316927272,301,186
"5231",-0.647452640132131,0.149298874084742,301,176
"4506",-0.422871945117634,0.155375642919703,301,178
"863",-1.20827605406267,0.139265191118135,301,162
"3898",2.10788076524541,0.297753123840253,301,256
"5565",1.62134330755242,0.260910332053458,301,243
"93",0.207597987414221,0.178428669477314,301,216
"4235",-0.626937645924427,0.149770632040505,301,176
"5111",2.04026885512729,0.292414263908568,301,254
"2040",-1.98057977467704,0.141595276835317,301,116
"1623",-0.265814286063416,0.160332745125809,301,194
"5335",0.107744403660287,0.174203814049649,301,206
"3710",-0.0365893962752037,0.168485655150561,301,196
"4155",0.196375128342041,0.177943345705119,301,203
"2472",-0.602900537017423,0.150345610339447,301,173
"2835",-0.86949484602575,0.144497208177505,301,174
"5052",0.803911474634892,0.208246462861319,301,230
"4716",2.64999513241899,0.342834067958386,301,261
"3579",-0.599887589094547,0.150420223636153,301,184
"2278",-1.82026613929286,0.1392021364342,301,125
"3621",0.462916602255509,0.190236263043469,301,222
"1140",-1.07706981040492,0.141140483924108,301,164
"3209",1.34966308179109,0.242035530220989,301,238
"353",-0.78464003371405,0.146024736447759,301,171
"4813",-0.660431357699675,0.149002453114014,301,184
"4060",2.17862803857573,0.303410956398598,301,257
"1132",-1.26531009504042,0.139048737016271,301,144
"1531",-2.02672486545686,0.142425610397485,301,112
"4647",0.0737701314527326,0.172813268289551,301,205
"3260",1.19025336064668,0.23157398994027,301,232
"804",0.110300685854562,0.174309436303802,301,203
"2580",-0.553560795599853,0.151647634403288,301,184
"4215",0.104218588700695,0.174058353554095,301,201
"3686",0.390106010181471,0.186721871337036,301,216
"4013",-0.393596071757407,0.156234899040551,301,184
"612",-0.902943848253709,0.143882753791834,301,164
"5043",-0.260830313103477,0.160497596770868,301,189
"2129",-0.632535686369202,0.149640817023529,301,180
"3849",-0.46221156122135,0.154256216347452,301,182
"1911",-0.996239233963383,0.142040155830947,301,166
"3795",1.36214196851834,0.24287405666333,301,242
"3785",-0.717567800709791,0.147637402996329,301,166
"2723",0.490473190907472,0.191597314868004,301,216
"1055",0.112075014880568,0.174382828171551,301,208
"1411",-0.438688311438346,0.154923034445044,301,178
"4252",0.834447692159383,0.209980697023983,301,228
"4639",1.60548931601314,0.259773965058951,301,242
"3328",1.48604100389688,0.25134979536237,301,245
"4038",0.735061182786395,0.204408060693497,301,226
"4840",0.388334219751843,0.186637820177876,301,213
"2828",-0.685662086189877,0.148415501599711,301,170
"2599",-0.851530655793953,0.144798256939768,301,177
"274",-1.08862424180165,0.141003684444046,301,152
"5299",0.647318698097093,0.199662894867895,301,219
"792",0.248383546774515,0.18021659081572,301,199
"2916",-0.0119988666501118,0.169425118661332,301,197
"3431",1.25995430402495,0.236090642456173,301,239
"3106",-0.69031599004127,0.148304592280968,301,173
"2251",-0.910631618618374,0.143728505306119,301,169
"2670",1.58027659062228,0.257975531993435,301,250
"3818",3.41848966732627,0.41227016953887,301,275
"4648",0.883257979680731,0.212792907103949,301,232
"578",-0.789745312205959,0.145916187150443,301,166
"2869",0.598193480666177,0.197078907128106,301,220
"800",-0.218398312998943,0.161913868762577,301,190
"17",-0.920084339056228,0.143533141883637,301,166
"3406",-0.321877090674842,0.158490375613924,301,196
"1499",1.12731579891566,0.227574072547941,301,234
"4816",-0.706806082013425,0.147904130205899,301,176
"4769",0.0584466494865713,0.172194624172617,301,205
"3269",-0.121561185166569,0.165320025396057,301,191
"2386",-2.11068741358159,0.14450108330973,301,114
"672",-0.668666342142083,0.148813101742086,301,182
"2574",-0.826611005902681,0.145216010071849,301,168
"4795",1.61614231024165,0.260537073758452,301,245
"1301",-0.760257583339785,0.146580511402733,301,174
"4877",0.319441229550049,0.183422771713042,301,209
"3754",0.498215926505014,0.191982789852732,301,226
"4313",0.844559459714059,0.210559245260971,301,224
"3955",-0.167491526744021,0.163669751466229,301,196
"2418",-1.3902334394739,0.137905268455973,301,142
"5563",0.796769878579565,0.207843680982845,301,227
"4186",0.477054752932695,0.190932440151699,301,220
"4218",-0.842879906091721,0.144941361169342,301,169
"641",-1.11964880913909,0.140551819031508,301,163
"1303",-0.204565791027108,0.162383453056522,301,198
"5374",-0.754308560335087,0.146723845189395,301,171
"293",-1.2029246769974,0.139308227008423,301,153
"1708",-1.7645123046251,0.138772510100002,301,130
"2655",1.32884701419517,0.240643029927345,301,239
"1115",0.0778351823002673,0.172978305468383,301,203
"1323",0.275313707258532,0.18141821455787,301,216
"3203",-0.130839501994375,0.164982235383292,301,197
"1114",-1.02388302369325,0.141679541790967,301,160
"182",-1.01982695005783,0.14172568264207,301,167
"5298",-0.745215893967868,0.146946896979349,301,170
"1476",1.15551598236277,0.229357002778562,301,239
"1408",-1.37416744489802,0.138033599135253,301,140
"2355",-0.0570655358618148,0.167712076302707,301,198
"2918",-0.779112787130174,0.146145522792738,301,170
"5504",0.883837172684169,0.212826571905853,301,230
"4210",-0.472268081596277,0.153971108311176,301,184
"3673",1.63620215982034,0.261979204253068,301,248
"199",0.651645931275859,0.199893019694948,301,223
"761",-0.690935455614344,0.148289758124018,301,182
"1862",-0.9657252864705,0.142576637495956,301,167
"4346",-0.141823983940611,0.164585003238334,301,201
"2104",-0.35743669348269,0.157347916500939,301,191
"4697",1.29402241525157,0.23833099602035,301,245
"2364",-0.789691457463721,0.145917316818329,301,179
"4677",0.858149776201299,0.211340154413147,301,231
"1268",-1.23732334783762,0.139121456621939,301,158
"2015",-1.30096274181986,0.138861672170611,301,147
"4783",-0.127616316102725,0.165099356942548,301,204
"1397",-0.759907367992501,0.146588881201365,301,180
"3648",1.19828752252438,0.232089980953298,301,236
"3179",0.487147075837602,0.19143213323918,301,212
"623",-1.91642292142535,0.140811846846651,301,119
"2098",-0.408838885565992,0.155783313589214,301,177
"4365",1.53211581409901,0.254570263459323,301,246
"3112",0.62700169749157,0.198587858595715,301,224
"1479",-1.78298285435065,0.138842678791698,301,119
"5259",0.856782057810921,0.211261391616046,301,225
"4206",-0.886049232664272,0.144204411114994,301,164
"4557",-0.293325848673664,0.159425616210262,301,189
"3832",1.50234358738447,0.252485090504765,301,249
"169",1.15173341697418,0.229116973915925,301,233
"1467",-1.90577204861864,0.140661716999296,301,123
"2144",-0.151572818980166,0.164235128086231,301,193
"4020",0.420078134429068,0.188154223848653,301,212
"4905",0.594989509774871,0.196912201734205,301,215
"742",-0.339506497564149,0.157919492910749,301,186
"5330",-0.151241628960268,0.164246970486024,301,189
"5360",0.392984257404791,0.186858558508206,301,216
"4440",-0.19767322850552,0.162619406648023,301,188
"2461",-0.843581553610847,0.144929726626429,301,180
"2717",1.02944673251918,0.22150526686916,301,238
"2451",-0.280036721007532,0.159863245163351,301,202
"5321",-0.300259951414686,0.159197717505358,301,188
"4349",0.347464256787177,0.18471806475184,301,210
"5100",0.555816051455913,0.194892068058425,301,218
"3957",0.869702568598212,0.212006984185241,301,226
"5253",-0.806873487728791,0.145573575460403,301,166
"4139",0.466411020453178,0.190407914976607,301,224
"4264",-0.31865218530908,0.158595496210164,301,186
"2054",-0.936835882176054,0.143177409797644,301,166
"505",0.392371266877003,0.186829432462322,301,210
"892",-0.917355929132046,0.143590090694281,301,165
"4684",0.128231603411967,0.175054052439324,301,209
"5575",1.05262242003228,0.222925538346824,301,235
"5552",0.67915114292585,0.201365244086721,301,223
"225",-0.148596029861218,0.16434168159498,301,201
"1402",-0.286058921107681,0.15966479894465,301,192
"3706",-0.160305947471859,0.163924013199768,301,200
"1783",-0.000347241781099503,0.169874811349933,301,213
"515",0.135698331612696,0.175366026303077,301,211
"306",-0.405464848893614,0.155882424688556,301,185
"2775",-0.568812905759468,0.151227854878528,301,175
"2706",0.601891457979093,0.197271593970541,301,218
"3335",1.01557157589444,0.220660012017027,301,237
"2434",-1.62682647223544,0.137831851499296,301,138
"2602",-1.10564063980839,0.14077086984802,301,148
"3958",0.833770924152482,0.209942051244774,301,226
"1668",-0.949651361302007,0.142905080949857,301,162
"4034",1.5005818705933,0.25236218417687,301,251
"1262",-1.77011239507955,0.138788201404204,301,128
"2638",-0.0505963341225728,0.167955704739196,301,201
"5196",0.323647477072403,0.183616101818247,301,207
"5529",0.971970003636025,0.218028692244096,301,231
"1062",0.384723665757326,0.18646675435408,301,216
"4821",1.54318626469352,0.255349502488043,301,239
"1310",-0.996345798811625,0.142038537266056,301,155
"4804",0.0474072923447699,0.171752453117888,301,208
"5447",0.451908022844622,0.189697293501188,301,213
"144",-1.48325724123265,0.138061287181596,301,138
"131",-1.59985408040677,0.137678985310208,301,146
"3234",0.64605010349957,0.199595507243212,301,227
"5454",0.592846102014709,0.19680080316646,301,221
"2357",-1.5343074657924,0.13793608057734,301,140
"5535",1.14185616758209,0.228491480252849,301,236
"5532",0.404024279535263,0.187384541812975,301,217
"2065",-1.2726402927831,0.139024519187271,301,151
"3510",-0.0466687119180139,0.168103958993024,301,202
"2438",0.159971797739167,0.176387933225683,301,210
"2017",-1.56286446897518,0.137755653119245,301,132
"4342",-0.385808877033207,0.156469593544415,301,197
"5099",0.717145737244183,0.203425748070865,301,225
"337",-0.368856914133505,0.156990136352624,301,188
"279",0.301204541669532,0.182589071562371,301,210
"1649",-0.358560151080528,0.157312484788874,301,180
"7",0.528658415906087,0.19351127611761,301,221
"4780",1.05161402786154,0.222863522227838,301,232
"5280",-0.184150647371804,0.163086475316333,301,192
"3524",-0.504796628313904,0.153041317863812,301,192
"4046",0.723961440942284,0.203798649032176,301,220
"90",-0.285730974917243,0.159675600330314,301,198
"3114",0.413233872023287,0.187825383139275,301,218
"3094",-0.136454485059455,0.164778800031117,301,199
"2493",-0.53276990874143,0.152236631576138,301,187
"4382",-0.133164031118513,0.164897921991687,301,193
"3716",2.32279932704889,0.315159272093362,301,257
"2782",-0.23448651341484,0.161373389502972,301,195
"2931",0.978634812941716,0.218428457557442,301,229
"5581",0.0924835760458237,0.173576096866554,301,209
"2877",0.0680166114106476,0.172580334413679,301,198
"4430",-0.618367729805915,0.149971927467693,301,174
"1669",-1.77792073142208,0.138817752508991,301,133
"2665",1.07418576709052,0.224256432737679,301,241
"3351",1.72744693217652,0.268623382855254,301,248
"3851",-0.246313003280344,0.160979111241519,301,189
"1131",-0.468116133276889,0.154088906380551,301,187
"1637",0.422188389887315,0.188255824269314,301,213
"4173",0.22655433549936,0.179254893313457,301,202
"2448",-0.702641082006281,0.148006328543772,301,183
"1016",0.867077017683233,0.211855195323137,301,229
"2363",-1.59523731265164,0.13767121263962,301,139
"4923",0.818611107333309,0.209078869084103,301,223
"624",-0.306894784218587,0.158980029638368,301,194
"315",-0.98918442471371,0.142151474626516,301,161
"1289",-0.423515040722216,0.155357116941209,301,189
"4508",-0.305660979305355,0.159020478593476,301,191
"2661",0.271237227905337,0.181235249850783,301,212
"1384",-1.42710732396382,0.137844324510855,301,139
"5486",-0.318432426905952,0.158602665810278,301,189
"3373",1.00007715669842,0.219720609952424,301,232
"3985",0.919898520988409,0.214936091812869,301,231
"5147",-0.300820447117427,0.159179312304564,301,194
"1600",-0.8986816458557,0.143966209437393,301,172
"1188",-1.2115290913621,0.139241918450682,301,144
"2227",-0.892933909004637,0.144076293673007,301,165
"4356",0.287030543263906,0.181946209494934,301,211
"317",-0.318867638905039,0.158588467802784,301,190
"2171",0.160744132619877,0.176420644026526,301,216
"234",-0.323351712058277,0.158442368418251,301,191
"108",0.445535225072581,0.189386530472436,301,215
"1761",-1.35931087411486,0.138195451942408,301,143
"2399",-1.65351056374437,0.138113666552654,301,142
"4896",0.585567565981333,0.196423265357744,301,219
"2334",-0.650302262803046,0.149233856715259,301,177
"702",0.472883205651971,0.1907265631062,301,219
"1431",0.953517335949049,0.216926514630561,301,229
"1524",-1.47704875237245,0.138045604568124,301,145
"5206",1.51571318853525,0.253419572088777,301,241
"3206",0.528928669112754,0.193524936946369,301,212
"526",-1.14587312487707,0.140102240337783,301,157
"3691",1.34820024766197,0.241937417731798,301,242
"3366",1.17133145331857,0.230363539369439,301,234
"4208",-0.527833165016181,0.152378214136893,301,184
"3011",-0.66380795215372,0.148925002266658,301,180
"834",-1.41534657130146,0.137829568545557,301,135
"3919",0.100616152207942,0.17390999958149,301,211
"1693",-1.65499131343931,0.138130920068708,301,143
"4526",-0.24863143919152,0.160902054045596,301,198
"2502",-0.223951840035997,0.161726676908623,301,186
"450",-0.373016575606926,0.156861200907579,301,191
"1535",-0.56506715915382,0.151329706058542,301,189
"4159",-0.059920633230395,0.167604770511817,301,196
"2561",0.237925039642239,0.179754457226857,301,205
"393",-0.695531295839763,0.14817917787904,301,179
"2475",-0.398265396783197,0.156095495464133,301,192
"1201",-1.457182921732,0.137965633737607,301,145
"4328",-0.0701123587395308,0.167222773324562,301,199
"1199",-1.27476145437087,0.139016441110567,301,151
"731",0.39742458166906,0.187069786512583,301,215
"69",-1.20913457101614,0.139258841150315,301,161
"997",-0.283639137844217,0.159744512358265,301,192
"2818",0.106323865507769,0.174145177533335,301,215
"3313",0.127971094518186,0.175043187992922,301,208
"3920",0.0638290148376721,0.172411287046837,301,199
"962",0.261804589913218,0.180813346728677,301,209
"3181",0.458780493223815,0.190033444134179,301,216
"2722",1.08108875843771,0.224684398646585,301,236
"2838",0.306204453332224,0.182816913355956,301,215
"281",-1.16103505939252,0.13984552643253,301,153
"1914",-1.00785222806784,0.14187468112251,301,168
"1049",-0.0282770139072492,0.168801855441931,301,197
"2191",0.277048870216658,0.181496209137746,301,218
"967",-1.38406363020481,0.137947720862635,301,142
"3498",-0.53157509405136,0.152270858595088,301,187
"2923",-0.435668852983888,0.155009022601128,301,187
"362",-0.211740555713549,0.162139259422773,301,195
"730",0.391191726384262,0.18677341027066,301,213
"2606",0.517626371315753,0.192955000023429,301,213
"162",-0.615790659169453,0.15003318548739,301,172
"675",-0.887820786345139,0.144171829008265,301,163
"132",-0.0985044195443471,0.166167127705972,301,196
"926",-0.0618819421827737,0.167531132080946,301,204
"1491",-0.607832255875155,0.150224820873056,301,176
"2138",0.0257377811040403,0.170893357281969,301,200
"2324",-1.13964010257171,0.140210772089355,301,157
"150",-0.756763647214552,0.14666440503894,301,172
"1305",-1.34111078463917,0.138422537891617,301,148
"3814",1.13063624800694,0.227783216439187,301,234
"328",-0.0388504042178994,0.168399873083324,301,198
"3671",0.00873441208933879,0.170227526789809,301,196
"3629",0.247961953063626,0.180197912607468,301,213
"2139",-0.606046415029215,0.150268372237959,301,183
"2185",-0.975421065278867,0.142391467586474,301,164
"2234",-0.673978641158254,0.148689962098905,301,182
"2572",-0.589615705709642,0.150679483167767,301,182
"1417",-1.80643498081834,0.139030973930874,301,122
"3854",-0.314431362796402,0.158733328612905,301,187
"1378",-1.39996690781729,0.13785728588735,301,145
"1869",-1.21003145368136,0.13925236760935,301,160
"684",-0.751648191463005,0.146788667337921,301,176
"2679",-0.607290557317095,0.150238009126436,301,190
"1079",-0.23077298032529,0.161497676065602,301,191
"875",0.422261557247957,0.188259348770418,301,215
"34",0.228129348340518,0.179323912000324,301,201
"4352",0.244208519604875,0.180031803038551,301,210
"4062",2.04450934678178,0.292747117620722,301,250
"2446",-0.326915284322508,0.158326524236586,301,186
"3254",-0.463279909439243,0.15422595791727,301,189
"330",-0.287958062708372,0.159602260125669,301,182
"1632",0.498986745921984,0.192021238421768,301,216
"270",1.13169833948563,0.227850158520183,301,239
"3758",-0.432607799005386,0.155096369780733,301,188
"561",-1.47539421449873,0.138040480355537,301,131
"2720",1.13853189776477,0.228281383282407,301,235
"1867",-0.729843388508784,0.147330332521293,301,179
"4685",1.18218773199186,0.231057199229208,301,236
"269",1.00058252131936,0.219751174363161,301,234
"5001",0.598336127855231,0.197086334383046,301,215
"5533",1.24531309165462,0.235134390086971,301,243
"5197",0.109422870772651,0.174273150966777,301,211
"216",0.0897621074850412,0.173464677629822,301,204
"5301",0.800878182353093,0.208075256506678,301,224
"3317",0.594013021124661,0.196861438628771,301,216
"261",2.79679879031707,0.355665426135707,301,269
"4650",1.07117550252091,0.224070094688409,301,237
"3741",1.23301817835142,0.234334447247781,301,241
"174",-0.135662192583535,0.164807458157178,301,204
"4416",0.720205098499295,0.203593009116029,301,217
"4015",-0.0951802708560387,0.166290055480368,301,194
"3746",0.343457319357907,0.184531806813281,301,217
"2686",0.519244579171875,0.193036427888298,301,219
"3415",0.779980534545306,0.206900984152921,301,219
"5357",1.85584644192463,0.278202721851366,301,258
"1069",0.313382654320984,0.183144986314206,301,212
"3964",1.50374389110441,0.252582821163389,301,244
"600",-0.297009645008898,0.159304498855366,301,192
"4088",0.440477864572324,0.189140562012743,301,213
"2651",1.67994368516198,0.265147149138909,301,247
"5073",1.33926092502196,0.241338694674155,301,238
"2508",-0.506053987712102,0.153005141915626,301,187
"1945",-0.655326524656519,0.149119191058472,301,173
"62",-1.80278101280419,0.138993183471611,301,125
"1624",0.0648452686013479,0.172452273515464,301,200
"5271",0.126616509370679,0.17498671729888,301,206
"2306",0.624952838550237,0.19847994477625,301,223
"436",-0.789927857113345,0.145912360509051,301,169
"1912",-0.713910221022546,0.147728426073399,301,178
"1006",0.428642406418488,0.188567176949905,301,215
"4960",-0.812134549762486,0.145474754426717,301,172
"5455",1.8297632766396,0.276235412385205,301,248
"2374",-1.09435159642183,0.140929633964467,301,159
"56",-0.247368837881055,0.160944010254116,301,203
"4134",0.325724020236721,0.183711687962746,301,215
"4285",-0.859010543455519,0.144674161544845,301,168
"3681",1.84126970739401,0.277101950945455,301,254
"1503",-0.767226414044449,0.146415974400791,301,172
"668",-0.73534480741802,0.147192610439841,301,171
"4181",0.235069951854254,0.179628739482523,301,201
"1315",-0.882606468541994,0.14426698917808,301,166
"499",-0.590939622682275,0.150645636451539,301,169
"2095",0.314511816494593,0.183196697132846,301,213
"145",-1.63837379010259,0.137943826673943,301,135
"5158",-0.620221037044809,0.149928093976351,301,179
"4316",-0.525722938769285,0.152438847426574,301,184
"3088",1.11038145824481,0.22651072278918,301,231
"1943",-0.611728815565835,0.150130508834702,301,179
"3386",1.12118394312709,0.227188402545296,301,232
"5071",-0.495419104162644,0.153310670497926,301,188
"5054",1.01932323789197,0.220888183392064,301,229
"3022",-0.202469580429574,0.16245506739611,301,194
"1457",0.868523381203447,0.21193879521799,301,227
"5367",1.28922656273317,0.238014327962417,301,236
"3732",0.489622839640545,0.191555061217211,301,217
"3650",2.0214236073256,0.290938273787887,301,251
"3989",1.6156400913364,0.260501055259355,301,248
"5404",0.32503488671862,0.183679955742678,301,213
"4669",1.35311038628835,0.242266893873283,301,237
"4846",1.37899776601125,0.244011130412233,301,242
"4581",1.595437864732,0.259055702060206,301,245
"1143",-0.332796910636624,0.158135910597676,301,191
"3928",1.63453146194254,0.261858837886883,301,248
"2680",0.967692731736203,0.217772603055258,301,236
"3678",0.474622017952183,0.190812330804054,301,218
"3356",1.50364536569108,0.252575943720751,301,243
"3152",1.90319548114454,0.281801370256656,301,248
"3169",1.44044504651791,0.248199144711818,301,240
"2996",-0.722548395436438,0.14751301291775,301,170
"3135",0.712352606538083,0.203164101206828,301,224
"4818",-0.524435527761758,0.152475864720454,301,181
"224",0.191442171557813,0.177730908018401,301,208
"3424",0.865094729825008,0.211740688956441,301,222
"4696",-0.17358043264891,0.163455549850765,301,203
"4254",1.54981059120571,0.255816787787548,301,243
"2622",0.718729354934116,0.20351230244845,301,223
"1307",0.0865684721208094,0.173334133619419,301,210
"5577",0.999065884667892,0.219659463521712,301,234
"2120",-0.640150333338739,0.149465760788136,301,176
"2336",-0.715645502677041,0.14768528218161,301,186
"3436",0.138584303082288,0.175486905742003,301,207
"1711",-0.14493902001941,0.164472923463498,301,202
"333",-0.921648624945768,0.143500316076622,301,160
"3872",0.482547804914259,0.191204130920398,301,213
"4232",2.24134418987064,0.308486159579348,301,264
"1775",-0.760519983072497,0.14657424626954,301,174
"4309",1.39180789472912,0.244878686220519,301,238
"3087",0.953639834842978,0.216933808948962,301,228
"4627",-0.223619287596927,0.161737866528982,301,192
"3364",1.03916791908642,0.222099725654604,301,228
"3131",0.768619420414952,0.206266437384512,301,221
"370",0.450151825723043,0.189611563339651,301,217
"4247",0.650597159682078,0.199837208116668,301,227
"5331",0.90745869881757,0.214205389539519,301,223
"1466",0.559958284920057,0.195104094718772,301,217
"3528",0.121907342864149,0.17479068502024,301,203
"1093",-1.33075249751255,0.138552080286527,301,148
"1369",-0.44442517206543,0.154760040607225,301,193
"354",-0.416826160240949,0.155550438000662,301,179
"3085",1.29643383686862,0.238490380068469,301,239
"4431",0.718328631419291,0.203490395392553,301,235
"734",0.591689119710657,0.196740713322359,301,220
"4131",-0.223175625691989,0.161752798525801,301,190
"390",1.42905169072564,0.247417567475883,301,244
"2772",0.558334672641774,0.195020942886129,301,222
"4987",1.82187115976617,0.275642280558122,301,252
"2008",-1.68494829276115,0.138457394089982,301,120
"4409",2.04398884048408,0.292706246495442,301,247
"3311",2.47422224080682,0.32779967741801,301,260
"247",0.364687806487332,0.185522654924317,301,216
"1749",-1.1240910022897,0.140478143959929,301,158
"1372",0.746726336158804,0.205051341958236,301,233
"1642",-0.37793692674671,0.156709687691122,301,187
"716",-0.0345137488415335,0.168564488391495,301,201
"4742",0.535755263129276,0.193870542489995,301,216
"3157",0.0841790954554657,0.173236611719554,301,204
"4534",-0.211513816533531,0.162146955308681,301,189
"3221",2.44074793702446,0.324979717485155,301,262
"4591",0.315845083828543,0.183257791237367,301,209
"1876",-0.749419204270083,0.14684327670388,301,172
"4448",1.01753851704916,0.220779604251561,301,227
"5022",0.513247758748451,0.192734959430834,301,221
"284",-0.760597669402775,0.146572392393952,301,176
"4610",1.64074621635681,0.262306819614065,301,245
"3553",0.58333983072066,0.196307943418168,301,226
"2658",0.853022767519662,0.211045104386433,301,233
"3274",0.251412490572166,0.18035090579981,301,204
"2954",1.19976363838888,0.232184915748418,301,234
"771",0.265888629791285,0.180995766443912,301,217
"5456",1.22517755257594,0.233825780090372,301,236
"4953",0.0280811600095786,0.170985689647534,301,202
"833",-1.15561925885745,0.139935275189706,301,159
"3346",2.10238115000707,0.297316343095156,301,258
"1250",-1.00598681429631,0.141899801419045,301,161
"3586",1.2936642107928,0.238307329396289,301,236
"3420",1.84075329201881,0.277063015181783,301,243
"451",0.896556311433178,0.213567586677938,301,230
"3564",1.12205029254701,0.227242848861653,301,237
"4597",1.86202033056842,0.278669958148157,301,253
"3377",-0.0343648037452385,0.16857014845403,301,204
"3687",1.06469703099732,0.223669669502753,301,235
"5067",1.09289407672078,0.225418435580335,301,233
"2153",0.852469862940962,0.21101331817209,301,237
"347",1.85063929011535,0.277809115066825,301,251
"4262",1.36763583414724,0.243244107466692,301,243
"4972",0.750548713428517,0.205262757688565,301,225
"5485",0.363040941308676,0.185445443456018,301,209
"3544",0.133547069642162,0.17527602843149,301,196
"1230",-0.642798241489209,0.149405171741574,301,173
"906",-0.506406949053811,0.152994984740539,301,181
"2743",0.574696509885613,0.19586153368102,301,222
"5503",-0.0954407616007846,0.166280415770619,301,201
"4135",0.201909245452536,0.178182312704434,301,203
"3585",0.289605389656284,0.182062656362574,301,208
"373",0.770094557271844,0.20634867379245,301,232
"3080",0.750794851479442,0.205276382206231,301,222
"2207",0.432506961860406,0.188754055627553,301,224
"1671",-1.31949751576068,0.138683333777373,301,156
"432",0.314562600184064,0.183199023469351,301,212
"3529",0.868241562683149,0.211922502712731,301,229
"5358",0.823526092258219,0.209358198699322,301,224
"5566",1.44469951415445,0.248491584688659,301,246
"5528",1.06164554515194,0.223481344672036,301,236
"3041",0.105346395580991,0.174104854122695,301,208
"4145",-0.44791023287196,0.154661207803873,301,182
"2932",-0.217255451171827,0.161952480696218,301,186
"5302",-0.724272949723841,0.147469858389917,301,176
"3948",-0.250221879251225,0.160849231666144,301,202
"4079",1.90005457648145,0.281561567679112,301,255
"2413",-1.03841470616456,0.141527609683094,301,163
"5389",0.942362338625714,0.21626354555836,301,234
"628",0.194731727037891,0.177872513180762,301,209
"3190",0.255414387183517,0.180528691392234,301,213
"4132",0.457797686588982,0.189985307514377,301,219
"4514",-0.271373707519751,0.160149072492266,301,190
"4845",1.36981564462062,0.243391083179615,301,240
"2673",1.95284395183502,0.285612245879937,301,256
"4538",0.257921256682976,0.180640248830152,301,209
"5109",0.334526600274411,0.18411792831857,301,213
"5417",0.502367177545736,0.192190010754915,301,214
"3824",0.812329926054119,0.208722628364072,301,225
"3396",0.826492017252954,0.209527002185454,301,228
"2684",2.54435717006731,0.333753603230562,301,259
"3275",0.430055159429757,0.188635454815412,301,222
"2681",1.7202283419116,0.268092747102877,301,248
"1606",-0.149713246469684,0.164301661605412,301,192
"1455",-1.23433853990767,0.139130826902375,301,149
"4975",0.269004239496739,0.181135187943688,301,210
"4458",1.29964801614018,0.238702987953593,301,238
"1325",1.00084033988552,0.219766769160915,301,232
"5077",1.88468591523943,0.280390415494862,301,246
"3842",0.575576378768271,0.195906902611806,301,223
"400",0.100840762415068,0.173919241423776,301,209
"3098",0.583613894811643,0.196322124907349,301,215
"550",-1.10937318167643,0.140714730303681,301,162
"850",-0.904558601027483,0.143850741788054,301,163
"932",-0.936309459218723,0.143188661810615,301,162
"218",0.822191885901206,0.209282323010667,301,223
"3240",1.13886400359634,0.228302363204191,301,237
"4136",1.07818884259502,0.224504499408602,301,239
"6",-0.809851748876434,0.145517286344945,301,171
"3208",1.12435908153749,0.227388016531204,301,239
"2863",-0.487582433892439,0.153534989611477,301,177
"4641",0.762841022413487,0.205944743759266,301,225
"1097",-0.98016345415626,0.142305518801924,301,161
"4587",0.749332665961867,0.205195464475641,301,232
"3385",1.6803277080763,0.2651751024167,301,248
"5328",0.269033456777926,0.18113649645356,301,210
"2660",0.43971478606714,0.189103498942477,301,218
"3535",0.121791920272911,0.17478588582038,301,197
"1560",-1.15671108802082,0.139916961765808,301,149
"2318",-1.31750558197676,0.138705011538942,301,149
"4913",0.535614477352844,0.193863404669128,301,219
"2365",-1.20951076982323,0.139256105969464,301,150
"2674",0.0291039811766979,0.171026033725675,301,207
"4786",0.95641006503146,0.217098845616661,301,225
"5025",0.957436251374842,0.217160019892663,301,224
"2945",0.420708094632161,0.188184543523699,301,207
"231",-0.359862383224567,0.157271476971821,301,189
"1604",-1.31413896502473,0.138740385684999,301,149
"4936",0.0477732463587541,0.171767062819704,301,207
"4321",1.53541723981794,0.254802427670797,301,240
"5149",2.0650999872656,0.294367165127261,301,262
"4573",0.360037700952799,0.185304791789872,301,212
"4690",0.631737604812895,0.198837648969394,301,229
"4530",-0.177002819875751,0.163335665758322,301,187
"4337",-0.396269066463838,0.156154976839471,301,196
"3491",0.722113333025985,0.203697437210636,301,223
"4125",-0.680210502281748,0.148544243793486,301,173
"4792",0.807487354240996,0.208448541298043,301,231
"130",-0.917004424999621,0.143597397093128,301,171
"5559",2.39020882705709,0.320749444191285,301,257
"1295",-0.748066426679743,0.146876539686559,301,183
"3468",0.105348000919785,0.174104920331219,301,197
"943",-0.82947367863121,0.145166737419922,301,175
"4614",-1.02320947639452,0.14168706960144,301,161
"5337",-0.481578817137833,0.15370630167392,301,189
"3578",2.71694658047604,0.348656295507616,301,263
"3379",1.04681461185613,0.222568630786303,301,232
"1028",-0.599948650677987,0.150418705173577,301,177
"1822",0.316764788004539,0.183299957490065,301,214
"273",0.379218223124299,0.18620646054738,301,216
"3058",0.212655929651986,0.178648321463023,301,206
"4397",2.87397042277572,0.362503516031924,301,267
"5027",1.97332673245291,0.287195492439553,301,252
"3588",-0.275970762462372,0.15999734305397,301,201
"1056",-0.0795883353449927,0.166869043087302,301,194
"2742",0.147084292321361,0.175843896580144,301,219
"5491",0.335072776484378,0.184143190080778,301,215
"314",-0.743817060844323,0.146981541841701,301,175
"4990",0.767447312830788,0.206201127086879,301,227
"5174",-0.0934901794544604,0.16635262627211,301,202
"1517",-1.42335955080882,0.137836661233775,301,143
"3953",0.832530978608154,0.209871270768308,301,229
"1068",0.24389107904814,0.180017769587867,301,209
"3280",0.964824919428345,0.217601106333825,301,226
"5397",0.0206374593272006,0.170692876390585,301,196
"4399",2.09704434796453,0.296892915770758,301,258
"1561",-1.5647221243967,0.137745583103559,301,138
"4571",0.460134500292503,0.190099797181666,301,215
"2115",-0.304175115721356,0.15906921134542,301,189
"198",1.33484673903441,0.241043580931093,301,238
"3192",2.45216184818303,0.325939652065836,301,267
"4202",-1.28477409676011,0.138970200236627,301,146
"3519",1.17683266501822,0.23071476014966,301,231
"2118",-0.111621197736385,0.165683965636408,301,205
"334",-0.0124038425942705,0.16940954400914,301,196
"1370",-0.892565832322124,0.144083246022331,301,170
"5145",0.789878680876695,0.207456034460678,301,224
"2850",0.10099386212932,0.173925541493965,301,209
"3859",1.28324579509226,0.237620010543118,301,242
"1383",-0.323169903682092,0.158448285157633,301,198
"4642",0.449953168925858,0.18960187010822,301,217
"1582",-0.914616200136264,0.143646841104009,301,171
"3475",1.84629288920989,0.277480900143228,301,260
"2913",0.0347167189776617,0.171247893118634,301,201
"3974",2.08964067909033,0.296306192072162,301,253
"4744",0.157223945774987,0.176271651957745,301,207
"5002",0.534206925358838,0.193792065916821,301,216
"494",-0.57117325957572,0.151164131438186,301,187
"89",-1.41363628145046,0.137829852768938,301,153
"2217",0.429909745516037,0.188628424949018,301,218
"2366",-1.65211581478126,0.138097456663375,301,136
"5562",2.07622645640931,0.295245197398074,301,259
"1113",-0.19966100699512,0.162551216880079,301,191
"5118",0.112785237052977,0.174412223261239,301,206
"831",-0.634568943694464,0.149593926912302,301,181
"2406",-0.0701518486107121,0.167221296337273,301,197
"3997",2.78133209566738,0.354302434858803,301,268
"3717",0.00582591043888655,0.170114349449654,301,201
"4231",-0.638940748126346,0.149493478297409,301,174
"2696",0.0656165137680019,0.172483394966351,301,205
"3430",1.21488114515466,0.233159531874937,301,237
"5276",-0.976815210823513,0.142365863908884,301,161
"458",1.87282786702887,0.2794893107335,301,257
"3139",-0.172490601399814,0.163493803524716,301,200
"2468",-0.976099067300945,0.142378981693015,301,166
"4903",-0.427557092772251,0.15524094407372,301,186
"3345",2.78475813759115,0.354604132442061,301,263
"4323",0.982679596939012,0.218671502367077,301,238
"3768",0.471457188657414,0.190656274717517,301,217
"2025",-0.934809585090337,0.143220720733334,301,165
"3770",2.27291636012833,0.311061873915851,301,258
"179",-0.89825794280894,0.143974421625789,301,163
"2221",-1.54028910382464,0.137898119629779,301,141
"3606",1.8971146653863,0.28133724984296,301,250
"2369",-0.695977081720996,0.148168402907483,301,172
"1040",-0.322160368161938,0.158481150298274,301,191
"441",0.226856991467959,0.179268151567327,301,209
"4030",-0.194415158638594,0.162731427982856,301,194
"3968",1.28752685329035,0.237902197925399,301,235
"3527",1.35183783450289,0.24218146244957,301,237
"5230",-0.143549239460565,0.164522895822623,301,201
"4071",0.730371520296821,0.204150262632887,301,223
"1691",-1.26694544369033,0.139043774010041,301,156
"1480",0.961319871108216,0.217391726454979,301,230
"4306",0.721157831113698,0.203645137662001,301,224
"3017",0.712434635047664,0.203168574832926,301,222
"239",0.527957348135776,0.193475845862155,301,217
"4493",0.537273174449496,0.19394752806534,301,220
"3133",-0.0188912397332531,0.169160538819702,301,203
"883",-0.0332911162076134,0.168610962107598,301,201
"3893",0.0566306206882191,0.17212167939709,301,208
"4660",1.1793536304802,0.230875900279528,301,230
"5252",-0.181007266345688,0.163195862414252,301,198
"4655",0.243389129036475,0.17999558409428,301,207
"3155",1.38473456314901,0.244399288279005,301,240
"3759",-0.282732771790954,0.159774378671207,301,190
"4702",0.475382674639135,0.190849871822264,301,221
"5162",-0.592233162495337,0.150612690434204,301,174
"5326",-0.453932048751939,0.154490632230724,301,185
"2253",-1.86127670509398,0.139898072031489,301,119
"3837",1.34068471034136,0.241433958022766,301,239
"3338",1.34960608505078,0.24203170671973,301,238
"2929",0.472329220810973,0.190699251778347,301,214
"1628",-0.0527682848096813,0.167873832714632,301,196
"1050",0.77203303343707,0.206456810376529,301,230
"5061",1.01616775700841,0.220696252428528,301,228
"5091",1.73443854600592,0.269138145444138,301,251
"1243",-0.522542693798275,0.1525303195472,301,183
"2749",1.55551874932089,0.2562200481604,301,248
"1899",-0.415628539455804,0.155585207467648,301,189
"230",0.401401694352103,0.187259349080224,301,213
"3715",1.24921645046338,0.235388940116623,301,240
"1037",0.921264418317398,0.215016514842338,301,228
"2997",1.10588266973704,0.226229158811244,301,225
"4197",-0.120309613062516,0.165365737300875,301,200
"2821",0.852604514810188,0.211021058660326,301,224
"3361",1.54509697751561,0.255484208571985,301,248
"5345",2.35433183177955,0.317766697973446,301,261
"4921",0.523483887712614,0.193250023133674,301,216
"2543",-1.2691141098673,0.139036826440497,301,155
"4861",1.8751809059972,0.279667945148302,301,251
"5496",0.899063109806914,0.213714022643452,301,235
"2947",-0.505959663030566,0.15300785615592,301,186
"268",0.737712193253154,0.204553998063626,301,224
"3713",-0.1668484072202,0.163692443415778,301,199
"2990",-0.136050295338387,0.164793418062008,301,193
"2981",-0.0154300365864214,0.169293276265605,301,202
"4329",0.395651856795588,0.18698540510337,301,215
"4292",-0.385775857784536,0.156470594647023,301,187
"4672",-0.0206264730276525,0.169094088517309,301,196
"1070",1.32136207237965,0.240144237890653,301,241
"4527",0.144919914217824,0.175752857617086,301,202
"5544",1.19022447108748,0.231572136708315,301,232
"3076",1.66050482400297,0.263735375155248,301,247
"2733",0.729109067063596,0.204080943674874,301,226
"5072",1.53166000950427,0.254538224896757,301,241
"5278",0.216497953435318,0.178815557807197,301,206
"4303",2.39625487139693,0.321253768349107,301,260
"2587",-0.763442004874565,0.146504835951145,301,169
"5487",-0.688669836344058,0.148343930463268,301,183
"3954",2.32325932589909,0.315197213561882,301,256
"3714",1.21578948740182,0.233218228278561,301,239
"2685",-0.134207861402784,0.164860103852932,301,201
"1229",-1.38157737102546,0.137967326296003,301,138
"2105",-0.668200481857044,0.14882385888484,301,176
"1272",-0.875572045918856,0.1443919826529,301,163
"3186",2.46221758456371,0.326786737418075,301,262
"2909",-0.433467729694189,0.155071812421542,301,177
"1273",0.499086700545198,0.192026225138683,301,221
"3145",0.471750018347482,0.190670704578479,301,219
"5545",0.73167695419912,0.204221977308237,301,225
"2957",0.596404630661356,0.196985804143272,301,219
"1589",0.498622913066104,0.192003088746797,301,210
"2401",-0.542264278425044,0.15196586289393,301,194
"4234",0.82180894301943,0.209260552074599,301,222
"4250",1.97023071742077,0.286955770252238,301,255
"2822",-0.346294469907355,0.157701846122016,301,186
"208",1.65611133429665,0.263417161495857,301,241
"4518",2.6053569924095,0.338980897593284,301,266
"773",0.338743573709527,0.184313140383134,301,211
"5159",-0.348463721898611,0.157632598888603,301,187
"1763",-1.00695708512112,0.141886667528194,301,173
"2168",-0.377201925929106,0.156732250797632,301,198
"4074",0.41375710046894,0.187850485434095,301,216
"4554",2.53680037488659,0.333109166808867,301,262
"4478",0.205828291950642,0.178351953127971,301,207
"2827",0.331337297853279,0.183970546333915,301,211
"4841",1.30664636363782,0.239166558919948,301,240
"3485",-0.382652345274237,0.156565523862273,301,183
"5497",0.16790776365276,0.176724631175177,301,205
"3232",0.609030816711515,0.197644439552401,301,219
"2101",0.825778680427398,0.209486386416346,301,227
"4999",0.748688307487394,0.205159819901342,301,225
"4689",0.303541888675269,0.182695513372469,301,209
"3034",0.15185006114312,0.176044688355285,301,210
"708",0.412944415432071,0.187811498849929,301,214
"166",-0.715737871177714,0.14768298351179,301,176
"5220",-0.260760553536198,0.160499905581951,301,186
"241",0.615535148506415,0.197985087035025,301,221
"4276",2.13325124431872,0.299773755091714,301,254
"1404",-1.34459276182748,0.138378275850851,301,142
"748",0.0409225117360136,0.171494121230923,301,204
"3555",1.13772196420852,0.228230226663423,301,235
"4474",1.3282869854536,0.240605674793995,301,239
"2469",-0.655424882889194,0.149116944721156,301,176
"1651",1.08694257603266,0.225048042949953,301,230
"5281",0.357687535860686,0.185194862626291,301,215
"175",-1.31961689201804,0.138682017807552,301,138
"4550",0.832704027079903,0.20988114706985,301,219
"1216",-0.438181302417726,0.15493746218858,301,188
"2898",0.525617399420687,0.193357668947682,301,213
"3493",1.70111140130624,0.266691594018503,301,242
"3947",2.01506013162544,0.290441078709332,301,254
"2982",-0.321075302011494,0.15851649461465,301,194
"2959",-0.33157019871176,0.158175601387276,301,187
"3363",0.87680992493623,0.212418587585562,301,224
"2598",-0.889495724836089,0.144140780345067,301,173
"1331",-0.182329259385742,0.16314982018285,301,190
"4700",1.96596235632684,0.286625513944204,301,243
"3988",1.75447164053326,0.270617506548046,301,240
"4225",1.23351151994265,0.234366491436048,301,238
"2142",0.691107199435603,0.202010291684415,301,221
"2427",-1.12144144737437,0.140522292335859,301,155
"1087",0.821019398898072,0.209215674825045,301,227
"3104",1.29812802533477,0.238602421808098,301,245
"5323",-0.251734157580553,0.160799032866872,301,190
"2676",-0.260818304650129,0.160497994208046,301,197
"984",-0.499668854034499,0.1531887142709,301,180
"4453",1.7195396124859,0.2680421634285,301,247
"3511",1.11618930692836,0.226874792033979,301,241
"3422",0.840234835107035,0.210311550925656,301,224
"4859",0.163256513450544,0.176527135879924,301,204
"2787",0.361731103863525,0.185384075311545,301,214
"2384",-1.62325676968956,0.137801974489289,301,134
"264",-0.139974134792857,0.164651683687332,301,194
"3727",0.983104665858057,0.218697063053256,301,233
"1328",-0.566531136507507,0.151289795150574,301,173
"3149",1.71261248245458,0.267533833142768,301,246
"4694",0.0059767045052354,0.17012021218979,301,205
"1123",-0.810596122251113,0.145503360167074,301,171
"78",-0.327443141535477,0.158309386335161,301,190
"5413",0.189859280218069,0.17766285393289,301,203
"2261",-1.65194057818632,0.138095423850799,301,131
"757",0.54267323382491,0.194221819040886,301,214
"4241",0.00708502809351003,0.170163319740236,301,204
"3336",1.22335724341851,0.23370784972352,301,234
"5362",0.0167670420745237,0.170541176006856,301,198
"134",0.993934696053506,0.219349519814509,301,228
"3699",-0.282466844051208,0.159783142313746,301,197
"3707",0.752668380142311,0.205380130018531,301,232
"2348",-1.48655749396156,0.138067121319181,301,144
"491",-0.809484599536845,0.145524175924916,301,169
"4599",1.17995554905209,0.230914392653742,301,236
"3550",0.994817639962618,0.219402815791926,301,229
"3061",-0.353601561276717,0.157469233139658,301,190
"214",-0.163975166684014,0.163793979777652,301,197
"743",1.06638083683901,0.223773664578694,301,236
"1013",0.217933009469427,0.178878109577041,301,207
"1596",-0.0627018865780001,0.167500364831259,301,195
"4854",1.65458648776916,0.263306794333173,301,243
"4692",-0.338060169176013,0.157966042769936,301,195
"5459",0.593838300959889,0.19685235792997,301,219
"1029",-0.159914130041266,0.163937922983642,301,190
"399",-0.716315153831415,0.147668612685998,301,178
"2620",0.595790173111111,0.196953839993054,301,219
"2141",-0.530343010058777,0.152306181212638,301,180
"2149",-0.425058485241125,0.155312703175241,301,193
"3526",0.472138751772499,0.190689863285735,301,221
"3783",1.01259828148643,0.220479377486707,301,231
"4319",0.120044032358284,0.174713242497132,301,207
"5262",0.508203470581454,0.192481992329801,301,215
"188",0.26570138133593,0.180987394308947,301,214
"2979",0.0193029828573465,0.17064052943089,301,198
"5070",0.665043204587443,0.200608067805778,301,219
"4893",1.11372348227222,0.226720140824694,301,232
"5272",-0.737463640596928,0.147139667178688,301,173
"3282",0.725706816992314,0.203894301696002,301,231
"3028",1.0539037035961,0.223004365963121,301,239
"4133",0.0812563438565568,0.173117493048981,301,206
"2116",0.124842472119751,0.174912815806294,301,210
"1012",1.20174247696016,0.232312246736064,301,239
"697",0.601843650470141,0.197269101012485,301,212
"4433",1.11452451250198,0.226770366905601,301,236
"4856",-0.0359962924213021,0.168508173041364,301,190
"902",-0.0355569058495908,0.168524859111598,301,211
"5133",0.710589704056819,0.203067991828209,301,224
"4940",0.53269065270101,0.19371526563223,301,210
"3204",0.313086654741099,0.183131435440839,301,209
"2906",0.307083212082809,0.182857014987117,301,206
"3347",1.77183005087968,0.271904619577653,301,246
"2882",0.821246284158278,0.209228569527906,301,226
"5188",-0.235214005018694,0.161349070808788,301,194
"895",-0.056920201305254,0.167717542050421,301,195
"146",-0.625518004377164,0.149803744488856,301,185
"2791",1.17544441779898,0.230626074601736,301,234
"586",-0.158243908300092,0.163997268820272,301,203
"2789",0.455421604586108,0.189869019597091,301,213
"4244",0.658411452152209,0.200253627597884,301,222
"3514",0.967252604318067,0.217746272494407,301,228
"3105",0.980071952161903,0.218514775635389,301,229
"2293",-0.734920235803218,0.147203227973167,301,176
"5285",0.0205672568455576,0.170690121473239,301,195
"3340",0.694815923183332,0.202211008762074,301,223
"520",0.711421823640992,0.203113348773129,301,230
"2966",-0.403290581195781,0.155946540341527,301,193
"1003",-0.692973726986475,0.148240829385332,301,170
"4636",0.15870491152741,0.176334303055962,301,203
"4515",1.66890421031177,0.264344622920855,301,244
"4228",2.03220491121412,0.291782032280227,301,248
"638",-0.64078444695234,0.14945124086809,301,181
"2675",0.996423643446331,0.219499796577993,301,234
"2975",0.877715856082913,0.212471126749909,301,229
"424",0.478250543999411,0.190991527475388,301,219
"4752",-0.654534652246584,0.14913727305273,301,177
"98",-0.136797997416985,0.164766379717838,301,194
"4967",0.373200253830456,0.185922693939076,301,216
"616",-1.29407777650233,0.138913297011351,301,155
"1752",-1.64856704237316,0.138056522314545,301,143
"4417",2.65126101913554,0.342943677698311,301,265
"867",0.860332568259041,0.211465934831493,301,235
"4204",-0.729448737751456,0.147340219418742,301,182
"2641",1.64703736370124,0.262760965610802,301,247
"4537",0.390414629523963,0.186736518853286,301,211
"2627",0.325273204888563,0.183690928297502,301,217
"3159",0.655861583437838,0.200117600995541,301,220
"1333",-0.270385561597423,0.160181703953463,301,190
"519",0.125326822564285,0.174932986251561,301,207
"1337",-0.303373692114375,0.159095504944584,301,191
"1054",1.3340149264618,0.240988008924077,301,239
"5153",0.692918405958672,0.202108277665566,301,230
"4649",1.94793562519427,0.285233803668935,301,246
"3925",0.415396221206414,0.187929162988171,301,226
"4130",1.39434629648682,0.245050944909642,301,236
"5432",1.30146545363893,0.238823289236781,301,239
"2824",1.39568017437019,0.245141509300742,301,244
"170",-0.886897757354107,0.144188837996563,301,173
"4945",1.02860309163963,0.221453765139533,301,236
"4838",0.498552513467085,0.191999577227298,301,212
"4719",0.718180113064733,0.203482276951111,301,221
"3692",0.617652054005341,0.198096152963743,301,223
"3962",1.46609916902907,0.249967353855503,301,242
"683",-0.862432469630101,0.144616914538167,301,166
"3425",0.226378517699548,0.179247192347173,301,203
"249",-0.0853537783445973,0.166654501791183,301,200
"3291",0.526115339572313,0.193382806841367,301,220
"5186",-0.317534218940348,0.158631977673949,301,190
"2735",0.661982495566918,0.200444367033859,301,225
"3146",2.61869135464191,0.340129477844033,301,263
"2860",1.25059073059292,0.235478628280057,301,238
"4997",0.31873104370025,0.183390167992322,301,220
"5515",1.18560857336208,0.231276233906443,301,227
"3592",0.00408081199653836,0.170046541504982,301,207
"5425",1.7619606086326,0.27117220965887,301,246
"253",-0.750873806527185,0.146807610210564,301,172
"418",0.57416871431482,0.195834326911319,301,215
"4400",1.13359744275836,0.227969909993437,301,233
"2122",-0.552694898840378,0.151671836373879,301,179
"3907",2.10905471835411,0.297846416667653,301,258
"3432",0.416042949510702,0.187960222312943,301,217
"1442",-0.132766073626813,0.164912347086791,301,198
"5513",2.36252311474841,0.318446206962719,301,261
"2424",-1.10574337421367,0.140769348119861,301,164
"5322",-0.0753273150975959,0.167027932689378,301,202
"3513",0.77793550614197,0.206786563527948,301,229
"4965",1.75968117972708,0.271003277591316,301,249
"191",0.264541478596033,0.18093555145457,301,206
"5445",0.265798754266937,0.180991747885383,301,214
"4037",-0.151546678925217,0.164236062664875,301,191
"3398",0.925158711050007,0.215246015764188,301,228
"4392",1.54314700679022,0.255346735444755,301,247
"2011",-1.07467264793795,0.141166961654435,301,159
"2721",-0.0577501050618183,0.167686335578811,301,197
"4656",1.2676381054601,0.236594073521295,301,235
"700",0.336286628594354,0.184199356467884,301,219
"5200",0.457976009394948,0.189994039929017,301,217
"3738",1.40604490169697,0.245846306720585,301,239
"3227",0.0333242028624713,0.171192775648138,301,201
"4070",1.20878679871952,0.232766118546532,301,242
"4589",1.32971788150239,0.2407011299553,301,236
"244",-1.14459780469461,0.14012439858694,301,152
"3970",1.65839774190749,0.263582722376337,301,246
"2633",0.329222043782178,0.1838729198676,301,210
"1091",-0.982920771479218,0.142257082651468,301,165
"829",-0.677292425276186,0.148612659530702,301,180
"4043",2.16242996981693,0.302109202271392,301,257
"3156",0.0164726481303067,0.170529652608034,301,205
"3062",0.148628237374473,0.175908896125382,301,207
"5428",0.938910599216058,0.216058908387291,301,231
"4351",-0.0551781409042787,0.167783084165683,301,195
"3482",-0.255117431477599,0.160686819369853,301,191
"5410",0.476159923205125,0.190888245085958,301,219
"2312",-0.709578928055901,0.147835743053395,301,177
"4568",0.474917958362945,0.190826934939558,301,213
"1515",-0.123524360240478,0.165248391583184,301,194
"5007",1.40646735391092,0.245875073794257,301,241
"5329",0.379293274097261,0.186210004443909,301,216
"401",0.732479695132356,0.204266094321451,301,229
"2134",-0.473777253971776,0.153928250991408,301,186
"647",0.406811347130722,0.187517753409074,301,208
"4411",0.761921781456287,0.205893633018849,301,226
"2765",0.803778198685886,0.208238936401381,301,221
"2362",-1.38082557969542,0.13797352527636,301,136
"1593",-0.671551860830408,0.148746327756921,301,174
"3225",1.3318962087947,0.240846517494111,301,244
"1664",-1.63596705872369,0.137918821780689,301,141
"502",-0.965272739600974,0.142585558366803,301,157
"1260",-0.495244653293627,0.153315672356704,301,187
"3911",2.03163965024276,0.291737750988944,301,260
"1647",0.620556316579024,0.198248687078659,301,222
"1779",-0.317914954904112,0.158619551306955,301,198
"3187",1.44047644231441,0.248201301603237,301,242
"1116",-0.952015409385746,0.142855543507731,301,161
"2952",0.94484843951741,0.21641108355537,301,227
"5178",0.761756795715004,0.205884461532833,301,222
"4628",1.4140233092095,0.246390134726965,301,229
"127",0.608211215421653,0.19760158036501,301,218
"3520",0.0799145442256333,0.173062871320184,301,206
"4443",0.670235633200252,0.200886246330736,301,225
"3407",0.0336455082284071,0.171205488951379,301,207
"3512",1.33957863848334,0.24135994923328,301,237
"2126",0.41442839514417,0.187882700246775,301,214
"1955",-0.867700779316806,0.144527851218243,301,163
"5391",0.310840834233759,0.183028684623368,301,215
"203",-0.479278232404362,0.153771826513515,301,181
"3984",1.50028979712049,0.252341812841614,301,248
"3538",2.35121203017558,0.317508128929237,301,260
"177",-0.961647977644111,0.142657799158361,301,158
"5284",0.904286042936267,0.214019535183468,301,231
"5580",-0.460643922153645,0.154300608272784,301,186
"3310",1.63940424119372,0.262210030552822,301,239
"4869",-0.182742234054495,0.163135448445637,301,198
"263",0.675758434087264,0.201182763871607,301,232
"4379",1.39522555836765,0.245110639332411,301,241
"4604",0.948166722599971,0.216608201660474,301,230
"385",-0.876294217336156,0.144379317510719,301,175
"4754",1.76091820308859,0.271094944899581,301,249
"1698",-0.605212784208753,0.150288774480507,301,179
"2820",1.37396339431915,0.243670984136987,301,239
"384",0.36702735652134,0.185632443712582,301,208
"5472",1.50174636399398,0.252443419138168,301,242
"854",-0.901578161196868,0.143909660576721,301,171
"4428",-0.0773922751436105,0.166950897315255,301,201
"229",1.66840503522172,0.264308382611118,301,251
"3508",1.19354629151041,0.231785330504868,301,235
"755",0.963467961416806,0.217520016965451,301,228
"2497",-0.015287499963187,0.169298748094474,301,199
"559",-0.625339254332519,0.149807919801215,301,169
"701",0.557830907864696,0.194995154746227,301,221
"5192",0.820984833909188,0.209213710466904,301,224
"95",-0.200334153179312,0.162528151293938,301,196
"4373",1.28308569346264,0.237609463907654,301,245
"1236",-0.567266606832489,0.151269794595735,301,178
"4989",0.475681947341161,0.190864645507878,301,219
"837",-1.09436661415161,0.14092943406561,301,162
"1485",-0.589939078360274,0.15067120409013,301,181
"2292",-0.41950567910235,0.155472822634956,301,181
"725",-0.400132838792077,0.156040013565565,301,184
"4851",2.35233383507157,0.317601089161614,301,254
"3734",1.5877579334972,0.258508055962335,301,250
"1266",-1.08704903527972,0.141023297756646,301,158
"357",0.769368645815778,0.206308199708092,301,232
"785",0.438477531579226,0.189043432679503,301,217
"11",-1.5128182415008,0.138042350996026,301,142
"3052",1.15894270285121,0.229574685525074,301,240
"2736",0.118042256256368,0.174630123086039,301,209
"4077",0.513148236826579,0.192729963035656,301,219
"1571",-0.780710985759891,0.146110256005359,301,160
"4586",0.000702647689469666,0.169915486314362,301,200
"1900",-0.757292317509671,0.146651656599195,301,169
"4201",0.517980726989698,0.192972826175655,301,227
"3043",2.47003398819942,0.327446070108881,301,261
"3026",-0.00273492684550706,0.169782403957161,301,199
"1319",-0.389440858158826,0.15635978404221,301,184
"4119",1.46409244068894,0.249828624440948,301,236
"5015",0.434295316290399,0.188840648438376,301,221
"3934",-0.210733530763061,0.16217344977533,301,194
"5268",-0.574761355862496,0.151067967918817,301,177
"246",-1.05821151575082,0.141335804068427,301,172
"602",-1.35498795515133,0.138247745131811,301,145
"3936",1.47148057573893,0.250339729406627,301,243
"3128",2.10286110940132,0.297354443983693,301,260
"4278",1.38953288284224,0.244724399018495,301,240
"40",-0.316900776574543,0.158652656739626,301,186
"3239",1.32389277086196,0.240312768428282,301,240
"3183",2.03628370520751,0.292101697608673,301,252
"3200",2.46327581550819,0.326875956467942,301,263
"3641",0.362350406729633,0.185413086066233,301,211
"4712",0.548931691763848,0.194540511934098,301,231
"2201",-1.48345545657371,0.138061688884773,301,145
"4253",-0.393046469596427,0.156251372105634,301,187
"5526",2.55584496850944,0.33473460577123,301,262
"1452",-1.17373223545133,0.139649096190773,301,150
"4164",0.763442870398898,0.205978216798298,301,225
"387",0.487271859132173,0.191438325774648,301,221
"1513",1.73967500047649,0.269524205452258,301,250
"173",-0.148844144068416,0.164332790819248,301,195
"3774",-0.106955980101759,0.165855450740442,301,198
"4343",0.616155601943641,0.198017629754724,301,224
"3901",2.17378418060943,0.303021288351564,301,252
"2897",0.457646563042044,0.189977907598011,301,210
"4059",2.47121039197822,0.327545369575093,301,264
"3534",1.11778231604734,0.226974764219827,301,234
"5423",1.64380459312664,0.262527515461654,301,244
"3559",1.21730602422574,0.233316260105186,301,239
"4115",0.207613888374233,0.178429359104227,301,205
"4512",2.45749815459256,0.326389017145373,301,263
"2907",0.793927604442804,0.207683675539354,301,224
"54",0.777069641501563,0.206738144382886,301,230
"4531",0.343072444803081,0.184513934720469,301,213
"3411",1.98386824923067,0.288012809015187,301,249
"3097",0.38568839884259,0.18651243477737,301,210
"429",0.859415540292619,0.211413080368923,301,224
"487",-1.15598279948629,0.139929166303384,301,155
"3480",-0.377284461227195,0.156729715892575,301,191
"2471",-0.643286126069013,0.149394019131398,301,172
"3916",2.09033348509916,0.296361061249161,301,252
"3847",0.86386654057976,0.211669783527905,301,229
"3967",1.39824363511235,0.245315645829667,301,237
"3161",0.293623264745664,0.182244662069999,301,211
"3355",1.62507475994311,0.261178406015546,301,250
"3831",2.65907773575984,0.343620915497741,301,268
"5558",1.04816558220381,0.222651593129644,301,230
"2870",0.824447588679076,0.209410625402899,301,233
"159",-0.754082200244805,0.146729344547945,301,179
"5166",-0.69391426414366,0.148218190402372,301,181
"2669",1.9753926286738,0.287355534545832,301,254
"2883",-0.279665926753024,0.15987547034319,301,195
"5216",0.809861819467243,0.208582873607532,301,224
"2032",-0.802296304888324,0.14566192237896,301,163
"1916",1.18318034480782,0.231120732997272,301,240
"4585",1.01077646602794,0.220368784331415,301,232
"1920",-1.02751746596187,0.141639774846933,301,160
"118",0.36575290355256,0.1855726222798,301,213
"2834",0.531019710677264,0.193630689811752,301,219
"2481",-0.49875296279801,0.153215014644002,301,177
"1086",-0.42202327483915,0.155400109895757,301,190
"1119",-1.08831991014235,0.141007498669516,301,151
"1032",-0.424255740168083,0.15533579423838,301,188
"5065",1.0916887762222,0.225343368179395,301,236
"4261",0.667472943887138,0.200738165760772,301,231
"1969",-0.684623640811681,0.148440121362268,301,180
"4704",1.08646941600166,0.225018625170857,301,238
"1611",-0.776818147295888,0.146196631510711,301,169
"4395",-0.0753013565613889,0.167028901515075,301,199
"2895",0.578367901479723,0.196050954472385,301,218
"1137",0.244567983061458,0.180047697066702,301,214
"4907",0.0924565806846773,0.173574990865156,301,199
"2505",0.578586252915505,0.19606222929981,301,217
"3488",0.0923462197875082,0.173570469537083,301,209
"799",-0.838956190049097,0.145006631350952,301,154
"425",0.39302896987042,0.186860683330545,301,210
"3255",0.760951601296044,0.205839709380433,301,226
"4582",0.643176544639931,0.199442993199466,301,224
"3433",-0.0848770671595562,0.166672221317308,301,198
"3993",1.56895367413097,0.257171371908827,301,247
"3481",1.55122973932583,0.255916993337561,301,246
"2647",0.0500152358999873,0.17185664070997,301,204
"2061",-1.57994903107524,0.137683732574145,301,145
"915",-0.9243354730943,0.143443671714623,301,166
"889",0.964966761650837,0.217609584700808,301,230
"3270",1.21668946859777,0.233276399595264,301,238
"5493",-0.460986483033219,0.15429090841176,301,182
"3130",1.54051945899827,0.255161596153065,301,238
"856",-1.22434514659148,0.139169583464632,301,155
"3937",0.884588142083329,0.212870231216804,301,227
"4555",0.0205073731267897,0.170687771587209,301,205
"4434",-0.947178173043626,0.142957218750502,301,159
"5246",-0.123492072578883,0.165249569036307,301,201
"2750",0.011839189960373,0.170348569830801,301,200
"1356",-1.14353799889071,0.140142839825901,301,159
"678",-0.114183265890295,0.165589966876644,301,197
"5092",0.305299546554728,0.182775636365282,301,216
"5226",-0.322304671172104,0.158476451425644,301,191
"3318",0.602839879440107,0.197321060395854,301,219
"715",0.315302559924992,0.183232926527799,301,209
"723",0.401318796523374,0.187255394320689,301,216
"4529",0.584052408240503,0.196344819258674,301,215
"3124",0.439494165812755,0.189092785749867,301,216
"3107",1.5592434644172,0.256483485792443,301,240
"3956",1.50472100939179,0.252651036775229,301,243
"2922",-0.269478016873654,0.160211679257814,301,194
"3929",-0.400257779583029,0.156036306999112,301,200
"2908",-0.01914931748417,0.16915065177353,301,196
"1435",-1.30456631581385,0.138831375198538,301,154
"2100",0.619480026648428,0.19819213810752,301,214
"5333",-0.734760525734169,0.147207222603765,301,177
"492",0.431175229643631,0.18868961917017,301,215
"5319",0.127089519727792,0.175006432244716,301,205
"4406",0.132639482546548,0.175238087297136,301,199
"3154",-0.364206574317636,0.157135171907469,301,181
"4996",-0.508687272651602,0.152929345341048,301,183
"3039",1.01903308883302,0.220870526975867,301,237
"3322",1.1637596130881,0.229881056879648,301,234
"4507",0.283517203806269,0.181787561076167,301,204
"3478",0.217165460517054,0.178844647505827,301,210
"5245",0.625781043589462,0.198523555517783,301,221
"4061",0.418845865361282,0.188094940943826,301,212
"276",-0.167854524123084,0.163656949076673,301,197
"2103",0.332191010857881,0.184009975845279,301,219
"3442",0.167742705623301,0.176717615026773,301,204
"1460",-0.852883829879012,0.144775874000422,301,175
"1446",0.644575352892277,0.199517212520093,301,220
"3802",-0.192386938212003,0.162801325887344,301,198
"3891",-0.207069343532556,0.162298084610767,301,190
"1509",-1.7136375352799,0.138656506002649,301,130
"1627",-0.355366993593964,0.157413318354831,301,179
"3543",1.3072178156806,0.239204451375654,301,239
"1973",-0.80810341743008,0.145550218006809,301,170
"2788",1.80481721073682,0.274363982374185,301,247
"4726",0.896087621354043,0.213540222143028,301,236
"4110",1.24906064412493,0.235378774101193,301,235
"4834",-0.0393066420273488,0.168382574923574,301,198
"3570",1.11223124247796,0.226626607504716,301,230
"285",1.32988672488142,0.240712395953604,301,239
"3193",0.561383864051999,0.195177151978236,301,212
"4950",1.6726723941952,0.26461832795289,301,241
"4521",1.33244303797481,0.240883027863,301,237
"4619",0.503938426044662,0.192268543753479,301,217
"2484",-0.353887689102477,0.157460163047379,301,187
"1743",-0.644237194861928,0.149372286770582,301,179
"3829",-0.884079646832822,0.144240329687463,301,173
"1982",-0.637678751281231,0.149522428331103,301,178
"5297",0.00395904990977046,0.170041813026804,301,202
"1858",-0.191771938131645,0.162822545270762,301,199
"706",0.256578596265581,0.180580481421047,301,206
"1792",-0.959187098239459,0.142707585496597,301,162
"2465",-0.0542100004898744,0.167819530206663,301,198
"3613",-0.322084671160256,0.158483615333912,301,190
"2249",-1.46030211415186,0.137980098406512,301,145
"3013",0.345000429677898,0.184603495241645,301,214
"5411",2.04834642547956,0.293048536740876,301,263
"3873",0.0126545518023943,0.170380396889914,301,212
"48",-0.200769706778562,0.162513233955152,301,202
"4345",-0.144242253635944,0.16449797055421,301,197
"821",-0.309521904738252,0.158893956819291,301,190
"2710",-0.22820048485824,0.161583928391541,301,197
"3796",0.428011762148799,0.188536712547163,301,224
"4943",0.414371687550011,0.18787997851366,301,220
"3525",1.1880635140833,0.231433558318551,301,244
"1904",-0.522519581111835,0.152530984665843,301,189
"4371",0.798005585994914,0.207913297764307,301,225
"5026",1.38334728436244,0.244305369609415,301,242
"4205",-0.791121781825022,0.145887426247591,301,167
"970",-0.967073315936375,0.142550200957366,301,165
"4058",0.306050401118597,0.182809885038268,301,209
"1555",-1.72309203129744,0.138692308527869,301,124
"4793",-0.0474341341895503,0.168075046282554,301,204
"1148",0.0638492084554161,0.172412101234543,301,207
"3821",-0.384141030963216,0.156520223674658,301,188
"963",-0.610987711814694,0.150148372920683,301,184
"3382",0.642945276422578,0.199430726437518,301,222
"1889",-0.301844060943183,0.159145706428368,301,195
"3676",0.302130172654997,0.182631209876941,301,211
"615",-1.85658803990721,0.139811128134454,301,125
"1793",0.185157808938315,0.177461042533557,301,218
"1612",-1.03186412123895,0.141593916921337,301,156
"4873",0.576506524086993,0.195954882323761,301,220
"5283",-0.100069330206002,0.166109322016368,301,198
"4277",1.35125445974423,0.242142307947013,301,239
"298",-0.466079165930238,0.154146648759223,301,178
"2732",-1.09153039922932,0.140966652283808,301,159
"5314",0.00265377330759392,0.169991146584152,301,196
"4221",0.651536265452312,0.199887182586361,301,215
"3102",1.80456117111745,0.274344826040704,301,244
"74",-0.813553203220069,0.145448581980351,301,174
"4602",1.69477469901124,0.266228478652513,301,250
"5074",1.54513674223709,0.255487012666601,301,246
"1267",-1.53673627500407,0.137920911020763,301,132
"1249",-0.685872467354957,0.148410508192797,301,174
"31",-1.61862206066209,0.137767161986068,301,141
"3995",0.625867692071655,0.198528119023115,301,227
"2634",-0.843402075934211,0.14493270182087,301,169
"5081",-0.388120012111338,0.156399648086975,301,185
"1528",-1.12708800045839,0.140427557012485,301,155
"523",-0.751724736598594,0.14678679665686,301,164
"5527",1.50423753718679,0.252617282038212,301,236
"1176",0.0554963755831627,0.17207616072724,301,202
"329",1.39074478572343,0.244806576602998,301,235
"103",-1.2947052007624,0.138908933307375,301,152
"5143",1.9928756154275,0.288712515747644,301,253
"1063",-0.506521586533186,0.152991685637508,301,183
"3078",1.16105807303576,0.229709175854103,301,236
"4833",2.40179834954168,0.321716591260305,301,264
"3122",0.602539472546028,0.197305390079135,301,217
"5112",-0.848365899941954,0.144850566798739,301,165
"4141",0.492457412562813,0.191695972829272,301,221
"495",-0.670378950361098,0.148773501095382,301,172
"1355",-0.963346416379501,0.142623779708586,301,165
"4259",0.895345269632741,0.213496889022373,301,225
"2250",-1.09832862709598,0.140875639225727,301,166
"769",0.449946321935145,0.189601536032924,301,210
"3123",0.541821162965305,0.194178496364186,301,216
"365",1.53434615810988,0.254727086103034,301,247
"3477",1.67017712302394,0.264437055604472,301,247
"3362",1.49844386865725,0.252213098520675,301,238
"1353",-1.86519899276466,0.139970862290429,301,118
"579",-0.619055379322343,0.149955642590952,301,176
"2232",-0.745816230749773,0.14693205130735,301,177
"3887",-0.351407419462883,0.157538885176448,301,191
"3532",1.18074616513949,0.230964962517868,301,239
"5317",0.77483358642995,0.206613177227256,301,226
"2844",0.673460175733617,0.201059290994719,301,221
"5066",1.55954964676191,0.256505151663986,301,242
"3284",2.41971353761164,0.323215057746593,301,255
"2985",1.07289769016203,0.224176678071056,301,235
"3016",0.102715875089144,0.173996436421211,301,206
"3279",2.10687469989437,0.297673188880654,301,245
"4142",1.69448363269391,0.266207222076851,301,243
"2859",0.694207418894704,0.202178056058128,301,228
"4268",0.578767343972126,0.196071580933435,301,216
"4106",-0.904630077897929,0.143849319879185,301,173
"3721",0.278317993066373,0.181553298956283,301,206
"3610",1.35988391368963,0.242722117788034,301,237
"1427",1.6680337699975,0.26428143129017,301,244
"4525",-0.7604666315984,0.146575519689287,301,168
"1071",1.78523266550956,0.27290174321286,301,251
"4862",0.741182969717448,0.204745289317661,301,225
"3986",0.101571537006494,0.173949317316516,301,216
"2687",1.90847703929458,0.282204954059139,301,245
"981",0.579469665569898,0.196107855940267,301,228
"3168",1.87680627145608,0.279791387888904,301,254
"2927",0.952266781863827,0.216852066412614,301,226
"4730",-0.559934810564377,0.151470625370637,301,171
"4076",2.58070161086296,0.336862710804894,301,263
"3924",1.45435432326208,0.249156408461376,301,248
"571",-0.363844439489782,0.157146504708075,301,180
"343",0.0688037647571982,0.172612156974016,301,206
"4368",1.477906572537,0.250785049356686,301,241
"3931",1.92668416626035,0.283599547866496,301,255
"693",1.53120862013564,0.254506500200772,301,242
"3850",1.72557215042422,0.268485486457443,301,250
"1399",-0.922633117727893,0.143479597372605,301,162
"4447",2.03134422838584,0.291714610198037,301,251
"525",0.773060456616484,0.206514156609245,301,226
"3486",0.364746795825361,0.185525421670191,301,215
"5107",0.840542431895565,0.210329155832119,301,228
"1067",-0.76613851534523,0.146441394261425,301,174
"1445",0.36348213630783,0.185466122609834,301,219
"3867",0.534623139628795,0.193813156308387,301,224
"4579",1.05043560967453,0.222791074706383,301,231
"746",1.05459681465935,0.223047021179195,301,233
"5353",1.5332893311191,0.254652766550689,301,243
"2473",-0.993000844173383,0.142090237227071,301,158
"2047",-0.000701659348275024,0.169861086332953,301,212
"5255",0.765305542989832,0.206081861737837,301,225
"3682",-0.305846709430604,0.159014388633683,301,190
"4450",0.331415423798353,0.183974153991328,301,210
"3044",1.98813751897454,0.288344299344538,301,258
"4561",1.90556829459752,0.281982632226077,301,250
"133",-0.191716739899035,0.162824450346105,301,196
"4338",0.45420494908435,0.18980952426941,301,213
"5046",0.787563809708464,0.207326040911998,301,226
"4472",1.50295985621689,0.252528097246629,301,241
"303",1.32726276414113,0.240537371708691,301,242
"83",1.12747489239755,0.227584088497414,301,237
"2793",1.23697351086541,0.234591486559274,301,233
"4042",0.970747565956345,0.217955464978558,301,227
"448",-0.591965501481296,0.150619497614393,301,181
"3609",1.81617183213981,0.275214564510875,301,255
"2509",0.836528325683613,0.210099567897003,301,230
"336",0.465592794388788,0.190367697726783,301,214
"4768",1.02714816243395,0.221364979017673,301,225
"4549",1.11587714318429,0.226855207339821,301,238
"3810",2.88757594114847,0.363715398325759,301,269
"1002",-0.150833182027779,0.164261579693959,301,204
"4676",0.105685650380128,0.174118847100096,301,206
"4237",0.754781389368687,0.205497228460832,301,222
"3093",1.91503742722249,0.282706861587868,301,258
"1339",-0.604562882593179,0.15030471255487,301,179
"3752",0.689226282676846,0.201908609144269,301,233
"3895",2.03033071635122,0.291635230366585,301,255
"4979",2.21965259102788,0.306724546600796,301,264
"713",0.470967702631929,0.190632158449943,301,215
"4380",1.3943819466773,0.245053364987382,301,239
"446",0.101949038774836,0.173964858241956,301,205
"36",1.23613504546934,0.234536974181218,301,232
"2636",-0.650028126461494,0.14924011090772,301,171
"124",-0.104438459590807,0.165948158682536,301,204
"1178",-0.173487651567026,0.163458805060464,301,193
"4249",1.18627512164087,0.231318938304872,301,233
"3030",1.29063016978314,0.23810696396384,301,238
"5392",0.36030647547482,0.185317371393943,301,211
"5105",-0.58975002853819,0.150676043265471,301,173
"5520",1.4643795937976,0.249848471631079,301,245
"2756",0.0724189540954489,0.172758496009002,301,200
"4871",0.137966122326788,0.175460999137242,301,207
"3945",1.36940284725901,0.243363243402477,301,234
"4300",-0.455964400637542,0.154433092518649,301,178
"1819",0.0554874786616678,0.172075803806927,301,204
"4096",0.522074052227858,0.193178945320105,301,221
"4165",1.97547327891117,0.287361783726124,301,256
"3452",0.283502702137377,0.18178690681755,301,211
"2729",-0.0529126273426603,0.16786839447941,301,201
"5053",2.57100234708326,0.336031421101877,301,268
"5548",0.998483780731477,0.219624275888666,301,235
"5104",2.02484364343602,0.291205741444182,301,250
"4190",2.55945029317664,0.3350428136115,301,264
"5475",1.97760947111512,0.287527342544083,301,247
"2726",-0.66474904061853,0.148903372947751,301,177
"3469",0.495547907286243,0.191849810776793,301,222
"4486",0.0910640063101472,0.173517958412178,301,203
"5492",2.57311400499309,0.336212307595588,301,260
"3113",1.50305484988507,0.252534727029769,301,245
"5538",0.736457940438641,0.204484933161904,301,223
"437",1.00014927530968,0.219724971370102,301,228
"3782",0.156176640859274,0.17622737351536,301,205
"3163",2.49818724714375,0.329827247215205,301,261
"5318",0.690977897631102,0.202003299178151,301,226
"5039",0.74281330050058,0.204835233119113,301,227
"3749",0.759986827946335,0.205786105993458,301,230
"4595",0.599899768410492,0.197167777980555,301,222
"4761",0.905972870578283,0.214118324096476,301,226
"3826",0.518566505688146,0.193002300336987,301,220
"4767",2.84416706735973,0.359855389675901,301,264
"5543",1.51950650602469,0.253685272129113,301,247
"3497",0.345366841413387,0.18462052526926,301,215
"4269",2.26252423753671,0.310212545095312,301,257
"4545",1.1437242755083,0.22860963890384,301,237
"2485",-0.103435575958134,0.165985121956507,301,201
"2589",0.419377541166907,0.188120515039014,301,220
"3371",2.25303342555554,0.309438180603543,301,261
"411",1.43232678363429,0.247642002519294,301,246
"5016",0.262761467190139,0.180856052587622,301,205
"767",1.23287413483748,0.234325091992539,301,233
"4577",0.693278376964508,0.202127760449382,301,228
"4386",2.89268386153801,0.364170853523344,301,265
"5348",2.31871776383522,0.314822742935794,301,263
"4175",0.639138421017162,0.199228972801294,301,222
"1290",1.2841328008879,0.237678450236247,301,239
"3965",2.68969672444638,0.34628046933218,301,261
"2826",1.54624034581971,0.255564846447712,301,239
"4193",2.24324980847756,0.308641231793622,301,259
"4191",1.84458517474371,0.277352025230111,301,254
"422",1.43153496669452,0.247587723671914,301,242
"3975",0.574852181393812,0.195869559385805,301,214
"778",1.18348147107593,0.23114001073613,301,234
"4892",0.859409446149133,0.211412729180658,301,225
"4766",-0.00265492759142572,0.169785497899339,301,201
"3268",1.02211158575377,0.221057947173075,301,225
"3877",-0.0112202709979206,0.16945507229061,301,202
"3561",0.217434608778219,0.178856379762452,301,211
"3805",1.53428111819513,0.254722511728041,301,243
"3359",1.68732676851841,0.265684995822662,301,241
"4693",0.680352190814396,0.201429903190374,301,230
"2121",1.55443430999895,0.256143393650171,301,236
"5056",2.3341646292109,0.316097534781799,301,257
"5048",1.99655998131676,0.288999077601678,301,254
"3276",0.389412752575126,0.186688975980442,301,214
"5554",2.07232133101491,0.294936820698827,301,254
"3886",-0.196164265474524,0.162671249277479,301,191
"2967",0.587362911445139,0.19651628271928,301,219
"3458",1.4608787053077,0.249606598787008,301,246
"2854",0.913607519374977,0.214566171508161,301,233
"4018",0.470359502878816,0.190602200808194,301,209
"430",0.913211985550097,0.21454294040947,301,230
"5495",1.4398353753309,0.248157263736335,301,239
"3991",1.80049808812548,0.274040975388421,301,240
"4310",0.306191564316584,0.182816325300766,301,216
"4423",1.75451879950043,0.270620996737898,301,252
"2617",2.14956182608319,0.301077733773005,301,249
"1836",1.08296738903301,0.224801028470571,301,237
"3917",1.14718020536063,0.228828403269424,301,236
"359",0.188335488125686,0.177597392352925,301,201
"667",0.333579319729415,0.184074130067339,301,216
"151",0.0717911766331611,0.17273306237839,301,206
"3978",2.66404626060359,0.344051752116125,301,264
"3940",2.22753666391576,0.307364065457567,301,250
"5078",2.57137333901729,0.336063196714882,301,264
"4315",-0.0734392574783148,0.167098425851504,301,199
"5483",0.738600901943704,0.204602954691697,301,224
"4522",0.48908926126396,0.191528556132397,301,212
"5030",1.3943677793646,0.245052403250737,301,238
"4457",2.30725494897757,0.313878825517473,301,258
"3117",1.79224992953022,0.2734249648621,301,253
"2170",-0.700151638619868,0.148067089562462,301,179
"5477",1.46425367369711,0.249839768221357,301,246
"2513",-1.78884124458973,0.138878010476478,301,115
"2666",0.856111491362785,0.211222789816398,301,226
"1293",-0.390661518229702,0.156323015083437,301,183
"754",0.898355978519341,0.213672702194151,301,224
"1598",0.181751702284376,0.177315133208946,301,213
"3349",1.05259400631115,0.222923790630748,301,233
"788",0.520873943500271,0.19311847558391,301,212
"3031",0.673005333718019,0.201034868342798,301,226
"2657",0.735509526264691,0.204432731364595,301,235
"2388",-1.463120919196,0.137992795308534,301,147
"5376",0.660702227166046,0.200375952555855,301,228
"5085",-0.0747520469341368,0.167049405300353,301,202
"3736",0.214336389828018,0.178721427485362,301,207
"2625",0.272319809298974,0.181283802288367,301,204
"3494",0.486358716548001,0.191393017904246,301,217
"3323",-0.0864350613256488,0.16661432335808,301,191
"4492",0.978391092118426,0.218413823181148,301,225
"2145",0.453559852290571,0.189777992051751,301,217
"4705",1.21454050024466,0.233137523626967,301,237
"2936",-0.21464360327465,0.162040843053097,301,188
"2766",-0.830151756173766,0.145155139939257,301,164
"2933",0.0303229061709269,0.171074147460368,301,200
"5471",0.37312516739515,0.18591915837194,301,210
"4317",1.40497611475367,0.245773541341621,301,240
"25",-0.452835156617285,0.15452169107871,301,182
"4567",2.11408137292423,0.298246106891345,301,257
"2532",-0.638551570573351,0.14950240238159,301,185
"53",0.594140679559216,0.19686807381734,301,223
"5296",2.1053683596594,0.297553533181723,301,260
"5394",1.0597232666328,0.223362802963838,301,235
"4258",1.23928117004089,0.234741585180594,301,238
"5020",2.46003086843671,0.326602421233337,301,261
"3170",1.76431940551741,0.271347112381263,301,251
"4354",0.197222597448762,0.177979895933466,301,208
"1996",-0.922426853681848,0.143483941848468,301,171
"4828",-0.184974173773979,0.163057868688928,301,190
"904",-0.588014072754611,0.150720601709857,301,173
"3064",0.00582230165513453,0.170114209150069,301,195
"3175",1.46171192695858,0.249664145780739,301,242
"3876",0.2207712664366,0.179001963393555,301,201
"5135",-0.812137160887439,0.14547470607443,301,171
"5514",1.55580885620976,0.256240558018029,301,245
"3188",1.34977608824518,0.242043111184067,301,239
"3913",2.44755853622318,0.3255523032961,301,262
"3912",1.90831246095609,0.282192371460358,301,248
"4407",2.12056320685957,0.298762047548914,301,260
"309",1.60015258583098,0.25939239709659,301,249
"1617",-0.155601314178544,0.164091334813618,301,199
"1281",-0.646114811745237,0.149329408973234,301,172
"3827",1.71319213314458,0.267576339212635,301,250
"4162",0.206842884852485,0.178395927132714,301,206
"4778",1.84246341630771,0.277191968245283,301,248
"1646",-0.915824888535826,0.143621861274903,301,164
"4748",2.14220510724925,0.300489112619121,301,252
"3666",0.0201022591717519,0.170671876948837,301,206
"4993",-0.148336931144083,0.164350967828289,301,198
"4651",0.175677758924094,0.177055555866217,301,212
"2286",-0.157974445992093,0.164006851111949,301,195
"1469",0.576965296568936,0.195978554146907,301,217
"3228",1.54060703745882,0.255167765099953,301,243
"3378",1.46580050042993,0.249946701797707,301,239
"4620",1.50741919407514,0.252839491101442,301,244
"4747",0.838309528902087,0.210201403071005,301,225
"3142",0.0575668328017097,0.172159274391056,301,199
"3791",1.85345172810016,0.27802165310592,301,251
"3536",0.549745743784896,0.194582028144242,301,220
"378",0.240132379682923,0.17985178235872,301,218
"4680",2.25936660334853,0.309954772473381,301,261
"497",1.14106458686185,0.22844143249033,301,237
"3309",1.39180021471225,0.244878165220453,301,241
"3594",0.857204760832705,0.211285729691147,301,233
"4843",3.28936735838527,0.40026079036377,301,271
"5217",0.130971861151858,0.175168416241376,301,211
"3833",2.20232282740264,0.305321905600216,301,261
"4120",-0.557681326799503,0.151532965708292,301,177
"3765",1.63401798051153,0.261821853217246,301,244
"135",0.307304400498556,0.182867111483562,301,214
"5214",2.52299607591887,0.331933756589489,301,264
"5275",1.34741037906412,0.241884457169152,301,240
"3358",1.20186450741265,0.232320101350901,301,237
"3360",2.40658492371889,0.322116542838481,301,257
"4622",1.12722653706555,0.2275684531573,301,238
"3042",2.49078149475314,0.329199911481508,301,261
"4638",0.655320142092384,0.20008873512112,301,223
"3869",0.871705312982357,0.212122862619134,301,232
"5131",1.83376583225716,0.2765366027942,301,251
"2891",0.383693882172942,0.186418016311278,301,210
"397",1.690975748377,0.265951151122082,301,253
"3540",2.521015656886,0.331765319959662,301,261
"4084",0.382532116620122,0.186363059698863,301,219
"4540",0.731929908151146,0.204235877662681,301,226
"5470",0.867160843893552,0.211860039307022,301,226
"4152",0.736678148270321,0.204497056390513,301,221
"4023",1.42945088286986,0.247444913123892,301,243
"2695",2.45441397594258,0.326129257297883,301,260
"4711",1.11599005219865,0.226862290869288,301,236
"4026",-0.773383659758825,0.146274142307857,301,164
"4280",1.16787710015858,0.23014329117367,301,238
"3688",1.22494033095878,0.2338104079758,301,238
"5172",-0.473640002565734,0.153932149591733,301,182
"5029",1.6473634794238,0.262784525303389,301,244
"2631",1.75417328505514,0.270595426382017,301,252
"4794",2.29670329804071,0.313011513498033,301,263
"2499",-0.202101002462185,0.162467672372249,301,195
"4497",0.536292981936208,0.19389780877409,301,217
"3533",0.842250494777867,0.210426950295429,301,221
"3389",-0.438945181256412,0.15491572638332,301,188
"3293",0.0843058044879702,0.173241780142221,301,199
"3522",0.823875902889788,0.209378098397301,301,229
"5274",0.451937877744198,0.18969875149034,301,211
"185",-0.0285832219999001,0.168790183601304,301,198
"2226",0.623108848742307,0.198382899477146,301,225
"3709",1.10706801570972,0.226303307812,301,241
"3459",0.468748324521049,0.19052288026348,301,213
"3101",0.790578027163556,0.207495328966788,301,230
"2639",-0.3164350610319,0.158667864136215,301,182
"4344",0.497747618811155,0.19195943705968,301,217
"4844",1.0353138037984,0.221863821078856,301,228
"2919",0.83570347411381,0.21005243168055,301,224
"2700",1.83701990202404,0.276781657441349,301,253
"262",0.060042183535306,0.172258778336178,301,206
"3999",1.07527434894314,0.224323860279552,301,235
"5013",0.78419491736492,0.207137058982014,301,222
"790",-0.536188224965874,0.152138876616974,301,178
"5506",0.784279504301524,0.207141801065911,301,224
"5157",2.16904492815187,0.302640359243779,301,254
"3333",-0.168559337894304,0.163632103040461,301,193
"5436",0.979025107326082,0.218451895509456,301,239
"3033",0.923341004286114,0.215138855235869,301,235
"4850",0.334126134728912,0.184099410098744,301,222
"3262",0.874345655656875,0.212275758451484,301,226
"420",1.00360230789307,0.219933916389108,301,232
"5448",0.754779483217879,0.205497122783423,301,223
"2852",2.25131855957705,0.309298395978165,301,257
"3258",0.487957479513321,0.191472356789639,301,217
"3217",0.818759995117628,0.209087323319321,301,222
"860",1.59127241018012,0.258758544889834,301,255
"4756",1.53378213501962,0.254687419755152,301,247
"4717",0.349973521977984,0.184834882711393,301,205
"3046",2.48495637645467,0.328706952449422,301,261
"5479",1.53155395203366,0.254530770615925,301,247
"4520",0.883163979087408,0.212787444096737,301,227
"4214",0.823801958327596,0.20937389169634,301,220
"2752",0.818977134178608,0.209099653867517,301,225
"2635",1.21574079377924,0.233215081341777,301,234
"3103",0.816587112849828,0.208963987253654,301,232
"3045",1.73650998755829,0.269290809989496,301,247
"1047",1.55189727282004,0.255964139556799,301,237
"4381",1.9339282495466,0.284155842280377,301,252
"363",1.26696813768295,0.236550134945668,301,234
"1488",0.8828521563904,0.212769323278485,301,227
"3399",1.70590945558705,0.267042697533648,301,245
"3992",0.552034015861995,0.194698806515836,301,221
"4782",2.26347680599084,0.310290334788565,301,260
"4118",1.41152215860342,0.246219528641809,301,247
"2795",1.01028104329216,0.220338721090097,301,236
"3429",1.73712183284496,0.269335916164802,301,246
"5014",0.556687168358076,0.194936626370541,301,222
"3273",0.955593650316012,0.217050191617689,301,234
"3990",0.77020762716041,0.206354979143431,301,227
"250",-1.09223697101493,0.140957480493291,301,167
"2147",-0.00317814498991341,0.169765265360022,301,195
"726",-0.540464930351068,0.152016986283563,301,178
"3222",2.35937650628545,0.318185074257412,301,261
"473",0.757285807880881,0.205636140412954,301,227
"3059",0.0488470626512654,0.171809951192202,301,199
"5140",0.18646937916462,0.17751729369428,301,209
"4976",1.57778258787531,0.257798219326695,301,250
"3987",1.68110575186154,0.26523174420946,301,246
"4662",1.91793283673213,0.282928589502752,301,252
"4095",0.626214813684835,0.198546402472335,301,226
"2751",1.24090002241003,0.234846940261932,301,236
"5385",0.0294109756795046,0.171038147954673,301,205
"3215",2.39029958759854,0.320757011345002,301,259
"5044",0.532822236776097,0.193721928455157,301,219
"3557",1.14678207751659,0.228803189723618,301,235
"4781",0.662588484571935,0.200476762009131,301,223
"2347",0.730989463019719,0.204184205103445,301,223
"3572",2.16797865166823,0.302554698839729,301,255
"2691",2.24150594911784,0.308499320988656,301,258
"2727",1.20842394749923,0.23274271702587,301,237
"4992",1.63262076096516,0.261721237651234,301,242
"3397",1.51722675972108,0.253525559265706,301,244
"4982",2.60803072056957,0.339211036060928,301,262
"3337",1.47820791427987,0.250805949938143,301,242
"909",0.82562998102645,0.209477921145545,301,231
"3857",2.76817512905637,0.353145000966554,301,274
"3325",1.80909239761868,0.274683997604562,301,251
"3775",1.96889329902563,0.286852260136944,301,258
"4024",0.963602396601817,0.21752804892245,301,228
"581",0.409364483592374,0.187639935224907,301,212
"4086",0.703369817216375,0.202675075401419,301,225
"5045",0.531716145222558,0.193665932833933,301,217
"1073",1.43906143823234,0.248104108041476,301,240
"4954",1.15673527912534,0.22943443317404,301,238
"3460",1.33682587736935,0.24117585416143,301,241
"3903",2.48168269842175,0.328430099636965,301,259
"4361",2.8637368198819,0.361593208333168,301,266
"4390",2.26021450457958,0.310023977141073,301,262
"5106",1.00480136326103,0.220006527232624,301,234
"3297",1.04409139244593,0.22240150803085,301,229
"4111",2.19648046568325,0.304849989112424,301,258
"3369",1.76660919088727,0.27151698407615,301,247
"3401",1.79556117982282,0.2736721331902,301,252
"3380",2.87763096872632,0.362829388553876,301,271
