"id","theta_EAP","SE_EAP","n_observed","n_correct"
"3673",-0.217256112600255,0.138638590919261,265,175
"3277",0.0258172413482882,0.150358508043671,265,178
"1585",-0.638732338395762,0.123633007446573,265,160
"5252",0.663617826347366,0.19069276738275,265,199
"2323",-0.445510228145452,0.129968058210822,265,162
"491",-1.1570656825111,0.111796480708026,265,133
"864",-1.2577811408478,0.112551304754235,265,125
"2924",-1.21813884073249,0.109525755903925,265,141
"5193",-0.29873774908795,0.135574633902792,265,173
"4058",-0.0625210803437078,0.146018015496286,265,179
"526",-1.65601073663855,0.113613403077651,265,108
"3474",-0.252060647519353,0.13741320736686,265,175
"751",-1.40593645484265,0.107749492467706,265,108
"3111",-1.40735381564118,0.107783581121111,265,113
"6367",-0.462245095847023,0.129661943885586,265,161
"1078",0.0368550095105974,0.150942188572515,265,174
"669",-1.67920198403331,0.115645549572625,265,101
"1050",-0.463119267045896,0.129644180147161,265,170
"2337",-1.09074031130698,0.116043531798232,265,128
"5233",1.27582369510783,0.23979830779392,265,216
"4215",1.52678004358436,0.262710125432117,265,220
"2205",-0.963761527984375,0.114616592327906,265,137
"866",-0.880151654415384,0.119197512296427,265,139
"458",-0.952625650286295,0.115532140748001,265,138
"1632",-0.051224935787922,0.146562114503952,265,185
"1593",-1.43512294044331,0.109633419123558,265,111
"3259",-0.38063433951664,0.131634153113378,265,168
"1722",-1.01313327821235,0.112903059008724,265,131
"2940",-0.40594578590875,0.130781082215299,265,169
"1076",0.710793936230364,0.194133378081119,265,208
"4554",-0.108173954625336,0.143735822655049,265,177
"2045",-1.19212625619491,0.109253458507184,265,131
"2840",-1.30663035154001,0.114207045599963,265,124
"1403",0.27640747047807,0.164739667222431,265,191
"2594",-1.11593280711034,0.115332046871853,265,128
"2524",-0.548974960331597,0.126068268323266,265,160
"2105",-0.0602520302146328,0.146127753300283,265,176
"3232",0.336436931993837,0.16849418995222,265,202
"798",-0.83321668001523,0.118143392077474,265,152
"2895",-0.390144314509297,0.131275870501612,265,168
"1793",-1.27534441303249,0.113740089344722,265,127
"2768",-1.10853727677259,0.115686989442231,265,133
"1797",-0.734936475225212,0.121323833056823,265,155
"2240",-0.771326151669248,0.11895069686426,265,155
"3145",-1.14551430920994,0.112943266676637,265,127
"671",-1.51423277483972,0.114320428037766,265,108
"6465",1.02286617571153,0.218341400233768,265,209
"5714",0.75274592235068,0.197242073758969,265,208
"1886",-1.30855251832335,0.114153646859969,265,118
"4908",-0.0175773997551608,0.148176830797685,265,178
"354",-1.58511479894296,0.109779364234608,265,102
"3204",-0.989625921058216,0.113071999819819,265,139
"3271",-0.825278296761167,0.117963276301821,265,142
"2819",-1.10730360658473,0.115734614002426,265,128
"18",-0.91421139393911,0.11837068955693,265,143
"2206",-0.00928983370546397,0.148581046589025,265,178
"7",-1.17857915460164,0.109930813404605,265,126
"1616",0.151166192137239,0.157355940431582,265,187
"1493",0.466311674032354,0.176942174462443,265,198
"520",-0.056140381814068,0.146325986668937,265,181
"723",-0.582605830760246,0.124412756739864,265,160
"5063",1.2791995184354,0.24009580316755,265,210
"4672",0.0359922726586726,0.150896147526577,265,195
"2283",0.566123605698338,0.183768440467772,265,199
"3781",0.334224089973399,0.168354057690469,265,194
"783",-1.38209283982956,0.10823356433681,265,119
"65",-0.716486825199614,0.122415340149756,265,158
"3536",-0.254644030971106,0.137322033741216,265,176
"3865",0.0659060998703873,0.152528183386316,265,188
"3199",-1.65321172605352,0.113332635657435,265,97
"4914",-0.459074313464652,0.129724430205183,265,169
"3093",-0.939357484803712,0.116644206906647,265,139
"384",-0.528820220384919,0.127194232519097,265,167
"2630",-0.821660693306129,0.117900530662264,265,147
"2448",-1.25861103184672,0.112617242514349,265,123
"4671",0.318443325193458,0.16735817820434,265,192
"5353",0.572110102599773,0.184186461102667,265,201
"25",-1.03249122951958,0.113628365102887,265,136
"2427",-0.503775060715813,0.128413069846746,265,163
"2719",-1.3267631519495,0.113198561344363,265,119
"5749",-0.0478889615904092,0.146721970571838,265,183
"1218",0.875778728185967,0.20662044574047,265,212
"38",-1.19508359498573,0.109177356259106,265,124
"3317",-0.771774497083979,0.118925719388384,265,146
"4675",1.88138472718567,0.297746806103411,265,229
"5395",0.589861407798961,0.185431467756244,265,205
"652",-1.81072063454357,0.115072975092229,265,91
"2876",-1.25362486312069,0.112211810837315,265,127
"927",-0.0459070244027013,0.146816835851667,265,182
"6205",0.547734214185716,0.182490220820098,265,196
"829",-0.933659058734079,0.117095851034813,265,136
"1402",-1.29824573842832,0.114326870763865,265,117
"2201",-0.881936960540198,0.119200149061729,265,144
"4771",-0.279163918623493,0.136405658471119,265,167
"480",-1.54687323649942,0.112430136476073,265,111
"4970",0.147743652471918,0.157160985428166,265,192
"55",-1.17818024481063,0.109958099102045,265,133
"587",-1.78603608795896,0.114746477595273,265,99
"1711",-0.69206306623951,0.123365173649244,265,160
"6523",-0.0768833610321873,0.145316259836346,265,182
"2957",-1.15899071981607,0.111607574733814,265,125
"2622",-0.449209160063605,0.12990410592422,265,164
"6585",-0.412561004629305,0.130609984636288,265,168
"1023",-1.01182730663813,0.112878781563067,265,132
"5227",0.43450288832038,0.174828208305561,265,194
"2606",-0.902312805569889,0.118876691188621,265,149
"5445",0.0299953502747759,0.150578059724384,265,182
"1824",0.0745148672804229,0.153008718972497,265,191
"1817",-1.56655926705074,0.1108552124488,265,115
"3806",0.893003403808352,0.207964366007585,265,199
"1596",-1.24059763229596,0.11110422614966,265,122
"3367",-1.30755346015311,0.114182595838367,265,114
"5181",-0.400297510072512,0.130943548872213,265,166
"91",-0.912504520036136,0.118457356843348,265,140
"2851",-0.254302450158156,0.13733412627426,265,168
"2754",-1.35493449606394,0.110593097958493,265,120
"6546",2.32345216993828,0.345244548766765,265,234
"2301",-0.506247106292022,0.128307437503067,265,162
"4250",-0.0617876455366201,0.146053515258714,265,177
"3311",0.573727047679643,0.184299528016244,265,200
"5187",-0.237684591536167,0.137913797730068,265,170
"3395",-0.538762004824411,0.126643967520739,265,166
"5883",0.433899216848004,0.174788391594812,265,189
"2527",-1.04259858502904,0.11418479302226,265,133
"4114",0.538350599648715,0.181841417500393,265,195
"1341",-0.728979988105559,0.121702867381064,265,151
"3294",-0.128028670376543,0.142707105024748,265,174
"3393",-0.391467484996055,0.131229590651989,265,165
"292",-1.0284022252234,0.113427925978512,265,132
"5730",0.368101189700466,0.170512081563974,265,199
"820",0.466072735400415,0.176926178465809,265,197
"2274",-1.21746266007785,0.109493363168623,265,129
"4960",0.682692996960335,0.192076856906859,265,199
"2376",-1.47964043572986,0.113703637014206,265,104
"1804",-0.293629416059211,0.135801368147286,265,177
"1246",-1.16585488274127,0.110957464651096,265,139
"2931",0.164196653090628,0.158099389481442,265,186
"294",-1.72333427107484,0.116832818711341,265,106
"4148",-0.00119531143999317,0.14898077539688,265,187
"5690",0.212403921991662,0.160886848240885,265,190
"3336",-0.563277108044348,0.125292166417316,265,164
"5800",0.0501193390882306,0.151658337244292,265,188
"1259",0.411994525939361,0.173351095036355,265,199
"5084",0.504417580517727,0.17951516899336,265,199
"158",-0.756931369060612,0.119841092757419,265,157
"3243",-0.156592256480788,0.141252382156713,265,173
"868",-0.645676151628847,0.123662670068942,265,159
"2293",-0.778478601613813,0.118578829092349,265,151
"6424",-1.20113968554886,0.109108475245464,265,124
"1352",-0.84271557171684,0.118408683636309,265,154
"1788",-0.241227648421376,0.137790833609039,265,185
"5006",0.582635773337167,0.184923701368645,265,193
"6138",1.29380278834953,0.241386101393848,265,216
"937",-0.21223973595983,0.13882475078517,265,167
"43",-1.37641010210689,0.108615210345704,265,116
"830",-0.926105700526164,0.11764770458867,265,145
"3801",1.6463477808464,0.274185796959046,265,219
"2366",-0.808043232375805,0.117810159847758,265,147
"1944",0.315854108935014,0.167195381426651,265,190
"2821",-0.776504466211674,0.118675511605752,265,147
"2106",-0.987568855849296,0.113148673909477,265,140
"488",-1.7430175941116,0.116255365146505,265,108
"2168",-0.721463652389387,0.122147073080388,265,152
"6440",0.778188637748118,0.199149636386427,265,203
"2016",-0.297163398035783,0.135645255384619,265,175
"4997",0.593963359033722,0.185720328201204,265,194
"3716",-0.372210390206302,0.131986882206475,265,161
"2644",-1.36278740970344,0.109806507603901,265,120
"1562",-0.141799484935026,0.141996943512893,265,184
"6250",-0.0646279832676055,0.145915875721218,265,170
"1358",-1.0279914536237,0.113408897423455,265,147
"6365",0.220170186850924,0.161344254837188,265,188
"1945",-0.194307127353982,0.139531247348531,265,179
"64",-1.10154203592863,0.115911976887198,265,132
"1693",-1.18448837202927,0.109572848250241,265,124
"308",-1.48379508168589,0.113936333950096,265,113
"306",-1.30187503781056,0.11429770803226,265,121
"1407",-0.499407659032603,0.128590725409009,265,166
"1339",-1.12918314263037,0.114422800036498,265,132
"631",-1.39703258895625,0.107698798979099,265,118
"6123",0.173595451762472,0.158637388730422,265,182
"2030",-0.292066851017708,0.135869322462613,265,173
"1395",-0.500934749350892,0.128529922189456,265,160
"3941",1.06072624743204,0.221448114436488,265,215
"4504",1.13049299632674,0.227269458168013,265,216
"5972",-0.153590303485231,0.141401230686145,265,167
"3114",-1.51766032962378,0.114217340813476,265,109
"559",-1.07862363800061,0.115893015869671,265,143
"1157",0.267763849728575,0.164208758782458,265,193
"2861",-1.19570444347753,0.109164887371974,265,127
"4517",-0.411112600321672,0.130645763492764,265,171
"2659",-1.26050216232458,0.112764745007422,265,123
"6348",0.330125130892379,0.168094794239921,265,189
"40",-1.379448747807,0.108400594477854,265,113
"3859",-0.0658649750062097,0.145855791260635,265,183
"4820",-0.659209921763194,0.123707763226158,265,165
"6102",0.95601260842212,0.212945304404558,265,210
"3072",-0.903663453731405,0.118831007650714,265,147
"4379",1.78836888145508,0.288268328004691,265,225
"1390",0.390085326997627,0.171927524655131,265,194
"1611",-0.499386308715093,0.128591565418969,265,165
"2835",-0.891658156947769,0.119129875910031,265,148
"144",-1.37054525043508,0.109088845802942,265,123
"5113",0.962035606438933,0.213426756123286,265,210
"4636",0.228918054682419,0.1618628308252,265,186
"3005",-1.11722270521585,0.115258302714584,265,127
"1130",-0.635304531842754,0.123621177120008,265,160
"5899",-0.190106012256026,0.139707208554665,265,171
"4801",0.404789855754003,0.172881465225324,265,197
"5989",0.428561977274981,0.174436846283164,265,195
"6113",2.23180881931169,0.335098020502781,265,223
"2810",-1.30112538536861,0.114306576898355,265,122
"4291",-0.12419271822231,0.142906150111017,265,176
"1096",0.650466772236694,0.189744147044976,265,204
"6551",-0.278297313387932,0.136440151077818,265,172
"3389",-1.07810448491341,0.115880091020969,265,132
"5537",0.674217089199252,0.191460656960991,265,193
"2997",-1.40044976362602,0.10768462326556,265,113
"5971",1.42884300999065,0.253577418149483,265,215
"2773",-0.908080601292411,0.118660347756948,265,145
"3315",-0.523098719093857,0.127498292586641,265,159
"1612",-0.421233965027538,0.130413517802365,265,170
"5910",0.670104481295843,0.191162355425873,265,204
"5269",0.534235827502532,0.181557654883814,265,200
"821",0.472782463601291,0.177376032098703,265,196
"4996",1.86033471206567,0.295584618221221,265,221
"5206",1.9728935116206,0.307259372542394,265,228
"3511",1.15457945914011,0.229308311944595,265,208
"1436",-0.340943515030839,0.133497754359114,265,169
"1309",0.152696328936987,0.15744313453685,265,190
"5001",-0.50081564535407,0.128534715546102,265,160
"5055",-0.238963362007734,0.137869399550046,265,176
"2565",-1.03597026898897,0.113812207534226,265,143
"3373",-0.998338863017212,0.112856297315649,265,140
"2354",-1.36432125436402,0.109658366662282,265,112
"3747",-0.831775866751509,0.118107069875832,265,151
"3922",0.148628709204692,0.157211390732802,265,187
"684",-1.92099716770519,0.121935668528438,265,85
"930",-0.0873265661415378,0.144796759435262,265,186
"6256",0.0146684914911535,0.149781189692341,265,184
"367",-0.612596412802813,0.123683528490408,265,159
"1845",-1.32076512329102,0.113598015874563,265,121
"972",-1.49436866944713,0.11433919676893,265,111
"5416",0.245381490017467,0.162848621958453,265,188
"1216",0.687119289737234,0.192399404963164,265,207
"1527",-0.199045068519542,0.139337740266577,265,182
"2863",-1.50960768616058,0.114414586246295,265,116
"1586",-0.142128121720817,0.141980143279117,265,186
"1291",-0.757301817220395,0.119816554771518,265,149
"4404",0.92061225355592,0.210134348273631,265,204
"6173",1.34330684129283,0.24580095582228,265,210
"5139",1.82655375661114,0.292135599923519,265,222
"2443",-0.467623613166719,0.129548453523751,265,172
"4400",2.39909094614338,0.353720282102905,265,231
"5391",-0.878576936340565,0.119191438692247,265,147
"5862",0.0535128504026411,0.1518438664226,265,177
"3782",2.70806381134278,0.389130230701688,265,237
"426",-1.26473503686368,0.113078842362213,265,129
"806",1.04625864461528,0.220256592322266,265,208
"291",-0.940847126192159,0.116522395835474,265,144
"4805",0.166639724478957,0.158239063716229,265,187
"1528",-0.0930407290198438,0.144508970979426,265,186
"3343",-1.20079363486113,0.109109233935627,265,128
"4386",0.344264718312205,0.168990831051534,265,191
"6394",0.143078560584135,0.156895392645123,265,181
"5123",1.12379098959412,0.226704807389139,265,213
"653",-1.36517178553351,0.10957735781162,265,120
"1725",-0.894027683905913,0.119089913961361,265,144
"1754",-0.582065807758777,0.124433508937426,265,152
"5365",-0.75490758164633,0.119976086378953,265,151
"4787",0.115272785073706,0.155314048117303,265,182
"4510",-0.369829938289733,0.132091989029771,265,158
"1761",0.39888677891169,0.172497786192769,265,188
"200",-1.19399507993266,0.109202168881887,265,135
"27",-1.28895496244207,0.114244618698003,265,127
"3418",-1.08076934950784,0.115941077925007,265,135
"6308",-0.773280574705535,0.118843355678463,265,156
"782",-1.35173401491958,0.110919548156096,265,120
"3388",-1.06084565016467,0.115205140701769,265,141
"641",-1.40885313899003,0.107827217803246,265,117
"5195",2.26073033208865,0.338284942681033,265,228
"2109",-0.602914775885386,0.123826852914887,265,163
"4093",-0.371810622834022,0.132004376071824,265,168
"2494",-0.675893661747293,0.123646737677582,265,151
"5715",-0.670288894873928,0.123688564428672,265,159
"6397",-0.0139657022734296,0.148352424981834,265,182
"6579",0.352331005346119,0.169504113951672,265,193
"3",-1.79182517307538,0.114710607632298,265,98
"943",-0.0677411978928045,0.145764483407212,265,180
"6565",0.487465925966784,0.17836523669692,265,195
"6197",0.787936924600362,0.199884926879771,265,199
"1867",-0.79578523589597,0.117964266392003,265,140
"879",-0.0046003078662164,0.148811975483632,265,179
"5767",-0.10599334319708,0.143848081369159,265,175
"4516",-0.186101183633162,0.139878826847935,265,174
"714",-1.4963335252486,0.114382744904917,265,110
"400",-0.826945582554685,0.117996667795281,265,148
"2791",-1.01390556517111,0.11291912969328,265,136
"398",-1.24231025448054,0.111249144664072,265,133
"5413",-0.809971745024026,0.117807210736608,265,151
"413",-1.38937407818891,0.107880626634064,265,116
"5526",0.231538705673492,0.162018888613786,265,194
"5942",1.28142450058878,0.240292040832571,265,216
"1248",0.171155171239984,0.15849752507015,265,189
"6349",1.78505671185496,0.287934466762232,265,224
"5373",0.761582121402307,0.19790267397027,265,202
"6235",0.922523205266952,0.210285266826422,265,212
"6130",-0.745260555654859,0.120631637107879,265,154
"2090",-0.332793960569892,0.133914754583104,265,175
"3813",-0.767395837288292,0.119178011414628,265,149
"1376",-0.868572191889603,0.119078205825474,265,142
"4305",1.36298979240358,0.24757381374756,265,219
"5031",1.64699768205106,0.274249135595177,265,221
"2138",-0.743632398119503,0.120742512659546,265,142
"4577",0.923228893678831,0.210341022652228,265,205
"3615",0.604794029234475,0.186485133572232,265,196
"1438",-0.286156344711745,0.136120427614686,265,174
"674",-1.5929654526557,0.109575012796806,265,111
"4791",0.480953442552096,0.177925701339293,265,199
"857",-1.2272147746743,0.110063134502615,265,132
"1044",-1.08773332687173,0.116034429408633,265,130
"451",-0.520538615055391,0.127630212183395,265,162
"4378",1.06222233272614,0.221571635528261,265,206
"1274",-0.488629138054069,0.12897939283477,265,157
"4513",1.02149439962408,0.21822952567159,265,210
"5340",0.791331620125045,0.200141553557902,265,203
"2026",-1.16302111243406,0.111220364835774,265,130
"3169",-1.15767041354995,0.111736926946773,265,127
"368",-1.59672687370954,0.109542303650478,265,102
"637",-1.31620387816334,0.113847989660529,265,121
"848",-0.198617290646084,0.139354999872291,265,178
"6402",0.767968048590579,0.198381344693907,265,202
"3132",-0.628818367500231,0.123609363334506,265,155
"613",-1.67144068073709,0.115044927905342,265,105
"3045",-0.500548393533189,0.128545439731888,265,155
"6075",-0.0331006147983387,0.147429400304864,265,177
"1848",0.327001164049494,0.167897474138432,265,199
"5319",-0.130734755400882,0.142566863244638,265,184
"4570",2.28587213574121,0.341066896500566,265,226
"231",-0.769136167970924,0.119075572713365,265,160
"504",-0.759272973411224,0.119687030969452,265,152
"1931",0.0719161092566075,0.152863279854104,265,181
"1479",0.264078481464395,0.163983311330786,265,191
"2169",-0.409037680109447,0.1306986348011,265,168
"5758",1.09476847370321,0.224272968374427,265,213
"3965",1.14886748233754,0.228823457381566,265,215
"4532",1.06474029499863,0.22177965548171,265,213
"3964",-0.566074373483998,0.125149855386558,265,153
"2251",-0.627659847494298,0.123609181193338,265,157
"4664",-0.0423804467048809,0.146985512778662,265,180
"935",-0.386248884522039,0.131417242679522,265,170
"4592",2.02652368957433,0.312917202698765,265,230
"4859",0.383189121610686,0.171482169691614,265,191
"1217",-0.107230202689062,0.143784436959729,265,193
"3186",-1.11067033491472,0.115596727430044,265,141
"2404",0.401341461808153,0.172657212265194,265,195
"2451",-0.76531609562524,0.119303827174442,265,153
"2735",0.0562786428066007,0.151995703768034,265,186
"3162",0.249318442314082,0.16308624300302,265,189
"5039",1.91179939354781,0.300888272157341,265,227
"3066",-0.675982840485853,0.12364586442412,265,152
"3609",-0.4755707161195,0.129359380195106,265,159
"2242",0.103015935516939,0.154617913957573,265,189
"103",-0.654202381476221,0.123696481764837,265,162
"2507",-1.44600473084214,0.110727266940054,265,112
"1655",-0.420197085299034,0.130435526532093,265,167
"3192",-1.10757141134254,0.115724562550573,265,131
"1949",-1.46625136521634,0.112705804646927,265,109
"673",-1.63230515054188,0.111274365276186,265,103
"194",-0.515140176700126,0.12789856480286,265,175
"1419",-0.105725886268686,0.143861833162663,265,174
"3013",-0.922552977154638,0.117884184194219,265,140
"5056",1.29303314793407,0.241317961346985,265,213
"2943",-1.29874028107124,0.114324939575206,265,122
"617",-0.863676800232683,0.118982519857883,265,147
"3547",0.798356873413954,0.200673576046022,265,204
"3429",-0.744159828348674,0.120706630877984,265,151
"5002",0.980885574403307,0.214939547017714,265,206
"233",-2.14058729573137,0.129773449283724,265,78
"1974",-0.923068999086364,0.11785085361216,265,144
"178",-0.895673578818941,0.119056697851811,265,148
"608",-0.855630816000563,0.118783414115312,265,146
"3342",-0.63862996909588,0.123632614817306,265,155
"4979",0.741588741656482,0.196410841552221,265,203
"6287",-0.227666738811154,0.138264206301928,265,174
"1084",-0.387228467069559,0.131380976957109,265,163
"1766",-0.986371344975356,0.113197644041707,265,142
"4888",0.829553831984822,0.203051395670729,265,208
"1869",-0.684382744090953,0.123531199588755,265,148
"1350",-0.557442676772049,0.12560071669423,265,157
"4949",0.0254857708599563,0.150341163824703,265,183
"2576",-1.41280980716617,0.107978742652641,265,113
"4350",-0.408034640254099,0.130724893752381,265,167
"5592",2.14102986666959,0.325191191711015,265,231
"3046",-0.986790873632521,0.113180130185731,265,130
"4279",0.261612655170453,0.163832785155822,265,189
"5214",0.890852562924042,0.207796135720988,265,211
"1523",-0.305719339947295,0.135253691027881,265,166
"4070",1.1491314834198,0.228845848289337,265,210
"1441",-1.13940091187562,0.113529964037377,265,126
"4540",0.0647617941431126,0.152464598625604,265,187
"3681",0.236177209103355,0.16229590879774,265,189
"2792",-1.05665017009982,0.114985578480211,265,135
"1097",-0.900112969069384,0.118944536918819,265,137
"698",-1.19905010499379,0.109118921542363,265,133
"472",-2.01171417727903,0.122808752085837,265,91
"3200",-0.963656452692963,0.114624846173014,265,142
"6115",-0.0616205229259778,0.146061600429017,265,175
"3452",0.129048542491028,0.156097236796998,265,186
"357",-1.38523653840353,0.108061029562315,265,115
"695",-1.0456225980422,0.114359780901857,265,143
"2639",-0.892897351885291,0.119110127839556,265,145
"3191",-0.418449006605368,0.130473487911361,265,166
"1397",-1.04510790024225,0.114329921276592,265,131
"735",-1.05326877736729,0.114798997623236,265,146
"108",-1.40679070846004,0.107769198714302,265,120
"4278",0.910662957775729,0.209350108770048,265,207
"874",-1.15278456621235,0.112221660608744,265,127
"4269",-0.075216583215517,0.145398414139968,265,180
"2163",-0.759404978066541,0.119678424733855,265,150
"4743",-0.0111170336460472,0.148491523414349,265,179
"5208",0.964460981745619,0.213620892429152,265,207
"2627",-0.823542401845438,0.117931434080422,265,147
"3155",-0.784605543414081,0.118311201645514,265,153
"5731",1.08318339067991,0.223308285611651,265,214
"1515",0.0576176566496705,0.152069406097376,265,184
"1425",-0.467779471294493,0.129545005749175,265,167
"1685",-0.16472534431424,0.140856418931324,265,187
"1320",-0.352102188324933,0.132933730617097,265,167
"2891",-0.482677210736695,0.129164278308083,265,170
"5663",0.579266842659291,0.184687420829401,265,201
"3099",-1.05830137301032,0.115073794636427,265,135
"1717",-0.969532248501258,0.114180978372697,265,143
"4806",0.395596236827396,0.172284336890257,265,197
"5922",-0.58195040331931,0.124437976128998,265,160
"3069",-0.717938143303893,0.122339442335165,265,159
"2157",-0.72824587262086,0.121748086721948,265,152
"828",-1.53433014288804,0.11336035208803,265,116
"4507",-0.853053020015761,0.118711771643457,265,144
"401",-1.73070006434892,0.11667356433955,265,97
"5096",1.98586986411661,0.308622842289416,265,227
"5317",0.191677996525187,0.159678841255143,265,186
"1508",-0.308103068243023,0.135141326185238,265,174
"2572",-1.09812276083875,0.115981876747055,265,126
"1133",-0.0745788855717037,0.145429792586414,265,179
"2596",-0.497954326746212,0.128647269223941,265,151
"345",-0.890504117641801,0.119146015129187,265,148
"6228",1.85470206283809,0.295007735237198,265,229
"3021",-1.48835924070946,0.114144521366809,265,114
"708",-1.8098750446951,0.115040805968279,265,89
"1420",-0.429595581009841,0.130248017144617,265,162
"4103",2.10548141418366,0.321353324936452,265,234
"3777",0.557585362243682,0.183173856617909,265,195
"4653",0.658625956021872,0.190332150762958,265,197
"3076",-1.17936108268424,0.109878417770284,265,131
"4911",-0.399920817889779,0.13095494496568,265,170
"2051",-0.245195641887664,0.137653066225111,265,177
"313",-1.21775553309896,0.109507249950402,265,129
"2259",-0.438193285830533,0.130093863300543,265,174
"5575",-0.223014951196758,0.138429773689151,265,171
"4896",0.457580999620103,0.17635883051503,265,196
"4740",-0.272555754064307,0.136664201417566,265,166
"881",-1.01490905616561,0.112941877885571,265,135
"4465",0.43342987076167,0.174757442399308,265,197
"3361",-1.24897775501306,0.111819286962872,265,120
"1778",0.362157022256692,0.170131452351906,265,195
"3636",-0.385687127580796,0.131438254528503,265,169
"3684",0.583267815212902,0.184968062609122,265,201
"393",-1.16460889267952,0.111071938413864,265,132
"154",-0.415797088690617,0.13053325119184,265,174
"5262",0.520308238093481,0.180600584188128,265,198
"5651",0.691563153586406,0.192723754519917,265,204
"3235",-1.09383636596383,0.116032393143358,265,131
"5347",1.87248673151147,0.296831625365858,265,223
"1442",0.265278657992511,0.164056668656456,265,197
"2990",0.752589156001051,0.197230372020695,265,201
"1975",-0.364042800319756,0.132356334642702,265,174
"4204",0.133132638472497,0.156329513642078,265,188
"3857",2.31864960436312,0.344709392161051,265,236
"640",-1.02039743381946,0.113101652394452,265,139
"1878",-0.468855948657807,0.12952092758626,265,167
"2759",-1.23703478855972,0.110808292977784,265,125
"6427",1.10935772283314,0.225492714844715,265,211
"5868",1.14311782058423,0.228336252488717,265,212
"5829",-0.567422135391597,0.125082807241776,265,160
"5562",0.971490114980817,0.214184382720493,265,209
"3905",1.00464005285625,0.216858915956248,265,213
"6043",0.239385983733928,0.162488140814646,265,186
"324",-0.731137311615296,0.12156796277829,265,153
"1595",-0.713871068484422,0.122547038877284,265,157
"2156",-0.878662921310539,0.119191859192333,265,145
"3847",2.72586915003085,0.391202427958742,265,237
"5823",1.19300527018038,0.232591887971847,265,211
"4583",1.64989770001378,0.274531893645023,265,226
"3829",0.549388601884532,0.182604850986184,265,195
"3946",-0.46564186110398,0.129591476900116,265,161
"3879",1.03708652549108,0.219503977903807,265,209
"428",-1.80073240739968,0.114787800881667,265,93
"3714",0.970795402668287,0.214128634733403,265,212
"4414",0.153011398097271,0.157461091508466,265,184
"2730",-0.825294985233244,0.117963597234906,265,149
"4752",0.171972113431931,0.158544332624757,265,191
"1620",0.24876863149996,0.163053015385303,265,191
"4428",1.19391564579387,0.232670143085722,265,211
"1663",-0.580785304170333,0.124483708600954,265,148
"3417",-0.557966823334658,0.12557244043796,265,164
"1854",-0.261536769107688,0.137075015775229,265,171
"4598",1.60407311238905,0.270087986567261,265,219
"487",-2.01151620228074,0.122800785946765,265,70
"6142",0.376032220371069,0.17102129335999,265,190
"3222",-0.389652246882419,0.131293307547932,265,172
"21",-1.63922480899035,0.111925125430282,265,101
"214",-1.26436251803099,0.113052186598273,265,126
"2033",0.151438490698927,0.157371455569786,265,189
"208",-1.21695688586339,0.109469903067842,265,132
"6359",0.158740221435068,0.157787796956061,265,183
"2187",-0.417209661759953,0.130501081850709,265,165
"6459",0.163088865317912,0.158036090270868,265,188
"434",-0.728417877418599,0.121737524323102,265,157
"396",-1.45688420440594,0.111833135912244,265,117
"2334",-1.18866525122075,0.109376852022994,265,121
"574",-1.40301295694738,0.107701545052555,265,120
"676",-1.71312549885417,0.116903987243528,265,94
"479",-1.08965113667888,0.116042477399304,265,139
"717",-1.73835568192462,0.116431593530381,265,98
"3564",0.0773530847224673,0.153167890861524,265,183
"3010",-0.247077627275672,0.137587571325826,265,171
"706",-1.50444034856797,0.114456287936903,265,111
"5742",0.113415191740854,0.155208484680894,265,186
"124",-0.916527107530437,0.118245902655412,265,148
"4985",0.197033070892323,0.159989320716813,265,182
"3639",0.46165303892759,0.176630613491465,265,196
"895",-0.248548528575704,0.137536267678568,265,176
"3441",-0.484945977758938,0.129096210273471,265,167
"989",-0.713126650262237,0.122583289040258,265,149
"3763",-0.0251365119988467,0.147811655448524,265,185
"5926",0.321920893691309,0.167577103340294,265,194
"5943",-0.165128162409966,0.140837112245167,265,181
"4303",1.03784402267662,0.219566052242224,265,206
"4088",0.129908845514521,0.156146162021283,265,185
"20",-1.7306421989479,0.1166751214351,265,88
"1579",-0.00654725558048132,0.14871589012668,265,189
"2322",-0.73272236460293,0.121467056721862,265,151
"2722",-1.28405724581652,0.114113113456052,265,114
"2974",-1.27690769997588,0.113819346757911,265,125
"9",-1.38033476711824,0.108342492925261,265,120
"619",-1.42075990904783,0.108430559075814,265,114
"5141",-0.39327399992011,0.131167842022587,265,165
"1066",-0.181036891412845,0.140101245753064,265,171
"4913",-0.531647629163389,0.127040021990395,265,161
"1117",0.16269638505077,0.158013668816844,265,187
"5146",0.63460982028136,0.188606433140286,265,199
"884",-0.90333675460991,0.118842338244737,265,144
"4144",-0.189616673654264,0.139727974819914,265,181
"3445",-0.448216341116938,0.129921371412909,265,166
"118",-0.402423747807552,0.130880551083252,265,172
"4026",0.309370644498899,0.166788519671418,265,194
"2899",-0.159975541081524,0.141086296416143,265,179
"2265",-0.896661577508275,0.119034592551496,265,149
"3408",-0.919141166962089,0.118095371445978,265,145
"1796",-0.427640635258868,0.130285010361073,265,167
"666",-1.64569780547658,0.112570590868604,265,106
"892",-0.789385051016978,0.118139451062628,265,149
"1262",-0.0843260892150848,0.144946874895165,265,175
"1421",0.521381880802296,0.180674173618445,265,202
"4682",0.336981023543683,0.168528663427484,265,194
"5047",-0.567646777520324,0.125071733718949,265,163
"3973",1.50942199564674,0.261073793234054,265,223
"6292",2.22087191273221,0.333896631947173,265,231
"2820",-1.45646911743232,0.111792180366564,265,110
"2361",-0.831427439636276,0.118098498438745,265,144
"547",-1.59089797748801,0.10961140277518,265,108
"2613",-0.679270912176725,0.123608787100621,265,156
"1549",0.24227675721256,0.162661738606657,265,195
"24",-1.31782438445401,0.113764766945217,265,122
"4334",1.99608092183678,0.30969823645206,265,230
"2955",-0.993631810866253,0.112950529949299,265,138
"893",0.1000827883314,0.154451522197009,265,196
"595",-1.2794512313233,0.113937093704316,265,127
"1588",-1.19111683665223,0.109285676620782,265,134
"2342",-1.18945327527504,0.10934557045305,265,126
"548",-1.35965440643774,0.11011587899295,265,112
"8",-1.21733608390728,0.109487429792179,265,128
"4684",-0.0977307918476438,0.144270956272878,265,183
"4559",0.103061137642844,0.154620478968899,265,189
"2199",-0.847462869987188,0.118549206594456,265,145
"1999",0.0590477671360987,0.152148256297295,265,186
"5597",0.545373120438804,0.182326749416289,265,199
"961",-1.07163267472279,0.11567915928146,265,133
"2522",-0.323722196744589,0.134375640876772,265,165
"5753",0.105051053559589,0.154733418484518,265,192
"284",-1.69612677477233,0.116568805592675,265,102
"2842",-0.891937528032736,0.119125643151392,265,148
"2884",-1.00285714029826,0.112815976041739,265,141
"1457",-0.545887664942735,0.12624197739585,265,157
"6477",-0.187153390453911,0.139833369845492,265,178
"3402",-0.758175659898583,0.119758909600998,265,154
"970",-0.199990195427208,0.13929975395737,265,176
"3025",-0.444445789272903,0.129986327233181,265,157
"432",-1.3581637655879,0.110265530051123,265,124
"758",-1.8286814708661,0.116066738196779,265,97
"5034",-0.383272213065145,0.131530345634193,265,155
"5220",-0.276622512494312,0.136506297760174,265,172
"4376",-0.0639231704612235,0.145950071394446,265,177
"2645",0.381797866709601,0.171392474782025,265,194
"3767",0.187570230603713,0.159441371473328,265,187
"739",-1.32249800075856,0.113490558656376,265,125
"3374",-1.19067147012609,0.109300886822,265,126
"3084",-0.483745281497219,0.129132596469447,265,163
"3634",0.588111816880756,0.185308394319074,265,202
"319",-1.21417480878088,0.109353025664918,265,127
"6215",-0.455214399399151,0.129796942907256,265,158
"4986",-0.442774965388389,0.130014966561219,265,168
"405",-1.57374245036016,0.110358903838691,265,106
"5888",-0.318584451434827,0.134632418360693,265,175
"6518",1.01908033396696,0.218032764861335,265,208
"137",-1.04588476136026,0.114374993829827,265,148
"3430",-1.14937498725417,0.112561576952896,265,130
"6469",1.2397979586399,0.236641816024724,265,217
"1690",-1.08274382085911,0.115977472482685,265,132
"1982",-0.889811878592555,0.119154662042818,265,141
"2346",-1.11937642644272,0.115127665134232,265,134
"2944",-0.75330021417035,0.120084266411003,265,154
"1043",-1.23786766248002,0.110876639542345,265,132
"2729",0.0469313282016626,0.151484858420825,265,184
"2329",-1.13747149418638,0.113708361855518,265,127
"349",-1.62859519470631,0.110952088999998,265,99
"5492",-0.610938714375908,0.123702172298815,265,158
"6434",1.22116751055427,0.235022580607688,265,216
"512",-1.53967144910871,0.112985280045409,265,107
"3785",-0.404085084926652,0.130832881336583,265,157
"5251",-0.477546209068869,0.129307790110725,265,167
"2787",-0.547415437325448,0.126155898404597,265,160
"1025",-1.36209572630861,0.109874091129962,265,126
"5959",1.15845359103749,0.229637641396493,265,215
"1055",-0.396541747578575,0.131060371653313,265,173
"3436",-1.10388035531819,0.115848988381432,265,132
"409",-1.28423509932328,0.114118912486354,265,128
"3368",-0.636528730884971,0.123625061732121,265,156
"5516",0.455079332831873,0.176192114062526,265,200
"1814",-0.258040706687063,0.137201073658532,265,174
"2350",-1.08971393399166,0.116042607787523,265,120
"841",-1.45030679392498,0.111170021660866,265,111
"6126",0.663508342672918,0.190684851110422,265,200
"5380",-0.281055376975819,0.136329731266052,265,172
"6060",1.64859806387096,0.274405150932419,265,220
"3864",-0.276658399451537,0.136504887400475,265,170
"915",-1.04078193717767,0.114080656078911,265,132
"1480",0.207325292301924,0.16058919689033,265,192
"3509",0.0531978838002404,0.151826610303833,265,186
"339",-1.66020943430103,0.114026047719034,265,111
"2608",-0.397975335427935,0.131014938356252,265,167
"3607",0.00105596793038857,0.149092932333115,265,185
"2073",-0.871760840174681,0.119127341456399,265,149
"2275",-1.45866779446733,0.112007291157377,265,113
"4645",1.63995578801258,0.273563390166045,265,218
"1932",-0.643274026375642,0.123651997625136,265,162
"6539",0.444348238788878,0.175479170122764,265,198
"4988",1.14443317274067,0.228447635431441,265,210
"765",-1.82542397538295,0.115847136735555,265,92
"661",-2.0464379083835,0.124747719051071,265,76
"462",-0.348383381981221,0.133119949546678,265,175
"14",-1.35698180826466,0.110384999839909,265,116
"4477",-0.315208982702159,0.134798733067192,265,176
"775",-1.05780802483431,0.115047664377008,265,135
"3092",-0.703530475160689,0.122999123004537,265,153
"1734",-0.780608828817899,0.118480045030937,265,156
"2637",-0.0132379989486075,0.148387905532434,265,187
"3956",0.101510087714245,0.154532477204794,265,190
"5265",0.612864804760579,0.187057041349592,265,200
"5359",0.0629782158050674,0.152365642087915,265,181
"4195",0.375153180150069,0.17096477695389,265,194
"1062",0.109939964320186,0.155011041296245,265,180
"414",-1.49144410517342,0.114255941413684,265,110
"2501",-0.614304465412263,0.123666724625905,265,155
"272",-1.56196213891065,0.111207513541347,265,104
"5261",-0.330432787389026,0.134035339550015,265,159
"954",-1.73344902527859,0.116594585326007,265,94
"1446",-1.07190716056872,0.11568910036532,265,130
"3355",-1.23961490071879,0.111021741948575,265,128
"4892",-0.118473816098476,0.14320298116908,265,176
"509",-1.25597668540491,0.112405662823934,265,125
"4690",-0.152554102632501,0.141452910188941,265,174
"210",-1.13539559162838,0.113895728759882,265,139
"4181",-0.0928511733228717,0.144518557188988,265,172
"2948",0.656543764539067,0.190181926863062,265,205
"2625",-0.752467516564256,0.120140578540935,265,154
"5314",-0.725597016817089,0.121908110301435,265,150
"4904",-0.0715472195228223,0.145578575725949,265,180
"2865",-1.20444924855758,0.109120617523105,265,129
"2234",-0.323208117243281,0.134401506166311,265,181
"2420",-1.74914650563383,0.116001837819258,265,96
"3116",1.12413599415372,0.226733846147846,265,217
"3792",-0.581947519546197,0.12443808790256,265,158
"1095",-0.0602643827482955,0.14612715659311,265,177
"450",-0.0130070762091673,0.148399172025884,265,183
"2170",-0.898813165238369,0.118980799972966,265,143
"1292",-1.15823917543828,0.111681084080187,265,132
"1764",1.15786237290704,0.229587358550244,265,214
"5656",0.564770189694979,0.183674064624174,265,197
"2738",-1.16060844695748,0.111450594999909,265,125
"201",-0.693308748650231,0.123332365734425,265,165
"1900",-0.736583109889572,0.121215792194363,265,144
"58",-1.28362547942491,0.114098720932028,265,127
"5514",1.1748447979462,0.23103529176328,265,207
"1826",-0.452044768199316,0.129854186003517,265,164
"5447",2.76655213090012,0.395947412844402,265,233
"991",-0.306497562325691,0.135217157070868,265,182
"6177",1.20053375516957,0.233239672193547,265,212
"4395",1.8668168607005,0.29624938704589,265,226
"5431",-0.0761609728299788,0.145351890718021,265,178
"6232",0.900706110001342,0.208567813656663,265,206
"1136",-0.248839583871512,0.137526101609165,265,177
"5301",-0.73144280010659,0.121548627916329,265,159
"3228",-0.683922646939006,0.123539222843433,265,154
"1675",-1.32491724719156,0.113329601075594,265,117
"2528",0.0608798854307075,0.152249466730799,265,186
"3147",-1.2243703616818,0.109875789235958,265,128
"4935",0.596676777637057,0.18591164856454,265,204
"4209",1.99251237536886,0.309322161549031,265,231
"1940",0.604019411077317,0.18643033247699,265,204
"5245",-1.04882467678082,0.114545344736511,265,140
"5239",-0.0573112819809765,0.146269609140602,265,180
"5469",0.581586209072417,0.184850058350664,265,201
"3913",0.201843323067677,0.160269146471019,265,181
"1645",-0.396243949331943,0.131069940440853,265,172
"4973",0.97999560666415,0.21486791845364,265,214
"1827",-0.374529792251474,0.131886683162369,265,173
"6309",-0.488872438533996,0.128971395264949,265,164
"1012",0.258249626443698,0.163627908877724,265,204
"4764",-0.727202542884747,0.121811717064903,265,155
"286",-1.33643266906888,0.11240912854114,265,119
"2172",-0.762594169501388,0.119473491680713,265,147
"105",-0.084517776485626,0.144937305453373,265,182
"1568",-0.123418617628576,0.142946334703877,265,181
"6524",-0.123294132018842,0.142952797090822,265,174
"3648",1.23922894234925,0.236592228441732,265,215
"6032",1.03335240047476,0.219198194116268,265,214
"6301",0.0829580784430941,0.153483123875452,265,184
"3322",-0.414229331282467,0.130569884971363,265,169
"1994",-0.610179134888244,0.123711502263214,265,156
"971",-1.13620042642662,0.113823683647432,265,127
"6554",0.566356923221177,0.183784714897554,265,201
"4995",-0.332735388937479,0.133917749111169,265,173
"159",-0.79540266028663,0.117972922961954,265,154
"4964",0.546069088861575,0.182374919758926,265,197
"540",-1.87618478843196,0.119897172825764,265,96
"3365",-1.64104971216752,0.112104597817633,265,103
"2072",-1.15482155056363,0.112018769140996,265,136
"982",-1.14591327194321,0.112904109014136,265,138
"6019",0.147909800681799,0.157170447351337,265,192
"2968",-1.0760350776958,0.115823703347711,265,140
"2179",-0.507922418684102,0.128233808584078,265,157
"470",-1.30288503682614,0.114283418073176,265,116
"1948",-1.17431204546669,0.110241075615252,265,131
"2844",-0.790296747255896,0.118110594002816,265,151
"6156",-0.838109576859243,0.118275621923624,265,145
"2149",-1.35326034632659,0.11076384570032,265,125
"6351",0.662102604487691,0.190583236737901,265,195
"1454",-0.666177912572332,0.123704368851217,265,157
"1327",-0.744470669892005,0.120685466565758,265,140
"2938",-0.077217717275847,0.145299755150951,265,177
"5985",0.00103681232073961,0.149091976112499,265,179
"1738",-0.69794779675039,0.123195332116627,265,154
"3096",-0.896197728088643,0.11904517359226,265,147
"3242",-0.405251936318826,0.13080020327713,265,171
"497",-1.01605097025707,0.112970278757864,265,135
"535",-1.61372377685122,0.109943916220491,265,100
"722",-1.59833409024325,0.109541760731961,265,112
"2953",-0.859741380554502,0.118890602525692,265,148
"1326",-0.202791308164681,0.139188344036282,265,168
"5666",0.714939466740829,0.1944385212245,265,203
"5763",2.16901776948236,0.328229557754046,265,231
"2232",0.14364358969978,0.156927553566257,265,191
"147",-0.874628117381062,0.119161478031087,265,154
"2266",-0.448180212865231,0.129921998025492,265,162
"2018",-0.815315020364315,0.117827277642216,265,147
"2214",-0.785099005036765,0.118291912465443,265,147
"2221",-0.946399866823502,0.116059154751159,265,150
"734",-1.75822203552842,0.11560902861156,265,90
"116",-0.835942226759174,0.118215557145641,265,146
"3125",-1.12710316317869,0.114586351009866,265,132
"4083",0.424598931852855,0.174176376536613,265,200
"4648",-0.524270842047183,0.127436988327863,265,168
"1946",0.450186169260234,0.175866583265218,265,201
"1757",-0.499597918879049,0.128583227503514,265,171
"3131",-1.42133698123006,0.108470294732806,265,122
"3053",-1.20586837251651,0.109136501289397,265,126
"580",-1.56061221599244,0.111314466683494,265,114
"250",-0.85281952234372,0.118705149923608,265,141
"570",-1.55856731499914,0.111478639865635,265,103
"5833",-0.398649336925572,0.1309939378068,265,167
"566",-1.17878713291628,0.109916735479032,265,132
"2331",-1.09223216681878,0.116040791054717,265,129
"4723",0.873733748671875,0.206461395091141,265,211
"1581",-0.261280907072112,0.137084301420192,265,180
"545",-1.71751990495964,0.116896515715239,265,98
"5226",0.742472235304362,0.196476545915721,265,202
"4338",-0.390097700237065,0.131277517086818,265,174
"1285",-0.966392402092579,0.114413437133488,265,149
"4897",0.50886903424535,0.17981851025107,265,202
"262",-1.29617008737455,0.114327963005307,265,121
"3414",-1.48430506682457,0.113962106863211,265,109
"1422",-0.702062756730843,0.123054019805461,265,153
"606",-1.64757674750991,0.112761100725964,265,106
"534",-0.32502031704856,0.134310178551369,265,173
"4971",0.580804984952977,0.184795262099098,265,196
"389",-1.60918095697,0.109750143563568,265,106
"1680",-0.44487077270403,0.129979037053209,265,174
"3532",0.700440220246204,0.193373236409944,265,197
"1021",-1.29770706118732,0.114328241908959,265,123
"2782",-0.764157897805358,0.119375368971637,265,151
"5669",-0.608865814016344,0.12372882373423,265,158
"369",-0.88836447693677,0.119170259348802,265,147
"6562",-0.670824388100899,0.123685628079018,265,151
"3309",0.482490647891316,0.178029335120307,265,196
"2897",-0.835816824559555,0.11821214830317,265,151
"5223",0.316517989394661,0.16723710609629,265,190
"3460",0.623192345960344,0.187791356443032,265,204
"1034",-1.01755442343669,0.113011644071948,265,139
"2853",-1.51133824726526,0.114385531672905,265,113
"1165",-0.839865251423757,0.118325638051671,265,151
"5551",0.27730094722943,0.16479471178271,265,193
"5681",0.330401394643138,0.168112255443169,265,191
"3264",-0.484644401480399,0.12910542661246,265,162
"3210",-0.928350040275029,0.117490263103852,265,144
"3031",-1.65308378791942,0.113319726058957,265,96
"2852",-0.767269736714609,0.119185537725348,265,149
"3161",-1.11522521749518,0.115371042490722,265,130
"6275",-0.341863178268843,0.133450797172911,265,168
"3193",-0.643609631053863,0.123653480311052,265,155
"730",-0.788248154631413,0.118177213939578,265,153
"3587",0.192672518342407,0.159736422830884,265,185
"2965",-1.09567238874725,0.116015783235375,265,133
"4406",-0.206226899189852,0.139054026126538,265,173
"596",-1.64430336641009,0.112429788942225,265,98
"1208",0.18046490283366,0.159031900707438,265,195
"2712",-1.66299527004181,0.11429199554299,265,107
"2065",-1.13422612785432,0.113998987999744,265,144
"826",-1.09818124838644,0.115980902653342,265,125
"5921",-0.267813017338254,0.136843834394428,265,164
"2779",-1.32119311558124,0.113572098084807,265,119
"2655",-1.12084419843241,0.115033383907451,265,130
"4484",-0.563994205772213,0.125255298024056,265,162
"2318",-0.0723550478504597,0.145538992859422,265,184
"1059",-0.323034921312236,0.134410212425556,265,165
"171",-0.599142971436518,0.123906120351524,265,165
"515",-1.45736114507741,0.111880003689575,265,112
"2158",0.0500080601107022,0.151652268323575,265,182
"938",-0.414441543695965,0.130564867603235,265,161
"5748",0.200805398819107,0.16020868971886,265,188
"342",-1.47216988219452,0.113189692046301,265,111
"4174",0.77720183133746,0.199075339975523,265,207
"5493",-1.29505454886304,0.114323883805375,265,117
"1483",-0.537199163109532,0.126731704060154,265,159
"5638",0.0908818266973098,0.15393041355257,265,183
"3834",0.38394037154854,0.171530624175422,265,194
"4492",0.238399883134083,0.162429013355174,265,194
"3446",-0.383653142612621,0.13151563042953,265,169
"5343",1.01523674787809,0.217719797975266,265,208
"2020",-0.586509348682699,0.124270343457354,265,165
"1512",-0.44621314601435,0.129955971696798,265,168
"827",0.372426156778914,0.170789571456187,265,202
"4828",0.367777909604131,0.170491358463721,265,199
"2889",-0.95162776179812,0.115616573807023,265,144
"5640",-0.581260799146926,0.124464906039863,265,157
"315",-0.996883927925119,0.112879751600267,265,137
"3464",-0.248142775421717,0.137550431662092,265,177
"1359",-1.01752947970275,0.113010921711737,265,135
"709",-1.5237518757972,0.113968321183302,265,109
"3497",0.231579212417618,0.162021303323025,265,192
"1152",1.04542875569984,0.2201884073033,265,214
"5987",0.801600537291875,0.200919645690897,265,200
"693",-1.06869486829135,0.115565545343428,265,140
"801",-0.245348107320411,0.137647765341428,265,167
"1708",-1.19460512296758,0.109187801117239,265,127
"281",-1.21147116010561,0.109260069431682,265,125
"5950",-0.59653699631846,0.123968820869029,265,153
"3759",0.992700841711721,0.215892416142952,265,206
"846",-0.31022596619912,0.135040133360773,265,176
"2519",-0.964100681996463,0.114590020695889,265,148
"4642",1.03433183167465,0.219278364154412,265,211
"1934",-1.24043386625375,0.111090442613223,265,124
"449",-1.23259914579695,0.110455856911146,265,120
"41",-1.6084350755656,0.109724151435994,265,102
"977",0.32009124133737,0.167461881623724,265,201
"3543",0.00992980689049263,0.149539568554162,265,184
"618",-1.08801832888416,0.116036120942482,265,139
"4678",0.846045207281312,0.204318427651435,265,201
"2258",-0.501111400487683,0.128522796963798,265,167
"4965",-0.282205464947064,0.136283125422151,265,171
"2200",-1.01341864369337,0.112908850286947,265,145
"5091",-0.396897322318072,0.131049005467973,265,174
"4526",1.51053128231474,0.261178138168825,265,220
"3298",-0.589302624975627,0.124176871912586,265,158
"5927",-0.383978261387057,0.131503126797017,265,163
"1713",-0.883822141557634,0.119197884032269,265,146
"705",-1.5047074371412,0.114455808041949,265,116
"3275",-0.690782294279645,0.123397165640746,265,153
"3404",-0.778915905297036,0.118558071608659,265,150
"3711",1.1393445414714,0.228016981487261,265,212
"2532",-0.0954826376750092,0.144385243538032,265,181
"6549",0.272927018962331,0.164525537664878,265,192
"3440",-1.15731476914047,0.111771929570925,265,128
"5998",0.635953802518683,0.18870260416729,265,200
"4661",-0.567054216038254,0.125101007185772,265,160
"1229",-1.11402505334935,0.115434792295421,265,132
"6403",-0.0545512549901769,0.146402415658215,265,177
"516",-1.71564868468338,0.116904146850679,265,104
"957",-1.16833656078145,0.11073546258888,265,121
"745",-1.26312813993345,0.112962440252713,265,134
"3037",-1.1987010861581,0.109122036833317,265,123
"475",-1.59626850202132,0.109543941931272,265,104
"6320",0.734343335770194,0.195872774557597,265,201
"6498",-0.301854069066482,0.135432920320444,265,164
"4189",1.02093435982104,0.218183865758832,265,206
"4536",0.55264591715777,0.182830756820238,265,197
"565",-1.0916994797894,0.11604232779102,265,137
"237",-1.65590563502974,0.113602927919526,265,103
"2486",-1.28253585229134,0.114060432845823,265,118
"1455",-0.42925951031007,0.130254312988201,265,165
"259",-1.62949982305891,0.111028599987687,265,106
"807",-0.376797832681029,0.131790916403632,265,164
"221",-1.81814118434209,0.115415365522807,265,99
"121",-0.278591296783417,0.136428470478813,265,171
"2623",-0.318297706559554,0.134646626384611,265,171
"3910",0.487554954539225,0.178371254079021,265,195
"3962",0.437003586611773,0.17499326775478,265,197
"4912",0.643956450085173,0.189276235871397,265,203
"912",-1.22187721424485,0.109725114709209,265,126
"67",-0.60457055609278,0.123796299153452,265,162
"2343",-1.92378808011371,0.121980240456875,265,78
"404",-1.24608839405162,0.111571985217807,265,129
"6030",0.596346961034483,0.185888383295044,265,209
"3619",-0.231883454671795,0.138115940590365,265,171
"2514",-1.20553030418458,0.109132141128663,265,125
"2676",-0.503290359605923,0.128433354783507,265,166
"436",-0.981357211437911,0.113435782609733,265,143
"2419",-0.432617226077591,0.130192470516056,265,166
"4925",-0.0934473184681736,0.14448839999024,265,177
"3988",-0.363299060840302,0.132391140987758,265,177
"750",-1.65302150833265,0.113313439772707,265,106
"3940",-0.39051267214971,0.131262897471548,265,165
"5043",0.248646077586725,0.163045610774045,265,190
"307",-1.74932407761272,0.115994245900365,265,99
"4515",-0.865940126320491,0.11902958377016,265,142
"4199",0.409456147495791,0.173185461499925,265,191
"632",-1.03169605334667,0.113587930081655,265,135
"4688",-0.248438875375983,0.137540096374805,265,167
"3357",-0.980929719474862,0.113458451649908,265,133
"486",-1.91025516970973,0.121680464476799,265,89
"183",-0.705850342060152,0.122907570552293,265,170
"1332",-1.34787870549753,0.111310613621272,265,118
"2339",-1.67229821927066,0.115116015144882,265,100
"5256",-0.211303661432178,0.138859983873787,265,181
"2923",-0.916578387393648,0.118243047110994,265,140
"5569",-0.452964414549641,0.129837756057384,265,158
"3828",0.219508270855412,0.161305162302976,265,190
"6112",-0.490009696920035,0.128933544179265,265,157
"1398",-0.281525023714581,0.136310739907962,265,178
"5939",0.247595011407639,0.162982134544629,265,185
"5652",1.78095478124288,0.287521352399872,265,227
"3390",-0.979583962651609,0.11353211888762,265,143
"716",-1.44539114335628,0.110664077044269,265,114
"5398",0.685348652489254,0.192270314797212,265,202
"6519",0.792854394913153,0.20025676586828,265,211
"5166",-1.11488197672145,0.115389583106368,265,132
"553",-1.17525478639493,0.110169158650308,265,135
"2870",-0.941674469649546,0.116454206936439,265,134
"4692",0.181369842880453,0.159083966606576,265,185
"1887",-0.359715391531244,0.132561234756996,265,164
"5341",0.620763279747392,0.187618391648415,265,200
"6152",0.858465002143485,0.20527723572235,265,206
"4007",0.15086440757579,0.15733874604077,265,188
"3218",-1.01191375562087,0.112880274669065,265,142
"1927",-1.25120929132112,0.112008984837194,265,116
"37",-1.36001367617347,0.110080015390792,265,116
"238",-1.3161233506388,0.113851961229772,265,118
"140",-0.468632621078934,0.129525961394357,265,170
"3433",-0.661629849944141,0.123709492837202,265,159
"3086",-1.16445785500237,0.111085939108311,265,131
"2711",-1.71359796488632,0.116904945776489,265,99
"5349",-0.627064432724111,0.123609354476374,265,161
"537",-1.65799722637537,0.113810158190486,265,104
"683",-1.32460395828567,0.113351145214656,265,120
"5555",1.39577893349439,0.250549216420584,265,220
"5633",-0.39924045598272,0.130975708549929,265,167
"4567",0.941627156379852,0.211799157344019,265,208
"287",-1.76074163843089,0.115501866094165,265,99
"2887",-0.879200327505395,0.119194256179063,265,146
"3107",-1.76778903437226,0.115220242761138,265,98
"4807",0.378749784051239,0.171196138722158,265,191
"1800",-0.56398953817727,0.125255537167216,265,150
"461",-0.571825209100563,0.124871457158401,265,159
"1505",-0.793240272455165,0.118026221923107,265,146
"89",-0.759390595044602,0.119679362017458,265,151
"2883",-1.12444827471533,0.114784563674267,265,134
"610",-1.33122667740796,0.112854277658069,265,123
"4633",0.516957361615886,0.180371113984737,265,199
"2117",-0.817468804030783,0.117846466122261,265,148
"2300",-0.300476456558944,0.135495879231724,265,174
"2228",-0.538322470604447,0.126668672446379,265,164
"3230",-1.11654326674388,0.11529757194544,265,127
"481",-1.4502932849933,0.111168636704206,265,125
"4741",0.408191096834087,0.173102984779587,265,194
"1846",-1.11195192913509,0.115537720480322,265,129
"2610",-2.14768116553117,0.129979631452612,265,74
"1426",-0.290098347915348,0.135953993709322,265,179
"622",-1.03724180909509,0.113881809669265,265,133
"2826",-1.5118073192746,0.114376374862611,265,100
"3157",-1.56601793592314,0.110895553659327,265,111
"4972",-0.648405231153237,0.123674610274868,265,158
"2491",-1.52208669278141,0.114044409923767,265,108
"2400",-0.050330971681021,0.146604978497705,265,184
"966",-1.39703860055321,0.107698737243072,265,128
"3182",-1.81227938753188,0.115136044137927,265,94
"568",-0.739790240917468,0.12100226512209,265,159
"227",-0.675248955995431,0.123652848976879,265,163
"74",-1.38639050407704,0.108005220919036,265,116
"5361",0.865631417702019,0.205832279751147,265,210
"3258",-1.00590576388263,0.112816378721593,265,137
"2526",-0.46174170784692,0.129672063093649,265,168
"2096",-0.883811789071969,0.11919791090541,265,151
"519",-1.43508428456764,0.109629709567413,265,110
"478",-1.34166805492383,0.111922875336256,265,127
"557",-1.92112558532578,0.121937904217216,265,78
"3281",-0.436069169791951,0.130130956215376,265,164
"2976",-0.951215044335794,0.115651528745084,265,141
"692",-0.828675098909274,0.118033998421636,265,149
"2648",-0.855423489413387,0.118777761416181,265,149
"544",-1.64816531600868,0.112820883682677,265,104
"6375",0.00857843974148186,0.149471068004811,265,191
"5366",-0.493946466712302,0.128796498091172,265,158
"4237",0.225608469755132,0.16166621339621,265,191
"4345",0.277673899989852,0.164817697247786,265,189
"2951",-1.22120806637022,0.109687003151649,265,131
"3920",0.701947067756953,0.193483689685595,265,206
"2150",-0.342210369057553,0.133433083250147,265,171
"5611",1.15678877237946,0.229496072307951,265,212
"3617",0.661902825030011,0.190568799848251,265,198
"2299",-0.864034927613482,0.118990269469717,265,149
"93",-1.03738815606515,0.11388989085815,265,149
"3471",0.858590735109597,0.205286962497648,265,205
"1026",-1.47402407587883,0.113328008972454,265,115
"3574",1.07384800817209,0.222533443443013,265,213
"1404",-1.62341291547588,0.110543459851787,265,103
"3465",0.500959469107866,0.179279908531412,265,195
"4619",0.534146543527966,0.181551502732894,265,199
"1276",-0.553200272243611,0.125832791120559,265,157
"3011",0.468898337904349,0.177115453323641,265,202
"1298",-0.813796302679677,0.117817484048351,265,143
"2961",-1.37919086286693,0.108417897199893,265,114
"1185",0.462190201999289,0.176666503923749,265,200
"3252",-0.122227929543492,0.143008146878024,265,178
"4788",0.774117476862966,0.198843281139588,265,211
"5496",-0.375927986647276,0.131827380437276,265,165
"2713",-1.80067383484368,0.114786748680303,265,96
"123",-0.428141292928861,0.130275449390486,265,171
"2894",-1.0934950820797,0.116034655477377,265,137
"5508",1.69607784907114,0.279062068690193,265,221
"3787",-0.299574478708983,0.135536833357539,265,166
"5297",0.570215669297422,0.184054077055653,265,202
"4722",1.0142281042005,0.217637731157282,265,211
"4254",0.114588164034533,0.155275140648173,265,181
"296",-1.51705318563181,0.114237609435938,265,116
"5890",0.401402042129859,0.172661148962951,265,190
"2470",-1.71517161309094,0.116905046204831,265,97
"5388",-0.17937139059673,0.140175692898061,265,179
"1377",0.393874020168422,0.172172740278146,265,197
"5441",3.02015172716299,0.425776197003105,265,239
"3761",-0.243719165054072,0.137704364259957,265,171
"264",-0.824036812648516,0.117940187172295,265,149
"1423",0.276739083136503,0.164760093411298,265,191
"2417",-1.43698631951318,0.109814270514539,265,116
"3133",-0.172868558473313,0.140472336441907,265,183
"6242",1.0567914247843,0.221123518539163,265,215
"1468",0.704042329188661,0.1936373735905,265,207
"4533",0.532302712507193,0.181424500806323,265,203
"6422",1.34554635250089,0.246002168752411,265,221
"2578",-1.31545551001683,0.11388429451804,265,124
"3150",-1.8001320593485,0.114777361335545,265,90
"6025",1.17945339901669,0.231429506043145,265,215
"5014",2.15173320834625,0.326351425095042,265,226
"6307",-0.148966214573533,0.141632947876715,265,179
"3129",-1.21221399070689,0.109283518919087,265,127
"1260",0.614298382737837,0.187158805239916,265,198
"3002",-1.18382228658491,0.109608641985708,265,131
"863",0.25288414097805,0.163302069205926,265,192
"445",-0.84108815462022,0.118361038441888,265,149
"5963",-0.536620990586423,0.126764079508785,265,163
"5348",-0.779121951005866,0.118548375941812,265,148
"5138",1.11749187417767,0.226175154325823,265,215
"2570",-1.18655873538195,0.109469454055196,265,124
"454",-0.897745747431055,0.119008457095705,265,140
"6374",-0.341222495536029,0.133483504794812,265,166
"2175",-0.665040510760173,0.123706779138449,265,152
"1768",0.660608721509365,0.190475308204424,265,208
"2854",-1.15916630095203,0.111590450544224,265,141
"2758",-1.55490323724705,0.111777007175712,265,103
"4548",-0.544161133876343,0.126339422421022,265,161
"2672",-0.805573172379332,0.117822188368938,265,154
"552",-1.28528519262767,0.114151600319009,265,125
"560",-1.30805397457911,0.114168415253387,265,123
"894",-0.908587548573824,0.118638697304848,265,143
"5801",0.0607478459074835,0.152242165399573,265,192
"4385",0.462922668229165,0.176715457812096,265,189
"302",-1.44682830962583,0.110812133064762,265,120
"3656",1.47037965380271,0.257421070225236,265,219
"1776",-0.60943793617296,0.123721091287394,265,162
"5672",-0.618187638927673,0.123637176310743,265,155
"6450",-0.327971362292403,0.134160658154758,265,174
"1965",-0.578680775826866,0.124569177386463,265,164
"4203",0.639150190165342,0.188931518978127,265,205
"2133",-0.467117047646056,0.12955959363861,265,164
"1114",0.641342583154679,0.189088687079509,265,199
"29",-1.11235030887916,0.115518655173148,265,133
"5121",0.516065690841972,0.180310104279068,265,198
"4357",0.236200037128865,0.162297274659918,265,190
"1574",-0.616884668031061,0.123645793742507,265,158
"5630",0.947126934694743,0.212236720664068,265,207
"5470",0.179578210196891,0.158980907251834,265,187
"5312",0.404179366756713,0.172841739792071,265,201
"4025",0.810005835695593,0.201558539697269,265,210
"2567",-1.07624087762276,0.115829653821173,265,139
"3601",0.765236275566843,0.198176450167435,265,205
"2495",-0.812243654171414,0.117810783900033,265,152
"5451",0.477195220583028,0.177672631977082,265,196
"3844",-0.0716827548804892,0.145571937726223,265,175
"2547",-1.01994723603416,0.113086408065562,265,142
"2595",-0.676116109832487,0.123644546700044,265,156
"623",-0.894699876898203,0.119076891693757,265,143
"870",-0.66300709020292,0.123709171897259,265,154
"6278",-0.484794487979845,0.129100846393575,265,156
"790",-0.644449565127864,0.12365720940826,265,157
"2803",-0.471056154016231,0.129470218339479,265,159
"2796",-0.685012709122991,0.123519871062192,265,154
"5716",1.67169716822539,0.276663940763455,265,222
"3203",-1.18860814708383,0.109379190688456,265,135
"6004",-0.72799295274887,0.121763581192934,265,149
"5606",-0.0345027805381727,0.147362270513732,265,182
"947",0.488053208703873,0.178404935076494,265,192
"320",-0.505417079056207,0.128343308715276,265,163
"2650",-0.250888815348395,0.137454368077701,265,178
"408",-0.856316713002743,0.118801962658596,265,151
"1569",-0.29975856328535,0.135528492337403,265,172
"3512",1.72942954068339,0.282365712786949,265,226
"3600",0.238963709528611,0.162462815250767,265,187
"2549",-1.01890777244768,0.113052616645504,265,141
"196",-1.1946530034754,0.109186723231593,265,137
"2893",0.935368628888161,0.211302170818519,265,211
"3980",-0.261852244401594,0.137063552849737,265,168
"914",0.424557817918712,0.174173676835412,265,193
"5389",-0.782387602974673,0.118402171729769,265,147
"2145",-0.3716243429395,0.132012549713824,265,173
"5064",-0.267950762221451,0.136838681119534,265,166
"1786",-0.503735636632631,0.128414725019779,265,161
"2255",-0.631185299794792,0.123611712858848,265,166
"624",-1.34475023199285,0.111622746582687,265,125
"1895",-0.0789316221582365,0.145215022059494,265,177
"4086",0.0937247483428433,0.154091263453012,265,185
"702",-1.59672061980509,0.109542321583484,265,110
"485",-1.20370547811764,0.109114840246363,265,131
"2574",0.0311792778739483,0.150640583982243,265,177
"1865",-0.246321830583136,0.137613891172989,265,165
"5574",-0.541086710018687,0.12651300755915,265,158
"5588",1.13731599819596,0.227845490493416,265,216
"6279",0.0688043624851684,0.152689549232831,265,185
"6189",1.1334313023819,0.227517377917269,265,217
"987",-0.292377560357881,0.135855862488141,265,170
"4832",0.545405734634214,0.182329006468925,265,196
"2085",-0.852781207383289,0.118704061497099,265,152
"127",-1.99330637106863,0.122254571743712,265,74
"1241",-0.240861428841618,0.137803539229764,265,170
"2794",-1.0977193602413,0.115988385657165,265,133
"2603",-1.10638972020257,0.115767712765949,265,136
"4573",0.191510978982705,0.159669174597713,265,190
"4873",-0.54055412785992,0.126543045803991,265,167
"2716",-1.28996056571957,0.114264240453968,265,121
"2423",-0.596343081634252,0.12397374675303,265,154
"4795",0.129638703656876,0.15613079894347,265,189
"2362",-0.526745749230462,0.127305823871169,265,158
"6259",-0.0913107338424658,0.144596361114118,265,182
"1334",0.373263093759517,0.170843323041646,265,191
"5026",0.302070844150264,0.166331834881876,265,194
"633",-1.16008128700932,0.111501545183992,265,132
"5848",1.16608230982488,0.230287268255538,265,210
"4125",0.580932018145869,0.184804171320717,265,197
"6052",0.939658739328957,0.211642738119746,265,204
"3595",2.0482326733557,0.315224259679866,265,225
"4923",1.57258029182966,0.26706394185242,265,219
"6187",2.18566361966881,0.330043479209193,265,236
"6411",-0.113410002291576,0.143465388430857,265,176
"743",-1.96757263080992,0.122041463998281,265,73
"5509",0.740501040233863,0.196329978335921,265,205
"153",-0.663637851161076,0.123708682574332,265,161
"3582",0.0818103737719442,0.153418486858449,265,191
"2818",-0.842654232751492,0.118406879034843,265,148
"1254",-0.570821366934275,0.124918547187052,265,161
"4600",2.74812289303082,0.393796232345906,265,233
"4715",0.62296230481073,0.187774969417264,265,200
"1723",-0.559607671224898,0.125484579054818,265,166
"2405",-1.01254236694732,0.112891619215353,265,139
"1770",-0.616512541484079,0.123648491127366,265,158
"4037",0.11458680680692,0.155275063518024,265,183
"4276",0.845745859481365,0.204295366736359,265,206
"5864",0.221455278068139,0.161420210099656,265,193
"5867",-0.500498476092293,0.128547437983814,265,163
"5175",1.0007484792627,0.216543484908305,265,213
"740",-1.12358781729501,0.114846144004839,265,137
"6031",-0.766596075764196,0.119225973536333,265,155
"1250",0.10465761950166,0.154711085637194,265,189
"6492",0.345968085566205,0.169099094141279,265,188
"3121",-1.58669463561898,0.109724119467404,265,108
"5709",-0.450153828585865,0.129887585197933,265,164
"5131",1.38383197344956,0.249461917665392,265,214
"4421",0.206333943015203,0.160531225906299,265,186
"4472",1.02772268661919,0.218737858624804,265,209
"1174",0.941629509253197,0.21179934437328,265,208
"3657",0.350358312355866,0.169378443930484,265,193
"5874",0.493722747004458,0.178788699820999,265,199
"5695",0.560720030973001,0.183391926369517,265,199
"4937",-0.023603695417785,0.147885483188706,265,179
"5030",1.52832140027339,0.262855794328169,265,217
"5953",-0.0908726653114871,0.144618454426782,265,172
"4726",0.177918182057341,0.158885497935349,265,188
"4182",1.16618988596007,0.230296439667272,265,214
"2338",-0.858680054921816,0.118863899392939,265,147
"1897",-0.168534689851891,0.140675088518647,265,178
"4918",1.74770700528894,0.284187410102486,265,227
"4770",0.228999350879743,0.161867667046283,265,187
"4340",0.04777291697716,0.151530575163387,265,181
"755",-0.930691364455338,0.117319915001269,265,140
"5561",-0.426039066782142,0.130316026713956,265,156
"3722",1.22686924366081,0.235517187535657,265,215
"3291",-0.799886507429181,0.117886156632891,265,151
"3978",0.900845411027261,0.208578740813883,265,210
"3289",-0.37044744669142,0.132064509157424,265,163
"295",-0.953205063913073,0.115483189011222,265,146
"3685",1.05472082624052,0.220952867976369,265,212
"5300",0.316404978008931,0.167230002547156,265,186
"2932",-0.0258383174901792,0.147777885593886,265,186
"2834",-0.949558751893098,0.11579189596517,265,141
"69",-0.990155181642264,0.113053821226539,265,144
"2325",-1.40304682802762,0.107701926411021,265,118
"1740",-0.669657906395506,0.123691754441136,265,156
"6132",-0.758163973613864,0.119759678228836,265,149
"2174",-1.45548086210954,0.111694085889583,265,120
"164",-0.602202826956238,0.123840781854656,265,162
"2058",0.0613928497707826,0.152277842265209,265,186
"873",-1.17441531412644,0.110233109435636,265,127
"2207",-0.811562974072722,0.117808927078718,265,147
"931",-0.43703554775018,0.130114022285133,265,164
"6246",0.145704151237014,0.157044854989644,265,186
"2384",-0.894112135762254,0.119088318999472,265,148
"212",-1.67500446323759,0.115332934702806,265,105
"4991",2.18596698459992,0.330076584115959,265,231
"6381",1.35540854626941,0.246889787776495,265,221
"3453",1.13709081333136,0.227826460125637,265,216
"182",-0.513529546535124,0.127975819187752,265,175
"6107",1.71461122710486,0.280894607767357,265,221
"1381",-0.141628774515095,0.142005674026336,265,176
"5372",0.71124355110558,0.194166451415733,265,204
"5549",-0.171959295627816,0.140514549919551,265,174
"4833",0.0699054042193587,0.15275096651555,265,188
"3020",-1.00323858984707,0.112814817148272,265,141
"6225",1.18938630308587,0.232281015855086,265,214
"6221",1.7928475554584,0.288720175868742,265,223
"5454",1.23582174439829,0.236295478825936,265,216
"854",-0.210845798631369,0.138877277277182,265,178
"3553",-0.341115309661421,0.133488979062355,265,163
"150",-1.01576410522434,0.112962895652286,265,139
"3602",2.87913754307704,0.409144036936703,265,242
"4894",0.421020210930066,0.17394157484799,265,192
"6073",0.322038971703232,0.16758454218969,265,188
"5947",1.16108610048011,0.229861644481542,265,214
"4524",-0.0848173054434033,0.144922346644947,265,185
"4938",1.74466459847641,0.283883628112427,265,219
"4910",-0.913220760740219,0.118421545670416,265,149
"4087",0.961052387206338,0.213348098445573,265,203
"5159",1.08836033853288,0.223738940552788,265,214
"869",-0.454982514203979,0.12980119340604,265,161
"263",-1.39942186053585,0.107684472936939,265,120
"5474",0.056483662492645,0.152006980521395,265,185
"5664",0.343619512412565,0.168949840697068,265,193
"6311",1.50722580017799,0.260867299795586,265,221
"4370",0.253417874025408,0.163334424745775,265,191
"1905",-0.235404354687966,0.13799307518983,265,170
"5354",0.881027683037887,0.207029179605306,265,211
"4777",0.737808728968337,0.196129955461159,265,205
"3493",0.540772074443187,0.18200861906037,265,201
"1904",0.341880120214103,0.168839384792912,265,202
"5257",2.1686910029942,0.328194000288264,265,229
"3502",1.30170690115514,0.242086773819109,265,216
"6203",1.66658534014719,0.276162954175848,265,219
"2059",-0.247335961187543,0.137578569037918,265,175
"4643",1.10467620457529,0.225100716184932,265,212
"3540",1.6988496038194,0.279335609944102,265,222
"6194",2.13146711472868,0.324156418469022,265,231
"916",-0.789335104525891,0.118141068771989,265,149
"5629",1.1837598327254,0.231798367913629,265,212
"4732",1.62209341083328,0.271829381308692,265,228
"3588",1.87359863478906,0.296945890840836,265,219
"3245",1.27125610254377,0.239396254733716,265,225
"4827",0.997599850150469,0.216288557278267,265,219
"4012",0.744624196084434,0.196636669421129,265,206
"6325",0.03605007834271,0.150899230236477,265,185
"6484",0.111858032854077,0.155120007109957,265,183
"4781",0.0921393451657435,0.154001542180952,265,186
"1106",-0.373330467795891,0.131938214995347,265,168
"3423",-0.25559347419898,0.13728835675182,265,170
"1284",-0.866049775094409,0.119031744823597,265,142
"5626",-0.199240558884281,0.139329866611906,265,176
"3752",0.0625154828732024,0.152339999483861,265,181
"5118",1.99228331459458,0.309298030821203,265,226
"6070",0.242941005593069,0.162701683828844,265,190
"3524",1.04596852165518,0.220232753339948,265,209
"6039",1.57179975268278,0.266989304480306,265,221
"3985",0.166212390493878,0.15821462444773,265,186
"2477",-0.302852533247978,0.1353869835534,265,177
"2587",-1.12722146130422,0.114577238869273,265,123
"5114",-0.463304730899722,0.129640379456883,265,164
"4581",0.760759668849798,0.197841101748408,265,206
"2705",0.407721058888793,0.173072351817505,265,193
"2585",-0.279015832070284,0.136411565608468,265,171
"819",-0.303487948512678,0.135357617507914,265,168
"3732",0.50625577146876,0.179640362995063,265,205
"4557",1.19768381875974,0.232994279208858,265,217
"6337",0.0993385143352668,0.154409318233307,265,186
"1537",0.0644140051542373,0.152445288044274,265,190
"1046",-1.35365672961834,0.110723399152816,265,110
"5155",0.645905701116401,0.189416215154857,265,202
"3057",-1.03555756901758,0.113789868353482,265,139
"6008",1.47921740857521,0.25824453695869,265,224
"5332",1.75170723225145,0.284587161982009,265,228
"4845",1.85485186152557,0.295023068031173,265,233
"6502",2.11136653063847,0.321987022339822,265,228
"4560",2.45530401780116,0.360073883451229,265,235
"4547",1.2553510725559,0.238000441386667,265,217
"3605",1.72786896351778,0.282210538495965,265,223
"1654",-0.201484981903825,0.139240084936182,265,176
"6276",-1.02238617653292,0.113173242504542,265,132
"5456",-0.661646757359081,0.123709494901805,265,154
"2326",-0.780807785156003,0.118471122853193,265,160
"3016",0.136980038913824,0.156548369606151,265,191
"4808",0.693415167457238,0.192859083659736,265,207
"4272",1.90514626321891,0.300199343480117,265,227
"2224",-0.366112216686755,0.132260449470088,265,169
"5756",1.45748843718947,0.256223469933391,265,221
"833",-0.986295967240064,0.113200831436945,265,136
"3724",0.549212061546725,0.182592615311265,265,200
"5061",2.22102071816876,0.333912963747843,265,230
"529",-1.15353297322161,0.112147042531831,265,130
"3811",-0.936217545139213,0.116896198617626,265,148
"1597",-0.857532417793204,0.11883422588365,265,146
"6428",0.485459501963712,0.178229686143294,265,209
"4382",0.544396115524987,0.182259149258311,265,198
"5914",0.0481501573094098,0.151551086213758,265,178
"6404",1.02377196746785,0.218415298115216,265,212
"2480",0.203348294899535,0.160356885625209,265,185
"4331",0.0411443968207635,0.151172107886979,265,186
"6087",0.466944751479799,0.17698456495631,265,200
"4951",0.0198387767153422,0.15004737238987,265,182
"6179",1.08993500964065,0.223870069393785,265,215
"1791",0.494316232122089,0.178828926670325,265,206
"6335",1.61303256523244,0.27095278509282,265,222
"808",-0.122961903111852,0.142970044108738,265,176
"6507",0.814830830100016,0.201926109162346,265,212
"1415",-0.0586489362092195,0.146205131826574,265,180
"4286",0.202633053522885,0.160315175808044,265,187
"3140",-1.04170796276658,0.114133607072495,265,136
"1035",-0.0721603030764272,0.145548539268845,265,185
"5375",1.19190021830708,0.232496927351094,265,214
"452",-1.05505063942694,0.114898210121648,265,140
"3623",1.05159367292849,0.220695348969271,265,207
"2038",-0.398374421485218,0.131002475888104,265,171
"3995",1.83867914128741,0.293370619555665,265,223
"5453",0.480762611172053,0.177912840997968,265,192
"4327",0.0907252170875853,0.153921557700398,265,177
"5739",-0.63393991923547,0.123617377922511,265,158
"4389",1.95223750794826,0.305096327115104,265,228
"5287",-0.334596668090997,0.133822532785131,265,172
"1014",-0.707365019431112,0.122844660816808,265,154
"2926",1.48283466792507,0.258582149312311,265,221
"2375",-1.02925715811808,0.11346821818255,265,130
"4384",1.56860465182538,0.266683937907075,265,214
"5930",1.69556415158475,0.279011392756443,265,223
"1750",0.728199715498346,0.195417600118143,265,208
"2351",-0.869370599590324,0.119091554104651,265,134
"2604",1.05123273603585,0.220665642213584,265,212
"6199",1.96086045527293,0.305998197268586,265,227
"5917",2.54345617807742,0.370123155295951,265,235
"1109",-0.315702001704572,0.134774573386186,265,161
"6582",1.53996872349358,0.263958474341359,265,219
"6241",2.04407592937106,0.31478177545228,265,221
"1953",-1.05184536700438,0.114718561382842,265,138
"2700",-1.05975469023113,0.115149552728344,265,132
"5840",-0.131937788428599,0.142504589449716,265,178
"1266",0.605430404690186,0.186530166283082,265,204
"2763",-0.960646116233531,0.114865275609477,265,139
"2656",-0.632020424160973,0.123613121678699,265,158
"3351",0.865145349189733,0.20579459182346,265,210
"5603",0.932825089770957,0.211100476550043,265,206
"1355",-0.207040069037268,0.139022597826575,265,182
"2039",-0.456917127344418,0.129765383963424,265,174
"6447",0.785451790353561,0.19969724724004,265,205
"3496",0.241961928428828,0.162642813305078,265,189
"3321",0.0517497733577368,0.151747367248371,265,188
"4006",3.08321114386365,0.433238533068276,265,242
"3432",-0.268115410182961,0.136832516544904,265,176
"6501",2.27638876156961,0.340016314816461,265,238
"3839",1.6753131427632,0.277018707938835,265,226
"1667",-0.095770147723419,0.144370647532219,265,182
"980",-1.19250537511609,0.109242172035196,265,124
"5518",-0.226382609349236,0.138309674755524,265,173
"3477",0.712640581280889,0.194269249768196,265,205
"3721",0.190535139203514,0.15961271445611,265,191
"5120",0.584872569635188,0.185080742469871,265,198
"3572",2.29408482743973,0.341977911911979,265,233
"3318",-0.0984284340038292,0.144235419640331,265,183
"1823",1.49981180306018,0.26017110989138,265,217
"6002",1.06370952690215,0.221694479506839,265,210
"4398",0.938511163412689,0.211551592426377,265,208
"6296",1.22548564842628,0.235397088119365,265,210
"2392",0.310626624384389,0.166867247643697,265,192
"905",0.119633588417145,0.155561916472879,265,185
"1784",-0.715921856812583,0.122444346644365,265,148
"6223",2.31924000450207,0.344775161428847,265,231
"6342",1.12550199722446,0.226848851610112,265,210
"2614",-0.696382382216946,0.123244204971738,265,157
"5700",-0.000429709270746885,0.1490188667853,265,181
"2881",-0.0788786107630603,0.145217646159937,265,181
"2364",-1.20551443367511,0.109131945275501,265,127
"925",-0.26562372774576,0.136925259776148,265,170
"3310",-0.773080261422753,0.118854170580988,265,155
"3269",1.5487444523859,0.264791538932933,265,226
"6431",2.51007385838224,0.366305884258697,265,233
"4473",0.461771534047393,0.176638529952666,265,193
"2568",-1.13173520464763,0.114212896719844,265,127
"2804",-0.981178410695207,0.113445220545556,265,139
"6283",1.24782374275281,0.237342121193241,265,218
"604",-1.36751982606511,0.109358551295573,265,120
"4605",1.83159927027434,0.292649099302559,265,233
"5076",1.18566085474007,0.231961349475932,265,214
"1184",0.409047102275425,0.17315878815577,265,204
"586",-0.562094882360538,0.125353494649626,265,151
"838",-1.00545741144362,0.112814940383003,265,138
"6219",0.701117083487668,0.19342284369519,265,200
"5970",0.83468794067029,0.203445102922728,265,206
"4307",1.16683450284968,0.230351402775638,265,209
"4306",-0.0244581142969846,0.147844317993535,265,186
"3282",0.396924330170838,0.172370450840468,265,201
"3484",0.19122082718056,0.159652383504618,265,191
"5522",0.00529727697551146,0.149305478814397,265,178
"1545",-0.281811164544065,0.136299141727388,265,166
"45",-0.276615956254127,0.136506555387995,265,174
"185",-0.30754097154386,0.135167944714875,265,187
"5523",2.39114676573594,0.352826031970522,265,232
"2946",-0.846589615257249,0.118523343740414,265,155
"3861",1.36348831817725,0.247618845438394,265,218
"5662",-0.399085833339172,0.130980459873497,265,168
"1857",0.44845992068092,0.175751917016825,265,198
"816",0.43843499317441,0.17508783496768,265,200
"5696",-0.0860472973469339,0.144860846876765,265,178
"1061",-0.65772082738393,0.123705392926897,265,158
"5204",0.90291237012962,0.208740937222744,265,207
"1093",0.295020325407669,0.16589224892559,265,191
"5665",0.339487496717241,0.168687563579359,265,195
"4486",0.813444103903172,0.201820406917996,265,209
"933",0.302184614467368,0.166338940618538,265,189
"6193",2.85322380123682,0.406098937530767,265,241
"5544",0.323996027649848,0.167707886923235,265,192
"5488",1.12147377198388,0.226509848401985,265,210
"558",-1.88304756636916,0.120371577614791,265,81
"4990",1.42254688463008,0.252998630648782,265,217
"494",-1.17625044424306,0.110095220055613,265,130
"5263",0.85274634069483,0.204835264588701,265,207
"13",-1.27862225969027,0.113900275726469,265,126
"1682",0.42070734108211,0.173921065623836,265,199
"6154",0.646286063423749,0.189443541393446,265,207
"2678",-0.0203718492199302,0.148041496756064,265,182
"1839",0.253809847262835,0.16335819478382,265,197
"6371",1.32996654045432,0.244605042365487,265,221
"1482",-0.460598283543349,0.129694761949952,265,167
"3993",2.14088844050163,0.325175875608146,265,228
"6481",1.17269225747186,0.23085135349211,265,212
"2222",-0.728103321314391,0.121756825152889,265,154
"992",0.0648267465292949,0.152468205800438,265,185
"1047",-1.03752803247167,0.113897627559415,265,135
"2699",-0.481920783107469,0.129186330789852,265,177
"4031",1.33906174518846,0.245419901062146,265,222
"4514",-0.293029350946424,0.135827542226495,265,169
"72",-0.505815298136716,0.12832614953307,265,165
"2422",-0.163723669756701,0.140904559444733,265,177
"4158",1.13107431459624,0.227318489298319,265,214
"5098",1.78414514101198,0.287842626654885,265,224
"4816",1.79173018094269,0.288607401797624,265,225
"1636",0.0991744616966199,0.154400016667659,265,189
"1724",-0.783135911621445,0.118370706985251,265,155
"6361",0.949831596834124,0.212452188409396,265,207
"2475",0.47714394406512,0.177669182084574,265,204
"5809",0.425010759143022,0.174203421545305,265,195
"3551",1.53420298639227,0.263412192942404,265,223
"2277",-0.0655730497164937,0.145869979007332,265,177
"5143",-0.607664512043758,0.123746008384242,265,163
"1348",-0.571473594361227,0.12488787449539,265,158
"46",-0.768138147312421,0.11913398667372,265,154
"2555",-1.69247215161238,0.116418256736023,265,100
"766",-0.929320861225942,0.117420357074413,265,151
"5212",1.76038890193495,0.285456037182822,265,225
"6520",-0.26292450835817,0.137024474908047,265,174
"2518",0.00389994440259867,0.149235269982455,265,180
"5773",0.251313727170762,0.163206943354371,265,199
"1924",-0.593263676451646,0.124056796222372,265,155
"5996",0.201825187741038,0.160268089754553,265,183
"6195",1.77724280557042,0.287147848900492,265,226
"6067",1.04586258903093,0.220224049548418,265,209
"4185",0.570386389234689,0.184066003228117,265,210
"4539",0.799045063171487,0.200725760709753,265,200
"343",-1.0707034203775,0.115644631537356,265,133
"4950",-0.598827205767887,0.123913371366826,265,149
"3017",0.199260605073407,0.160118788957901,265,185
"5641",0.497309942760172,0.179031998969943,265,194
"1590",-0.285224204492283,0.136159180083225,265,170
"6036",1.64436919278311,0.273993029478911,265,222
"4558",-0.165823413023363,0.140803861734975,265,174
"5172",0.353055726069156,0.169550305195089,265,199
"1719",-0.649852458131781,0.123680652831898,265,156
"5534",1.59828713640846,0.269530556301656,265,227
"5945",1.49659090894124,0.25986909330531,265,225
"6063",-0.604023493493282,0.123806110384558,265,154
"4102",-0.00632773637507474,0.148726708523003,265,184
"2873",-0.465958233909607,0.129584707698548,265,162
"6265",0.683250545424078,0.192117457448437,265,203
"3541",0.459879031687882,0.176512146774902,265,191
"3505",1.63611343322981,0.273189729638134,265,221
"2460",-0.59881538683174,0.123913644620877,265,155
"2869",-0.794853754245915,0.117985750044512,265,148
"4909",1.6723887780529,0.276731770869247,265,231
"5360",-0.98329794117111,0.11333744177701,265,146
"2068",-1.33986904311397,0.112093696748077,265,115
"5162",1.56020015177927,0.265881905611721,265,226
"4101",0.928633077508479,0.210768425617739,265,205
"4165",0.903730499522879,0.20880516692109,265,204
"1847",-0.766491998273043,0.119232254489915,265,158
"5435",1.78456482059261,0.287884906671354,265,230
"778",-1.45866706016419,0.112007220106123,265,111
"138",-0.563973585226986,0.125256354596331,265,171
"4013",1.21563902431367,0.234543802444705,265,216
"5812",0.714008777949798,0.194369976081967,265,211
"1086",0.548689065709064,0.182556372296158,265,195
"1180",1.19577533585518,0.232830066844893,265,210
"4425",1.5010677826055,0.260288951459465,265,217
"3820",0.602569796602844,0.186327820222206,265,202
"5429",0.574348661503238,0.184343013247917,265,198
"5467",0.509775460864371,0.179880346904706,265,194
"525",-1.39288095841663,0.107772067153552,265,119
"4113",0.467526457763288,0.177023526492527,265,198
"3729",-0.161156587823096,0.141028764843527,265,171
"5546",1.85837051499925,0.295383368628001,265,222
"1202",1.11315343724396,0.225810956094824,265,212
"4458",1.59724739032495,0.269430473186277,265,219
"5137",0.104157878386141,0.154682720557096,265,190
"6578",0.634847097909476,0.188623408494688,265,207
"1234",0.119806816485359,0.155571764033865,265,182
"898",-0.4542294244862,0.129814924907189,265,166
"143",-0.371435833462521,0.132020835350861,265,180
"2124",0.427844491286655,0.174389654373133,265,199
"4855",0.0296227280336798,0.150558409447903,265,188
"4152",1.27887240027044,0.240066962943785,265,221
"3550",1.33513901187452,0.245068194330578,265,214
"4225",0.265336152029111,0.164060184322289,265,191
"358",-1.22156280744187,0.109707080617873,265,121
"5636",0.820169356114444,0.202333494202016,265,209
"4140",0.946025913641827,0.212149061175633,265,205
"5419",-0.273517954746467,0.136627178047084,265,168
"466",-0.440161560294757,0.130059842090538,265,165
"5101",0.823309670977516,0.202573473678094,265,201
"289",-1.30426832479837,0.114259492248353,265,127
"4792",0.316497208493558,0.167235799847352,265,191
"5679",-0.389647912326495,0.131293461692298,265,171
"2848",-1.0041330517492,0.112813460992656,265,136
"1127",-1.27965164799774,0.113945765224724,265,120
"1684",1.74543928161304,0.283960958893327,265,226
"4309",0.320255156671827,0.167472200645362,265,195
"1996",0.828557511297758,0.202975071345224,265,214
"3592",2.70977800619766,0.389329605971696,265,235
"2202",-1.09839196852522,0.115977329320968,265,136
"6047",0.627250050686787,0.188080636675717,265,201
"5198",1.02160653807904,0.218238669259889,265,208
"5037",1.29950598071268,0.241891508226843,265,219
"3486",2.13922751227296,0.32499602935872,265,231
"5729",0.157979024768065,0.157744363507107,265,188
"997",-1.27210184799512,0.113559825269568,265,126
"2736",0.429998435083792,0.174531375016803,265,193
"2248",-0.605224833688955,0.123784930415278,265,155
"4641",1.01525436766661,0.217721231815437,265,214
"5038",1.54612602013774,0.264542774005017,265,222
"4437",1.32740832498982,0.244376229547669,265,215
"5605",0.616934723628845,0.187346089023088,265,205
"2467",-0.740359192827153,0.120964027793313,265,145
"3851",0.816281770460512,0.202036758794455,265,207
"1200",0.756761076730437,0.197541999345059,265,210
"647",-0.90926998015712,0.118608888420873,265,152
"2992",-0.476254599226195,0.129341741821573,265,158
"5842",2.03361989502203,0.313670278164758,265,229
"2776",-1.25305746611281,0.112164464933276,265,122
"2906",-0.588061736627672,0.124217510001434,265,165
"5698",1.88393095025477,0.298009015687781,265,228
"3821",1.35313187213222,0.246684660429656,265,218
"6350",1.20166314040082,0.233336975511475,265,214
"4812",1.2063151562543,0.233738121205261,265,215
"53",-0.459697049185293,0.129712384720985,265,166
"4245",0.357353511783678,0.169824486872652,265,193
"5849",0.701755533305823,0.193469646720916,265,203
"460",-0.806194572488778,0.117818278141233,265,151
"5841",-0.473672390986562,0.129407146980741,265,161
"5464",0.791266258337613,0.200136609652051,265,198
"4154",1.27950588290617,0.240122816150776,265,213
"1105",-0.761898649136591,0.119517662193472,265,149
"6135",0.924764228760694,0.210462372228183,265,203
"5027",-0.185250207806474,0.139915781190584,265,176
"3693",0.805776911279027,0.201236869280266,265,202
"5051",1.8699212910389,0.296568091551689,265,234
"1925",-0.678792528840012,0.123614784351639,265,157
"5627",1.09630965542559,0.224401561636064,265,214
"2241",-1.22885642313432,0.110178007555256,265,123
"1633",-0.281166023169935,0.136325262017154,265,176
"2766",-0.792078556898557,0.118057904578157,265,152
"3184",-0.996741184224852,0.112882327108024,265,139
"5304",0.602246937080277,0.186304996063755,265,206
"1705",-0.862463966459676,0.118955475895472,265,147
"5736",-0.189311878412515,0.139740938150326,265,174
"5471",0.345162059169737,0.169047855986821,265,193
"5621",1.65038101069661,0.274579037425234,265,227
"3845",1.13895484906067,0.22798402906478,265,209
"4853",1.17574670861315,0.231112397064481,265,218
"3290",-0.669674701954107,0.123691673266794,265,153
"6006",1.23667144627515,0.236369455533288,265,212
"6514",1.88481369822584,0.298099954526697,265,224
"3068",-0.555705443904271,0.125695099783993,265,158
"3629",0.69478610794305,0.19295931844326,265,203
"4500",0.706602972547063,0.193825349327169,265,197
"5734",1.61100938570554,0.270757327550928,265,223
"115",0.166243213339201,0.158216387093917,265,194
"880",-1.11622964938952,0.115315378968736,265,135
"187",-1.40311113854293,0.107702661780596,265,116
"3061",-0.79019535806706,0.118113740054685,265,151
"6310",-0.345192393728051,0.133281322969848,265,172
"2611",0.807182852083835,0.201343760435502,265,207
"6178",1.23618265633579,0.236326898251642,265,208
"1657",-0.627341031834934,0.123609250864273,265,159
"668",-1.14196399494338,0.113287475112819,265,134
"1752",0.306959495334514,0.166637506291771,265,200
"1470",-0.097813915087106,0.144266723869785,265,179
"92",-0.503135454987747,0.128439807881762,265,163
"1938",-0.148611505408562,0.141650833838863,265,178
"4277",1.106152738013,0.225224290249614,265,216
"5189",-0.35832860120106,0.132628041358681,265,171
"2577",-1.62331155268312,0.110536015711477,265,101
"4346",0.964869123483714,0.213653576472783,265,206
"4076",2.1702889349208,0.328367899722401,265,230
"5333",-0.206179676816602,0.13905585542924,265,177
"3872",-0.404536626381119,0.130820157710781,265,169
"94",-0.783419713417364,0.11835897803535,265,152
"2320",-1.02210877948386,0.113162850826732,265,134
"3640",-0.654719608777983,0.123698048557576,265,162
"174",-0.685854879464544,0.123504101881891,265,165
"2511",-1.570755968687,0.110555538488421,265,102
"2023",-0.430463750495738,0.130231868027715,265,169
"4099",1.1128472715642,0.225785272733233,265,213
"4687",0.629852935171895,0.188266428679913,265,202
"2082",-0.675319527096706,0.123652197207288,265,152
"5017",1.76867283268768,0.286286755863196,265,227
"5185",-0.0317792984737072,0.147492695625691,265,179
"5893",0.263928278904507,0.163974134879914,265,186
"3381",-0.59386594576005,0.124039840496988,265,162
"5307",0.401236218179501,0.172650373453076,265,194
"3401",-1.14862917843898,0.112635709270129,265,136
"4462",-0.0519376844584065,0.146527923750959,265,180
"1204",0.733071873051673,0.195778492510189,265,202
"3976",-0.0182953131470559,0.148142021003183,265,174
"6010",0.65352543438811,0.189964367375169,265,202
"3970",0.39938793956999,0.172530321701124,265,194
"3805",1.16399947718462,0.230109754961632,265,215
"3709",1.14701601265084,0.228666477822838,265,213
"1507",-0.76241827221942,0.119484632888141,265,149
"3858",1.93845541787306,0.303658170619448,265,226
"5618",1.52516212339178,0.262557284942533,265,226
"1907",1.37339677317704,0.248515195643483,265,217
"2798",-0.975862940793102,0.113753142216118,265,140
"1439",-0.724920802884394,0.121948133232981,265,149
"6176",1.29764270297461,0.241726295749885,265,215
"2137",-0.817254108636796,0.117844281647388,265,149
"2824",-0.786814916432722,0.118227595647558,265,154
"1601",0.0157984682403183,0.149839135605844,265,185
"2552",-0.693391897108758,0.123330116105631,265,151
"4194",0.303497622320629,0.16642097467142,265,192
"1267",-0.45514368480581,0.12979824026593,265,162
"3672",1.7840184407721,0.287829863226058,265,227
"2048",0.401225459564443,0.172649674367581,265,196
"5908",1.07514036973736,0.222640576676341,265,210
"3585",0.902446063854411,0.208704336126027,265,203
"1610",-0.389660935345799,0.131292998599608,265,172
"1868",-1.32714763825681,0.113170401944764,265,128
"5639",0.943719321303507,0.211965518991777,265,214
"4118",0.857368752067696,0.205192446328544,265,211
"3908",0.689822038464823,0.192596611513408,265,199
"4324",-0.546111798129045,0.126229338086885,265,160
"1943",-0.412572109292583,0.130609713830646,265,168
"6318",0.608051131169724,0.186715731879633,265,203
"960",-1.14159505706756,0.113322728129567,265,133
"2043",-0.675182300735909,0.123653460722775,265,166
"4132",0.66562381999695,0.190837868021477,265,200
"6066",1.38735358108266,0.249782041145766,265,217
"2640",0.67975789168513,0.191863258927067,265,207
"2080",-0.52945737113847,0.127159682926093,265,162
"6124",0.636510698429738,0.188742467814545,265,201
"6027",0.801483483635726,0.200910761119623,265,205
"5011",1.59913724061241,0.269612404869369,265,224
"2970",-0.226750130658413,0.138296644505344,265,173
"4974",0.430827200643057,0.174585942126301,265,193
"4393",1.5105149419464,0.261176600888825,265,224
"3774",-0.468789394328551,0.129522429855075,265,153
"2006",1.77052089984497,0.286472300664127,265,226
"6035",0.757711352485958,0.197613044397629,265,200
"4685",0.268912754675206,0.164279155629363,265,188
"136",-0.406743185859331,0.130759390548074,265,180
"1650",0.141912065419515,0.156829002376961,265,195
"6543",2.13793892556459,0.324856536234206,265,231
"6229",1.13970987174387,0.228047877395961,265,214
"3451",1.2967404268135,0.241646325151704,265,214
"1947",0.149001313621619,0.157232612981621,265,182
"2651",1.68582030953829,0.278051371236293,265,225
"5721",1.26772397950023,0.23908571528961,265,219
"4362",1.24597373367138,0.237180547875715,265,218
"4666",0.233658574476655,0.162145364207794,265,183
"3504",1.730457718116,0.282467980104381,265,221
"3969",0.60482166026932,0.186487088645438,265,202
"97",-1.25661919830793,0.112457859094373,265,127
"3557",0.30652851241001,0.166610530587796,265,195
"1504",0.798176398395484,0.200659892835333,265,209
"4243",-0.176028498047652,0.140327018358211,265,171
"234",-1.57383084923979,0.110353323464589,265,102
"2975",-1.34293961089174,0.111800104626282,265,122
"4329",0.80055791608306,0.20084052133517,265,203
"5326",1.55028006948091,0.264937510450153,265,221
"3487",0.113177611112697,0.155194984582222,265,185
"6077",0.583116936702266,0.184957471927329,265,203
"1081",0.12618792821943,0.155934565777912,265,188
"2949",1.74388596948695,0.283805917730103,265,221
"1875",0.254553989065227,0.163403339955017,265,190
"2607",-0.0988412413775125,0.14421437643295,265,179
"6094",1.18260586995058,0.231699479891505,265,212
"2458",0.131394415877975,0.15623064998296,265,188
"2120",0.625356520994704,0.187945590010296,265,203
"6163",1.66601014031159,0.276106621164937,265,225
"5520",1.55538565795061,0.265423257277183,265,227
"6088",2.01715147989892,0.311924166611512,265,225
"3867",-0.274575634590261,0.136586243252505,265,172
"5",-1.27743630157327,0.113844975634331,265,121
"4381",0.852905201866325,0.204847530990233,265,207
"4051",2.22850366283651,0.334734737900579,265,234
"4413",0.538189965095412,0.181830331313944,265,197
"5790",0.168209102438564,0.158328846780077,265,181
"5450",0.0459931836596345,0.151433964933483,265,176
"6069",0.496555850404015,0.17898082209021,265,193
"172",-0.575513748916878,0.124704459880084,265,174
"4907",0.00955296846383181,0.149520448809814,265,181
"371",-1.57315681452293,0.110396235597469,265,109
"2746",-1.15596107115162,0.111905674847819,265,132
"330",-1.4306387725406,0.109216756136125,265,115
"3364",-0.8808378020639,0.119199067097733,265,142
"377",-0.661103586423185,0.123709356490228,265,153
"1807",0.27864925147667,0.164877833802273,265,195
"3416",-1.67250409819313,0.115132917460954,265,109
"4422",0.538721050586185,0.181866986787795,265,198
"1101",0.150227672041938,0.157302470317705,265,187
"3513",0.601905252586627,0.186280844059956,265,194
"5258",0.673560238495659,0.191412983251945,265,202
"1071",1.27662754045422,0.239869120262008,265,213
"6076",1.59119258626814,0.268848185693189,265,212
"1090",-0.155796511177345,0.141291707909085,265,175
"4417",0.343590371325368,0.168947989575877,265,194
"1737",-1.44032095909241,0.110146281491004,265,102
"4374",0.212049004086052,0.160866010067572,265,196
"1116",0.759015094038521,0.197710553414056,265,200
"4884",0.234592894713327,0.162201175492279,265,190
"1677",-0.059104053053905,0.146183176283467,265,179
"1615",-1.29290829991274,0.114306914586178,265,122
"5428",-0.035891927760763,0.147295796003325,265,179
"3253",-0.920993480091115,0.117982724919454,265,140
"4774",0.781965322819195,0.19943421326643,265,206
"314",-0.672987667065536,0.123671549174632,265,160
"4610",1.20115428576117,0.233293130560196,265,213
"3952",0.656214754481068,0.190158200283581,265,198
"6231",1.1558727637612,0.229418209280951,265,211
"6147",-0.754694069237917,0.119990412058128,265,145
"4128",0.941227128537456,0.211767361302418,265,211
"6487",1.61037138450875,0.270695711751943,265,219
"1290",-0.399228761207989,0.130976067491927,265,169
"2772",-1.09670471663825,0.116003140312874,265,137
"6144",1.49929782833379,0.260122897983308,265,218
"3584",2.00267016484937,0.310393347295756,265,223
"5855",0.665179282271244,0.190805703828773,265,196
"2302",-1.01930296274308,0.113065229945625,265,134
"4201",0.597950873406619,0.186001549929322,265,198
"4020",0.796549395381174,0.200536574811964,265,205
"5529",2.6062535879705,0.377340030334731,265,244
"5494",1.43328941328545,0.25398677411854,265,219
"5966",1.21039452766087,0.234090346505283,265,210
"600",-1.44191553719376,0.11030790891538,265,113
"5735",0.205233177743918,0.16046690559373,265,181
"3256",-0.321414532178941,0.134491464450956,265,170
"3968",0.021003962302676,0.150107730597231,265,191
"3874",0.177643870800379,0.158869739197772,265,186
"3362",-0.922779759443493,0.117869579776044,265,148
"3356",-0.834695622354824,0.118182032970883,265,146
"3797",1.6984399742117,0.279295172454703,265,222
"1753",0.708913223135269,0.193995091769608,265,204
"3877",0.796503163291366,0.200533071661317,265,205
"4119",-0.0896728149376591,0.1446788927082,265,180
"3305",-0.231853242447042,0.138116998023105,265,175
"5920",0.217434439378897,0.161182813797688,265,188
"3112",-0.286445381020258,0.136108364798939,265,169
"2363",-0.40773696030337,0.130732776213905,265,170
"5504",1.08308198721345,0.223299857035516,265,212
"4893",-0.575075697343237,0.124723776699074,265,160
"3139",-0.391660966280291,0.131222897842717,265,171
"3352",-0.473480529094046,0.129411879121853,265,159
"2890",-0.824205931493368,0.117943239871466,265,148
"4674",-0.425801550910867,0.130320684893878,265,160
"3786",-0.0690545025386457,0.145700440480806,265,186
"6271",0.0962662417103706,0.154235190553612,265,180
"3386",-1.30972886806135,0.114116264100144,265,120
"3784",-0.930508972160055,0.117333397647026,265,144
"4146",0.140394172778597,0.156742622871437,265,184
"1607",-0.636805780236392,0.123625997408754,265,155
"1206",0.486447046924916,0.178296388058141,265,192
"3304",-0.330858619810478,0.134013615054626,265,167
"6024",0.231413635482315,0.162011433356672,265,190
"1852",-0.766266661772449,0.119245883772133,265,147
"911",-1.28562156258016,0.114161506547992,265,130
"4933",-0.494107904904068,0.128790677097253,265,160
"3966",1.48760289721916,0.259027691912423,265,221
"5461",1.58398936072249,0.268156637849797,265,221
"3148",-1.11408852257619,0.11543149685484,265,132
"3489",-0.519956468929034,0.127659811257546,265,159
"1973",0.117653098993514,0.15544933727385,265,191
"5828",1.49090840072286,0.259336895113423,265,211
"4198",1.89119538816909,0.298757896772734,265,225
"5582",1.16120158889017,0.229871475603008,265,211
"2989",0.604424766585555,0.186459007781806,265,200
"4980",0.286296326740394,0.165350525460602,265,188
"1521",-0.518145140984049,0.127750913641419,265,158
"1068",1.04558546478957,0.220201281422512,265,215
"90",-1.34034614902023,0.112048743912986,265,128
"3649",0.823678173923727,0.202601650824488,265,203
"6500",0.426346864648531,0.174291199991123,265,200
"1930",-0.627993990128691,0.123609164465878,265,152
"5077",1.86345943377294,0.295904952564639,265,227
"1555",0.705508537233728,0.193744986194567,265,201
"3862",-0.664199164527317,0.123708058397143,265,157
"2809",-1.06811659379229,0.115541688844726,265,132
"5465",1.9137463830999,0.301090065409218,265,228
"3326",-0.546451438489132,0.126210191569859,265,165
"6463",1.16753683617999,0.230411299248204,265,211
"499",-1.40335349567686,0.107705565883107,265,117
"3779",1.82041388094438,0.291511507550143,265,222
"4394",0.865020948871333,0.205784947262122,265,201
"789",-1.29721538717411,0.114328827372936,265,126
"5591",0.632010974521282,0.188420603347368,265,203
"6184",0.473287404351347,0.177409941370906,265,201
"3370",-1.03425717941967,0.113720366008686,265,141
"588",-1.07462428906737,0.115780925227238,265,135
"5418",-1.09097299273188,0.116043423820361,265,124
"6568",-0.187359777001381,0.139824484270622,265,178
"2991",-0.76120750952318,0.11956185576565,265,151
"1333",-1.23690454448348,0.110797658380586,265,126
"2864",-0.657765163393216,0.123705476668555,265,160
"1226",-0.188971806673102,0.139755427758847,265,175
"4054",2.4294675658221,0.357148118290254,265,233
"4842",0.727541082357508,0.195368861073915,265,203
"1490",0.323985870162556,0.167707246492186,265,192
"5937",0.607753065944002,0.186694617747574,265,204
"2171",-0.737464277686334,0.121157502036214,265,153
"562",-1.10387472897226,0.115849154727295,265,139
"1156",0.5099816936035,0.179894419393753,265,199
"5653",1.87338860106664,0.296924304472085,265,227
"3149",0.501615447453933,0.179324509354894,265,195
"6456",0.364923049607608,0.170308465462919,265,197
"1962",-0.0478835787925268,0.146722228311715,265,187
"3646",-0.323361929749333,0.134393770920108,265,175
"5803",0.187007344734185,0.15940887534327,265,199
"3603",1.43080513140403,0.253757997788276,265,218
"4084",0.584943950669633,0.185085756134909,265,201
"6347",0.769364942454554,0.198486191938686,265,200
"3904",0.194413378793589,0.159837302483174,265,186
"2462",-0.680749137403984,0.123588917080055,265,156
"3991",0.807707308490172,0.201383646880528,265,200
"5683",-0.00643121082115721,0.148721608593654,265,184
"2195",0.4072611583013,0.173042385697113,265,196
"2212",-0.939860240175662,0.116603242305547,265,145
"3030",0.0785309344084185,0.153234040899325,265,184
"3780",-0.12486756763477,0.142871120324018,265,174
"6327",-0.305027871801682,0.13528602808056,265,177
"2806",-0.885553383647924,0.119191108907339,265,141
"3566",0.572046052249749,0.184181983702691,265,203
"4663",1.30539243066246,0.242414033076809,265,222
"6314",0.655078256544209,0.190076263740914,265,203
"229",-0.805187694224487,0.11782491538182,265,153
"4295",0.574282693435768,0.184338397949801,265,202
"638",-1.37467165414365,0.108747984339379,265,120
"4746",0.291288731349797,0.165660224306533,265,188
"6068",0.223157043401611,0.161520911636948,265,191
"3328",-0.517754390384885,0.127770364200722,265,164
"6564",-0.0851330075627519,0.144906572635046,265,175
"4660",0.146058107212249,0.157065007357708,265,188
"2424",1.04794711077557,0.220395374004725,265,213
"1906",0.1943428178614,0.159833211449643,265,182
"3071",-1.12163490031661,0.114980872278695,265,125
"4874",2.01669433740056,0.311875775992851,265,231
"3341",0.662600857216163,0.190619247150724,265,202
"2619",-1.61943603103751,0.110268978287267,265,106
"6499",0.747666651507227,0.196863257952109,265,203
"860",-0.799976970158319,0.117884737002425,265,146
"1673",0.365979949059147,0.170376151201812,265,198
"6315",1.07312612434703,0.222473619927915,265,209
"4164",0.3037860910338,0.16643900440472,265,198
"5344",0.547623511074037,0.182482552941949,265,198
"3999",1.56374935586132,0.266220387552354,265,217
"769",-0.375434860420747,0.131848199420554,265,175
"6383",1.84080856474327,0.293587855047079,265,221
"4901",1.59117587579638,0.268846579911257,265,224
"6086",0.568077381869955,0.183904764640176,265,196
"4750",1.25616718775275,0.23807190438359,265,217
"1091",-0.103421935923254,0.143980130546372,265,177
"4882",1.96861374265191,0.306810461535968,265,228
"4347",0.107612263070224,0.154878836543304,265,183
"1542",1.03420342423698,0.219267852132641,265,214
"4271",-0.00766134067886026,0.148661044143386,265,179
"6479",2.15355382106912,0.326548991019224,265,235
"4172",1.42988452951658,0.253673259945803,265,220
"510",-1.13609390012983,0.113833263918615,265,134
"6125",0.705753834662378,0.193762995365309,265,203
"2465",0.669751174320099,0.191136749770859,265,212
"5614",-0.0377220775769969,0.147208254817865,265,187
"1198",-0.0423393988355537,0.146987475541534,265,183
"3178",-1.01773691200749,0.113016965365658,265,144
"2108",-0.553820373587524,0.125798551727975,265,157
"2412",0.696980072487587,0.193119830898081,265,204
"1491",0.314047089134193,0.167081870017811,265,191
"5682",1.18410026888117,0.231827547903639,265,214
"6419",0.0412017541250112,0.151175193543734,265,186
"4038",2.05176070909332,0.315600091052874,265,232
"5205",1.552521333865,0.265150664646255,265,219
"5283",-0.0930193617921162,0.144510051695654,265,172
"2531",0.118536521583832,0.15549955315348,265,191
"271",-0.0222734143812941,0.147949640148492,265,185
"3961",1.9492050469465,0.304779541027145,265,222
"1534",0.501974582755157,0.179348932669679,265,199
"6139",1.25124384600288,0.237641053300157,265,216
"3437",-0.170068585880802,0.140602884172659,265,176
"2525",-0.708905732083675,0.122778159894625,265,155
"5863",1.02965571451623,0.218895828530881,265,211
"5925",0.956863320205279,0.213013250142479,265,208
"4351",-0.774321857695673,0.118787847783645,265,154
"1986",0.167804119415857,0.15830567334266,265,187
"5374",0.676578925766684,0.191632171659049,265,205
"3994",0.181205520946252,0.159074510561293,265,184
"3903",-0.0820113546256735,0.145062207957643,265,181
"3233",0.307791284759244,0.166689583836756,265,192
"2289",0.690387124279385,0.192637867502248,265,209
"1966",-0.773474657013074,0.118832918883013,265,153
"3105",-1.31583837319623,0.113865890413608,265,124
"3707",0.281175495071415,0.165033756351204,265,188
"490",-1.34287582730624,0.111806300062034,265,125
"3559",0.752059785334302,0.19719086213594,265,206
"148",-0.739810829321273,0.121000883097188,265,153
"5044",1.14969838187004,0.228893935107576,265,210
"2182",-0.748390917584996,0.120417978078947,265,155
"5291",1.06608867023699,0.221891117637169,265,214
"5211",1.26849553228631,0.239153521722058,265,218
"4531",2.01960514198088,0.312183971305281,265,228
"3154",-0.850602128138686,0.118641393927258,265,144
"1769",0.630963250875262,0.188345736529547,265,203
"337",-1.14529690478793,0.112964569681265,265,129
"944",-0.278647555573366,0.136426232798765,265,169
"1486",-0.28306795011764,0.136247953201956,265,174
"2244",-0.883429735681993,0.119198790329564,265,148
"2978",-0.791746336822158,0.118067353926025,265,153
"4698",1.47730989069733,0.258066634591257,265,217
"506",-0.734075613932375,0.12137981532669,265,156
"3923",0.445608891141749,0.175562739335575,265,198
"1605",-0.972033358801192,0.114004860115316,265,137
"1444",0.86569310918426,0.205837063509749,265,208
"3060",-1.166049191792,0.110939784450416,265,128
"1898",0.0383809760769913,0.151023791976458,265,178
"2814",-0.62921505504547,0.123609577438149,265,152
"5573",-0.0555093027368138,0.146356349782856,265,175
"2046",-0.533425989701131,0.126941950294836,265,162
"5236",0.449913979644731,0.175848496906237,265,190
"5906",0.583856999680203,0.185009425162556,265,201
"3837",2.01365274784298,0.311553919326271,265,225
"5826",0.639668344291627,0.188968652905813,265,198
"4597",1.24221978463682,0.236852962197144,265,212
"6255",-0.314358708815491,0.134840287820828,265,168
"907",-0.931533951172142,0.117257183559274,265,142
"5954",0.31226660781518,0.16697011127764,265,191
"4015",0.836002788771042,0.203546040080832,265,205
"1056",-0.94651893133223,0.116049109660041,265,141
"336",-0.483326772655464,0.129145086913056,265,165
"4916",1.18672414587369,0.232052549921187,265,223
"3059",-1.13492980143153,0.113937062869726,265,130
"3095",-0.431415659534873,0.130214342275232,265,174
"2123",-0.509511870511822,0.128162458206932,265,167
"5745",-0.480811176596081,0.129218109667603,265,163
"3669",0.857418304240196,0.205196278274283,265,206
"1836",-0.712289339570828,0.122623397896895,265,162
"4826",0.374154750788519,0.170900608291339,265,195
"5625",0.342494618111032,0.168878398858042,265,196
"5199",1.24608392019979,0.23719016871107,265,216
"4522",0.962415177919723,0.21345712852403,265,205
"5510",0.732401239021798,0.195728780326335,265,204
"2410",-0.197724814351744,0.139391142916837,265,172
"1224",-0.614258873148314,0.123667142095155,265,151
"5242",0.209679766635986,0.160727048859093,265,191
"2445",0.471658375586072,0.17730057185816,265,192
"1691",-1.30740540991409,0.11418666606978,265,128
"2704",-0.0188706740397617,0.148114144368472,265,181
"5847",0.61276164765686,0.187049720721527,265,205
"5100",0.212966951779402,0.160919916755476,265,190
"995",-1.08930984098068,0.116041620429582,265,134
"3558",1.72015103773906,0.281443966560243,265,224
"569",-1.21744040839061,0.109492317104327,265,128
"4955",-0.197824234863132,0.139387107627517,265,176
"6390",2.74014305699305,0.392865648647848,265,235
"3618",2.1004537141341,0.320812482368678,265,231
"2379",-0.19833200076488,0.139366533628577,265,173
"5237",1.21873014363227,0.23481140257062,265,215
"385",-1.73756432180866,0.116459601322299,265,95
"5186",0.610466112828981,0.186886888315085,265,200
"920",0.0751252811526305,0.153042923800933,265,191
"3789",1.23110420090536,0.235885098734309,265,216
"3175",-0.765835869106358,0.119272054511389,265,152
"219",-0.714614532935676,0.122510285971338,265,162
"1192",1.43622269944819,0.254257101497664,265,222
"372",-0.395828469758225,0.131083365937525,265,161
"3151",-0.607275315143152,0.123751853994151,265,161
"2235",-1.34591294474266,0.111507484357334,265,114
"1409",-0.573152819050871,0.124810233859911,265,161
"2535",0.314295185839026,0.167097449531159,265,202
"3741",-0.184074350845562,0.139967123836353,265,178
"439",-1.06838810914402,0.115552949044748,265,136
"2686",-0.465791931189519,0.129588270548277,265,161
"1273",-0.110166907264012,0.143633024057659,265,180
"3822",1.98757434950271,0.308802201320483,265,227
"5980",0.0855196868206438,0.153627537259356,265,190
"5422",1.30482478446863,0.242363605747233,265,212
"6417",0.402774444360571,0.172750359734485,265,190
"2680",0.190371442188854,0.159603246529551,265,189
"5007",1.9988981067992,0.309995315778394,265,227
"4939",2.13631473999799,0.324680758175423,265,232
"1781",-0.657545789699126,0.123705054736576,265,158
"3279",-0.770395639970027,0.119003183993349,265,147
"170",-0.566776107638134,0.125114816348738,265,164
"804",-0.490224590659465,0.128926304977412,265,165
"4358",0.281897718344369,0.165078375635276,265,198
"6442",0.179892729142369,0.15899899262408,265,191
"3353",-1.25395571974447,0.112239323483712,265,127
"3392",-0.665452104433744,0.123705998950719,265,157
"1045",-0.503871852343534,0.12840900222108,265,166
"1884",0.28990113569075,0.165574062009737,265,192
"1877",1.32975771995512,0.24458635866196,265,222
"3613",1.13493498485091,0.227644337179573,265,211
"4100",0.235558737398113,0.162258913391146,265,188
"3795",1.61425660533661,0.27107108745444,265,223
"3907",0.0539316164937715,0.151866820672139,265,192
"1864",-0.117820175858755,0.143236886083777,265,174
"2617",-0.782389885279126,0.118402074583832,265,156
"300",-1.31587911644116,0.11386391098449,265,125
"241",-1.03087992288132,0.113547122531725,265,133
"2691",0.0478299363496896,0.151533674645222,265,189
"3951",-0.110093041454598,0.143636837302223,265,178
"4525",1.43924348617396,0.254535721869639,265,213
"456",-0.820763801881897,0.117887197244185,265,151
"3863",1.5880340597778,0.268544792064513,265,221
"6252",1.14827195619223,0.228772955198327,265,213
"3959",-0.313018648303035,0.134905484083883,265,177
"2429",0.831007290787437,0.203162785168894,265,209
"1767",0.0977187578210983,0.154317497126498,265,190
"3070",-0.789655791661197,0.118130748465168,265,146
"4984",0.814747335302741,0.20191974343622,265,215
"3986",2.67952106358772,0.385814470176238,265,236
"1619",0.0983345352343581,0.154352399935244,265,190
"6495",1.02315677744545,0.218365106318237,265,211
"2114",0.579979560838112,0.184737382832324,265,200
"3101",-0.908865454779489,0.118626650042145,265,138
"3770",0.351770603739973,0.169468404348874,265,199
"4122",0.37705671602817,0.171087186298848,265,194
"4137",-0.067659929725819,0.145768442856047,265,179
"3653",0.24421256023962,0.162778207645147,265,189
"2130",-0.454029685436017,0.129818548814424,265,165
"2789",-0.470461262985583,0.129484132862682,265,163
"4906",-0.47264540276521,0.129432277294891,265,164
"546",-1.00350377855046,0.112814216246468,265,135
"1828",0.877170823449955,0.206728778837898,265,206
"4586",2.58199943008378,0.374547298210455,265,231
"160",-0.525510350692646,0.127371579243893,265,170
"1465",-0.259675403751355,0.137142345875749,265,173
"2836",-0.818296870313654,0.117855441438451,265,157
"142",-0.323968872096865,0.134363217528972,265,186
"2752",-0.536240713858728,0.12678534586034,265,168
"5545",1.23957702417142,0.236622561443799,265,222
"1718",-0.972330117350664,0.113984548343176,265,144
"583",-1.27707654076948,0.113827597958234,265,129
"290",-1.15727174501045,0.111776168166177,265,137
"1662",-0.202110825156264,0.139215249786579,265,175
"6180",0.112387885602759,0.155150111860254,265,191
"2739",1.02892040492102,0.218835726645024,265,219
"4075",1.74739147283032,0.284155894274259,265,225
"5601",1.73881383052014,0.2833000481124,265,223
"62",-0.476342166087105,0.12933946656078,265,163
"3237",0.136760929918427,0.156535904523903,265,189
"1002",-0.78488362449289,0.118300288452547,265,150
"1476",-0.199001305403514,0.139339504075008,265,172
"6061",1.66136740035754,0.275652221873655,265,224
"6170",1.00162138063618,0.216614204051824,265,202
"5794",0.524370879780676,0.180879212142681,265,201
"2757",1.31832042000275,0.243564746619116,265,218
"2602",-0.4753577190063,0.129364826595051,265,166
"5645",-0.0990446200993789,0.144204004820114,265,182
"2178",-0.640369057214198,0.123639539880407,265,160
"6515",1.47848980033127,0.258176666577439,265,223
"5620",0.188716782072912,0.159507595800812,265,185
"2542",-0.565681255622579,0.125169604536027,265,166
"3934",0.887926475662212,0.20756745902838,265,204
"4454",0.819161263152234,0.202256510349639,265,202
"5931",0.82646086589379,0.20281453833107,265,205
"3399",-0.436945469563522,0.130115596349479,265,165
"1885",-0.0438211023302135,0.146916619495681,265,183
"6230",2.13238752755545,0.324255940040408,265,230
"6151",-0.278407580873078,0.136435772371539,265,173
"2327",-0.403583748938515,0.130847124187902,265,166
"2837",-1.07634993453818,0.115832776774927,265,133
"3050",-0.836910903167644,0.118242144555149,265,144
"4447",-0.424286232268607,0.130350779087755,265,170
"2930",-1.06036626918663,0.115180856191718,265,139
"3545",1.50486267781025,0.260645247132551,265,216
"538",-2.08702446389887,0.127436463049998,265,72
"255",-1.51220835151478,0.114368116101456,265,111
"288",-1.33669168579121,0.112385900011054,265,118
"2061",-0.545853052460026,0.126243929542229,265,161
"3755",0.423886658622421,0.174129613129368,265,203
"3916",0.803781770879601,0.201085269250041,265,207
"4366",1.95016800387599,0.304880115002052,265,224
"1345",0.385172566009692,0.171610130926645,265,190
"3130",-0.643911068999068,0.123654816154754,265,148
"5928",0.952023669233783,0.212626958084135,265,212
"5400",1.50198810826715,0.260375325761728,265,223
"6267",-0.447368330196676,0.129936052087341,265,169
"802",-0.0906773474619243,0.1446283003154,265,166
"2880",-0.762078338265236,0.119506220932711,265,146
"2173",-0.917122141439565,0.118212525487873,265,146
"1697",-1.02671141174837,0.113351039581944,265,137
"4683",0.339880076391512,0.168712465004876,265,195
"523",-0.992753373186015,0.112973960094982,265,150
"6372",-0.0826114158749594,0.145032349108621,265,179
"4987",1.44660662168491,0.255215829294393,265,220
"5463",1.71035307098834,0.280472843111055,265,231
"493",-0.847179839512232,0.118540829814194,265,148
"6527",0.861658782374163,0.205524433857769,265,206
"968",0.398414701263411,0.172467145184271,265,194
"5231",0.056269659116463,0.151995209702377,265,184
"4575",2.13592069504775,0.324638120022044,265,234
"1463",1.00756947744274,0.217096616267398,265,215
"4043",0.417846673263533,0.173733679223208,265,197
"6573",-0.459332114096097,0.129719456329276,265,163
"4162",0.0524326469218745,0.151784715721765,265,187
"5458",1.2513290632591,0.237648505513296,265,215
"5650",0.925811463489762,0.210545178061337,265,205
"1269",-0.018050036077949,0.148153910534106,265,181
"4461",1.93273490841228,0.303062438291306,265,228
"4105",2.24684307320229,0.336752884253808,265,229
"2386",0.415286650907871,0.173566193172982,265,193
"2786",-0.790899488668289,0.11809221889896,265,156
"4944",1.00061293140858,0.216532505089753,265,211
"4142",-0.201806216443043,0.139227326692402,265,178
"1556",0.5714282450604,0.184138801757424,265,198
"2185",-0.93500592207443,0.116991441771711,265,144
"918",-0.975963295070402,0.11374686319882,265,135
"181",-0.497726001098034,0.128656035026573,265,175
"6140",1.5803457825174,0.267807325156425,265,220
"1307",-1.33421066576848,0.112604368075801,265,113
"5951",0.183792239945946,0.159223457954472,265,190
"3260",-0.615069216158626,0.123659971910923,265,154
"1746",0.775138907457719,0.198920103831982,265,211
"4847",1.51249995393919,0.261363397377213,265,220
"5321",0.465828166592483,0.176909807364526,265,198
"3652",1.64141574485254,0.273705462411315,265,222
"4707",0.502793251361841,0.179404620787823,265,206
"4665",0.81978284973657,0.202303975247968,265,206
"3942",-0.0807012688994233,0.145127301598328,265,174
"3345",0.348486748940805,0.169259301063026,265,196
"4810",1.26561101437335,0.238900099929148,265,222
"4635",2.44554468239526,0.358967631640222,265,239
"5687",0.0925563180308605,0.154025134651858,265,185
"4145",0.406797119924354,0.173012156150208,265,193
"2216",-1.37793209438655,0.108504823038911,265,125
"4584",2.71941382074503,0.390450825522379,265,240
"4624",2.02244160461993,0.312484462585435,265,233
"4768",-0.0630757024953117,0.145991151735587,265,179
"6437",0.678214452913318,0.191751028937562,265,198
"5967",-0.181099718262182,0.140098449898067,265,168
"5313",0.675829770992343,0.191577752629759,265,207
"5432",-0.0221347025360272,0.147956334715859,265,180
"3384",-0.976715361775466,0.113700352005923,265,139
"5918",1.59577847442924,0.269289124926656,265,220
"6260",0.00468745100787912,0.14927481568192,265,183
"1915",-0.952187958538023,0.115569157608255,265,141
"2113",-0.708027216196408,0.122816387215588,265,157
"983",-0.904255161045883,0.118810031043653,265,148
"1449",-0.51134069633012,0.128078599241891,265,162
"2055",-0.454713988844945,0.129806102162266,265,166
"1658",1.18967388295491,0.23230570684685,265,216
"3043",-0.488364953855195,0.128988037068088,265,161
"6407",1.47754402041663,0.258088465457488,265,219
"5248",2.4110885710376,0.355072562535003,265,235
"986",-0.900066123294116,0.118945893208617,265,150
"5660",2.64444203503539,0.381750186127974,265,235
"6294",1.26276467589212,0.238650242562725,265,215
"6214",1.45981726806219,0.25643950725868,265,220
"1115",1.21932457841934,0.234862891395646,265,217
"5381",2.01021121380462,0.311189970952321,265,228
"3647",1.08560497878032,0.223509644606888,265,211
"268",-1.2131776687781,0.109316314640864,265,122
"5741",-0.288567662924121,0.136019113021894,265,176
"4050",-0.247150141761526,0.137585044704827,265,173
"4424",0.070194457347133,0.152767100268954,265,181
"1199",0.81888515665227,0.202235429786907,265,210
"5336",-0.558990193618625,0.12551752168138,265,163
"5224",0.985900890897151,0.21534358156041,265,213
"4756",1.65963385099019,0.27548268829776,265,225
"3947",-0.280451219049329,0.136354080322876,265,166
"5648",-0.0941303844715811,0.144453813602052,265,174
"3212",-1.06963998311547,0.115603501923718,265,136
"6401",-0.117697623582041,0.143243242118288,265,182
"996",-0.748972877388314,0.120378266116112,265,160
"2566",-0.630211126628136,0.123610440189344,265,154
"4466",0.221770544454124,0.161438855676924,265,191
"5856",0.305938982662719,0.16657363984925,265,195
"6117",-0.844212032198301,0.118452861579665,265,148
"2521",-0.326451312965428,0.134237787223582,265,174
"6245",0.193395773569268,0.159778320727609,265,184
"1391",-0.207788206849661,0.138993802604235,265,174
"4851",1.24262199114013,0.236888043087791,265,217
"2395",1.03444957593097,0.219288003611026,265,213
"1054",0.144643260879372,0.156984458472333,265,188
"4365",-0.629372913626318,0.123609683491729,265,160
"1955",-0.990945429452689,0.113027874499958,265,138
"1822",-0.281022987006842,0.136331038986558,265,168
"3963",1.01844004569803,0.217980602609273,265,215
"3803",0.112732473401402,0.155169691173464,265,181
"1475",0.33749092779596,0.168560977195747,265,193
"1771",-0.172292940554853,0.140499039728978,265,184
"3949",1.81475410565559,0.290936979680933,265,222
"26",-1.44117154713408,0.110232312799993,265,111
"4308",2.0016204268075,0.310282548163476,265,231
"4255",1.34792432896406,0.246215963349245,265,220
"5109",0.743730263847332,0.196570138952632,265,204
"2079",0.0430860595809642,0.151276724146055,265,185
"2165",-1.06969582794764,0.115605703833889,265,133
"6239",2.11806752631105,0.322709383030799,265,223
"3207",-0.432495779343734,0.130194669162547,265,169
"4480",1.53800686379067,0.263772502164748,265,222
"3019",-0.672870847367783,0.123672402558496,265,154
"3954",0.909908181546115,0.20929071810066,265,210
"5535",-0.353426883598887,0.132867988555391,265,168
"2360",0.280806418178105,0.165010961921539,265,198
"366",-0.818055532435512,0.117852736040114,265,151
"2154",-0.505110839728115,0.128356440790399,265,168
"4046",-0.385034404097533,0.13146286437084,265,170
"4530",0.023869899206112,0.150256770041094,265,182
"1972",-1.26729410734402,0.113256250254495,265,118
"5798",-0.231971343393147,0.138112864818214,265,171
"5581",0.627719331047611,0.18811412037951,265,200
"5617",1.17950898003452,0.231434263717497,265,218
"6575",-0.0253727149389625,0.147800287513398,265,182
"355",-0.88312981280929,0.11919932797686,265,145
"2312",-0.340164596881534,0.133537559987455,265,172
"4202",0.190935143618548,0.159635853880026,265,184
"3831",1.52648211160397,0.262681975674751,265,226
"4297",2.06055951892598,0.316538490498657,265,229
"3736",-0.114062685928171,0.143431605503478,265,175
"5421",-0.984736415494753,0.113269523752262,265,134
"104",-0.354751050737254,0.132802628642857,265,170
"2652",-0.317746051798631,0.134673920340289,265,177
"549",-1.65378691955304,0.113390604571802,265,97
"256",-1.01856414831055,0.113041885377015,265,134
"4284",-0.212632272514217,0.138810024226643,265,167
"3611",1.61560159143107,0.271201121676921,265,228
"1336",-0.688439229621208,0.12345117779415,265,153
"6220",0.531584119051056,0.181375029396045,265,196
"4496",-0.285467523476507,0.136149086466132,265,166
"3177",0.0883769765198647,0.153788839078197,265,180
"3895",0.539231080136127,0.181902196084968,265,197
"3468",1.40398961826036,0.251298592276036,265,218
"5974",0.879499395218803,0.206910099660741,265,204
"6244",-0.0786181091350502,0.145230538104139,265,178
"4213",2.28356758884258,0.340811458241984,265,232
"417",-1.62131430596078,0.11039402279168,265,104
"5228",1.93573811546449,0.303375103353644,265,228
"2287",-0.49218821897831,0.128858866827552,265,162
"4317",0.30413388945605,0.166460745571215,265,186
"1963",-0.585222697130095,0.124315789931146,265,159
"5486",-0.249302683318136,0.137509915574136,265,169
"1783",0.450207410999714,0.175867994825391,265,213
"4380",0.948264008871215,0.212327283188622,265,208
"4861",0.98752345962976,0.215474433936765,265,209
"3515",0.359047389104699,0.169932670091934,265,190
"4644",-0.688845140217334,0.123442235269116,265,156
"4475",0.488166718649665,0.178412609151555,265,199
"5889",0.723302629076166,0.195055485222731,265,203
"3944",0.696292589469846,0.193069520351061,265,207
"3104",-0.854547571685447,0.118753657311193,265,149
"2348",-1.14495295728879,0.112998219630319,265,132
"4104",0.630910444385878,0.188341963921111,265,201
"2196",-0.647995421776748,0.123672853493659,265,155
"3936",0.266899196789903,0.164155814423645,265,191
"5370",1.0947907415777,0.224274825928611,265,214
"5784",-0.335298800795886,0.133786591944032,265,177
"2564",-0.353006080331385,0.132888834945773,265,168
"3933",0.285297439665473,0.165288662730479,265,198
"965",-0.328612010311975,0.134128087041162,265,168
"5328",1.46000219226959,0.256456667919907,265,220
"2793",-0.903861413569437,0.118824055009352,265,155
"133",-0.774825230361874,0.118761450105387,265,159
"5570",0.770380112479398,0.198562419510934,265,205
"4981",0.113278570557356,0.155200721390282,265,190
"2353",-1.12947200963914,0.114399538840349,265,132
"1564",0.0809003942925252,0.153367269073634,265,181
"3026",0.639466215969091,0.188954166374641,265,200
"1288",0.233180472389299,0.16211682101196,265,185
"6264",1.6228315715898,0.2719008839905,265,224
"4733",0.605121304012726,0.186508291645813,265,200
"3516",0.819147596150419,0.202255466836481,265,202
"4296",2.61741688604038,0.378627604733103,265,236
"5071",0.929322921524687,0.210823037473221,265,211
"6133",1.58042321436867,0.267814745181139,265,222
"3710",0.245875868414664,0.162878421595473,265,190
"1304",-0.266732367208358,0.136884137972129,265,176
"2311",-0.851193746564881,0.11865854441522,265,148
"1678",-0.570809413865563,0.12491911194353,265,154
"2380",0.528654929736863,0.1811735146759,265,200
"2947",-0.482628078099312,0.129165720344408,265,170
"5379",0.876832081912075,0.206702413342336,265,206
"5000",0.673074061342176,0.191377704258274,265,208
"5329",0.791602855010859,0.20016207068774,265,206
"5875",0.305420744529005,0.166541218527112,265,192
"5115",0.580667553551067,0.18478562409215,265,199
"1518",-0.741810407479385,0.120866104665211,265,156
"2298",-0.507050965733565,0.12827231207306,265,166
"2388",0.545905432450038,0.182363591387194,265,203
"1370",-0.597488534154863,0.123945172152788,265,158
"2438",1.38402855235335,0.249479778840325,265,219
"3292",0.00183648385897268,0.149131922728417,265,179
"5986",1.76804074259952,0.28622331274768,265,227
"6046",0.256186061427186,0.163502439988716,265,187
"1860",-0.787583470228298,0.118200197001643,265,143
"2414",0.105785097510674,0.154775089542013,265,191
"3981",0.835590499888721,0.20351438507114,265,201
"3048",-0.522085003244852,0.127550861620504,265,165
"2750",0.561851612361706,0.183470710350718,265,203
"4576",0.319330156723379,0.167413977834267,265,182
"4299",0.827917473254503,0.202926053876314,265,200
"217",-1.36493286151134,0.109600026727731,265,120
"5149",1.22755599766834,0.235576817770444,265,216
"4240",1.37466756596218,0.248630337700647,265,217
"6338",0.00993602964795541,0.149539884396103,265,178
"1526",0.19094787405068,0.159636590400775,265,182
"4595",1.43385008119195,0.254038427510236,265,217
"1715",-0.759317103700068,0.119684152828107,265,156
"4041",2.21802014328568,0.333583717761379,265,227
"6056",0.251952134678739,0.16324560063832,265,190
"2597",-1.12331109727852,0.114865662987471,265,134
"543",-0.906263458622353,0.118734476754163,265,149
"6261",1.01587220617,0.217771514505274,265,210
"3115",-1.12344403672323,0.114856303285845,265,127
"5711",0.521132556221382,0.180657081623002,265,194
"5273",1.52902897598599,0.262922685118013,265,222
"2437",-0.720409108340988,0.12220576873836,265,147
"6496",0.415258987555574,0.173564384396332,265,195
"2962",-0.60436022753884,0.123800038270728,265,159
"5173",1.09277744767995,0.224106931360724,265,217
"3570",2.36452107554791,0.349835711116572,265,233
"4139",1.29575107447113,0.24155866090143,265,223
"6160",-0.448062148913503,0.12992404498171,265,163
"3519",2.33894183999863,0.34697307560208,265,232
"280",-0.785480086894242,0.118277256932414,265,149
"469",-1.60387638800431,0.109602314721874,265,102
"1626",0.198333173372731,0.160064861511921,265,197
"145",-0.785953138839494,0.118259358363418,265,161
"4838",1.01891229563337,0.218019074294354,265,212
"3466",1.19390005609183,0.232668802828437,265,209
"4283",0.651307967086541,0.189804687445722,265,202
"5089",0.0556013562574209,0.15195847161374,265,180
"3044",-0.417098993142788,0.130503574189881,265,168
"4656",0.623375548053805,0.187804407874941,265,203
"5820",1.85791844208243,0.295337061985783,265,232
"6382",0.258449416184765,0.163640066406414,265,186
"1694",-0.673253334373004,0.123669567949988,265,153
"2903",-0.184609698859411,0.139943708156269,265,178
"3444",-0.714470062690561,0.12251747048531,265,149
"1265",-0.292964395955169,0.135830369657026,265,174
"2415",-0.730523957305765,0.121606613844035,265,154
"3246",-0.473108656926871,0.129421002103793,265,169
"3475",0.490492276186508,0.178569917000554,265,197
"4765",0.968019858400163,0.213906031425555,265,211
"4755",1.05938418689544,0.221337358971198,265,212
"6185",2.10956574529079,0.321793046543262,265,230
"6557",1.68054487155413,0.277532558365672,265,225
"2107",-0.650473750906345,0.123683152976369,265,153
"4407",1.50415009201806,0.260578316074839,265,215
"5764",-0.223513108254207,0.138411923629877,265,169
"4061",1.47286017408801,0.257651995405386,265,218
"3896",0.0923832886543349,0.154015344155224,265,189
"2372",-1.2923328300873,0.114300335537693,265,123
"4813",0.906213296379275,0.209000191332255,265,207
"2756",-1.40172028258791,0.107690062126924,265,116
"3679",2.32409080506613,0.345315740457991,265,229
"4521",1.40419032873917,0.251316932379424,265,217
"1799",0.448083803197963,0.175726945628631,265,193
"2089",-0.342881601809598,0.133398859816306,265,166
"5013",-0.359616705634893,0.132565971539743,265,167
"1553",-0.058074369687014,0.146232836517096,265,185
"4443",2.08207385966403,0.318839500416297,265,235
"265",-1.37769167100694,0.108521882693719,265,113
"421",-1.54864895831114,0.11228742336015,265,110
"5622",0.478054782158683,0.177730475228903,265,199
"3106",-1.33168547044613,0.11281682762259,265,122
"3023",-0.39912478641753,0.130979261768344,265,176
"4234",0.339440580218967,0.168684587898137,265,194
"341",-0.971506420008844,0.114041241262306,265,139
"3303",-0.468130816474871,0.129537198233261,265,159
"3744",1.02497925093329,0.218513825533628,265,218
"5584",-0.305235638302258,0.13527632407882,265,164
"4802",0.180721857124764,0.159046682234715,265,186
"5335",1.17023474945367,0.230641501167437,265,210
"3190",-1.12915521219284,0.114425042223111,265,138
"2698",-0.720363118663926,0.122208306510074,265,152
"858",-0.887092468011726,0.119181223297533,265,141
"3614",1.16700146079875,0.230365640151458,265,218
"2456",-0.742102082965758,0.120846362916033,265,148
"113",-1.10275559311316,0.115880825308688,265,138
"3152",0.738278427630036,0.196164837740879,265,208
"4604",1.40048083843131,0.250978140693175,265,218
"5436",0.253505481164224,0.163339736819057,265,180
"4150",0.13968705033898,0.156702385944075,265,188
"61",-2.12690220480891,0.129327454257879,265,71
"5070",0.914555299358234,0.209656615124279,265,209
"3840",-0.483325999289554,0.129145109902919,265,160
"3231",-0.26522609826039,0.136939954565716,265,172
"6209",0.0114722282740314,0.149617971708202,265,180
"3334",-0.454163427815142,0.129816123115343,265,162
"664",-1.92650185278541,0.12201581147698,265,88
"1520",1.183304798615,0.231759369990336,265,215
"4073",-0.296077167979813,0.13569359599668,265,175
"276",-1.0698439999595,0.115611523737653,265,138
"6158",1.03209878403395,0.219095616918051,265,205
"5778",2.43436886905361,0.35770243591417,265,237
"2247",-0.858239319200282,0.118852598249881,265,146
"4724",0.699630855479705,0.193313933937002,265,205
"3628",0.749424337105682,0.196994271871132,265,205
"4680",-0.265954192789814,0.136913025555702,265,176
"1373",-0.618219322535729,0.123636982558846,265,159
"4235",-0.233198773757223,0.138069960825308,265,176
"1286",0.205418190566573,0.16047771274773,265,182
"2646",-0.85916055413208,0.118876080223552,265,148
"5434",1.37840711569557,0.248969405223092,265,218
"156",-1.16124601833892,0.111389262613482,265,144
"1297",-0.388813773670402,0.131323301557859,265,165
"1637",0.858097615182733,0.205248816772861,265,218
"305",0.224362690932233,0.161592337795793,265,181
"2687",-0.37176156142316,0.132006527449331,265,167
"3827",0.429917369294343,0.174526038656722,265,199
"4919",0.161772320316553,0.157960889113914,265,187
"1392",-0.39177614891943,0.131218922539086,265,166
"3344",-0.336133376157077,0.133743863741388,265,178
"1755",0.0367385971108836,0.150935972045621,265,188
"5567",0.6175217838222,0.187387818178118,265,198
"4772",0.134439327421478,0.156403838510147,265,190
"3825",1.77076573236753,0.286496887690163,265,220
"5468",0.271636892933846,0.164446284269002,265,187
"4730",1.34719484160468,0.246150362541979,265,218
"6355",0.844159841932342,0.204173222661564,265,211
"4954",-0.140965749052743,0.142039605659444,265,183
"1749",-0.287506751170216,0.136063879091615,265,168
"2548",-0.974778059251306,0.113822090261744,265,137
"2679",-0.00489450441145702,0.148797436596766,265,187
"4701",0.0817047916099122,0.153412542789198,265,189
"5796",-0.0209981796355622,0.148011221359657,265,180
"4754",0.343124566321552,0.168918403087358,265,199
"6505",0.120962547361134,0.155637466427771,265,194
"6168",1.19737491431411,0.232967693651696,265,213
"5108",1.24513801813422,0.237107588329159,265,220
"411",-0.962053153515569,0.114751988666352,265,151
"711",-1.75152718703939,0.11589936512944,265,100
"1790",0.353715104939172,0.169592342546882,265,197
"3323",-0.808000057765061,0.117810289934392,265,147
"2387",0.381140587012571,0.171350117137927,265,194
"4609",-0.276988182643127,0.136491912641981,265,170
"1835",-0.386637538207449,0.131402797017348,265,175
"593",-1.1299208233205,0.114363140673931,265,134
"2831",-1.26698056059461,0.113235068625363,265,122
"4627",-0.0673318783174917,0.145784421609262,265,177
"774",-1.76929209266939,0.115165164053337,265,95
"2341",-0.210857932511509,0.138876818470253,265,172
"5969",0.379048247361055,0.171215353058096,265,193
"4116",1.74520876198895,0.283937946374868,265,229
"1257",0.650156966277599,0.189721855177434,265,202
"149",-0.513529546535124,0.127975819187752,265,175
"464",-0.500397526695883,0.128551474466539,265,164
"814",-0.172532149789643,0.140487934098911,265,179
"5531",0.387167989767117,0.17173896969417,265,193
"59",-0.941972317955496,0.116429573028908,265,144
"810",-0.76507943994225,0.119318363090054,265,146
"1861",0.0158277485080402,0.149840638813748,265,178
"1283",0.0747346653065104,0.153021033626341,265,183
"1648",0.647608058460607,0.189538546815517,265,208
"1714",-0.256511240661446,0.137255707719506,265,171
"4841",1.62185953912052,0.271806729883677,265,221
"3340",0.440135152385231,0.175200239758696,265,202
"6097",0.347816886909556,0.16921667797761,265,196
"2239",-1.2709995895284,0.1134938993646,265,122
"4821",0.345732374319051,0.169084108672814,265,196
"5049",0.210583263902836,0.160780011827755,265,187
"4153",0.871642749818691,0.206298875986103,265,210
"1692",-0.638066949971314,0.123630493397818,265,167
"4410",0.351852684652806,0.169473634200658,265,188
"5992",1.09065116025608,0.223929727058239,265,216
"2192",-0.67724950801656,0.123632717295574,265,150
"5936",1.27366523188077,0.239608246473141,265,217
"1143",1.29746143168231,0.241710227618869,265,216
"1075",-0.12914524716894,0.142649215007926,265,177
"5264",0.703914825125544,0.193628018079927,265,206
"1007",0.8900012396024,0.207729581311703,265,209
"3929",0.417507586050813,0.173711483706098,265,188
"3788",0.423943721708606,0.174133358969639,265,191
"5593",0.402113022396932,0.172707358421802,265,197
"5677",1.45416967583494,0.255915838355509,265,223
"6438",0.0169745025358223,0.149899579120028,265,180
"254",0.115185174819641,0.155309069058163,265,188
"2019",0.210852248711435,0.160795786642825,265,192
"1337",-0.573521433563333,0.124793453701719,265,164
"2308",0.267256369051403,0.164177681053053,265,195
"5369",0.0701050426251664,0.152762109066606,265,184
"3499",0.544298980320137,0.18225242974004,265,190
"1557",0.466667758057554,0.176966016128019,265,199
"3594",1.12824281775186,0.227079749465227,265,213
"2126",-0.201708473356083,0.139231206272585,265,181
"211",-0.475379142672466,0.129364279791277,265,171
"922",-0.587300800712962,0.124243132249948,265,157
"5872",1.30750398518862,0.242601687603491,265,216
"5442",-0.215928517266868,0.138687441631753,265,174
"4056",1.18459942474531,0.231870337722382,265,213
"3501",1.81742886002685,0.291208404421668,265,225
"3360",-0.812142082642717,0.117810464615149,265,156
"639",-1.28164198686116,0.114026943156381,265,126
"5339",1.49976478536969,0.260166699256274,265,219
"3599",2.05774589319211,0.316238246741017,265,227
"4207",-0.786559200078535,0.118236906373169,265,148
"1342",-0.716076221582085,0.122436451607715,265,160
"4009",1.8863852726136,0.298261897612321,265,228
"1120",-0.244673553049975,0.137671212421057,265,164
"1960",-0.82432823422926,0.117945465935756,265,144
"446",-0.653468821889471,0.123694127642591,265,153
"5779",0.473405252923231,0.177417856600926,265,193
"4862",-0.446670632180025,0.129948092417471,265,163
"3802",0.872535478081821,0.206368247977398,265,203
"6486",0.931638171423379,0.211006414576455,265,212
"6319",0.155806737856176,0.157620455692721,265,186
"2455",-0.962553679231876,0.114712062257092,265,146
"4035",0.503523282953812,0.179454295766882,265,196
"5503",0.616979781091074,0.187349291457473,265,207
"4866",0.87600195313676,0.206637813803675,265,212
"5148",0.988271257077839,0.215534762926828,265,208
"5466",0.104569601045302,0.154706089571196,265,183
"2047",-0.620289964058447,0.123625896044435,265,165
"5130",0.161587760720277,0.157950349274318,265,190
"1092",0.118936845477981,0.155522309348194,265,189
"4476",0.609999785007658,0.186853826484269,265,199
"3772",1.56745184153238,0.266573822326894,265,218
"3029",-0.592806011324141,0.12406991190093,265,157
"607",-1.69443528404864,0.116502582029246,265,100
"3967",2.07842499049098,0.31844860053577,265,229
"5909",-0.650853476910801,0.123684648382275,265,153
"4143",0.422472878566693,0.174036838562079,265,196
"809",0.705008030429699,0.19370824504981,265,201
"1009",-0.000658919270142321,0.149007457392036,265,184
"4228",0.0933936997613405,0.154072524613474,265,188
"3238",0.680568173439452,0.191922203204722,265,205
"2740",-0.362969118325516,0.132406638523764,265,169
"4551",0.438286429120599,0.17507801700423,265,193
"4450",0.982820701237251,0.215095364697091,265,206
"5649",1.27893374642932,0.240072371289918,265,221
"4289",0.174394231975416,0.158683200750888,265,188
"5086",0.949649487221752,0.212437674704153,265,208
"6016",-0.537362645642287,0.126722540946724,265,158
"6268",0.767076044446845,0.198314419466228,265,202
"2063",0.115993962959398,0.155355035222139,265,185
"3597",1.12818581553473,0.227074945398313,265,211
"822",-0.162442162048305,0.140966416691838,265,178
"6331",0.903654234818085,0.208799178807099,265,207
"5125",0.669608809665464,0.191126432935795,265,200
"4368",0.413844059546485,0.173471899049287,265,194
"813",-0.263127190820016,0.137017067551036,265,171
"2843",-1.49424173213808,0.114336039862597,265,115
"700",-1.03004549845958,0.113506165695816,265,135
"872",-0.282317249011782,0.136278577596687,265,174
"4719",-0.276093169640305,0.136527065773666,265,173
"5116",0.867235122133667,0.20595666788278,265,204
"4412",1.29799451491277,0.24175748324696,265,218
"1977",0.252553589175549,0.16328203718745,265,195
"941",-0.187334296809892,0.13982558072686,265,179
"5182",1.13705407514267,0.227823355506004,265,212
"3527",0.408715683735495,0.173137180314356,265,194
"6410",0.988222115827752,0.215530797988149,265,212
"4745",1.3296188086669,0.244573930535001,265,224
"1244",1.21981601443439,0.234905465537896,265,217
"4397",0.847050272769607,0.204395871857302,265,211
"3616",0.861639977373842,0.205522977589063,265,208
"176",-0.247095063468352,0.137586963819847,265,188
"6080",0.660902526954155,0.19049653008653,265,202
"1042",0.161882461360166,0.157967179310466,265,195
"2497",0.164025230345103,0.158089592980471,265,196
"3102",-1.5377269873735,0.11312615808166,265,107
"6550",1.15574886177196,0.229407678960795,265,217
"4734",1.38076178772503,0.249183088788761,265,222
"5394",-0.358269255902213,0.132630911665655,265,166
"4302",1.08795643387136,0.223705316148418,265,213
"2618",-1.02071097382658,0.113112482824721,265,141
"2009",-1.03604723874284,0.113816388038873,265,141
"4920",0.359035150940594,0.169931888229013,265,199
"376",-1.21513339461435,0.109390928312218,265,126
"5066",0.723508580745525,0.19507070169498,265,211
"1124",-0.577380465825013,0.124623775142215,265,153
"5981",0.665408282366407,0.19082227230407,265,202
"390",0.100433577077307,0.154471416186526,265,191
"2717",-1.42378991173888,0.108648558601752,265,115
"3331",1.02860726583412,0.218810135855052,265,215
"5726",0.51748004294527,0.180406887051094,265,199
"3143",-1.17704451016819,0.110037788278294,265,131
"3590",1.49652014385887,0.259862460750184,265,215
"4236",1.21608187327295,0.234582125040445,265,212
"2579",-0.962374171027383,0.114726357792221,265,130
"6208",0.9926719410616,0.215890081018626,265,212
"1227",-0.654499464737678,0.123697391447873,265,154
"6243",-0.0410375427736731,0.147049722697554,265,192
"4634",0.826060776215358,0.20278391760752,265,203
"4167",1.58143602746791,0.26791181324273,265,225
"3425",-0.811488349418852,0.117808764102472,265,150
"3110",-1.12964665538991,0.114385412318807,265,138
"5088",0.977433022650708,0.214661783670191,265,210
"5048",1.57830588556859,0.267611902568334,265,224
"5791",-0.101474775859296,0.14407986542082,265,176
"1871",-0.864423446151741,0.118998551073882,265,156
"2593",-1.09036036403884,0.116043455460699,265,138
"6026",0.313558680123925,0.167051204645121,265,185
"6455",1.80323484899302,0.28976992432298,265,231
"5479",1.03352012928954,0.219211921588921,265,210
"3565",1.11410445183725,0.225890749362092,265,211
"4943",0.821853169826401,0.202462138042083,265,209
"5107",1.31047984299187,0.242866347830817,265,221
"4065",2.0988707308052,0.320642298196183,265,231
"6560",1.40970154559293,0.25182092713383,265,219
"5156",-0.388277088087024,0.131342685758245,265,170
"5397",0.0724036475718976,0.152890541551416,265,184
"1122",-0.0413376281335837,0.147035374737282,265,177
"5438",0.426363066083982,0.174292264713121,265,195
"5536",1.36640700367691,0.247882617384598,265,223
"1530",-0.321014704855956,0.134511454536968,265,173
"6317",0.79840022965405,0.200676863343177,265,203
"5965",0.129569801405286,0.156126880470197,265,187
"2797",-0.896129015459551,0.119046710457458,265,141
"5760",0.660925517373292,0.19049819080569,265,206
"6269",0.263520191114198,0.163949208021442,265,191
"3939",0.213800875375512,0.160968921827772,265,186
"3081",-0.671730234269299,0.12368017145193,265,159
"1168",-0.122093894959742,0.143015104917767,265,182
"4712",1.14095218344634,0.228152965159553,265,215
"6490",1.08429228500922,0.223400473277736,265,210
"3612",0.284192830608793,0.165220293070636,265,195
"1517",0.720233028654563,0.194828823207695,265,208
"6281",0.170894313135674,0.158482582057376,265,188
"1258",-0.49531422509289,0.128746676437117,265,161
"49",-0.18741455630956,0.139822127542449,265,178
"5499",0.674812384531586,0.191503872904967,265,197
"2885",0.097111264827064,0.154283069559569,265,188
"4192",1.69023151434272,0.278485706316151,265,226
"3794",0.188880695687601,0.159517066976525,265,182
"329",-1.35586630538911,0.110498242649525,265,123
"4574",1.92367162980241,0.30212004096237,265,227
"6240",0.870163349141176,0.20618395988319,265,206
"2697",-0.59060936462888,0.124135626208041,265,164
"6530",1.54627351492893,0.264556782232865,265,223
"6029",0.44685445054996,0.175645356397172,265,200
"5898",1.16333924110173,0.230053508437913,265,214
"2912",-0.485465500678087,0.12908021095032,265,165
"1577",-0.0932333999837215,0.144499224503051,265,177
"1582",-0.23988426245612,0.137837442184377,265,175
"3522",-0.375242345512988,0.131856355709108,265,170
"5010",1.49487362671474,0.25970817435856,265,215
"3578",1.20852519248526,0.233928889194429,265,219
"4829",0.167933853172119,0.158313096451329,265,193
"1631",-1.05815124731695,0.115065864508548,265,131
"4499",0.0685853024940022,0.152677337186991,265,182
"2315",-0.819236020465593,0.117866659654167,265,153
"2554",-1.36613095510226,0.10948707641641,265,126
"682",-0.551523919444492,0.125925801776591,265,160
"3630",2.24008594467295,0.336008624417199,265,234
"4178",1.5082299462048,0.260961697787352,265,218
"1020",-0.63623551997751,0.123624093422325,265,156
"2027",-1.27483829328918,0.11371334059819,265,127
"5480",2.39197652736326,0.35291939205555,265,231
"4133",-0.25662359432381,0.137251704065235,265,174
"3917",1.25760160117166,0.238197550159513,265,214
"5897",0.354490707066895,0.169641802630754,265,193
"4224",1.56897813269886,0.266719619618865,265,224
"6222",1.09901640067387,0.224627555099716,265,211
"1237",-0.776224140846449,0.118689626372556,265,145
"3982",1.62765872144152,0.272368800580626,265,222
"6202",-0.522143861668071,0.127547821079784,265,164
"2616",-0.999503654949127,0.1128411975315,265,144
"1997",0.631257084193583,0.188366729952397,265,203
"1951",-0.74327160799645,0.12076703379835,265,157
"1230",-0.560336615396867,0.125445887157213,265,155
"1815",-0.292494947477743,0.13585077048433,265,171
"1060",-0.810161957075319,0.11780722038851,265,155
"4430",-0.171738109205706,0.140524845194305,265,177
"6122",-0.479417607274331,0.129257076669292,265,166
"2929",-0.00813865334579568,0.148637575813299,265,181
"883",-0.442008819951318,0.130028102417342,265,164
"6583",0.0481546239987764,0.151551329142114,265,184
"896",-0.319728181988291,0.134575609167806,265,179
"1638",1.12704925689164,0.226979175286205,265,219
"4844",1.44201232101967,0.254791307708231,265,218
"3832",0.714540469319364,0.194409132320576,265,200
"1674",0.529186544767807,0.181210070050019,265,201
"4068",1.94359085095235,0.304193574347151,265,228
"4467",0.0495607458862345,0.151627882507962,265,187
"1371",-0.257859529432009,0.137207560780485,265,175
"6042",0.810141566750792,0.20156887157905,265,199
"1928",0.382564880702926,0.171441918323409,265,190
"4273",0.869210221772406,0.206109953048681,265,207
"1688",0.864857525422152,0.205772277900973,265,209
"955",-0.71595442561566,0.122442682806275,265,156
"1919",0.832744736990063,0.203296009708285,265,210
"2210",-0.726160268411137,0.121874509493174,265,161
"5968",0.845676803706269,0.204290047198687,265,202
"1155",-0.589658061001713,0.124165495015766,265,151
"4071",2.09294700124217,0.320005879095117,265,231
"733",-1.57542286418588,0.110255364941713,265,116
"6378",1.1141086359047,0.225891100470583,265,216
"4566",2.12657147336395,0.323627336908694,265,231
"5808",0.0860251878916799,0.153656058099694,265,185
"3643",0.828289961761782,0.202954579723696,265,208
"4349",-1.19635156842815,0.109153198301506,265,123
"350",-1.45728664051335,0.111872696084059,265,118
"3146",-1.74430889224029,0.116203645328781,265,93
"517",-1.67232173290018,0.115117948823091,265,102
"4966",-0.0129109690804017,0.148403862062489,265,184
"3899",0.328132815294296,0.167968925362166,265,187
"988",-1.284785539546,0.114136378672363,265,131
"5552",1.88451995289475,0.29806969158027,265,220
"6376",-0.418387821125718,0.130474836713197,265,166
"5401",1.87141065760108,0.296721068210178,265,228
"1058",-0.0601805080027242,0.146131208139998,265,188
"840",0.349310055688956,0.169311702238694,265,201
"2829",-1.15895307153631,0.111611249051968,265,134
"4681",1.10947870234593,0.225502852322083,265,217
"6544",1.8120073159042,0.290658415923172,265,228
"5174",1.34515504471342,0.245967001709472,265,223
"812",0.063547306431854,0.152397196111638,265,184
"6535",1.01539558399114,0.217732723820917,265,215
"3569",1.85209720965226,0.294741193752901,265,221
"1775",-0.503143043239905,0.128439492102159,265,167
"2963",-1.12684093909088,0.114606465912582,265,132
"2041",-0.334736163738821,0.133815392951922,265,170
"1450",0.150150617999596,0.157298080687135,265,191
"1665",-0.0746562081881389,0.145425989415836,265,185
"5382",0.721150718985728,0.194896560452874,265,203
"3938",2.48622717477305,0.363587633523053,265,230
"1870",-0.364623916509561,0.132329264060129,265,175
"2161",-0.777947463314607,0.118604366153689,265,151
"6360",0.586024606259593,0.185161675468046,265,196
"3631",-0.198557326872531,0.139357422561345,265,181
"2508",0.0951959399973121,0.154174564377097,265,183
"95",-0.569899493719517,0.124962377243724,265,162
"3312",-0.571049386027463,0.124907791844161,265,165
"3124",-1.27926054752172,0.113928759927998,265,120
"5410",1.81075985248025,0.290531962526184,265,227
"5219",1.91481791346195,0.301201158164531,265,228
"6393",0.486041282510373,0.178268977939662,265,195
"1353",-0.782555829011578,0.118395030491228,265,154
"483",-1.03543806192881,0.113783423918679,265,137
"5145",1.6820263550668,0.277678187009225,265,223
"578",-1.51023924502979,0.114404848727203,265,112
"4957",-0.0484267629100142,0.146696216632967,265,184
"220",-1.16881871360276,0.11069334923593,265,129
"3134",-1.74676607372222,0.11610250575577,265,98
"5081",1.42180288930451,0.252930303768691,265,216
"1666",0.339319351178646,0.168676899181389,265,201
"1209",0.599981775619779,0.186144939729511,265,197
"4034",2.13649760838696,0.324700546686012,265,227
"4138",0.00823316123236819,0.149453594331174,265,182
"1653",-1.04934096069986,0.114575133592262,265,134
"5911",-0.199463061887806,0.139320915506845,265,175
"2669",0.0137148924838214,0.149732387709273,265,188
"3168",-0.952174286753324,0.115570314334962,265,143
"2692",2.31754386767912,0.344586230541414,265,240
"6274",1.02383362989672,0.218420329531952,265,211
"1635",0.0956702571920178,0.154201429178113,265,192
"5902",1.30048805918506,0.241978622792445,265,219
"2675",-0.680341505934847,0.123594600225888,265,159
"824",-0.538158188717842,0.126677900600059,265,159
"5949",0.415407909366005,0.173574121961041,265,195
"3562",1.73107471495062,0.282529361535657,265,223
"4221",0.794032181342366,0.200345917337325,265,211
"425",-0.918870208170667,0.11811143942318,265,142
"6074",0.115747589293596,0.155341032697491,265,187
"3180",0.0785867379833085,0.153237176230669,265,190
"1235",-0.112117092340366,0.1435322667281,265,177
"1503",0.924582550800988,0.21044800964237,265,207
"3241",1.05508907270201,0.220983209350139,265,214
"2284",0.613146842339939,0.187077057799572,265,198
"2827",-0.336221841007962,0.133739334303983,265,173
"1809",0.310154857524616,0.166837670991678,265,192
"2292",-0.402802603606349,0.130869561191943,265,172
"2860",-1.08287619958248,0.11597963783732,265,136
"3349",1.55702327362809,0.265579198305792,265,224
"2708",1.01950264237795,0.218067174740563,265,214
"5396",-0.475869169480577,0.129351711110982,265,158
"4253",0.838853654972718,0.203765044967534,265,210
"3816",1.09228457516405,0.224065845131929,265,214
"1497",0.707427557850387,0.193885918484675,265,204
"5190",-0.941949523260668,0.116431459827403,265,151
"3449",0.413434289983721,0.173445125897726,265,192
"3819",1.31881528577084,0.243608879804132,265,221
"4830",0.690294008510021,0.192631068692039,265,207
"3888",-0.00665083463185195,0.14871078684938,265,183
"2135",-0.57553083562883,0.124703709312315,265,155
"5093",0.704413997638854,0.193664646912258,265,202
"3165",-1.17196417335485,0.110427789778334,265,126
"923",1.63038311361657,0.272633140178619,265,223
"3971",2.23503536015984,0.335452845529516,265,231
"885",0.5163245273992,0.180327812059319,265,205
"2556",-1.17596011948035,0.110116561472686,265,125
"402",-1.07404681798747,0.115762431901696,265,140
"5406",1.24058797806651,0.236710677017994,265,213
"2243",-1.38637425221279,0.108005977955604,265,108
"3517",1.15034182194871,0.228948524550713,265,217
"415",-1.2961723970812,0.11432796807354,265,122
"5655",0.886168634792024,0.207430187450504,265,207
"2013",-0.208264346067148,0.138975535393159,265,178
"4568",0.227495775849758,0.161778271783713,265,186
"5619",1.12406614144634,0.226727966453865,265,211
"4023",1.19120934877757,0.232437574723981,265,213
"4934",0.806731248978318,0.201309420342422,265,211
"6516",0.0975595181667944,0.154308472215807,265,188
"4470",1.49980843200735,0.260170793657828,265,227
"1166",0.39070066648219,0.171967324805628,265,196
"5765",-0.32524659413266,0.134298746931078,265,169
"1660",0.389482930732653,0.17188857155427,265,196
"4885",0.396168632839143,0.172321445229654,265,201
"3950",0.237217500015344,0.162358177323128,265,191
"3817",1.5600930107059,0.265871692622999,265,221
"694",-1.27463812614388,0.113702617098252,265,122
"3009",0.6331592543455,0.188502688825382,265,202
"2517",-0.170934120569473,0.140562353881271,265,177
"6049",-0.454586364208359,0.12980843025407,265,164
"3750",1.24653927644777,0.237229931041435,265,214
"2654",-0.645132524160975,0.123660250679408,265,160
"373",-1.36764349515524,0.109347241408108,265,114
"800",-0.891408186297773,0.119133555344798,265,144
"4751",0.501592754008777,0.179322966191442,265,200
"1772",-1.03725286063023,0.11388241944459,265,143
"2218",-0.075515341289493,0.145383703427729,265,187
"4232",2.15517192151469,0.326724632870179,265,232
"3928",0.34649295374747,0.169132467609151,265,193
"4260",0.871252525854851,0.206268558932988,265,209
"5557",0.243741609537546,0.162749856401128,265,196
"1079",1.88873379486814,0.298504003460483,265,228
"4759",0.482082652737777,0.178001822414256,265,196
"6439",0.477623522888537,0.177701451325008,265,197
"419",-0.943943176927076,0.116265560101156,265,142
"5424",1.42040143090226,0.252801635297986,265,217
"1073",-0.353419060090521,0.132868375803118,265,173
"4963",0.0328210888915566,0.150727513775422,265,183
"4115",0.855594596395872,0.205055289559328,265,207
"3708",0.860287132657871,0.205418236368379,265,205
"573",-0.598581955609312,0.123919068957957,265,158
"741",-1.72839380741527,0.116732057701007,265,105
"5873",0.314885420781172,0.167134520615218,265,188
"5896",1.60512209045933,0.270189135348394,265,226
"1019",-0.238824867334275,0.137874206564782,265,180
"6387",1.23362823270489,0.236104593434992,265,211
"1969",1.87831769415277,0.297431155005064,265,228
"753",-1.15284460614396,0.112215672500005,265,135
"4520",0.553906779330861,0.182918276894229,265,195
"5885",-0.572234388528802,0.124852457848282,265,153
"1671",0.270627040527271,0.164384294199509,265,192
"853",0.475034569930188,0.177527331905671,265,203
"825",-0.975447146293864,0.113779337580982,265,142
"3725",2.0839382026619,0.319039326783203,265,234
"1347",-0.457072618514789,0.129762469888478,265,166
"507",-0.937984767315483,0.116755228925289,265,151
"4837",0.0478236315805195,0.151533331915147,265,186
"5197",-0.227649563997938,0.138264813347716,265,176
"6044",1.54201038512263,0.264152113626973,265,219
"2004",-0.145764243559911,0.141794922794545,265,177
"2661",0.479370683108315,0.177819070459083,265,205
"4599",1.20504980518716,0.233628954113244,265,218
"3738",0.152899689479903,0.157454724698646,265,186
"3901",-0.0941698270410599,0.144451815423684,265,176
"352",-1.29653652268393,0.114328592258674,265,123
"6248",1.7177595391706,0.281206722301677,265,221
"3358",-1.082601854659,0.11597511158274,265,135
"4036",1.36271921646748,0.247549375369711,265,215
"6345",0.114475830899153,0.15526875687371,265,186
"945",-0.209982165488908,0.138910005354758,265,180
"1306",0.759654989948349,0.197758428360973,265,214
"4612",-0.707979937778415,0.122818421299664,265,148
"1456",-1.09006086141374,0.116043174924911,265,136
"5788",2.30074282302288,0.342717280497096,265,235
"57",-1.21272425967058,0.109300552730812,265,121
"6324",0.225077929098157,0.16163474299191,265,192
"412",-1.2345669971033,0.110609554923093,265,120
"2718",-0.0899430382906604,0.144665290681453,265,179
"749",-1.34840406184951,0.111257643935298,265,120
"1245",-0.286149212261066,0.136120725005675,265,174
"6164",2.31178180145848,0.34394474455357,265,231
"2633",-0.742551213139398,0.120815929146377,265,146
"3958",1.38656182251471,0.24971004051806,265,217
"4784",0.653555657359611,0.189966544632793,265,204
"4858",1.50997634083846,0.261125933781647,265,223
"1918",-0.100873126174576,0.144110634888888,265,180
"3141",-0.475607497035307,0.129358437440882,265,167
"297",-1.36581921848225,0.109516288222714,265,118
"5082",1.54639720254787,0.264568529808635,265,222
"5673",0.581840905772812,0.184867926595695,265,195
"3226",0.12398140194353,0.15580910183132,265,189
"1552",-0.0839451879915104,0.144965881892906,265,177
"2093",-0.743867280949528,0.12072653811894,265,147
"168",-0.423660963561397,0.130363393390759,265,178
"3561",0.148216603737429,0.157187919944982,265,185
"3338",-0.554482038351026,0.125762126863767,265,158
"5631",-0.0856439691135989,0.144881026213244,265,168
"5755",-0.49302875059505,0.128829286198656,265,172
"4716",0.555589001457002,0.183035109849185,265,200
"3380",-0.273121235590329,0.136642467621858,265,182
"3627",-0.846592419738169,0.118523426869761,265,141
"1067",0.32681911557474,0.167885982741519,265,192
"2269",-0.257912848326543,0.13720565211473,265,174
"756",-1.83158876547743,0.116274610182558,265,99
"1916",-1.02424362213238,0.113246066355055,265,127
"3659",0.683823467690247,0.19215918607542,265,209
"6416",-0.606652251697476,0.123761498058331,265,156
"3156",-0.994264892234077,0.1129347753213,265,135
"5993",1.6772261851164,0.27720652656878,265,225
"135",-0.105548612383189,0.143870945900915,265,189
"2998",-0.989795203215947,0.113066115868524,265,138
"725",-1.57448081006132,0.110312742679897,265,109
"3521",1.06356914185234,0.221682881109935,265,209
"1240",-0.417597641338563,0.13049238121963,265,168
"6330",-0.48771639560851,0.129009082970132,265,159
"1937",0.284990614456337,0.165269667521036,265,199
"3248",0.05066501966779,0.151688111427578,265,188
"309",-1.81034413408391,0.11505847284804,265,95
"4220",0.482220474369687,0.178011115708172,265,197
"2099",-0.908557485431782,0.118639992972884,265,147
"621",-1.5876508767045,0.109694033590572,265,98
"6494",1.58586472260097,0.268336558673063,265,221
"1961",-0.439079708748985,0.130078507968943,265,173
"5594",0.801484100374973,0.200910807930258,265,207
"2553",-0.890242474143012,0.119149374182848,265,144
"114",-1.22663228533738,0.110023518835198,265,124
"5770",1.95435793375741,0.305317954319942,265,225
"5083",-0.0864765161508323,0.144839358395686,265,176
"862",-1.41104179083096,0.107904628287359,265,109
"1942",-0.436771367622859,0.13011864114667,265,166
"530",-1.23577366867732,0.110705975730597,265,129
"681",-0.978390111639583,0.113600324469268,265,144
"4931",0.118907074149973,0.155520616996282,265,195
"3775",0.611749744648082,0.186977924974657,265,196
"6022",-0.21871198347916,0.138585342784638,265,171
"2166",-1.15060139953392,0.112439427198934,265,130
"4519",1.69021485713862,0.278484065336491,265,224
"1913",-0.916536057013405,0.118245404583719,265,150
"5982",0.588248038665472,0.185317973862443,265,199
"3443",-0.538282440845534,0.126670921317246,265,166
"2878",-1.58283398189202,0.109870890617959,265,104
"2246",-1.18753058909482,0.109425123919032,265,127
"126",-2.47909877166083,0.146633519929734,265,42
"2352",-0.747536284607546,0.120476321331833,265,149
"2490",-1.28622388416347,0.114178555696721,265,122
"5940",0.130193707621647,0.156162362422561,265,188
"4434",1.92874508843842,0.302647358393659,265,222
"6266",-0.0533824757365136,0.146458570003671,265,184
"1862",0.176660807306834,0.158813280088252,265,189
"948",0.438228681055043,0.175074200865233,265,197
"773",-1.27602774788085,0.113775364371152,265,121
"139",-0.636373730145288,0.123624546993467,265,159
"1328",-0.699255596537983,0.12315243812762,265,154
"6425",-0.287619514772336,0.136059135190581,265,173
"5334",-0.700457436916402,0.123111361466835,265,151
"5694",-0.138563819706841,0.14216281674569,265,174
"6213",-0.904457475497538,0.118802724440851,265,149
"1016",-1.09815905047569,0.115981273259843,265,134
"4040",0.737290573852974,0.196091481205361,265,201
"6432",-0.243946309882698,0.137696476154525,265,178
"2677",-0.757171166776491,0.119825202281366,265,158
"3263",-1.01620090610772,0.112974203367582,265,136
"2866",-1.40210665446053,0.10769286642571,265,128
"5092",-0.155298040828452,0.141316391064426,265,175
"2332",-1.43369946071797,0.109498062000792,265,120
"165",-0.98773091986918,0.113142289405617,265,144
"6489",1.00615423068207,0.216981752389308,265,207
"5260",0.857366295887309,0.205192256389975,265,204
"4290",0.594825850470386,0.185781120798524,265,197
"5142",1.2811858155833,0.240270983327553,265,212
"5293",0.175383506007487,0.158739959608501,265,194
"643",-0.970779691093039,0.114092062172528,265,137
"6577",0.244780110610418,0.162812387948223,265,189
"1469",-0.286682247611612,0.13609846279354,265,172
"4388",0.181522980692674,0.159092779757297,265,186
"4316",-0.361839525907563,0.132459952346194,265,168
"2439",-1.0223369215012,0.113171387943336,265,145
"1484",-0.016383948628538,0.148234765121476,265,181
"5376",-0.880699769413027,0.119198808245015,265,144
"5426",-0.392178475622908,0.131205089973078,265,163
"5025",-0.243842717209591,0.137700073783812,265,178
"2075",-0.725030049740287,0.121941690964024,265,152
"2101",-0.171146764653821,0.140552420198261,265,177
"1201",1.31275921234851,0.243069219424164,265,219
"909",-1.01218614616928,0.112885085486246,265,148
"5879",-0.628993945011852,0.123609448784043,265,156
"189",-0.895143825947654,0.11906788010102,265,148
"2674",-0.966397278873767,0.1144130672003,265,141
"2580",-0.847984927777201,0.118564638701884,265,142
"5634",0.149496241494311,0.157260804124493,265,186
"2285",-1.39053942785034,0.107839918273108,265,116
"2418",-0.398662637229852,0.130993525705936,265,160
"2054",-0.524276186516407,0.127436707559228,265,160
"4917",-0.899713022696642,0.118955997511785,265,151
"1952",-0.848125035913811,0.118568775364257,265,158
"4156",0.0752580732638298,0.153050366962997,265,185
"2609",-0.952218765448399,0.115566551229482,265,150
"3320",-0.69135941470445,0.123382967414562,265,160
"2520",0.169366819769385,0.158395110569661,265,190
"5543",0.573446647910903,0.184279915834167,265,201
"1440",-0.605372316704912,0.123782422499034,265,160
"6009",-0.587599868888165,0.124232998675136,265,160
"2064",-0.566051021844147,0.125151026125208,265,156
"2709",-0.221097387970206,0.138498783604664,265,181
"757",-0.951928191352581,0.115591140017491,265,145
"2774",-0.472396541096526,0.129438293689846,265,166
"690",-1.59410713409911,0.109560471052831,265,113
"577",-1.43568745238135,0.109687794937923,265,118
"1727",-0.820959585062822,0.117890028661382,265,154
"3841",-0.466928165980748,0.129563721944959,265,160
"542",-0.674402409408353,0.123660341951947,265,158
"2249",-1.21945631074796,0.109592173441674,265,135
"2279",-1.07446001751671,0.115775721872286,265,139
"2612",-0.244772355602358,0.137667778991882,265,168
"364",-1.70004834068495,0.116699294326591,265,100
"2956",-1.63297359045039,0.111334674903942,265,107
"5957",0.276079917305942,0.164719495181744,265,190
"4315",-0.062438026559804,0.14602203688918,265,175
"762",-1.76351075484247,0.115387344558327,265,100
"1149",1.73935582835474,0.283354075208941,265,226
"4658",1.12200439782144,0.226554480383018,265,213
"4044",0.85795327979765,0.205237652760291,265,207
"3427",-1.60416471394626,0.109608110592325,265,101
"4131",0.223097680469407,0.161517396564888,265,190
"2653",-0.766416689595932,0.119236804842732,265,149
"2296",-0.23426107466199,0.138032899322639,265,178
"4915",0.883217960627017,0.207199944274305,265,208
"1489",-0.784757580136541,0.118305221241667,265,148
"2502",-0.518707509689563,0.127722792723538,265,165
"2845",-1.52306076412694,0.114000608690024,265,122
"4630",0.95854853575832,0.213147901859175,265,204
"299",-0.702245970011009,0.123047295804059,265,155
"209",-1.86855858681878,0.119316216165311,265,93
"5103",0.417371230974917,0.173702559322897,265,193
"5481",-0.841104318452968,0.118361508933202,265,149
"4377",-2.30161152082857,0.137166369741288,265,55
"39",-1.43878574443085,0.109992272263872,265,121
"1057",-0.796016024792355,0.117959157121653,265,149
"3655",0.786733668288613,0.19979403605209,265,206
"4749",0.546421319246542,0.182399303714853,265,204
"6038",0.0106482137282881,0.149576057002343,265,183
"50",-0.95472828032911,0.115354866180242,265,134
"748",-1.36644051861769,0.109458196646676,265,121
"206",0.0352149720134126,0.15085472532235,265,187
"5733",2.3165267258461,0.34447295427374,265,235
"4337",0.0319957757869851,0.150683783070179,265,177
"513",-1.25131108149237,0.112017592451549,265,132
"3206",-0.9025633088543,0.1188684495271,265,143
"162",-0.52683317128318,0.127301150274669,265,167
"2081",-0.781133645592548,0.118456624041711,265,149
"3314",-0.82133238459418,0.117895542739752,265,154
"4130",-0.639756395888578,0.123637042100707,265,153
"6453",-0.467083231921936,0.129560333744998,265,166
"3000",-1.37936946605883,0.108405895258823,265,116
"180",-1.45566162660191,0.111712087815304,265,104
"878",-0.828349477919422,0.11802677078736,265,146
"5635",0.846491678411924,0.204352826797052,265,207
"6561",0.125428397924293,0.155891377409746,265,186
"1128",0.918687485297263,0.209982433156403,265,210
"1591",-0.95113921295008,0.11565795283501,265,145
"1287",-0.40446125576628,0.130822274648334,265,163
"5362",0.0825946874705814,0.153462653638005,265,182
"5177",0.474283099928391,0.17747682994417,265,202
"2069",0.137212165890762,0.15656157546327,265,188
"726",-1.57769485964477,0.110124386669712,265,104
"2094",-0.861820681653599,0.11894064977309,265,145
"2297",-0.809085520464292,0.117807873921581,265,145
"777",-1.19837341566712,0.109125318439916,265,130
"2828",-1.55591545279649,0.111694238213058,265,99
"4021",-0.970183005850276,0.114134333489419,265,143
"1432",-0.237101700769181,0.137934047623352,265,172
"609",-1.30640174070107,0.114212758426001,265,125
"2862",0.87284846292912,0.206392574188532,265,210
"2971",-0.931682313027833,0.117246063096584,265,143
"6457",-0.595521262500734,0.123995022952771,265,150
"5988",0.234616396975128,0.162202579926754,265,183
"2811",-1.38141401701695,0.108274601884031,265,110
"2939",0.255346483035187,0.163451445699678,265,191
"4177",1.14503365692181,0.22849849875062,265,215
"3568",2.06493975723718,0.317006222856267,265,236
"4094",-0.22914642702757,0.138212009601541,265,173
"3919",1.86506975858278,0.296070122362483,265,230
"4565",0.498387214694774,0.179105137200073,265,200
"3261",-0.608160542420542,0.123738756034639,265,156
"4900",1.38774085886671,0.24981726510526,265,213
"1525",0.298613361815372,0.166116076818639,265,188
"2035",0.211834008099076,0.160853389810757,265,197
"1013",-0.253024326538396,0.13737927055222,265,182
"380",-0.799664289955072,0.117889699423334,265,154
"6462",2.0060209144425,0.310747169503042,265,222
"36",-1.39633181692785,0.10770688043915,265,114
"5356",0.32372431259704,0.167690756140842,265,193
"3371",-0.659891616547002,0.123708528726854,265,156
"2345",-1.14225322317914,0.113259763043287,265,129
"498",-1.38410582574121,0.108119693287537,265,126
"5771",0.885979443013784,0.207415417991077,265,215
"2921",-0.144179246685851,0.141875505585445,265,179
"2369",-1.05070793019167,0.114653675078309,265,144
"1506",0.720911866313714,0.194878927960012,265,208
"2181",-0.562001597987246,0.125358361793513,265,163
"197",-2.09228040239583,0.127742058265814,265,75
"3426",-1.26055086893532,0.112768490162349,265,132
"1661",-0.797627983344865,0.11792584269173,265,149
"3316",-0.174644749806649,0.140390386011024,265,173
"1729",-1.19957847608134,0.109114951810573,265,126
"3040",-0.865578594948588,0.119022378294205,265,146
"2479",0.331372220163115,0.168173630994998,265,198
"447",-0.77748858465169,0.118626713076511,265,155
"2267",-0.430075590766989,0.130239068222069,265,168
"5766",-0.156474682131721,0.141258186590892,265,179
"2839",-3.01747554737825,0.18468310026358,265,29
"47",-1.28350233308188,0.114094534566758,265,133
"1005",-0.574940195980667,0.124729780834435,265,160
"550",-1.2702282264656,0.113446425182107,265,129
"1412",-0.991216353858703,0.113019310741368,265,138
"887",-1.14001204696317,0.113472681052092,265,135
"3195",-1.03379694931513,0.113696111951574,265,140
"1609",-0.225860480230371,0.138328210978583,265,177
"5686",0.9434375566258,0.211943107511945,265,212
"5958",0.840079958121162,0.203859314138253,265,205
"2973",-0.604257627946626,0.123801877184175,265,154
"3520",0.461067807822284,0.176591521523555,265,187
"1037",-0.260687653702206,0.137105793570962,265,179
"6332",0.384822804810588,0.171587558694415,265,193
"2688",-0.88795617290482,0.11917405663677,265,150
"3287",-0.0905288636617403,0.144635783390023,265,186
"1311",-1.22681827846914,0.110036101068393,265,130
"4298",0.257174663782081,0.16356252563874,265,195
"4623",-0.140942198003934,0.142040811593148,265,173
"6449",-0.337020741150582,0.133698430352593,265,171
"3375",-0.727543134280138,0.121791028815642,265,152
"5598",0.833384697298697,0.203345100290335,265,210
"1361",-1.19860580314481,0.109122955458247,265,130
"5978",-0.538433309964803,0.12666244452899,265,158
"629",-1.14651389751365,0.112845011299801,265,137
"4108",1.51645449119653,0.261735828701357,265,216
"5904",1.62372247444302,0.271987200016462,265,220
"348",-0.675855857300107,0.123647105808301,265,153
"4708",-0.227944153045144,0.138254404976652,265,172
"277",-1.0625149234848,0.11528787243456,265,139
"5133",1.32384355776426,0.244057668959322,265,217
"5599",-0.249683735598362,0.13749658684367,265,164
"420",-1.38658031858111,0.107996440855304,265,123
"5271",0.343907233268148,0.168968118581831,265,194
"3815",-0.230726945812347,0.138156464092904,265,172
"2095",0.538715265386506,0.181866587453167,265,197
"6353",0.57912019233666,0.18467714218583,265,203
"1803",0.900154665900893,0.208524561738634,265,206
"344",-0.602292766130607,0.123838995842168,265,160
"3768",0.0922281457160731,0.154006566246895,265,186
"6493",0.630815494174775,0.188335180660088,265,201
"5530",0.4589664533461,0.176451243376375,265,205
"4889",1.10676686464332,0.225275704257319,265,210
"1908",-0.52933834781783,0.127166146331909,265,164
"4011",1.21507034209788,0.234494598093872,265,210
"407",-0.824023086065022,0.117939940701654,265,153
"3270",0.222707014814449,0.161494268108734,265,197
"6108",-0.305153971160899,0.135280139718157,265,163
"3034",0.0179372142500351,0.149949161974376,265,184
"5157",1.48372040994499,0.25866486940655,265,225
"4940",-0.0199350291880373,0.148062623703823,265,181
"3758",-0.140486108063443,0.142064174484435,265,177
"2732",-0.418730563945875,0.130467298913439,265,169
"4762",0.64258838971432,0.189178052990552,265,202
"5671",-0.188376017561969,0.139780878759462,265,179
"4120",0.493891455345028,0.17880013394754,265,198
"2393",-1.47552402949768,0.113434860938152,265,116
"5035",1.1347714355119,0.227630525523392,265,212
"131",-2.13384552761844,0.129563302337183,265,64
"2599",-0.721328590960286,0.122154644121999,265,151
"3733",0.320186868710813,0.167467901604765,265,192
"6558",0.105959217963093,0.154784974929525,265,185
"5609",-0.0151110242820323,0.148296653029413,265,184
"1233",-0.80555532354479,0.11782230953433,265,144
"5792",0.207235074511338,0.160583919498744,265,189
"1210",0.606419004698836,0.186600144929227,265,201
"6085",-0.0430872658248405,0.146951713827835,265,177
"697",-1.3734605048914,0.108844449959501,265,122
"1936",-0.226337603982444,0.138311271361428,265,167
"3415",-0.898920458070332,0.118977914158433,265,139
"4780",-0.254360299661458,0.137332079152031,265,167
"6251",1.29401272154376,0.241404690458147,265,214
"1967",-0.97226250330334,0.113989164867536,265,133
"2728",-0.363573665038393,0.132378269060575,265,168
"2731",-1.40903911122973,0.107833167324413,265,113
"1125",-0.457756975345754,0.129749576357842,265,163
"615",-0.901414833233515,0.118905368539168,265,139
"2167",-1.04118385897764,0.114103600888384,265,148
"1349",-0.799534360931004,0.117891807445723,265,149
"2942",-0.797752177795555,0.117923448315619,265,154
"1323",-0.355382512021261,0.132771593634871,265,164
"4456",1.32866262130253,0.244488395741831,265,216
"1362",-1.39309797346954,0.107766735682982,265,114
"2671",-0.135828594368624,0.14230360907492,265,179
"6055",-0.131570413289724,0.14252360068818,265,170
"3174",-1.66436769859644,0.114420198565063,265,104
"2909",-1.09172461751195,0.116042269240467,265,128
"6552",1.20500328796327,0.233624941665575,265,216
"430",-0.278098915417128,0.136448022013834,265,174
"5016",-0.494761634445381,0.128766942705903,265,163
"2381",-0.699494769328024,0.123144390204818,265,152
"2540",-0.999070679977865,0.11284642829707,265,145
"2743",-0.984544690091201,0.113278326219934,265,136
"4596",-0.0874254227770847,0.144791801773253,265,182
"688",-1.77632726900206,0.114940319510535,265,99
"3325",0.479194656779959,0.177807216173507,265,201
"4852",-0.309113794490587,0.13509327661135,265,175
"4747",0.771949488020618,0.198680313749138,265,209
"2744",-1.38771953471389,0.107946157553613,265,119
"2050",-0.397639968168538,0.131025473397557,265,165
"2231",-0.409734204913369,0.130680670765127,265,169
"2454",-0.726324772332024,0.121864651502719,265,155
"102",-1.07932846503643,0.115909762109029,265,136
"5761",1.25760619014721,0.238197952210574,265,217
"4969",0.315163417750329,0.1671519840807,265,192
"572",-1.25917066274154,0.112661303822566,265,130
"6322",1.108270994917,0.22540166936569,265,210
"4485",1.38393223155213,0.249471027000958,265,209
"1112",-0.395765703136712,0.131085401772131,265,165
"3171",-1.46998067449613,0.113017926998747,265,114
"278",-1.67989225061239,0.115694022489027,265,101
"1121",-0.300434972319705,0.135497767480657,265,165
"3018",-1.44235569934032,0.110352767399669,265,116
"3054",-0.233290377924628,0.138066762508001,265,167
"5964",0.805530499939147,0.201218140283272,265,209
"763",-1.09796313499696,0.115984496095732,265,142
"1558",0.119430498297682,0.155550371442546,265,185
"6082",0.214440200952048,0.161006512653167,265,186
"2146",-1.20534889913564,0.109129949750048,265,128
"2128",-0.904661597999955,0.118795283223973,265,138
"4267",1.29732533859086,0.241698164700244,265,214
"4590",1.17452796340418,0.231008210216199,265,215
"4188",-0.868533161536762,0.119077536037367,265,143
"1088",-0.266140351076899,0.136906125041523,265,168
"1563",-1.39781267535662,0.107691868904377,265,115
"1959",-0.296638097148048,0.135668672293107,265,174
"5816",1.17254854084341,0.230839076911322,265,214
"3094",-1.22866661469736,0.110164491050929,265,125
"33",-1.27340621186795,0.113634843289524,265,129
"1584",-0.724096278008283,0.121996455837665,265,157
"4717",0.680221453752952,0.191896978811669,265,207
"5878",-0.0352501433700632,0.147326503648099,265,175
"3728",-0.457220414824242,0.129759694790811,265,167
"224",-2.04842003937381,0.124880710606383,265,75
"1367",-0.556129495746622,0.125671971329382,265,169
"2780",-0.430847362050245,0.130224783203098,265,170
"1187",-0.0433988142038015,0.146936815109692,265,182
"3273",-0.750588521660323,0.120268164443218,265,149
"3284",-0.703144584867797,0.123013784454349,265,156
"301",-1.56920448456541,0.110663426173945,265,114
"2707",-0.977251969009538,0.11366776204317,265,146
"365",-0.451487299125785,0.129864082961024,265,161
"5196",1.13076239920223,0.227292179798377,265,217
"1710",-0.998762818502789,0.112850422623302,265,139
"981",-1.15851832242578,0.111653741551736,265,127
"1917",-0.014908111542762,0.148306527787048,265,183
"2969",-0.560650935236984,0.125429271465471,265,167
"2631",-0.588209633885231,0.124212591762461,265,153
"5737",0.759639866962615,0.197757296786009,265,202
"359",-0.8492972726512,0.118603279512369,265,146
"3671",0.145348560054568,0.157024610363415,265,186
"742",-1.21287064795816,0.109305577491774,265,123
"6570",1.21671679903876,0.234637078108589,265,216
"1429",-0.584936161921559,0.124326112890851,265,162
"3467",-0.00329013182822435,0.148876810170521,265,187
"6511",0.114712148595637,0.155282186624932,265,189
"406",-0.941327604051111,0.116482838812559,265,139
"5094",-0.359803321556119,0.132557016516185,265,161
"1745",-0.509400445527195,0.128167506919655,265,168
"1030",-0.774635129378574,0.11877138545603,265,156
"6014",0.385627463821007,0.171639493095446,265,197
"1223",1.364406237081,0.2477017774672,265,223
"5608",0.423031004529974,0.174073456499716,265,195
"555",-0.675254599997566,0.12365279700555,265,159
"1018",-1.04544932003574,0.114349726948209,265,139
"2324",-1.33274958750906,0.112728580036546,265,122
"88",-0.519203392113473,0.127697873069595,265,169
"2666",0.521064337047871,0.18065240527955,265,209
"5295",0.143757488466142,0.156934036797216,265,188
"1396",-0.549140559364162,0.126058981187712,265,156
"635",-1.44983519624819,0.111121639790787,265,117
"2463",-0.15198983691248,0.141481114119469,265,180
"3213",-1.35701580593164,0.110381555200168,265,122
"1074",-0.145239105661778,0.141821593328829,265,172
"3769",0.02980310032895,0.150567919709056,265,186
"226",-1.53168632968114,0.113530754594566,265,103
"630",-1.08360903912426,0.115990991657515,265,129
"2901",-0.373394107369709,0.131935465414763,265,167
"5209",1.12978551958034,0.227209797969537,265,212
"5111",0.611071807861828,0.186929839535705,265,204
"6580",0.00807754759257813,0.149445722884295,265,181
"4899",0.892239134863335,0.207904574330808,265,208
"2489",-0.861661205025815,0.118936924395258,265,154
"6545",0.258060754522291,0.163616417318915,265,194
"2349",-1.34244479774131,0.111848066593596,265,121
"2066",-0.795110585601013,0.117979688638152,265,150
"3225",-1.06814307578676,0.115542791659207,265,134
"3160",-1.35682976665555,0.110400409997506,265,118
"2504",0.0577107846840208,0.152074536618896,265,191
"817",-0.69968469201401,0.123137954697662,265,149
"240",-1.52545218129309,0.113884709630302,265,107
"5032",1.72480961956435,0.281906503950883,265,226
"6093",-0.236967028752103,0.13793872752522,265,172
"4611",0.314687991539434,0.167122119575852,265,190
"585",-1.169222197206,0.110658380033247,265,136
"3302",-0.469839811552539,0.12949850574335,265,162
"2431",-0.330499735088675,0.134031924868686,265,172
"5371",-0.619345209666076,0.123630573577639,265,164
"2904",-0.336654876522751,0.133717162571504,265,170
"4509",-0.000123945114133424,0.149034094029539,265,178
"6297",0.0192717781780782,0.150018050457909,265,186
"1759",0.373986644584998,0.170889806640639,265,194
"3250",-0.897080714374804,0.119024722045863,265,144
"2541",-0.129984655464014,0.142605716242968,265,181
"3120",-1.19182887642943,0.109262623455755,265,121
"370",-1.27637283288543,0.11379280758692,265,123
"5310",0.236862506122203,0.162336922738424,265,191
"2188",-0.928786816148757,0.117458942776179,265,138
"3047",-0.773211938149839,0.118847056453384,265,151
"403",-1.1975902245158,0.109134561181918,265,124
"2017",-0.321866570830207,0.134468835371684,265,172
"2254",-1.0129007567201,0.112898468322164,265,138
"4490",-0.541434540275949,0.126493381196859,265,163
"1460",-0.314150290219374,0.134850451748819,265,172
"4265",1.86660789975401,0.296227942616445,265,232
"5452",0.945913291079067,0.212140096308201,265,209
"2855",-1.20489805113657,0.10912495306429,265,124
"1270",0.302857056603668,0.166380947076756,265,189
"6092",0.622598681634378,0.187749069487904,265,200
"5894",0.25416943123309,0.163380006727366,265,191
"184",-0.628210148391449,0.123609183877158,265,167
"54",-1.38376844132164,0.108137945782634,265,119
"605",-1.25642966140916,0.112442498848282,265,124
"1383",-1.41478587305169,0.108073422583074,265,112
"3530",0.574449055373616,0.184350037282292,265,197
"5519",0.38026154503459,0.17129348576462,265,192
"962",-1.1320693062972,0.114184705056646,265,133
"1787",0.020805981270937,0.15009746528555,265,174
"522",-1.65638940360826,0.113651092849682,265,99
"1331",-0.803458154923374,0.117840011105432,265,152
"1385",-0.721195967544223,0.122162063288471,265,146
"3278",-0.471694179717602,0.129455122296517,265,167
"2770",-1.08676201265471,0.116027377346171,265,131
"3197",-0.250669790723053,0.137462049284458,265,173
"1004",-0.308009196970548,0.135145776708254,265,171
"1038",-0.696551521774061,0.123239053924365,265,159
"334",-1.415280592171,0.108099029762803,265,116
"5789",-0.751204896532103,0.120226244680765,265,154
"6236",-0.0950787327425509,0.144405738566858,265,171
"4275",0.253735170395629,0.163353665698497,265,183
"6057",1.41161499918257,0.251996091873403,265,212
"5323",-0.338958060356858,0.133599267823234,265,173
"5274",0.24781118989525,0.162995185889871,265,192
"2745",-0.622168204497116,0.123618420177021,265,158
"5600",-0.35608256542931,0.132737293148261,265,175
"1080",0.163942876759573,0.158084886802043,265,187
"5183",2.11325487988424,0.322190497292074,265,230
"1443",0.53420320563197,0.181555407034807,265,203
"959",-0.726479295126186,0.121855373505168,265,149
"2586",-1.07398259593857,0.115760340505903,265,131
"6023",0.409240456773265,0.173171395963262,265,196
"2141",-0.300430913462063,0.13549795220464,265,168
"5240",0.281251821066508,0.165038470912649,265,187
"5178",-1.17941493676884,0.10987486286798,265,127
"2636",0.108357753385311,0.154921173377546,265,188
"1957",-1.16924930795582,0.110656039466115,265,128
"919",-0.224076347001087,0.138391778367715,265,175
"2916",-1.16016170791285,0.111493759087754,265,131
"5490",1.51604513425461,0.261697257924411,265,226
"2336",-0.49842165082564,0.128629228331744,265,165
"527",-1.52564008150575,0.113875112236426,265,109
"3058",-1.46779931811835,0.112838203575056,265,115
"351",-1.71498627953929,0.116905279604154,265,97
"5022",0.58741660032921,0.185259512026797,265,207
"5409",1.12104246326362,0.226473575516523,265,215
"1509",0.477649984888226,0.177703232065627,265,208
"4824",1.1185676336397,0.226265535894892,265,212
"6196",1.67341038438492,0.276831986798497,265,227
"3153",-0.657303791819135,0.123704567480728,265,157
"6415",-0.139327950958572,0.142123572721363,265,177
"3577",1.05053682477184,0.220608374975525,265,211
"2767",-0.436256703624942,0.130127661655983,265,164
"1256",-0.187463776274117,0.139820010594175,265,174
"787",-1.73371035560479,0.116586585726734,265,98
"5787",0.597014521541843,0.185935475963357,265,197
"1001",-1.42629016316068,0.108844820180067,265,111
"2771",-0.92262412973925,0.11787960949571,265,142
"4361",-0.649561392833745,0.123679460540298,265,158
"188",-0.520893160005148,0.127612111362407,265,163
"1000",-1.23078288505542,0.110318445220347,265,122
"1322",-0.557252202676993,0.125611016128678,265,156
"1338",-0.591149283691556,0.124119051740049,265,162
"1956",-1.43831053852736,0.109944978686693,265,113
"2359",-1.64537795094601,0.112538239307959,265,105
"3734",1.03970124576004,0.219718307706328,265,215
"4669",0.0866485122245852,0.153691236397815,265,183
"3254",-0.428819047718828,0.130262603462795,265,172
"2986",-1.47160077304319,0.113145901288886,265,113
"917",-0.0680905782873906,0.14574745661874,265,179
"2397",0.0228480723690689,0.150203536746847,265,188
"3097",-1.28752074068911,0.114212236954427,265,124
"374",-0.932500050251074,0.117184378196478,265,144
"2191",-0.189446783291738,0.139735197764583,265,174
"2543",-0.436752219587502,0.130118976220064,265,167
"5613",0.571252368156343,0.184126510569473,265,196
"2701",-0.465805620915225,0.129587977646272,265,166
"2430",-0.654947984144463,0.12369871457173,265,157
"3598",0.689829606196981,0.192597163965386,265,207
"6399",1.58043905567928,0.267816263217127,265,219
"2340",-0.71818455603158,0.12232636086426,265,154
"665",-1.26206387130845,0.112883383763816,265,119
"5857",-0.734805890637883,0.121332348162763,265,149
"2005",-1.52913967103924,0.113683915975223,265,107
"2125",-1.07664544860753,0.115841133127684,265,136
"6262",1.08065112573561,0.223097884835505,265,211
"3004",-0.652114962072876,0.123689414001968,265,151
"3173",-1.74324847322413,0.116246198816678,265,101
"3405",-0.73359722505497,0.121410765552476,265,153
"3549",0.029940176499786,0.150575149274429,265,188
"528",-1.48745649524206,0.114107400405501,265,114
"5941",-0.441361477986368,0.130039211067887,265,164
"3201",-1.43008811392165,0.109167728960505,265,106
"75",-1.10197376222228,0.115901275390015,265,130
"5586",-0.769734365967735,0.119041002083736,265,147
"151",-0.658529359973257,0.123706795114743,265,162
"1821",-0.248302447881717,0.137544858959493,265,177
"1559",0.827651886395556,0.20290571692029,265,202
"1070",-0.28296646392709,0.136252101722706,265,166
"5346",0.200937998348288,0.160216410920381,265,190
"5188",2.29207129244541,0.341754452324842,265,234
"5579",-0.267087174462141,0.136870929510806,265,173
"3849",-0.195283897643578,0.139490929155301,265,180
"218",-0.535291924166016,0.126838300905195,265,174
"6476",-0.0625169163158645,0.14601821712364,265,174
"3875",1.72399706821011,0.281825790826941,265,223
"5446",0.0996598802867873,0.154427540329631,265,178
"5411",-0.60928919377903,0.123723073756946,265,155
"5472",1.20824239534308,0.233904471420438,265,212
"3996",0.929473700659465,0.210834975604994,265,206
"1458",-0.945541517791668,0.11613147061047,265,135
"5877",0.0787682154586685,0.153247373371188,265,178
"3236",-0.238366046825072,0.137890134041452,265,176
"5448",0.0351209461390038,0.150849718540405,265,178
"6312",0.797200593397604,0.200585923952583,265,205
"2319",-0.628316830306945,0.123609202109903,265,166
"2615",-0.209863810762967,0.138914501697812,265,171
"1669",0.127267106088956,0.155995932020829,265,191
"5169",0.322503539291281,0.167613813119431,265,185
"4868",-0.229725251861392,0.138191643906126,265,181
"3457",-0.0848023757542707,0.144923092414153,265,187
"2967",-0.912106335660742,0.118476914973863,265,140
"3062",-1.01229411757387,0.112887036930054,265,135
"3746",0.444507751483316,0.175489741570284,265,194
"4775",0.408503200605164,0.173123328504451,265,190
"1181",0.300070529140604,0.166206964702566,265,194
"4281",0.235354141743566,0.162246678998958,265,191
"3409",-0.643819528816707,0.123654410132361,265,155
"356",-0.44706026376885,0.129941372306562,265,173
"331",-1.11690833563189,0.115276589405385,265,134
"2316",-1.20322579537452,0.109112048756423,265,123
"2344",-1.11965023168459,0.115110396234332,265,134
"2434",-0.854242570321347,0.118745183614553,265,154
"2014",-1.56618820840508,0.110882827487262,265,106
"3757",1.59116395722017,0.268845434607643,265,227
"381",-0.373363283421838,0.131936796968864,265,169
"4905",0.126061526862829,0.15592737826653,265,185
"1812",-0.389897202084648,0.13128461194266,265,165
"571",-1.6065469383338,0.109665909880739,265,108
"5069",1.27686736185108,0.239890249869113,265,218
"1386",-0.59446398808497,0.124023346260749,265,154
"3984",1.14518592679703,0.228511398070257,265,212
"1744",0.351328190296261,0.169440218353604,265,197
"5515",-0.062109780154819,0.146037926740084,265,178
"5685",-0.188503060756196,0.139775444671551,265,176
"3702",-0.192499314479604,0.13960645744495,265,173
"5843",1.17062886256184,0.230675144926568,265,211
"3897",0.00520893606026596,0.149301034709723,265,181
"5203",1.51258250255278,0.261371167636211,265,223
"3166",-0.356898983968962,0.132697436777233,265,166
"5384",-0.312748984090918,0.134918558915984,265,165
"3642",0.681623117974361,0.191998971622231,265,199
"4782",-0.371561961398331,0.132015290021645,265,168
"6128",1.3399240640305,0.245497268364252,265,218
"5230",0.660529456920196,0.190469583230206,265,201
"3108",-1.57201402252526,0.110470844305267,265,100
"707",-1.92342320347386,0.121974884189273,265,87
"3209",-0.98664854435226,0.113186028875259,265,138
"6482",0.0363696005941896,0.150916275601388,265,188
"2513",-0.284427403381489,0.13619212532028,265,172
"5576",0.972164687413428,0.214238526396475,265,214
"836",0.252920511350722,0.163304273614839,265,200
"4310",-0.544036785870814,0.126346444314518,265,153
"1310",-0.837478267133477,0.118257915278377,265,148
"489",-1.18672878060369,0.109461501021546,265,134
"1679",0.361947392971948,0.170118044569275,265,202
"4375",0.281968096908868,0.165082724663841,265,189
"4206",0.179970977458766,0.15900349246488,265,190
"340",-2.30684356839734,0.137458355935783,265,72
"3726",-0.904113759910836,0.11881509712624,265,144
"1343",-0.595077403471489,0.124006783194901,265,157
"2867",-1.21672075510882,0.109459178483733,265,131
"2783",-1.39069078713429,0.107834966182239,265,123
"195",-1.60148452626715,0.109564301704467,265,105
"4078",0.598528894781742,0.186042349597904,265,197
"5802",0.556751974210738,0.183115923565236,265,203
"6120",0.756261023156295,0.197504623426778,265,206
"1533",-0.30686656890649,0.135199782688599,265,170
"2217",-0.397244262926505,0.131037977191907,265,172
"6326",0.357779409239282,0.16985168131883,265,193
"1970",-0.472055220250754,0.129446499536989,265,167
"3740",0.177131938060417,0.158840334818742,265,194
"3014",-0.118813072742961,0.143185380781334,265,184
"1644",-0.590574348374638,0.124136710604567,265,167
"2914",-0.111280667796384,0.14357549965124,265,179
"4883",1.69338297936101,0.278796292141911,265,221
"654",-1.34899661759396,0.111197749638141,265,119
"4501",-0.881339471259655,0.11919977755249,265,137
"1639",-0.159114147299901,0.141128405642569,265,181
"3396",-0.542972832193709,0.126406531157196,265,162
"2747",0.312552528791567,0.166988052428314,265,192
"6408",-0.259642040517281,0.137143548129327,265,178
"2122",0.124321948268155,0.155828464740608,265,185
"6357",2.00223913409133,0.310347849526835,265,228
"2444",0.317190829829613,0.167279405729069,265,193
"3704",-0.231786608881709,0.138119330425976,265,172
"1765",0.165001416310554,0.158145387129209,265,193
"5020",2.31029324916992,0.343779112059604,265,226
"4268",0.909741097578507,0.20927757282841,265,206
"1173",0.832455922955534,0.203273858565362,265,203
"6503",-0.070002567026356,0.145654139564483,265,180
"1499",1.16545308301904,0.23023362944717,265,219
"4426",0.907950991180831,0.209136781731392,265,208
"4529",1.17460536704622,0.231014826081749,265,208
"4652",0.75897047212483,0.19770721534082,265,199
"1976",-0.509633905312065,0.128156920713495,265,162
"2464",-0.304104496049385,0.135329026024592,265,174
"5757",-0.792277148620996,0.118052338453035,265,147
"1872",0.940510449514009,0.21171040663308,265,212
"5234",0.881428088851636,0.207060388006013,265,209
"230",-0.667159280745692,0.123701633255264,265,155
"5805",0.338895231454933,0.168650002947478,265,193
"3622",1.06916070730364,0.222145239033434,265,214
"4002",1.74187821761118,0.283605601915358,265,232
"2857",-0.71280372651103,0.122598841518472,265,154
"5886",0.654022776155401,0.190000198867881,265,199
"1964",0.550877484536587,0.182708075330303,265,204
"3957",0.0889664230771656,0.153822141239544,265,179
"2996",1.30948801573834,0.242778113585374,265,219
"4257",1.28573206605854,0.240672319323034,265,220
"4546",0.462750111260359,0.176703923595945,265,197
"4958",0.60390865311978,0.18642249808081,265,208
"1433",-0.415196673222976,0.130547163491302,265,158
"541",-1.68128209350886,0.115789005371697,265,102
"4879",0.842443753736077,0.204041133970146,265,207
"246",-1.47996527401883,0.113723261162899,265,115
"2450",-1.35984876474751,0.110096466631404,265,119
"4593",1.32991864671821,0.2446007570915,265,215
"3055",-0.892299349301913,0.119119971654646,265,136
"3876",1.89653169833117,0.299308753759924,265,224
"5538",-0.548884495709774,0.126073343359735,265,159
"3535",1.8455587234241,0.294072818146316,265,224
"4111",1.38791887476545,0.249833457419808,265,220
"3327",0.43797622608384,0.17505751920733,265,197
"791",0.191390559946359,0.159662205584505,265,191
"5839",1.83955814373549,0.293460279493845,265,225
"2452",-0.636873487838256,0.12362622906603,265,154
"1643",-0.590023294295218,0.124153927325405,265,161
"4535",1.95978805390641,0.305885948960139,265,228
"3591",1.34991826120549,0.246395341956318,265,215
"1623",0.958793788747063,0.213167504075699,265,210
"4157",0.590128281986699,0.18545024778662,265,199
"3620",0.154357029146022,0.157537795908039,265,185
"3216",-1.01485222510143,0.112940533882349,265,133
"4342",-0.807143931169182,0.117813455314031,265,156
"3745",-0.0321458953219468,0.147475130562102,265,180
"5378",1.04830339601755,0.220424667840503,265,214
"3678",0.835970458391147,0.203543557638678,265,207
"4799",0.500238548112733,0.179230906450342,265,202
"5952",1.34281880823098,0.245757124706037,265,211
"5311",0.457100361213103,0.176326784717158,265,206
"3796",1.61510113207428,0.271152731703884,265,222
"2190",-1.52768940382782,0.113765961365917,265,120
"4877",-0.0404580610718355,0.147077429217249,265,181
"2879",-1.0224857721966,0.113177004847572,265,137
"699",-1.42116023797564,0.108458032806392,265,120
"670",-1.85250535361306,0.117977640010241,265,84
"5901",1.11211409142721,0.225723778153551,265,205
"1214",2.1544544755014,0.326646749405216,265,231
"1721",-0.944635909981582,0.116207546859224,265,141
"5316",-0.354409719883558,0.132819440881443,265,167
"3560",-0.447587523312608,0.129932262676251,265,162
"4776",0.84710190467112,0.204399850994456,265,206
"4057",0.899819410347921,0.208498270142819,265,211
"3217",-1.28625521277303,0.114179418183212,265,124
"3268",-0.735254555188318,0.121303058179072,265,154
"5308",0.176898843906272,0.158826948641773,265,199
"441",-0.344187100224734,0.133332397813176,265,162
"236",-1.26031276200696,0.11275015499151,265,123
"1405",-1.12366704993601,0.114840529485539,265,136
"2042",-0.155559043719392,0.141303462140175,265,178
"4876",0.391789883160545,0.17203780042269,265,196
"4839",0.55667389682947,0.183110496941384,265,203
"1167",0.95505851579469,0.212869123778679,265,215
"4999",1.1909558603603,0.232415800609209,265,209
"6363",0.772054469499559,0.198688202404062,265,209
"744",-0.514679766966374,0.127920786182269,265,165
"2008",0.104191676098059,0.154684638821853,265,188
"1841",-0.691330554231983,0.123383685895255,265,160
"4270",0.503733805207843,0.179468623580814,265,194
"6451",0.632130724402507,0.188429162115679,265,203
"3447",-0.822410312705891,0.117912375154255,265,150
"1238",0.776992660063106,0.19905959473783,265,207
"3850",3.00510363610008,0.423997236065985,265,236
"1798",-0.750689889171274,0.120261266577537,265,155
"5202",0.742503825908459,0.19647889564628,265,203
"2457",-0.761614130809043,0.119535819609424,265,160
"4294",0.080135087155377,0.153324216057857,265,188
"4219",0.0565520162101784,0.152010740846371,265,184
"416",-0.768444057414267,0.119115985676891,265,155
"3608",0.987111139286803,0.215441175885894,265,212
"2390",0.657430277439376,0.190245872073647,265,201
"5684",0.276564294596995,0.164749326524385,265,192
"132",-0.530082235010617,0.127125681869287,265,162
"5430",0.540288966386142,0.181975248196819,265,196
"946",0.181330710743225,0.159081714643538,265,190
"4239",0.902712451255595,0.208725244600503,265,215
"904",-1.20905109736639,0.10919498035049,265,129
"6171",-0.165057046257947,0.140840518554828,265,175
"2104",-0.701962862381497,0.123057670479823,265,153
"4587",0.413175392062796,0.173428212807649,265,193
"3909",0.937626515968673,0.211481352744782,265,216
"4149",-0.42630294916754,0.130310869532215,265,167
"6475",1.14385734594765,0.228398869408226,265,215
"5512",0.253926752720869,0.163365285497231,265,194
"2136",-0.779337055486307,0.118538312288408,265,147
"4880",0.657728389174196,0.190267379901649,265,205
"1102",0.433129111305526,0.174737613547561,265,193
"1501",0.75140670219605,0.19714212889066,265,200
"3119",-0.251190426941014,0.137443784499975,265,176
"2481",0.435761950170183,0.174911289047189,265,199
"1587",0.117669593632094,0.155450274845588,265,193
"614",-1.11731929551511,0.115252643719769,265,123
"4190",1.42839221501338,0.253535944064688,265,217
"3170",-0.969164903344626,0.1142075526005,265,141
"3122",-1.37572953766278,0.108666363624065,265,120
"6121",-0.307144119695035,0.135186692891357,265,172
"2966",-0.95888614132927,0.115008927133751,265,141
"5277",0.322046564476569,0.167585020542305,265,192
"1040",-0.686899384963571,0.123483541030638,265,150
"5830",2.67754355916799,0.385585032537545,265,241
"4843",0.0715022597710083,0.152840147335881,265,183
"4796",-0.217405489831428,0.138633112198897,265,169
"3082",-0.644121829623915,0.123655751981355,265,155
"2273",-0.0333801725293873,0.147416013317537,265,190
"1160",-0.185744361318316,0.139894301403469,265,176
"5563",0.557781142515036,0.183187468944395,265,201
"2815",-1.44203484391978,0.11032005860812,265,116
"3089",-1.33199509286999,0.112791348609584,265,116
"5377",0.162150450373617,0.157982485068828,265,183
"4794",0.475603820659491,0.177565599348021,265,203
"5433",0.871209540146772,0.206265219550831,265,208
"2725",-0.893793304280414,0.119094278672113,265,146
"5595",-0.85997101987708,0.118896281403246,265,143
"60",-0.980687806411689,0.113471437633833,265,149
"4229",1.43344574780915,0.254001176150074,265,223
"4208",0.595535333175425,0.185831143117853,265,202
"582",-1.42109411222008,0.108453465968013,265,121
"1716",-0.591268599922702,0.124115425998596,265,158
"3695",0.981890487731422,0.215020451317083,265,207
"2536",-0.301277435188017,0.135459333127678,265,169
"1027",-0.667774642656193,0.123699596401694,265,159
"213",-0.0170267076607923,0.148203552787259,265,183
"4738",1.99577369887164,0.309665849001728,265,225
"4321",0.569030544530859,0.183971307403538,265,203
"5732",0.472472880915461,0.17735524591981,265,198
"3997",2.01923957295253,0.31214525538736,265,226
"6362",1.91559928693457,0.301282184220038,265,228
"685",-0.949150951282085,0.115826455616109,265,147
"3090",-0.402204658084909,0.130886938762446,265,165
"2808",-0.551257598395283,0.125940633200853,265,164
"249",-0.064511888082803,0.145921510287159,265,184
"4825",-0.690581080196295,0.123402032293434,265,156
"710",-1.12701783696625,0.114592908924801,265,132
"6293",1.04017791096438,0.219757399073274,265,210
"4446",0.407796692212474,0.173077280504884,265,195
"1252",0.0830682995731613,0.153489333588591,265,188
"3255",-0.444231746933749,0.129989997492909,265,161
"3479",1.31439057609466,0.243214498393268,265,221
"6421",-0.0709392141968863,0.145608338184611,265,173
"788",-1.48060351534358,0.113761123098187,265,114
"4620",1.85460215708953,0.29499750956573,265,223
"169",-0.893323151477827,0.119102760518762,265,156
"1154",1.79217162543417,0.288651952329736,265,228
"3285",0.236382897486317,0.162308216579989,265,191
"5126",0.246024384531337,0.162887375915791,265,195
"2805",-0.981977771081011,0.113403516014042,265,140
"48",0.148364023977911,0.15719631586669,265,193
"2084",-0.448117199596318,0.129923090673607,265,168
"4953",-0.434313669741548,0.130162017546938,265,167
"6270",0.62002341725729,0.187565739589664,265,208
"3211",-0.813874859743113,0.117817912875761,265,151
"2067",-0.0320676229059959,0.147478880633222,265,180
"958",-0.234318869808896,0.138030884660492,265,175
"5775",1.85487250824718,0.295025181386585,265,226
"3330",-0.143495003732976,0.141910369084535,265,181
"2665",-0.387516755935115,0.131370395054994,265,171
"2642",0.847490785411788,0.204429823220184,265,207
"163",-0.473656355322248,0.129407543151198,265,170
"3007",-0.696341733903888,0.123245438219681,265,147
"6305",0.529647846009124,0.181241796666175,265,198
"2408",-0.712478180829652,0.122614413879451,265,149
"235",-1.70654518948875,0.116844711315925,265,93
"4074",1.5498225145532,0.264894010377011,265,221
"4005",1.42078824869397,0.252837144190568,265,222
"5164",0.440571963548456,0.175229133633487,265,201
"4580",0.0124386844075302,0.149667217190248,265,179
"3906",0.42166568602558,0.173983896279248,265,194
"3202",-0.516001808752457,0.127856687590526,265,164
"4218",1.31745232390074,0.243487343173208,265,222
"3272",-0.097160399809413,0.144299986200276,265,171
"3533",0.908570185134894,0.209185471779175,265,207
"908",-0.984007444687523,0.1133034035009,265,130
"2775",-1.3938868209639,0.107748739411145,265,123
"3490",1.67781961733101,0.277264806528419,265,223
"5697",0.0513188522458523,0.151723816970137,265,186
"6467",1.75733864830498,0.285150561044668,265,231
"839",-0.0399574179696675,0.147101366382932,265,185
"1624",-1.15106840759262,0.11239285988225,265,127
"4339",0.61515326408578,0.187219515437286,265,203
"724",-0.902026969847943,0.118885966557449,265,147
"626",-1.29672086116664,0.114328775714707,265,122
"2663",0.546601706420549,0.182411792703079,265,203
"3664",0.592496001029334,0.185616946168464,265,198
"3406",-0.471509513274028,0.129459510160011,265,162
"1452",-0.475709654506485,0.129355815486857,265,165
"1833",-0.113400015539903,0.143465905237303,265,179
"2706",-0.0564587079792683,0.146310665121784,265,185
"3771",0.108958679487908,0.154955303305779,265,189
"4803",1.06724165624354,0.221986465160861,265,207
"2634",-0.813851854453437,0.117817786407564,265,149
"5171",1.79217596009056,0.288652389805198,265,224
"3604",1.15636014384397,0.229459635118518,265,216
"5786",1.72714611237363,0.282138682192115,265,221
"191",-0.320216006529654,0.134551313662485,265,186
"4968",-0.541186500379991,0.126507377489919,265,167
"3518",1.14509957288062,0.228504082651322,265,211
"3891",0.348427766785403,0.16925554762555,265,189
"3915",0.134638882045831,0.156415189663603,265,185
"5254",-0.0292755085539932,0.14761275372326,265,182
"1366",-1.84073094465855,0.116986258190508,265,89
"6369",1.39299181981524,0.250295233109398,265,220
"3719",1.16894698522125,0.230531598113983,265,218
"5320",-0.556697358705904,0.125641088390771,265,158
"6379",0.540831935236305,0.182012754399866,265,203
"3412",-1.06252117861214,0.115288176876566,265,134
"3100",-1.12159577488265,0.114983498626652,265,134
"1408",-0.650331098603755,0.123682584607642,265,155
"794",-0.676119358158096,0.123644514390934,265,151
"5059",-0.16225542748337,0.140975454878147,265,169
"6313",1.68407924248452,0.277880071777358,265,221
"3717",2.04516508191224,0.314897681745815,265,224
"5524",2.11867880049004,0.322775320622631,265,233
"3914",1.14254107564267,0.228287428248385,265,210
"1302",-0.27904652498594,0.136410341717156,265,171
"3556",1.51966470137727,0.262038450018801,265,222
"6282",1.24668669061996,0.2372428045936,265,216
"5085",1.27709057029551,0.239909917113255,265,214
"2466",0.246748390988197,0.162931042293548,265,191
"4886",1.01375021029913,0.217598857127033,265,217
"6538",1.3625528187853,0.247534347288744,265,227
"3856",0.508111077367323,0.179766820073442,265,197
"2290",-0.101409380726135,0.144083210954405,265,180
"2060",-0.385297252928204,0.13145292888774,265,170
"4097",0.102116961712291,0.154566906065345,265,187
"4478",1.48135336405894,0.258443853631443,265,213
"4881",0.86111844897452,0.205482593774492,265,206
"4932",0.197975632547889,0.160044080535244,265,190
"6234",1.29896910349803,0.24184389541491,265,221
"1820",-0.341250830348425,0.133482057766169,265,167
"1914",-0.943256225295576,0.116322913598933,265,134
"689",-1.34385006783849,0.111711269919339,265,125
"4301",-0.0814352809991438,0.145090847224519,265,174
"4822",0.499255037214127,0.179164079893193,265,205
"1182",1.84221034401415,0.293730915246325,265,229
"2256",1.10440194969552,0.22507776941452,265,219
"1882",-0.476660037714638,0.129331175002825,265,161
"876",1.4885939855854,0.259120371241717,265,225
"6253",1.06558806897418,0.221849730460887,265,211
"1901",0.0930690616797071,0.154054150709508,265,184
"5817",-0.336147160514031,0.133743157978125,265,174
"2270",-0.0977571619556501,0.144269613632014,265,187
"2784",-1.039001989985,0.113979863264038,265,132
"1024",-0.79561478101227,0.117968094486606,265,142
"3528",0.51034667444923,0.179919327152306,265,196
"4080",-0.379001280214354,0.131700059018258,265,167
"1954",-0.722945209007182,0.122063011997038,265,151
"2317",-0.0195990309994711,0.148078881248404,265,192
"2546",-0.96158335345869,0.114789647113491,265,140
"5699",0.96210587799416,0.213432378806301,265,212
"4356",1.56201630034995,0.266055069566785,265,218
"3508",1.21024220371567,0.234077186684748,265,216
"5290",0.597284157112602,0.185954500540381,265,199
"6083",0.596027484072149,0.185865850086112,265,198
"4497",1.5395973614371,0.263923264113971,265,223
"4184",-0.150705415345161,0.141545470935506,265,179
"4864",0.632742679718945,0.188472905715848,265,205
"1529",-0.377317360027915,0.131769297412974,265,165
"1929",0.995288034178301,0.216101543727459,265,207
"4638",1.63134015933234,0.272726042650509,265,216
"6555",2.06848457092362,0.317385026157032,265,225
"2660",-0.711003011004504,0.122683627081336,265,149
"2253",-0.440989186650521,0.13004560569264,265,169
"2271",-0.943546244846043,0.116298722451366,265,143
"4679",0.460319687903891,0.176541564367941,265,198
"2278",-0.632773481659783,0.123614629064014,265,157
"6333",1.17191002217295,0.230784539719528,265,213
"890",-0.718979538562474,0.122283777350588,265,151
"1687",0.0297079790950626,0.150562903976447,265,191
"5330",0.725768653244973,0.195237757029669,265,205
"5294",0.261183531213715,0.163806615729117,265,197
"551",-0.786628758029791,0.1182343641661,265,155
"3670",-0.0235875406914265,0.147886261817756,265,183
"2664",-1.25301720706295,0.112161098023852,265,137
"4763",0.423422817805248,0.174099168485199,265,188
"3846",1.74636363926101,0.28405324909467,265,225
"4613",1.31218484177364,0.243018085899402,265,212
"1573",-1.00078579783075,0.112828359282558,265,134
"5216",1.34690195019445,0.246124027461813,265,222
"2668",-0.452365908629369,0.129848463734516,265,166
"6217",2.29541608986332,0.342125690258642,265,235
"1598",0.172620044907536,0.15858146726856,265,198
"5999",0.259514668121213,0.163704918044879,265,191
"2333",-0.960651353435095,0.114864851226681,265,142
"6249",0.598979284522945,0.186074146418208,265,199
"6003",1.50082663176595,0.26026632253104,265,221
"1379",-1.48790728782142,0.114126190264325,265,111
"4811",0.736170674623284,0.196008349862714,265,207
"5678",0.291880725063978,0.165697003329369,265,193
"910",0.033012410341405,0.150737660610538,265,184
"1271",-0.635576751986571,0.12362200409129,265,147
"397",-0.654941826990261,0.123698696827862,265,160
"122",-0.329819574778029,0.134066602679859,265,175
"3229",-1.07952031443533,0.115914159149262,265,134
"3205",-1.15401400877302,0.112099120384515,265,138
"2040",-0.573544773828849,0.124792394451236,265,162
"5565",-0.214656235715881,0.138734532014058,265,173
"215",-1.44601648938752,0.110728478297169,265,117
"3843",1.80279169265171,0.289725087675603,265,223
"6541",1.02394911391374,0.218429752845359,265,208
"5712",0.0129064777931641,0.149691086645195,265,187
"1487",0.168687041430429,0.158356199054389,265,186
"1698",-0.404106164303713,0.130832285156104,265,169
"4059",2.1575589854126,0.32698383313807,265,231
"6295",1.11788015516959,0.226207772910624,265,210
"4834",2.24069652439474,0.336075844017886,265,232
"6100",-0.60651642768002,0.123763647320099,265,159
"1041",-0.057101734176694,0.146279702763804,265,185
"1617",0.189169079634958,0.159533732439526,265,200
"1984",-0.0992137169962228,0.144195379358929,265,182
"4766",0.459799473782766,0.176506836238856,265,195
"5705",0.704446159022135,0.193667007110597,265,209
"3531",1.65887544555612,0.275408542520867,265,225
"561",-1.25536401356503,0.112355567566036,265,132
"1365",-0.342616876357,0.133412353257074,265,170
"3172",-0.223719589963065,0.138404533951932,265,172
"4606",1.81067882665001,0.29052375030288,265,228
"978",-1.06716139847596,0.11550126136703,265,133
"5854",0.698977535163975,0.193266077492113,265,207
"795",0.240502048036059,0.162555116446748,265,182
"6145",0.397250096668509,0.172391581093328,265,189
"3407",0.9607524546127,0.21332410872738,265,211
"5991",1.5608026434634,0.265939342147507,265,214
"101",-0.211984084643547,0.138834357134173,265,181
"2378",-0.072979818506481,0.145508348846569,265,171
"5408",1.84962337319823,0.294488200249878,265,223
"5647",1.61912962298546,0.271542425856974,265,221
"3697",1.01940814495603,0.21805947465092,265,210
"2720",-0.976462234074523,0.113715898588489,265,140
"3332",-0.393425795644127,0.13116272918728,265,170
"6321",1.14319427173364,0.228342725090039,265,215
"4318",1.2766750433059,0.239873305411405,265,218
"2762",-1.03994875296027,0.114033296797565,265,134
"4651",2.20416064421893,0.332065012941278,265,236
"1837",0.559559962966399,0.183311193837663,265,207
"4869",1.06524611267246,0.221821462945856,265,208
"903",-1.26013579677663,0.112736484935763,265,126
"4091",1.78994318459705,0.288427104473668,265,224
"6167",1.955974235763,0.305486954960586,265,233
"4285",1.80456028614509,0.289904053369033,265,230
"1856",0.237839025797298,0.16239540438922,265,191
"4431",-0.357975394301168,0.13264513811437,265,170
"5935",1.21443696312154,0.234439805767971,265,213
"645",-0.875566052852594,0.11917043928097,265,149
"5090",1.41911651821709,0.252683710979746,265,218
"6471",0.802460392916498,0.200984920955108,265,215
"252",-1.64631840684536,0.112633437380261,265,99
"6513",2.35320168993919,0.348567685485771,265,227
"2496",-0.750756674649751,0.120256722744051,265,152
"4711",0.0673613357348393,0.152609150115808,265,179
"5832",0.744065220131081,0.196595065481318,265,207
"2184",-0.266373867004197,0.13689746012869,265,175
"2533",-0.343215133141165,0.13338186675137,265,172
"1315",0.11728823613835,0.155428598340905,265,187
"109",-0.810293574158227,0.117807258336535,265,152
"3306",0.425793508411987,0.174254839444209,265,198
"2119",0.051782035713767,0.151749130985789,265,186
"1437",-0.113757928720428,0.143447381460309,265,176
"205",-1.98744274683784,0.122155581960641,265,89
"1142",0.955037873477032,0.212867475826858,265,214
"4875",1.51554528931147,0.261650166828697,265,220
"3823",0.0348692560591184,0.150836320390926,265,187
"3523",-1.1111834861403,0.115573528467259,265,135
"1703",-0.21435266419077,0.138745808908496,265,181
"6526",1.35544434139669,0.246893013964205,265,218
"6028",0.172830555851703,0.158593534278535,265,183
"1346",-0.113768998238591,0.14344680849136,265,178
"1179",1.75714196255519,0.285130870905443,265,222
"30",-1.20710965901506,0.109155579322942,265,126
"4956",0.251955291827107,0.16324579185797,265,192
"4004",0.804285545665773,0.201123538773415,265,205
"198",-0.532825724683859,0.126975137001705,265,169
"1473",0.664742220651574,0.190774085671937,265,199
"382",-0.92933684555796,0.117419197311584,265,150
"3871",1.04308419803177,0.21999587014494,265,210
"590",-1.37751229491043,0.108534704219386,265,126
"6483",0.87237082015422,0.206355451229174,265,212
"6045",0.404934465054749,0.172890876729125,265,191
"3377",-0.589522502634839,0.124169820117886,265,160
"5658",0.631366878946267,0.188374575010113,265,200
"4411",0.905388084638033,0.208935353185019,265,210
"3690",1.0436332548075,0.22004094652562,265,207
"5129",-0.119102362209118,0.143170371262253,265,177
"1834",1.21753925835103,0.234708277724886,265,220
"465",-0.934917054404888,0.116998379506901,265,149
"6448",-0.786666785678777,0.118232977353683,265,146
"579",-0.897934768942481,0.119003698820594,265,145
"5272",1.57865345220983,0.267645192225871,265,223
"4887",0.93540018779498,0.211304674377211,265,208
"225",-0.87262924800731,0.119138725182281,265,145
"78",-0.673600923424183,0.123666890290921,265,163
"2702",-0.186283551480679,0.139870929561654,265,177
"2769",-0.581992331488268,0.12443635181618,265,161
"1842",-1.10865308718968,0.115682345706248,265,131
"837",-0.693304645801987,0.123332476545393,265,159
"761",-1.8084946982777,0.114991424211979,265,86
"1496",-0.306529596822663,0.1352156500522,265,176
"3494",2.18831838510013,0.330333238831912,265,230
"501",-1.03059415107312,0.113533006566654,265,142
"4032",0.722623709897764,0.195005332009709,265,199
"5505",0.0778560011931716,0.15319612899917,265,186
"6303",1.40461118795498,0.251355392118273,265,218
"4647",1.84067344402145,0.293574067500376,265,226
"1513",0.578841934561774,0.184657640782649,265,195
"6288",1.73148078370236,0.282569763888275,265,216
"5386",-0.0716237993786656,0.145574825293076,265,187
"2685",-0.288236713198457,0.13603310996604,265,168
"5568",1.43022110807245,0.253704238194559,265,220
"5337",1.44126638471311,0.254722432550199,265,215
"4214",0.970826968721116,0.214131167519304,265,210
"1236",-0.643674797473397,0.123653768804019,265,158
"2753",-0.345844580863981,0.133248242821,265,170
"2506",-0.461701276602214,0.129672872443205,265,162
"2263",-1.04913476002318,0.114563243128675,265,139
"5915",1.36982578194274,0.248191862319566,265,219
"502",-1.22296786714076,0.109789381882895,265,126
"5811",-0.311589415953414,0.134974605684088,265,171
"5528",0.751211099668231,0.197127535123714,265,201
"2295",-0.177255294186893,0.140271192470829,265,178
"4072",1.52675602835278,0.262707856298227,265,214
"2954",-0.546538747946356,0.126205271038947,265,158
"267",0.017125240488408,0.149907336482276,265,186
"4528",1.74748814896582,0.284165550173801,265,228
"5255",0.273285985934048,0.164547600885202,265,187
"1802",0.825038946203361,0.202705730799579,265,207
"4629",1.20987410976889,0.234045388176524,265,207
"786",-0.155582301270328,0.141302310557741,265,171
"395",-1.44758209262734,0.110889815129585,265,108
"4280",-0.184491991312807,0.139948850824322,265,180
"3881",0.31346751769697,0.16704548160778,265,189
"1186",0.370166151483428,0.170644511728457,265,196
"6150",0.411420411796815,0.173313616642688,265,192
"1896",0.908822143455571,0.209205287224795,265,205
"1232",-0.998983859132589,0.112847531604463,265,131
"1731",-1.14181213137527,0.113301999342712,265,131
"1335",0.469218376699792,0.177136906734922,265,203
"2979",-0.40948343218347,0.130687113078411,265,167
"2159",-0.709237305008894,0.12276352040254,265,152
"5250",0.935529109078804,0.211314901929429,265,209
"4081",1.79509547370181,0.28894714076876,265,224
"2028",-1.09764748523182,0.115989506953141,265,134
"603",-1.35246576399035,0.110844921498614,265,118
"906",-0.12476857713588,0.142876258479074,265,173
"1532",0.161043208426488,0.157919254044383,265,186
"3483",-0.338102011907164,0.133643076687121,265,170
"442",-1.19062562611357,0.109302486881256,265,124
"5708",1.06916819527467,0.222145858740588,265,207
"3003",-1.33976503109249,0.11210346174636,265,122
"5019",0.467849008441628,0.177045134764268,265,195
"2162",-0.565752751915809,0.125166006441183,265,167
"1743",0.37028027752572,0.170651833932704,265,196
"5564",0.175887648848689,0.158768893793937,265,188
"2367",-1.22822356165318,0.110133175304984,265,123
"4373",-0.152003977625862,0.141480406795986,265,169
"5420",-1.03998228148015,0.11403519685452,265,130
"3462",2.67732185957649,0.385559312454173,265,237
"5795",-0.0981089582689788,0.144251697275966,265,182
"1640",0.322333794225018,0.167603117387964,265,196
"2788",-0.066214025155594,0.145838820582734,265,193
"1570",1.10060107348605,0.224759951133664,265,209
"3884",0.327003976408406,0.16789765166862,265,195
"1621",-0.110246824176089,0.143628898168092,265,182
"1923",-0.906290032916743,0.118733432018099,265,144
"979",1.19693551652564,0.232929881550492,265,219
"4045",0.85561330595343,0.205056735540985,265,201
"4166",1.63357104804904,0.272942686932349,265,227
"2476",0.842778290246068,0.204066877599999,265,214
"6216",2.10592392168277,0.321400950014643,265,228
"5783",0.468041486491778,0.177058030744937,265,194
"2918",-0.891249078968926,0.119135844343267,265,143
"4677",0.419665513760716,0.173852792987068,265,202
"3079",-0.0556102184840309,0.146351495452558,265,180
"4814",-0.293225385864182,0.135819002109795,265,176
"3552",0.711615652485689,0.19419382692857,265,201
"2856",-1.05836641146022,0.115077224311534,265,140
"1933",-1.24781555130839,0.111719940121621,265,127
"5754",0.00580047442778308,0.149330806865021,265,186
"4069",0.211875154173751,0.160855804924762,265,190
"1104",1.28662925875868,0.240751585001806,265,220
"1728",-0.364895422219874,0.132316654589201,265,169
"5774",0.401105502846458,0.172641879905032,265,196
"1649",0.261553083910196,0.163829151828602,265,194
"1321",0.00568924156650854,0.149325205985123,265,187
"253",-0.87509142742157,0.119166044395681,265,145
"901",-1.2901772718837,0.114268133704238,265,112
"119",-1.31684945631645,0.113815586603201,265,120
"5280",0.0423556904463279,0.151237333445613,265,194
"4287",0.71859590751622,0.194708037519341,265,203
"1356",0.0141506267904519,0.149754675878535,265,179
"3534",0.840291907137734,0.203875611121583,265,206
"4262",2.72185935897879,0.390735519403656,265,239
"3893",0.902261579774613,0.20868985722516,265,210
"2012",-1.07289592748388,0.115723915181372,265,136
"1190",1.6556533037179,0.275093684657513,265,222
"620",-1.45152986438283,0.111295142605269,265,111
"5136",-0.376958879292674,0.131784201960591,265,170
"1858",-0.211967388540736,0.138834984926824,265,174
"3894",1.57057513130792,0.266872233252302,265,218
"5580",1.46273636736916,0.256710496179074,265,221
"152",-0.897729811853551,0.119008855506204,265,148
"1255",-0.224062840223188,0.138392261013115,265,172
"1500",-0.307183859226858,0.13518481719586,265,174
"2694",2.82783374545439,0.403119560091656,265,238
"1188",1.07490410770284,0.222620987995971,265,218
"4028",0.425702554074821,0.17424886380461,265,200
"5604",2.16767440386714,0.328083390456947,265,227
"5423",-0.32829045195522,0.134144439782802,265,174
"3470",0.98454608612609,0.215234374757574,265,209
"5929",0.224965366501188,0.161628067756323,265,190
"1760",0.0892704618511104,0.153839321937402,265,186
"484",-0.95234348860844,0.115556000597103,265,147
"667",-1.80885213085973,0.115003836487948,265,91
"2260",0.21444031021524,0.161006519079163,265,192
"1647",-0.0655457337468908,0.145871306323415,265,173
"1178",2.01856696985905,0.31207402991679,265,229
"3480",1.90835252964901,0.300531229805717,265,226
"5158",0.551050381765126,0.182720066096936,265,207
"3932",1.77069111705852,0.286489394384621,265,221
"1889",-0.127870359104617,0.142715315121949,265,183
"2446",0.335291552593005,0.16842164211058,265,196
"1874",-0.154891691387398,0.14133653990899,265,175
"5946",1.15886417402084,0.229672566598869,265,212
"4800",-0.191206430756987,0.139660716292847,265,173
"5167",0.648558522353233,0.189606880673893,265,202
"803",0.485542670686836,0.178235302505283,265,206
"2057",-0.655753871283708,0.123700932014918,265,159
"5385",0.332074144392012,0.168218020828022,265,196
"1316",0.0970772786929233,0.15428114368344,265,187
"4211",1.45853636851569,0.256320665735327,265,218
"467",-1.52716795676082,0.113794501570126,265,120
"6011",-0.0745627707454854,0.145430585152347,265,176
"5390",-0.701802812588914,0.12306349676228,265,154
"6302",0.352893840822698,0.169539986102476,265,196
"3555",1.98476968003357,0.308507104820811,265,226
"4106",1.15103386865402,0.229007249679448,265,219
"4300",2.28071202787739,0.340495067130235,265,233
"5078",0.859554442480261,0.205361528900161,265,205
"5200",0.387870709544924,0.171784367459536,265,198
"2440",-0.0482688013576408,0.146703781608068,265,184
"4325",0.130662974474793,0.156189050512986,265,188
"3563",2.0346400222155,0.31377862210916,265,225
"3369",-0.350219781074378,0.133027708219762,265,173
"3455",1.53585432967787,0.263568566206399,265,220
"3319",-0.799211241092734,0.117897166938728,265,151
"5628",1.38016860195392,0.249129244530987,265,216
"2335",-0.999358389382249,0.112842902079239,265,134
"3651",0.425894982495574,0.174261506520337,265,194
"2683",-0.548991356201575,0.12606734863965,265,156
"5165",0.459253600763459,0.176470404168529,265,200
"6468",1.66421787757096,0.275931144857517,265,221
"731",-1.57379976837426,0.110355283861651,265,99
"3077",-0.955599545484786,0.115281773599509,265,139
"4942",1.02660706119375,0.218646731681665,265,206
"5810",1.77348669362134,0.286770231417762,265,226
"2131",-0.156720510428761,0.141246052920566,265,184
"5738",-0.106714717270002,0.143810971660008,265,188
"4085",0.788322453085232,0.199914056551395,265,200
"5387",0.807851756739864,0.201394633830179,265,201
"2103",-0.373318648228747,0.131938725851343,265,168
"1329",-0.438631283036858,0.130086268221007,265,162
"5053",0.236871384568003,0.162337454245598,265,186
"5483",0.660136775771089,0.190441223848589,265,210
"1485",0.639815619528347,0.188979208797926,265,205
"4247",0.435038633023074,0.174863554115575,265,197
"3626",2.26451821818911,0.338703395512082,265,229
"4313",0.376399490990406,0.17104491220116,265,194
"5934",0.311175981576343,0.1669016964204,265,188
"1699",-1.1854766384248,0.109521993233905,265,127
"1417",-0.120795349227029,0.143082511216742,265,180
"3644",1.27642903151993,0.239851631634715,265,214
"4693",0.627064137904266,0.188067373184609,265,201
"1340",-0.671541551593952,0.123681359418306,265,154
"1459",-0.0358416489617266,0.147298201508324,265,188
"79",-1.01411481962109,0.112923700362747,265,131
"5060",0.98492880093014,0.215265219497354,265,204
"5924",1.01503655019336,0.217703507108256,265,209
"6461",0.0333219670447699,0.15075408552296,265,182
"5670",-0.434785898790823,0.13015362038551,265,164
"1317",0.0529482257126925,0.151812937446113,265,185
"5309",1.05755853247506,0.221186768471195,265,213
"5938",1.69928159785434,0.279378259551749,265,217
"5834",-0.597394885580852,0.123947461097185,265,158
"2236",-0.572441548500828,0.124842882656543,265,157
"3548",1.2660463160592,0.238938329997331,265,219
"2139",-0.281386309757977,0.136316354954761,265,179
"4328",1.02673385945896,0.218657087258093,265,211
"1779",-0.0358228688981935,0.147299100017399,265,184
"6226",1.47461412493418,0.257815374394724,265,227
"5675",0.586574855894933,0.185200343842074,265,201
"1372",-0.667217462052312,0.123701451425231,265,156
"3458",0.0922642206011828,0.154008607301193,265,187
"3807",-0.47704479195451,0.129321070798864,265,155
"2681",1.04461462988331,0.220121534580602,265,210
"1891",0.0777223397290456,0.153188623118335,265,193
"2129",0.833767213817554,0.203374447675416,265,210
"3085",-1.33587078081506,0.112459190065082,265,115
"999",-0.816259244337998,0.11783493864519,265,154
"871",-0.108207984444984,0.143734068906511,265,184
"634",-0.784289465537528,0.118323740682249,265,148
"4227",-0.120904135782794,0.143076864606828,265,177
"3836",1.7017700793323,0.279624027836441,265,222
"5944",-0.338855681766123,0.133604506150118,265,169
"2304",-0.455961669570237,0.129783170014634,265,170
"1451",-0.591484287470988,0.124108905838811,265,163
"4238",1.18200369434481,0.231647890504962,265,221
"1017",-0.153202526569138,0.141420553259321,265,183
"4423",0.360355712697608,0.170016275979466,265,188
"1652",-0.92142262230509,0.117955940635705,265,149
"1308",-0.758827575773064,0.119716134914175,265,148
"6521",0.464626568682918,0.176829400709837,265,195
"1709",-0.138037687564429,0.142189861381677,265,190
"1840",-0.528994611553998,0.127184788452059,265,158
"5284",0.849185017605888,0.204560448037519,265,208
"6103",1.24630510846634,0.237209482505582,265,212
"4491",0.330570898023617,0.168122969793225,265,199
"776",-1.49026449397195,0.114216174076326,265,112
"3793",1.16016908228017,0.229783594147414,265,213
"2662",0.401390358372496,0.172660389707989,265,202
"1481",-0.188910987165025,0.139758022008691,265,171
"4871",0.924448514063313,0.210437413884734,265,211
"2902",0.466912049475641,0.176982374948485,265,196
"1873",0.789974447025251,0.200038920714182,265,211
"3450",2.20345340306426,0.331987605954878,265,233
"6537",0.224605762055838,0.161606746343657,265,197
"2960",-1.65524849809777,0.113537301052398,265,103
"3742",0.539409439257061,0.181914510540907,265,200
"4863",0.15511573343854,0.157581052819694,265,188
"3283",2.31695695264162,0.344520865417572,265,233
"2927",-0.864381561949688,0.118997664636015,265,145
"2468",-0.700562330108123,0.123107701090923,265,156
"3927",-0.33074744636118,0.13401928782839,265,169
"6474",0.570726909687313,0.184089793610743,265,197
"4396",0.809310933385021,0.201505650951054,265,208
"5357",0.260938908971771,0.1637917013689,265,192
"5554",2.17054143306574,0.328395382833353,265,226
"5041",1.17120761269158,0.230724557615636,265,221
"1313",-1.10661208290571,0.115759830709844,265,134
"1741",0.506017152783243,0.179624105914467,265,195
"6227",1.00453333417676,0.216850260708406,265,207
"31",-1.60643372312803,0.109662764873883,265,100
"3974",0.297756642317131,0.166062671040434,265,186
"6400",1.36565829693932,0.24781493326903,265,216
"3882",1.48217372072832,0.258520435906283,265,217
"3398",-0.512009017028238,0.12804749248985,265,164
"3339",-0.723080091187912,0.122055268462886,265,151
"312",-0.266274505279712,0.136901148296065,265,168
"2562",-0.329657057896035,0.134074883817477,265,171
"4502",0.622037506260271,0.187709105253008,265,200
"5289",0.878713503918765,0.206848888485692,265,204
"4591",2.09249958114256,0.319957838035032,265,233
"2980",-1.54302294817641,0.112732613366664,265,111
"2436",-1.67114826698342,0.115020438717156,265,98
"2582",-0.786888205185968,0.118224945031343,265,155
"811",-0.38358256664993,0.131518351459586,265,170
"4348",0.519442067670126,0.180541238479113,265,202
"2696",-0.935625115286593,0.116942918431999,265,148
"1011",-0.0859041390631804,0.14486801081574,265,183
"1399",-1.30947646013524,0.114124584553588,265,128
"1135",-0.518637573164808,0.12772629799541,265,170
"5822",0.896237249618955,0.208217527747763,265,206
"2534",-0.22048963932114,0.138520759332555,265,175
"5932",0.806418235027095,0.201285621693066,265,202
"3098",-1.02954932759119,0.113482195121174,265,135
"1474",-0.864528646823438,0.11900077071172,265,142
"5249",0.368289309303251,0.170524141704443,265,187
"4155",0.940074763641622,0.211675788996651,265,214
"2148",-0.599196019770625,0.123904911546619,265,156
"2077",-0.46690326903694,0.129564265083468,265,173
"5541",0.352424100968976,0.169510046857318,265,191
"4702",1.1087571647412,0.225442396656647,265,215
"6129",1.84145076151256,0.293653389649089,265,227
"5975",0.276190323024061,0.164726293953793,265,192
"4433",0.695489950993809,0.193010798411031,265,205
"1137",-0.785467186088983,0.11827774962094,265,143
"5383",0.416230664709691,0.173627931379946,265,194
"4089",1.57664296262771,0.267452670660492,265,221
"1903",-0.25623318148405,0.137265609788008,265,171
"6084",-0.362659834789806,0.132421196743599,265,168
"270",-1.09556790153851,0.116016930050219,265,135
"1085",0.268859438117862,0.164275887578759,265,192
"4552",0.235814520306453,0.162274211471664,265,189
"1108",-0.628471859463713,0.123609238711787,265,152
"6391",0.55365848722964,0.182901038918216,265,195
"4948",0.613259387569716,0.187085045813167,265,201
"5722",0.117005970611731,0.155412554585162,265,176
"1387",-0.0426625175782606,0.146972024933926,265,179
"6396",-0.211418535013795,0.138855651322561,265,169
"2523",-0.502510106287379,0.12846571222429,265,165
"2303",-0.381302644411397,0.1316075409887,265,177
"6504",0.156223265544254,0.157644209950242,265,187
"4399",0.754874953060986,0.197401057025368,265,209
"6334",1.30808102998658,0.242652989721727,265,218
"1003",0.796291552230205,0.20051703792601,265,209
"3830",1.51196647745233,0.261313185644846,265,220
"3008",0.42534432749741,0.174225330995945,265,201
"245",-1.83365236446454,0.116428220726386,265,92
"5288",2.25668298445869,0.337838095397596,265,231
"2015",-0.290145047599736,0.135951997096081,265,165
"2727",-1.16153418070497,0.111361652091916,265,123
"1599",-1.39319009538362,0.107764522046188,265,128
"1375",-0.552757002956613,0.125857324049282,265,162
"1816",0.0472279933356901,0.151500967271643,265,189
"1382",0.511559738711593,0.180002138489117,265,194
"1275",-0.203297220759829,0.13916840612023,265,167
"1700",-0.698426790243934,0.123179840014624,265,164
"5585",0.594545796881545,0.185761379133738,265,202
"867",-0.0733433082471223,0.145490507753404,265,186
"459",-1.49501488276509,0.114354622444067,265,109
"3676",0.464213648060668,0.176801779768697,265,195
"3638",0.0435118798024717,0.15129971100997,265,182
"5222",1.96481285568101,0.306412106464162,265,232
"5612",-0.255620383642036,0.137287400829382,265,177
"4983",0.778716585103553,0.199189395691624,265,201
"2626",0.822322639090866,0.202498018563875,265,213
"6298",2.11968294545349,0.322883652344428,265,229
"1751",-1.06583624081473,0.115443143193681,265,132
"3812",1.31109497342377,0.242921083353022,265,213
"1777",-1.1158929018624,0.115334273701086,265,132
"3038",-0.576179798075447,0.124675365374607,265,156
"6166",0.877813146977692,0.206778781303096,265,202
"4134",1.69356221481222,0.278813963486409,265,224
"6127",0.369148839868584,0.170579256340268,265,192
"4096",1.18568278594969,0.231963230262037,265,215
"727",-1.29924332815549,0.114322314347168,265,126
"6430",0.581959082988185,0.184876217890154,265,204
"792",0.889449574726986,0.207686463393825,265,206
"448",-0.80195564706164,0.117856952368718,265,148
"5691",0.874845691552438,0.206547864449571,265,208
"2801",-1.1816409717919,0.109734172566236,265,130
"100",-0.576983971697635,0.124640688312207,265,162
"5713",0.230560316357144,0.161960588068662,265,188
"6548",0.987635489217831,0.215483471075527,265,208
"6020",-0.23284998630918,0.138082143048258,265,171
"832",-0.390662418589675,0.131257643270216,265,164
"3977",2.093343879245,0.320048496541333,265,229
"3776",0.952087220112797,0.212632026709183,265,204
"2487",-0.753841635241988,0.120047745090612,265,159
"3870",1.38244522806541,0.249335945986327,265,218
"239",-1.38884386748731,0.107900646998586,265,116
"5860",1.16106449432924,0.229859805264192,265,214
"1614",-0.87869144915115,0.119191996458241,265,148
"4982",1.02483401304834,0.218501970569632,265,209
"1203",0.389145026403052,0.171866725720412,265,198
"3998",1.49583394031376,0.259798151933198,265,217
"5179",1.51851958438493,0.261930471949751,265,222
"3239",-0.140558663652532,0.142060456769068,265,173
"1191",-0.166858023110155,0.140754552806973,265,185
"4463",0.450703654717564,0.175900975288612,265,195
"2403",-1.01291108822603,0.112898669846931,265,136
"2600",-0.483797554919912,0.129131029418057,265,166
"2183",-0.872178135139227,0.119132922393262,265,147
"563",-1.34194057084386,0.11189669779495,265,116
"5913",0.00262853217649503,0.14917154577974,265,186
"5067",-0.134051938905752,0.142395292856573,265,179
"3286",-0.494024781355284,0.12879367627932,265,170
"5547",0.417415181380424,0.173705435798299,265,198
"1153",2.29292692873634,0.341849401635894,265,236
"1514",0.708247567970914,0.193946169299464,265,203
"5117",1.11112486464657,0.225640829891806,265,216
"4367",-0.0515490464586005,0.146546568616981,265,177
"5278",1.86674436024676,0.296241946641151,265,226
"3931",0.387845851068746,0.171782761304241,265,199
"4835",1.23327183371278,0.236073590331215,265,212
"4079",0.960360227719096,0.213292740448602,265,211
"4569",1.16633558843121,0.230308862018062,265,217
"6091",0.309227479726438,0.166779548523886,265,189
"6254",0.988888700307363,0.215584586318607,265,214
"6148",0.179643217645418,0.158984645063898,265,194
"6053",0.139693382692442,0.15670274626011,265,179
"2592",-1.13489793418651,0.113939880871503,265,132
"2074",-0.806074484810473,0.117818987182804,265,145
"3067",-1.56273734681596,0.111146714293969,265,112
"1131",0.857033709271858,0.205166538603184,265,210
"5751",-0.804385111842515,0.11783133706787,265,151
"2407",1.82093334933068,0.29156427592882,265,221
"2003",0.620561156544749,0.187604006192874,265,202
"68",0.120620891507833,0.155618043184279,265,188
"4464",-0.0928964243972418,0.144516268993556,265,174
"5644",-0.390485086783522,0.131263866607845,265,167
"4615",1.5993244399202,0.269630430936687,265,220
"5813",-0.0251101850574697,0.147812922647118,265,181
"3705",-0.176775860270323,0.140292969399682,265,179
"1730",-1.55449764935756,0.111810209938414,265,110
"2485",-0.654099499836239,0.123696160729507,265,152
"4293",0.83678513287759,0.203606119414641,265,204
"1295",0.897208436797361,0.20829360949267,265,207
"1829",-0.655069701655249,0.123699062897719,265,165
"1461",-1.32250437401825,0.113490151188813,265,116
"511",-1.36729798712585,0.109378895707145,265,118
"1072",-0.270650068614131,0.136736937533894,265,177
"6149",-0.0818092743240868,0.145072257190893,265,179
"3064",-0.560505890629561,0.125436933670671,265,158
"15",-1.27721394832902,0.113834268010469,265,122
"4127",1.48024358944803,0.258340280604342,265,219
"5235",0.0539349449609862,0.151867003170001,265,185
"2977",-1.11089839762602,0.115586487661911,265,123
"5415",0.637831986346723,0.188837080837229,265,205
"5358",0.623566424264531,0.187818006954611,265,202
"6377",-0.341666935822948,0.133460812987584,265,169
"3434",-1.27118115646526,0.113504915162403,265,123
"5994",0.7923980159052,0.200222230239594,265,201
"6134",-0.703171375886112,0.123012771810215,265,148
"4563",0.314159962299313,0.167088957811589,265,187
"6146",-0.67246937221117,0.123675253075121,265,150
"2401",1.4315798124029,0.253829320914646,265,221
"3276",-0.114889727318265,0.143388778765665,265,181
"2398",0.575431616607889,0.184418795797138,265,200
"4405",0.727203159694159,0.195343859091979,265,204
"6079",1.60224831674176,0.269912093522861,265,219
"6323",0.885143082724556,0.207350137613555,265,209
"2724",-1.14849154366918,0.112649374060772,265,130
"3482",0.712333195975145,0.194246626890679,265,207
"4903",-0.0811175736126544,0.145106631061287,265,181
"4363",-0.322141899885217,0.134455037825506,265,165
"2071",-0.899565447967096,0.118960158377063,265,145
"1488",0.375393599857552,0.170980232391064,265,199
"435",-1.10942518157115,0.115650630680514,265,137
"4742",-0.173836654601705,0.140427585668654,265,177
"616",-1.37753296913646,0.108533222399627,265,119
"4017",1.9344388065388,0.30323980786894,265,229
"760",-0.870202103669973,0.119104726267478,265,152
"4731",0.249117243973362,0.163074082046215,265,190
"3142",-0.326257066074648,0.13424762690928,265,169
"1222",0.0649575517907948,0.152475470890224,265,185
"5793",0.392286377179709,0.172069935764231,265,194
"1554",-0.48029687277043,0.129232612024475,265,156
"328",-0.512638366072164,0.128017977490832,265,167
"4686",0.582668951673328,0.184926029804386,265,205
"2056",-0.54081244638416,0.126528478441516,265,163
"1604",-0.0481877821110036,0.146707661525148,265,185
"2892",-0.777160602643761,0.118642845034255,265,147
"1689",-0.420441927792164,0.130430296157603,265,166
"6436",0.0267311899401297,0.150406387023024,265,181
"3699",0.188332190025311,0.159485377039138,265,182
"6581",0.236457310312374,0.162312669717415,265,189
"5153",0.916306676485979,0.209794655733596,265,208
"3677",0.279315016414916,0.164918902738424,265,188
"1163",0.939993287704688,0.211669315825746,265,208
"6051",0.70772667321703,0.193907894147219,265,200
"3625",1.50375696714121,0.26054139650889,265,217
"4438",0.420439951806175,0.173903540066931,265,201
"4109",0.947379122621147,0.212256803367675,265,208
"3696",0.502123707671283,0.179359075129811,265,199
"2482",-0.790209915259557,0.118113287379089,265,145
"3383",-0.161781288153816,0.140998431616041,265,180
"877",-0.213000763653472,0.13879622532855,265,182
"6445",1.17601851666719,0.231135638333785,265,212
"3075",-1.32202997472552,0.11352023779098,265,119
"3463",-0.407643889597894,0.130735249146289,265,166
"3431",-1.58176660031771,0.109918318859502,265,106
"2530",-0.475839622261914,0.129352472319986,265,164
"942",-0.17099474668314,0.14055952076817,265,180
"4890",0.69575653760592,0.193030300304613,265,201
"1810",-0.711656185390794,0.122653255292437,265,150
"4341",1.85075326522181,0.294603734543179,265,226
"3799",1.68834081797313,0.278299487573861,265,220
"5720",-0.896211844229367,0.119044856886663,265,149
"4121",0.0996943692551029,0.154429496007283,265,185
"5054",0.209174468278798,0.160697443885755,265,192
"5590",-0.283032598991854,0.136249398574908,265,170
"4098",0.022654463207248,0.150193462232266,265,176
"6280",0.896663069247403,0.208250883018055,265,202
"2832",-1.2890335860562,0.114246244793841,265,128
"3473",-0.257982552396097,0.137203156355701,265,170
"4427",0.331825692294166,0.168202307305005,265,186
"2197",-0.284638822532904,0.13618339996794,265,172
"1357",0.269192430184057,0.164296300286619,265,188
"6389",1.55467980639556,0.265356063612475,265,221
"325",-0.568920348239074,0.125009524935345,265,168
"5727",-0.582198115946568,0.124428401422495,265,161
"772",-1.42161239109656,0.108489561984891,265,123
"592",-1.40818100769825,0.107806700242703,265,121
"882",-0.411701407795849,0.130631108550111,265,168
"1015",0.453549156621541,0.176090235292192,265,192
"3606",1.48295115686959,0.258593027166096,265,224
"4180",1.70174884488308,0.279621930043805,265,220
"1892",-0.107586771811787,0.143766074635591,265,183
"1706",-0.719801722085627,0.122239134897501,265,153
"5701",0.566994868182453,0.183829220262419,265,201
"799",-0.195098651235288,0.139498558491253,265,176
"2198",0.0594071346616653,0.152168091525436,265,183
"602",-1.19480986471926,0.109183242837893,265,131
"2945",-1.11964568616119,0.115110684121979,265,133
"1401",-1.14385379484554,0.113105288762349,265,130
"3852",1.63081146315239,0.272674718207211,265,225
"2383",-0.196132528155381,0.13945608041379,265,174
"1794",-0.0735334455514252,0.145481171596537,265,181
"5477",1.30908932628458,0.242742652784274,265,213
"4727",0.368874906898731,0.170561689293351,265,193
"5005",0.671969655513794,0.19129758735136,265,199
"5831",-0.157638293454597,0.141200835841905,265,174
"4850",0.479953906797708,0.177858353625884,265,203
"4055",1.98987428201886,0.309044314300242,265,227
"5571",0.445074807069384,0.175527328650078,265,195
"6224",1.40907517530262,0.251763607162268,265,214
"1950",-1.41749764972601,0.108222831226941,265,116
"5439",-0.00579509911758181,0.148752974082678,265,181
"4196",1.13036648228216,0.22725878852801,265,215
"4481",-0.19076545954334,0.139679312821852,265,167
"2032",-0.375474301683943,0.131846530389175,265,172
"897",-0.676329960341587,0.123642400238586,265,151
"5781",-0.153689089090466,0.141396311660423,265,177
"5080",1.77511444287033,0.286933835361894,265,224
"5029",1.17622351648858,0.231153168345354,265,213
"4753",0.652763619522446,0.189909494358497,265,201
"4930",0.377507951963482,0.17111621710868,265,199
"5632",-0.299313155477212,0.135548658835596,265,174
"4242",0.605386330904552,0.186527047088252,265,201
"3526",0.483121232771418,0.178071867708027,265,194
"3633",1.25784553368718,0.238218922419567,265,209
"5102",-0.567226579717173,0.12509247103885,265,159
"28",-0.95404036850102,0.115412744458477,265,139
"6013",-1.33747502346659,0.112315084392684,265,116
"3267",-0.796895300125641,0.117940470349837,265,152
"4556",1.69893163643897,0.279343708459097,265,222
"4010",2.1510227899765,0.326274349965662,265,228
"1134",-0.23951894628078,0.13785011838782,265,173
"5036",0.233121990486006,0.162113330327508,265,193
"5150",1.96541449944011,0.306475141812726,265,235
"6358",1.78670350641364,0.288100429090503,265,226
"3890",0.237653971113311,0.162384318392389,265,185
"6290",1.44056293827617,0.254657493621682,265,220
"5402",2.13109666702664,0.324116367561027,265,233
"6190",1.72736364440704,0.282160305044411,265,222
"5772",2.14252339302299,0.325352959852232,265,232
"4562",1.86967519908509,0.29654281959027,265,226
"5215",0.388303399655222,0.171812327066069,265,195
"3808",1.281960865538,0.240339365905955,265,217
"3873",0.817133157299429,0.202101711186717,265,201
"2147",-1.17035693010707,0.110561420277819,265,135
"257",-1.58292960596586,0.109866782030353,265,109
"5324",0.654301897938365,0.190020311351782,265,205
"3274",-0.3438204721817,0.133351048134056,265,177
"4769",1.39594880760831,0.250564703087042,265,219
"6210",1.72103343926409,0.281531538027183,265,219
"4048",0.709516223262194,0.194039419442839,265,204
"1169",0.777634749164948,0.199107931169447,265,209
"5459",0.648916388741524,0.189632615773476,265,201
"3575",0.252663828970112,0.163288717364869,265,188
"443",-0.945315937286543,0.116150443564661,265,144
"6286",0.101789449974369,0.154548325299337,265,191
"167",-0.864915467942119,0.119008847565776,265,151
"6192",1.07423668958456,0.222565659555741,265,207
"5659",0.7155316867437,0.194482149994437,265,201
"3567",0.872434400524534,0.206360392433353,265,212
"5073",0.180189312196866,0.1590160491926,265,183
"2751",-1.09944436225852,0.115957985814761,265,131
"1909",-0.0107726652210257,0.148508377075119,265,182
"3650",0.936302989788453,0.211376304200367,265,208
"3675",0.289649689136385,0.165558455379192,265,196
"2110",-0.716579359906911,0.122410560224819,265,153
"4878",0.582343591851893,0.184903197482963,265,200
"4786",0.752088198711853,0.197192982600606,265,207
"6480",0.770325984115985,0.198558354424734,265,207
"85",-0.750134340833104,0.12029908723192,265,151
"3164",-1.61572120919848,0.110047700845551,265,101
"1683",-0.522511857736317,0.127528777933086,265,161
"990",0.258139721721591,0.163621221740831,265,196
"1578",-0.621935283434105,0.123619219137036,265,160
"1280",0.510120284938065,0.179903876980612,265,204
"3220",-0.898614227008548,0.118986099565309,265,140
"3295",-1.00775165895996,0.112827245841913,265,136
"1196",-0.324067181706576,0.134358264189727,265,176
"2250",-1.31468030509845,0.113920465479562,265,125
"2368",-0.899542396593764,0.118960805003254,265,142
"3280",-0.563124302876321,0.125300055508616,265,161
"438",0.466470954122,0.176952838607066,265,200
"1748",-1.07055129511278,0.115638852471781,265,131
"5850",-0.569206043108135,0.12499570603556,265,156
"842",-0.370983899873144,0.132040757049386,265,172
"6346",0.818004762201987,0.202168225240425,265,204
"3366",-1.18772233376876,0.109416701241551,265,126
"2499",-0.338376413779362,0.133629032130043,265,171
"2515",-0.0906748719836338,0.144628425084691,265,179
"3491",-0.0231852745936084,0.147905654096291,265,184
"2309",-1.19631788934629,0.109153773657471,265,132
"5707",0.0452026878261094,0.151391137902457,265,184
"3706",0.133922705672196,0.156374452338714,265,187
"6110",1.40572287744363,0.251457004367024,265,219
"4589",-0.442870213744511,0.130013334012521,265,163
"3924",0.342728390300858,0.168893243235891,265,191
"2152",-0.940932965901023,0.116515337860462,265,147
"3183",-1.15568358199344,0.111933177792132,265,133
"1303",-1.16621891406103,0.110924380833032,265,126
"3454",-0.42260643937054,0.130384940136656,265,171
"4582",-0.0419168056457175,0.147007682033448,265,179
"6218",2.3766398658139,0.351195449061505,265,232
"4186",0.726130466535162,0.19526451317923,265,202
"2755",-0.122414530588535,0.142998459922398,265,179
"3221",1.5845103289733,0.268206610404696,265,224
"1447",-0.534921467426593,0.126858933856554,265,158
"1113",0.366550195454194,0.170412682112448,265,192
"4994",0.00591392977295338,0.14933652086023,265,181
"6012",-0.152329671560292,0.141464122881887,265,175
"1032",-0.915004929663387,0.11832885274163,265,150
"1995",0.15236232857108,0.157424099713279,265,195
"2209",-0.667032405221577,0.123702022057848,265,153
"6563",0.533843689095644,0.181530636016733,265,200
"4773",0.180120671286941,0.159012101415791,265,186
"3299",-0.151292410964933,0.141516032446519,265,175
"1634",0.868564342824244,0.206059816148324,265,215
"4867",0.349948443114621,0.169352344793281,265,191
"3359",-0.748588989564771,0.120404459898676,265,153
"2937",-0.721142915606444,0.122165026867345,265,156
"2935",-0.478910864328833,0.129270989721702,265,169
"1225",-0.504721708547513,0.128373047244037,265,162
"2859",-1.10460963515018,0.115826824180794,265,129
"17",-1.61045734645766,0.109798488486808,265,105
"3492",0.485714725050875,0.178246921943668,265,198
"5023",0.454285426004697,0.176139246884318,265,199
"875",-0.407315612005567,0.13074400389227,265,172
"3546",-0.107825630772775,0.143753770525574,265,172
"4364",1.69965223953892,0.279414855577793,265,228
"5572",-0.697604892714946,0.1232062678253,265,151
"591",-1.18172975391632,0.109728820151862,265,130
"391",-1.12488334759001,0.114752922223834,265,130
"1866",-0.886538500947608,0.119185204916767,265,138
"1572",0.168659824937192,0.158354641339931,265,189
"6508",0.160339134834239,0.157879056480568,265,191
"843",-0.29385028591421,0.135791709644539,265,173
"2563",-1.40639483497734,0.107759749040456,265,122
"3645",-0.379999380223191,0.131659631329127,265,169
"1627",-0.20258708211102,0.139196408331396,265,178
"2598",-1.28232806743415,0.114052814222898,265,122
"2155",-0.621256358586939,0.123621752697405,265,163
"5824",0.610204771546724,0.186868358972104,265,204
"5587",-0.00281054224102886,0.148900578913041,265,187
"1354",-1.11889265231651,0.115157815551044,265,135
"3435",-1.09831424158389,0.115978659028484,265,133
"976",-1.27296691143822,0.113609946809761,265,120
"2127",-0.604105321662281,0.12380462509912,265,153
"2164",-0.0543194534341875,0.146413556387787,265,182
"5661",0.568975126844859,0.183967437902626,265,202
"4161",0.847176345841148,0.204405588103076,265,206
"1736",-0.405126627136169,0.130803681126342,265,167
"298",-0.897896379174168,0.119004670063476,265,151
"1242",-0.433195501243444,0.130182036724571,265,170
"1064",-0.630069674317261,0.12361029003149,265,161
"5977",-0.153531165372788,0.141404176123829,265,174
"6162",1.53307214880768,0.263305148199754,265,223
"128",1.50747824710756,0.260891029493529,265,219
"5869",1.01083326146481,0.217361706404229,265,207
"5427",-0.870317877682712,0.119106500087164,265,152
"597",-0.503965415087677,0.128405064961914,265,164
"3074",-0.809860003585519,0.117807230024996,265,154
"4696",-0.841595417656365,0.118375832164238,265,149
"759",-1.10688320304703,0.115750071143901,265,131
"2092",-1.0077685230953,0.11282738153976,265,133
"495",-1.12885349199666,0.114449185177148,265,125
"4585",0.227947717789058,0.161805130778428,265,187
"797",-0.782942648222235,0.118378758690505,265,153
"3472",0.968736541046047,0.213963491667844,265,208
"627",-0.173763342001692,0.140430967525224,265,180
"3028",0.645218081373406,0.189366824444158,265,207
"5814",-0.745995604045208,0.120581496239026,265,154
"6071",-0.00207871595187095,0.148936886388448,265,180
"476",-1.47120051493071,0.113114736215247,265,115
"3686",0.756991303048257,0.197559209513539,265,207
"691",-1.64564255233399,0.112565000266906,265,103
"1733",-0.568100634372609,0.125049452446998,265,160
"6328",0.167699555886228,0.158299690667212,265,182
"6",-1.76086451350226,0.115496702746334,265,100
"6509",-0.0147937286966891,0.148312095393478,265,184
"3688",0.042138900735611,0.151225650339503,265,182
"5057",-0.55568887677616,0.125696004506649,265,152
"2982",-0.341164304178019,0.133486476704274,265,173
"2294",-0.928898728972752,0.117450883165065,265,141
"3635",-0.176128008320158,0.140322477629301,265,179
"1789",-0.104554657066192,0.143922007993627,265,181
"4390",1.2072760997986,0.233821053366422,265,214
"953",-1.12370504893603,0.114837832784679,265,135
"4631",0.23713896127603,0.162353474450377,265,180
"4902",0.539278946250689,0.181905500823557,265,204
"1990",0.0533281601889136,0.151833746889786,265,185
"701",-1.30184390179788,0.114298105869736,265,127
"2111",-1.46527940187126,0.112620725995825,265,112
"3439",-1.50997839985034,0.114408991549269,265,107
"2286",-1.17340229832942,0.110312169088913,265,135
"2723",0.324023520496114,0.167709620364145,265,192
"1",-1.51317498741787,0.114346588957468,265,110
"4067",2.51337429906817,0.366682670849146,265,232
"993",-0.887177990760276,0.119180565901708,265,150
"4541",-1.19576035926762,0.10916382461894,265,123
"521",-1.45714298674256,0.111858591634828,265,114
"2425",0.160301599149223,0.157876913670214,265,185
"1510",0.676673192664701,0.19163902031327,265,204
"581",-1.06297535739744,0.115310166608586,265,146
"3421",-1.22398528390313,0.109851654231349,265,126
"1844",-0.94341429465636,0.116309732888745,265,141
"1031",-0.336967836097637,0.133701139042932,265,170
"4241",0.73942576272397,0.196250068957585,265,206
"1819",-0.715377481559866,0.122472005713588,265,153
"1471",-0.651148777726795,0.123685792840986,265,153
"179",-0.848383169561207,0.118576390417441,265,149
"3410",-1.33177393204306,0.112809564846517,265,121
"338",-1.17003171044156,0.11058899564644,265,132
"5168",1.28878020577209,0.240941702481812,265,216
"6533",-0.91872000920492,0.118120300560127,265,138
"3691",-0.190498821935064,0.13969057967152,265,173
"900",-0.321395655541102,0.134492408761042,265,172
"5723",0.0635077826331514,0.152395004039032,265,185
"3118",-1.51369320408177,0.114334110815441,265,100
"3495",1.37828841882482,0.248958637390253,265,215
"4706",0.622564630115435,0.187746644265131,265,203
"3667",1.0993095877259,0.224652045384698,265,216
"418",-1.08763198038764,0.116033786476566,265,133
"2100",-0.472324391004158,0.129440032686336,265,158
"2817",-1.04679732752428,0.114427946665769,265,138
"1159",-0.0887504766874067,0.144725277811809,265,179
"886",-0.735439679412231,0.121290945460289,265,152
"5583",0.0700623239410225,0.152759724614329,265,187
"764",-1.83216667588078,0.116317148070031,265,87
"2737",0.3065918255387,0.166614493095759,265,191
"5106",1.98764181335432,0.308809301636862,265,222
"360",-0.855709465180915,0.118785552981355,265,149
"3397",-0.986321659837204,0.113199743622167,265,145
"1704",-0.646301386209096,0.123665443945572,265,166
"4542",0.855499425041369,0.205047934311242,265,203
"2571",-1.18711479974697,0.109443755607372,265,123
"975",-0.427552179536301,0.130286706074839,265,166
"2778",-0.977200289132211,0.113670878842606,265,133
"2116",-0.722923289683814,0.122064268969022,265,158
"3419",-1.4305533727326,0.109209118885555,265,109
"899",-0.774998056422166,0.118752453508104,265,151
"3293",-0.161323287284495,0.14102066384864,265,183
"5589",1.2178300882329,0.234733458797859,265,212
"5194",0.54287407703242,0.182153888072217,265,196
"1720",-0.550946786626929,0.125957959659684,265,157
"1702",-0.539129745026432,0.126623282099751,265,172
"1735",0.0651331341669598,0.152485224488181,265,183
"5851",-0.912148737775264,0.118474844219608,265,142
"5642",1.18087325724863,0.231551069312159,265,216
"129",-0.917788796943608,0.118174504602792,265,147
"1146",0.105690196641164,0.154769701823077,265,191
"2225",-0.712958957881169,0.122591378440487,265,159
"5127",0.741181057639928,0.196380529413789,265,203
"4429",2.01870614954394,0.312088767621697,265,233
"44",-1.58627819946152,0.109738017929977,265,105
"704",-1.14372213741056,0.113118062552527,265,138
"2537",-0.651294992953368,0.123686353249991,265,158
"228",-0.681220173846071,0.123582154402631,265,160
"5539",0.783360876964961,0.19953946235046,265,211
"4258",0.125011029806733,0.155867645570389,265,185
"2888",-0.196399361560781,0.139445157481525,265,177
"429",-0.134864464349168,0.142353342244083,265,175
"950",-0.377631967155841,0.131756264311539,265,165
"4062",0.0146189225360545,0.149778650686259,265,185
"4578",0.89324609707896,0.207983355959279,265,204
"1979",-0.752805971512019,0.120117670501691,265,149
"1544",-0.00908068375036792,0.148591309548314,265,181
"2264",-1.03141381283005,0.113573736373687,265,134
"5191",0.641057508660105,0.189068243493705,265,200
"5367",-0.827935831888828,0.118017720380737,265,153
"6584",-0.381159646100865,0.131613217540852,265,162
"5276",0.380735504875256,0.171324017656259,265,191
"1126",-1.02974120969678,0.113491430480437,265,136
"5405",0.0670619633871974,0.15259248418462,265,190
"554",-1.77767736113527,0.11490446256089,265,97
"3144",-0.444231521103915,0.129990001364874,265,165
"2262",-0.88121771597084,0.119199638421679,265,148
"353",-1.77062387239945,0.115118218230378,265,92
"6409",-0.162204223930152,0.140977934278472,265,179
"6458",1.21392899257421,0.234395869741956,265,213
"3022",-1.576895658765,0.110169227969695,265,106
"4387",-0.392139293558224,0.13120643348837,265,169
"2177",-0.25714837890151,0.137232983605883,265,173
"2558",-1.38927942887449,0.107884132219234,265,116
"973",-1.60170529225501,0.109567055613791,265,108
"2357",-0.928262279318218,0.117496530161735,265,143
"1138",-1.05953805428079,0.115138380067007,265,140
"1008",-1.07904181510043,0.115903063469443,265,139
"242",-1.05922706711294,0.115122266278675,265,137
"322",-1.92600045842052,0.122009794249576,265,89
"282",-0.569769202436572,0.124968616092424,265,153
"3042",-1.18194135542882,0.109716145202535,265,127
"649",-1.45678627719897,0.11182348737021,265,111
"106",-0.943832247593438,0.116274833912949,265,144
"1083",-0.086466961078643,0.144839836917048,265,177
"471",-1.14053467834877,0.113423417921245,265,139
"3087",-1.0000139008101,0.112835613632056,265,141
"3731",1.0036239855865,0.216776521289179,265,210
"564",-1.41272340547764,0.107974885178928,265,123
"747",-1.57316766281444,0.110395538403514,265,102
"2765",-0.890941207721955,0.119140156722841,265,143
"6037",0.205541481528991,0.160484915344302,265,191
"2850",-1.66729903660994,0.114686906300575,265,98
"4082",1.37347181758747,0.248521994003085,265,220
"3778",1.71126089198753,0.280562725217543,265,226
"2741",-1.07763927479999,0.115868088483044,265,130
"4436",-0.0262343852823863,0.147758835913481,265,177
"1811",-0.621836226546769,0.123619569722111,265,162
"2002",-1.01240121934918,0.112888997552228,265,143
"599",-1.44671072620614,0.110800014875804,265,117
"2291",-0.874206991215962,0.119157093298757,265,151
"4534",0.257680639522432,0.163593294662865,265,184
"266",-1.22324812999699,0.10980631608192,265,134
"1324",-0.391800114726172,0.131218096254031,265,170
"4818",0.538403908131032,0.181845096735531,265,202
"5144",0.317124074025534,0.167275208444137,265,199
"6186",0.118541312664322,0.155499825496922,265,188
"87",-0.622365702936542,0.123617770475207,265,161
"2453",-0.975508731316144,0.113775439504481,265,139
"2373",0.651703826291602,0.189833183734137,265,204
"32",-1.66887244467609,0.114825672444986,265,94
"346",-1.42369291614128,0.108641231747607,265,117
"4353",-0.924546458229848,0.117753484910391,265,139
"3041",-0.593472900679669,0.124050866727139,265,160
"2024",0.115303544667121,0.155315796251627,265,195
"2689",-0.821628391865554,0.117900034474148,265,156
"4354",-0.402561739576661,0.130876540015674,265,165
"576",-1.22538053522895,0.109940531326999,265,129
"1094",0.265251909505467,0.16405503307732,265,195
"1958",-0.842983314973015,0.118416567342158,265,145
"3308",-1.04301454836582,0.114208771457562,265,144
"86",-1.1882285075496,0.109394983927204,265,125
"2628",-0.57944576567977,0.124537689927863,265,159
"834",-0.472118104095085,0.129444991681434,265,173
"2785",-1.22251828114002,0.109762572238762,265,126
"6101",-0.266757828023379,0.136883190921713,265,164
"2670",-1.13635690766512,0.113809586531925,265,130
"5923",0.608159020425512,0.18672337503448,265,200
"1281",-0.965971535133388,0.114445459514145,265,144
"3573",0.499083316056003,0.179152414828007,265,200
"5866",0.73422518153817,0.195864011360627,265,207
"1628",-0.137293149663852,0.142228164176914,265,181
"4959",-0.509588396466335,0.128158986721313,265,169
"6291",-0.31333151960823,0.134890295330574,265,174
"2684",-1.14608099439162,0.112887623453349,265,130
"2529",-0.713605196177847,0.122560049262622,265,147
"423",-1.18638553804783,0.109477639646305,265,136
"503",-1.2745034654901,0.113695357157247,265,119
"2910",-0.647798407803115,0.12367200303821,265,162
"258",-0.905112813085134,0.118778587512442,265,142
"383",-1.31611601801194,0.113852322093723,265,126
"3227",-0.837909292067515,0.118269987083419,265,149
"378",-1.52670541204465,0.113819383757443,265,114
"223",-0.336401552749016,0.13373013293636,265,176
"5074",-0.155982873981714,0.141282489217567,265,172
"6566",1.2263066009652,0.235468342834486,265,219
"589",-1.61271043778228,0.109895518639043,265,106
"1251",-0.589315352800557,0.124176462485386,265,160
"2356",-1.02704496368683,0.113365901480612,265,136
"1100",0.357226075202068,0.169816350618796,265,192
"5075",0.812650556321034,0.201759941452683,265,202
"1052",0.707040257579254,0.193857467472274,265,211
"2078",-1.12876355070176,0.11445635418434,265,132
"4216",1.45828384707468,0.256297241779499,265,220
"52",-0.821862269334886,0.117903653769627,265,148
"1792",-0.260811485751509,0.137101311766162,265,173
"926",-0.435056457552116,0.130148823684848,265,161
"3251",-0.413735502577746,0.130581632813331,265,167
"177",-1.4214249063401,0.108476424705011,265,121
"2449",-1.16143845435814,0.11137081637565,265,124
"361",-1.07305210156055,0.115729269724381,265,142
"2194",-1.11226579003558,0.115522728535684,265,128
"4761",-0.0773938589848885,0.145291057021804,265,182
"5542",-0.437502336720512,0.13010587883418,265,165
"6441",-0.240685549985901,0.137809641156045,265,168
"3413",0.0103455972050181,0.149560680710747,265,186
"1063",0.0808714870973023,0.153365642505461,265,181
"1668",0.283146536145946,0.165155572514841,265,195
"1427",-0.629837534259263,0.123610063183578,265,154
"1176",1.31715986933486,0.243461270942562,265,224
"2204",-0.811434798201195,0.117808652114361,265,144
"2484",-1.3295675944115,0.112986587691969,265,123
"6181",1.06730213841788,0.221991467747315,265,208
"823",-1.50697564706865,0.114444338316428,265,109
"768",-1.9776820479839,0.122062998284466,265,81
"3214",-1.35384870233242,0.110703812698519,265,118
"5692",-0.488756219713359,0.128975219902557,265,172
"3680",-0.198169676162597,0.139373104401274,265,172
"969",-0.901854284135498,0.11889150369167,265,147
"5556",0.054478810237529,0.151896833761468,265,182
"5004",-0.176440881986794,0.140308215273481,265,174
"994",-0.635357344366577,0.123621335842984,265,157
"651",-1.89520248649609,0.121075415782729,265,89
"3972",1.03452417562998,0.219294111104136,265,207
"3737",1.07679592318966,0.222777880211034,265,209
"6528",0.949486176012254,0.212424659910016,265,213
"2544",-1.30035661239284,0.114314133403639,265,126
"2049",-0.609234902766351,0.12372380222367,265,158
"110",-0.780869335796157,0.118468373323702,265,156
"3751",-0.257040395013123,0.137236838409392,265,172
"3442",-0.0982128842409975,0.144246402895849,265,183
"2409",0.521509852022537,0.180682947119063,265,197
"3544",-0.103886316799918,0.143956311068186,265,170
"738",-1.15617106163672,0.111884879869371,265,125
"5151",0.679766701316849,0.191863899693858,265,204
"5184",0.297031378343201,0.166017477629246,265,187
"5984",-0.299233466721626,0.135552261361342,265,171
"3187",-1.56748741336067,0.110786872965647,265,110
"2385",-0.941064596484719,0.116504507092802,265,149
"1467",0.341126441647566,0.168791546393918,265,188
"6525",0.692479406671963,0.192790695043416,265,198
"5105",-0.520592454566581,0.127627467065667,265,156
"5876",1.09882819610569,0.224611835299032,265,214
"1939",-0.378744818467265,0.131710520923742,265,168
"4891",-0.19038574899657,0.13969536267209,265,177
"4790",0.106558316098535,0.154818989710602,265,194
"5646",0.522344551952029,0.18074018386281,265,196
"1219",-0.299018305492281,0.135561979897729,265,180
"4673",0.186721915439304,0.159392401097038,265,191
"3379",-1.02538473557802,0.113293488058194,265,135
"5719",-0.0274718986224286,0.147699352867923,265,183
"1314",0.816686465255543,0.202067630689288,265,207
"3682",0.171205159717043,0.15850038878466,265,187
"2538",-0.665038468440035,0.123706782753718,265,153
"1261",1.06813259660261,0.222060165897935,265,212
"362",-1.12138148403397,0.114997831704889,265,130
"956",-1.02712947184028,0.113369691222453,265,137
"1989",0.709737287250333,0.194055672664789,265,200
"1492",0.793658150672989,0.200317601572129,265,207
"3926",0.711685962898228,0.194199000076545,265,199
"6444",0.150721850937181,0.15733062406758,265,194
"2036",-0.445985111511672,0.129959895119118,265,166
"316",-1.5480440107789,0.112336221510403,265,107
"1129",0.156557277447094,0.157663259932857,265,190
"2208",-0.412063345157352,0.130622175295113,265,168
"3006",1.09402641953624,0.224211074569413,265,216
"2498",0.553383454897491,0.182881946362122,265,203
"2461",0.301488594070376,0.166295475401721,265,192
"4924",0.942090829675168,0.211836017349033,265,206
"3700",0.982412298977884,0.215062471889202,265,208
"5903",1.39793187037503,0.250745544697232,265,215
"5846",0.0581952266308866,0.152101234444729,265,181
"4493",0.678726353571788,0.191788244417434,265,200
"73",-1.16301499726002,0.111220941585576,265,134
"5667",0.023301962699563,0.150227169801649,265,178
"4112",1.78077881508865,0.287503639224173,265,232
"3208",-1.07967111234022,0.115917566597794,265,138
"5961",1.4289781565026,0.253589852921897,265,217
"967",-0.345912635066598,0.133244793640557,265,169
"6478",0.473435219314304,0.177419869343213,265,197
"6238",0.430934577367249,0.174593013500672,265,195
"1551",1.97324088703205,0.307295826236338,265,229
"6532",1.03669750808118,0.219472104961422,265,212
"3663",-0.165520529444643,0.140818335912826,265,173
"1413",1.92634324742827,0.302397649840867,265,224
"4650",1.72116022447741,0.281544121994793,265,222
"2474",-0.151884883158039,0.141486364776119,265,184
"4798",0.304770886443021,0.166500573916945,265,187
"6569",2.19789324786113,0.331379362767933,265,226
"3727",0.609099476825606,0.186790012298578,265,198
"202",-0.885384461883867,0.119191971043528,265,151
"1876",0.57308293298469,0.184254479334355,265,208
"3265",0.0174615096025503,0.149924649973021,265,192
"5521",1.10958494022787,0.225511754835048,265,207
"3809",-0.349467871200845,0.133065413664321,265,163
"4670",1.10599803752425,0.225211340423868,265,216
"1053",-0.67951192311092,0.123605686059429,265,158
"1795",0.239162297582162,0.162474724363218,265,196
"703",-1.60568677932914,0.109643007674598,265,107
"5305",0.892336804338579,0.20791221455259,265,213
"4550",0.247515386413806,0.162977327887476,265,195
"3301",-0.257518459713208,0.137219761553686,265,171
"6050",0.583748426022414,0.185001802281004,265,196
"1594",-0.517180624352261,0.127798791230071,265,156
"5259",2.2738212730796,0.339732142337185,265,233
"2472",-0.120668611467176,0.143089089472208,265,181
"1606",-0.113169517742478,0.143477832383174,265,180
"2305",-0.771531485572606,0.118939232079014,265,153
"539",-1.07665119585428,0.115841294105045,265,137
"5560",1.74210722351664,0.283628445295126,265,230
"1400",-0.263821837836628,0.136991629224618,265,178
"1140",-0.327019337848764,0.13420899132763,265,172
"6506",1.76117476917109,0.285534775442256,265,225
"4479",0.692997923300411,0.192828587165914,265,202
"732",-1.37412955827071,0.108790771978194,265,121
"1207",0.0412352886858319,0.151176997740578,265,186
"1548",0.0451593657106831,0.151388792331847,265,187
"4626",1.90443234251402,0.30012547499758,265,221
"66",-0.46737541508783,0.129553924265299,265,164
"3580",1.99398676536667,0.30947750944002,265,228
"4506",0.59411364495932,0.185730919691638,265,197
"949",-0.252373086990348,0.137402213561895,265,170
"3886",-0.346555621827115,0.133212231275029,265,171
"4392",1.73359355283296,0.282780039817631,265,222
"3103",-1.34826711299087,0.111271464534456,265,118
"6272",1.06976284978153,0.222195077158155,265,215
"4831",1.94793625110566,0.304647054704057,265,226
"4042",2.36716370588595,0.350132026816839,265,235
"5058",1.96501416696204,0.306433197370294,265,228
"1801",0.728595392732798,0.195446885790411,265,208
"216",-1.43025820355893,0.109182817296087,265,116
"5491",0.702566187813034,0.193529089072444,265,202
"2807",-1.0480645252864,0.114501390804522,265,129
"3554",0.883781404423938,0.207243892960202,265,212
"3654",0.832229960612645,0.203256529441288,265,205
"4003",-1.04161544296623,0.114128303407418,265,133
"4170",1.13088173289402,0.227302245083922,265,211
"5046",1.08077506898702,0.223108179194728,265,213
"5513",1.00393004980497,0.216801337784883,265,209
"1541",-0.185253762394507,0.1399156264752,265,177
"1194",0.281447834125515,0.165050579363435,265,193
"4538",0.894007413878998,0.208042936291962,265,204
"4555",0.255924074198133,0.163486524062909,265,191
"2053",-0.597856374907938,0.123936262816922,265,159
"3478",1.18116701442897,0.231576226254544,265,218
"6104",2.11764258258769,0.322663548950079,265,233
"70",-0.494702841501765,0.128769087941957,265,176
"2868",-0.292611501345579,0.135845710948257,265,178
"4854",-0.417699887671814,0.130490097816345,265,163
"646",-1.14652701736126,0.112843718524076,265,137
"4840",2.19855102534508,0.331451290289857,265,230
"261",-0.281653667198849,0.136305528154431,265,166
"6081",0.662817472906887,0.190634904753389,265,204
"2846",-1.10172634375799,0.115907459776246,265,129
"1580",-0.320722240479419,0.13452606146808,265,171
"3621",1.16298783214684,0.230023575949349,265,214
"4614",1.60581193480622,0.270255669097403,265,223
"1830",-0.137165550644791,0.142234732098764,265,176
"3571",0.360926373481927,0.170052755796718,265,197
"3698",0.952641666962844,0.212676252096372,265,203
"5643",1.1136594742748,0.225853411377768,265,212
"3683",1.20686314223083,0.233785411037365,265,216
"6534",-0.172236201976916,0.140501675679528,265,173
"3363",-1.19813541976872,0.109127918536039,265,121
"4092",-0.00929323333755891,0.148580879796601,265,188
"1511",0.826111269273507,0.202787781850154,265,208
"3234",-1.2571866928533,0.112503655932351,265,134
"2584",-0.806140555795257,0.117818594316194,265,149
"3385",-0.496271768653659,0.128711115830868,265,160
"455",-0.502682192561757,0.128458607240613,265,167
"3313",-0.770048988065119,0.119022956182815,265,150
"3506",0.538447530885733,0.181848107539474,265,194
"4961",-0.0998727315363806,0.144161745618765,265,178
"243",-0.772218459095419,0.11890119078764,265,150
"1170",-0.255620076309098,0.137287411747439,265,180
"1902",-0.239566595732949,0.137848464915656,265,161
"3032",-1.2635817245835,0.112995667437313,265,118
"5892",0.726026375429204,0.195256815275402,265,204
"3637",-0.0271403790624126,0.147715282451282,265,182
"482",-0.823492153008577,0.117930558895025,265,150
"4444",-0.131423477617012,0.142531205848418,265,176
"4248",2.2068255791992,0.332356768072156,265,236
"3448",0.331749535376429,0.168197491007117,265,193
"5616",0.77719069795836,0.199074501888987,265,207
"3990",2.26482939721734,0.338737782650753,265,229
"5602",0.724916725327399,0.195174770327133,265,206
"1049",-0.376744918593813,0.131793125037043,265,171
"1103",0.0984036380104645,0.154356317093862,265,180
"5785",1.34557217546433,0.246004489614455,265,220
"6201",1.41770039304459,0.25255379329903,265,220
"4263",1.13154056477331,0.227357821327658,265,206
"3838",1.68186459601616,0.27766228364667,265,224
"4359",-1.76772566789585,0.11522261063248,265,97
"2649",-0.0551443104865755,0.146373903724751,265,180
"1988",-0.103173781732534,0.143992853912165,265,183
"4016",0.249733323827882,0.163111325383767,265,191
"5217",0.666799274359996,0.190922942380277,265,202
"4601",2.29847935577262,0.342465841833697,265,230
"3476",2.79614695648361,0.399407567844694,265,238
"4171",0.338790474870755,0.168643360296191,265,195
"5907",1.88696316659809,0.29832146054827,265,232
"2900",-0.383117238295739,0.131536352333024,265,170
"157",-0.246947528075872,0.137592103744085,265,180
"6191",1.88775776581726,0.298403371157449,265,226
"815",-1.30294282725646,0.114282519200647,265,122
"248",1.12217320582768,0.226568680674929,265,212
"3126",-1.01701227705281,0.112996215790372,265,144
"844",0.0135580901716602,0.149724371765472,265,192
"1659",-0.169174203236164,0.140644926985861,265,178
"5460",2.26605815020746,0.338873583143991,265,237
"5213",0.508799567417823,0.179813772164312,265,204
"6418",0.269895894374996,0.164339437964827,265,190
"5827",2.04568513779585,0.314953033905838,265,231
"3855",1.80632389510432,0.290082586474201,265,225
"1608",-0.818839741725084,0.117861793072017,265,143
"6072",0.586476791517825,0.185193451866086,265,201
"4322",1.26514501104002,0.238859178920931,265,214
"5577",1.29918938852229,0.241863430435653,265,220
"728",-1.57684853393861,0.110171914535414,265,110
"5009",2.35110072196723,0.348332546394122,265,230
"1987",-0.911844422805445,0.118489642423485,265,150
"2321",-1.07839573612611,0.115887403294042,265,143
"3987",0.187885957458636,0.159459603359435,265,185
"1119",-0.0927961725831675,0.144521338188154,265,179
"6435",0.752524972653515,0.197225581273325,265,201
"5693",-0.463967250794849,0.129626708775314,265,165
"636",-1.4071114122376,0.107777254733491,265,115
"3739",0.371460710632631,0.170727588202952,265,191
"5315",1.31246035771065,0.243042612734901,265,222
"4018",1.99978590048921,0.310088970099059,265,231
"3196",-1.7296033006057,0.116702303846649,265,93
"5566",-0.994517541693675,0.112928753577782,265,134
"4169",0.759191776894683,0.197723771198568,265,208
"1546",1.16074520356659,0.229832627132095,265,220
"2288",-0.660617335153493,0.12370910874687,265,164
"2936",0.458422129675001,0.176414928698165,265,203
"835",0.147724193941569,0.157159877304143,265,190
"4066",1.52721888195715,0.262751592626586,265,222
"6406",-0.198733057276708,0.139350324919525,265,173
"3113",-1.43614021773882,0.109731673319996,265,115
"1247",0.6012919086131,0.186237497420144,265,199
"125",-0.470830917792288,0.129475504740535,265,168
"3403",-0.340375870480646,0.133526760316413,265,176
"1410",-0.636463001196261,0.123624842675479,265,161
"4200",0.630450473714006,0.188309105742565,265,204
"2919",-0.987377192333626,0.113156299580603,265,137
"422",-1.31827276129591,0.113740639734842,265,123
"3136",-0.823623497285152,0.117932852165164,265,147
"5498",0.577094349932746,0.184535209183476,265,201
"4244",1.07419422948966,0.222562140034224,265,212
"1164",1.62660537855691,0.27226664669029,265,220
"3955",0.645668244416735,0.189399157576245,265,202
"6273",1.21031085167861,0.234083117358318,265,217
"222",-1.15442588866665,0.112058120363302,265,128
"4946",1.51885837573964,0.261962414626818,265,222
"6182",0.762710227833215,0.197987157103603,265,208
"4320",0.191692342162268,0.159679671599343,265,189
"4819",1.58884945187442,0.268623091234376,265,221
"2142",-0.350433862959686,0.133016989552917,265,166
"1981",0.264757916752935,0.16402483245816,265,192
"4564",1.67176206614025,0.276670305178214,265,225
"4527",0.334934160288532,0.168399011443676,265,187
"4451",0.207723808697234,0.160612512741094,265,183
"3438",0.00260504442529486,0.149170369955428,265,190
"2022",-0.631921767386866,0.123612940554748,265,151
"4628",2.47034723487872,0.361781621828009,265,241
"4989",-0.209351674009367,0.138933989405321,265,183
"6062",0.181819381350669,0.159109839691801,265,188
"3394",-0.814608655456439,0.117822330156299,265,147
"3525",0.705764504938302,0.193763778788241,265,195
"4482",0.619360812730679,0.187518597771084,265,199
"1144",1.73231079200483,0.282652358847681,265,225
"5296",0.741984958766862,0.196440305237754,265,210
"1087",-1.11379738859639,0.115446542993742,265,130
"6341",2.36451402698099,0.349834920909265,265,236
"2176",-0.932351208847298,0.117195654573733,265,142
"1195",1.02098732251556,0.218188183450417,265,210
"3748",1.0114491340394,0.217411759263112,265,208
"4936",0.655570908556647,0.190111777598168,265,205
"3158",-1.10847602782163,0.115689433408368,265,132
"1853",-0.985229332720619,0.113247250212133,265,144
"1453",-0.603843355913624,0.123809402151525,265,155
"107",-1.03140296697304,0.113573192638033,265,139
"3937",1.05738021188263,0.221172064148224,265,211
"4124",1.66820435100892,0.276321557384446,265,225
"4695",1.1580498297466,0.229603300698612,265,215
"861",0.147845345174395,0.157166776669377,265,193
"6172",2.29745775752774,0.342352384339761,265,233
"3800",-0.267839271955588,0.136842852445629,265,176
"781",-1.31728262800501,0.113793285661808,265,127
"1926",0.372210960172705,0.170775753461973,265,192
"2428",0.593871945404709,0.18571388605871,265,196
"1077",0.825603155293105,0.202748898773502,265,209
"3824",2.00926702836232,0.31109016438085,265,229
"3773",-0.670294957427242,0.123688532370351,265,149
"2396",-0.0158734291159557,0.148259573813193,265,185
"6429",0.603769758039001,0.1864126738752,265,200
"2160",-0.44501576457095,0.129976548808873,265,171
"2995",-0.652456246162354,0.12369064422601,265,156
"161",-0.432982137423421,0.130185879767096,265,169
"5624",0.249828816609523,0.163117099679832,265,193
"5351",1.54839037456346,0.264757889638645,265,221
"4193",2.36082754937955,0.349421737610769,265,236
"4537",0.809198748284786,0.201497113745846,265,204
"2925",0.348041905863066,0.169230994677518,265,193
"2999",-0.271661165997544,0.136698442342627,265,171
"662",-1.72875706032554,0.116723339721118,265,98
"1672",-0.7241195892217,0.121995096982581,265,149
"244",-0.452975283665787,0.129837561064969,265,168
"2539",-0.840380377344678,0.11834050056377,265,156
"1732",0.739296289043681,0.196240449131599,265,205
"4445",0.969922677764422,0.21405861945123,265,213
"1098",0.645641828631965,0.189397260104315,265,203
"275",-1.03989054921749,0.114029999602383,265,132
"4403",-0.15723977056372,0.141220453930749,265,179
"3088",-0.757964932776214,0.119772779221981,265,147
"2306",-0.886547152655077,0.119185146408029,265,147
"77",-1.00078035781748,0.112828405385154,265,138
"4572",-0.486679358058725,0.129042220522272,265,158
"1859",-0.870755801811011,0.119113074571248,265,148
"4457",-0.304051947257168,0.135331466618718,265,171
"2189",0.0838833370197116,0.153535263482035,265,188
"3507",0.174550016208511,0.158692137159061,265,183
"6157",1.09891937990556,0.224619451319029,265,213
"3935",0.502987375168554,0.179417828447456,265,192
"5837",1.0235023213698,0.218393297177651,265,217
"6054",0.473735860032657,0.17744006388376,265,193
"2134",-0.160586630313255,0.141056499027379,265,179
"1651",-0.379232773496045,0.131690641548756,265,169
"2220",-1.34972708895384,0.111123724805988,265,114
"3376",-0.972295165486116,0.113986933933012,265,142
"1566",-0.37405908700712,0.131906835905844,265,171
"6111",1.44638233914779,0.255195092718367,265,220
"3826",1.366937832739,0.247930613769517,265,218
"5881",-0.314458691703844,0.134835408874022,265,165
"3912",0.311447877338219,0.166918749368696,265,186
"3240",-0.395436633863435,0.131096107965125,265,166
"269",0.416907707469527,0.173672226036822,265,193
"1472",0.208720672627443,0.160670865896967,265,187
"6340",2.10181466696911,0.320958835231718,265,232
"4448",2.22016248955561,0.333818776178496,265,234
"5799",-0.338437455232407,0.133625908096952,265,166
"5154",1.27502052406078,0.239727571350304,265,214
"5887",1.18981852547021,0.23231812634906,265,208
"4266",0.651063287861069,0.189787076062912,265,212
"2896",-0.894618902720247,0.119078500072254,265,151
"2748",-1.79682806025959,0.114733560059625,265,94
"2411",-0.412670534711854,0.130607315870537,265,165
"4739",-0.0496959378170448,0.146635414826661,265,177
"4518",1.22572411197111,0.235417783813108,265,216
"3918",1.17609341337943,0.231142042800329,265,219
"5050",-0.413321931246192,0.130591549731693,265,173
"1048",-0.327770542446202,0.134170860575221,265,170
"1431",-0.176480076560286,0.140306430119946,265,176
"2550",-0.46116785173553,0.12968350390593,265,164
"2021",-0.596190461763493,0.123977649005776,265,162
"3883",1.86367597512769,0.295927159663331,265,229
"4545",0.332020540442883,0.168214630483481,265,193
"6572",0.849058386356201,0.204550682263716,265,210
"3833",2.98113117470351,0.421164976179035,265,242
"831",-0.552280175649679,0.125883764925333,265,158
"6211",0.738175840225914,0.19615721857409,265,207
"5122",-0.839737134511337,0.118321953674427,265,153
"1855",-0.328893604973743,0.134113759564931,265,166
"4187",0.423803010650599,0.174124122332877,265,190
"2083",0.813109712110515,0.201794925503075,265,203
"1177",1.07937660452283,0.222992049778505,265,210
"2800",-0.614239781773336,0.123667317407524,265,154
"4095",0.943710136466145,0.211964788400423,265,205
"3960",-0.518799437752744,0.127718181724343,265,158
"2426",0.165200032086791,0.158156741132265,265,189
"2493",-0.324510019056621,0.134335936821204,265,168
"6395",1.60484971528329,0.270162868683268,265,225
"2569",-1.07016468363747,0.115624007601074,265,137
"496",-1.7799388813178,0.114850445241552,265,96
"1920",-0.0111635696422976,0.148489246557606,265,178
"2180",-1.03352840168223,0.113682047430319,265,134
"1424",0.0645137393913435,0.152450824961147,265,179
"984",-1.1062554400528,0.115772419117507,265,133
"1448",-0.707941326608089,0.122820080728233,265,152
"6386",0.25456901671545,0.163404251898859,265,193
"3860",0.0039863630473138,0.149239606785722,265,183
"4222",1.00746304303027,0.217087976080378,265,210
"5306",0.341045366698797,0.168786401104765,265,196
"2898",-0.490847334412735,0.12890516963819,265,164
"3244",0.438882335721828,0.175117402039903,265,199
"4312",0.646925378857664,0.189489480140404,265,210
"737",-1.18202440768641,0.109711201996607,265,129
"283",-0.117983089976882,0.143228436292554,265,177
"2233",0.578350161009678,0.18462318027428,265,203
"6464",-0.0911527813403499,0.144604328872511,265,177
"5285",-0.278485352864773,0.136432682281448,265,175
"1123",0.686324816862911,0.192341472830642,265,197
"1838",-0.268260480099594,0.136827080631784,265,178
"6344",-0.0335150155287854,0.147409556732243,265,181
"5500",-0.124378455595746,0.142896508641806,265,182
"3083",0.300585057739468,0.166239072797887,265,192
"5368",0.757845762331216,0.197623095105563,265,200
"1099",0.0579996339009742,0.152090453341813,265,179
"4967",-0.796826947623961,0.117941878742604,265,143
"4151",1.10503639983152,0.225130856482709,265,216
"1151",-0.165261829266279,0.140830712476682,265,178
"1249",0.0802500913743581,0.153330684413584,265,189
"2928",-0.402505755769303,0.130878166189879,265,163
"11",-1.18475045000763,0.109559098163437,265,118
"4860",-0.420591354274986,0.130427114291829,265,174
"4699",0.39627703651788,0.172328474041852,265,193
"5281",-0.738194616728355,0.121108961529504,265,143
"4210",-0.689494251856028,0.123427575167884,265,151
"5740",0.348932611997841,0.169287677022268,265,198
"3329",-0.513995369743605,0.127953615111939,265,163
"1806",3.00651764144653,0.424164363414718,265,246
"2010",-1.22219114941151,0.10974334369337,265,136
"6433",-0.213884566921689,0.138763229020889,265,175
"5680",-0.177527312703488,0.140258859679715,265,175
"6099",0.892130002370204,0.207896037700398,265,209
"5956",-0.862457809535466,0.118955335543182,265,146
"1922",0.633569352856833,0.188532013395592,265,200
"3163",-1.28617868004252,0.114177306971081,265,116
"3804",0.517729914983988,0.180423991335484,265,204
"5900",-0.360613130917671,0.13251826996766,265,169
"2029",-0.418208969695809,0.130478787353637,265,169
"3185",-1.45602415420969,0.11174811246061,265,112
"6098",0.36207990508036,0.17012651985339,265,187
"939",-0.399707311526599,0.130961435796256,265,161
"6263",-0.117229704789533,0.143267507484681,265,185
"4945",-0.125084691388009,0.142859850681699,265,168
"1583",-0.943013434685725,0.116343138784837,265,146
"2226",-0.512703950756701,0.12801488941901,265,157
"2098",-0.396811798868238,0.131051733413433,265,173
"2281",-1.00474852824655,0.112813632420141,265,144
"5482",0.970204518528493,0.214081228291732,265,211
"4616",0.0575034002029218,0.152063112390019,265,183
"793",-0.459143705987587,0.129723093129649,265,163
"1263",0.436676752270444,0.174971683999876,265,197
"4274",1.23901129688581,0.236573263682445,265,212
"1540",-0.136236993637169,0.142282558027366,265,173
"1971",0.547630180726289,0.182483014907867,265,196
"2830",-1.12248306004977,0.114923229885895,265,135
"1998",0.0977512683104328,0.154319339706871,265,186
"5502",-0.0748847732392694,0.145414744770546,265,186
"4126",0.523016267210316,0.180786258395469,265,200
"310",-1.18254069250991,0.109680875863798,265,126
"4355",0.54347457808701,0.182195410189078,265,191
"1603",-0.649368239842711,0.123678662466942,265,159
"5507",1.29756841192726,0.241719710389286,265,217
"293",-1.80634027359658,0.114922211484816,265,97
"6398",0.811879277815723,0.201701188262681,265,209
"2115",-0.866597972218321,0.119042377141308,265,139
"4163",-0.133241406656787,0.142437172319948,265,176
"3080",-0.619131921247306,0.123631717225603,265,159
"4483",0.180646621199305,0.159042354025346,265,194
"3943",0.648425923325295,0.189597345995176,265,202
"3372",-0.497914947948428,0.128648783320359,265,163
"4252",0.60780971210227,0.186698630228981,265,200
"2052",-0.273686566463891,0.136620669166088,265,169
"2044",-0.11878560095227,0.143186806065045,265,185
"1831",-0.145138783530444,0.141826691660622,265,181
"3300",-1.35289465282343,0.110801161882787,265,124
"1774",-0.43121577087728,0.130218007367256,265,160
"6065",-0.143268229510242,0.141921933357249,265,179
"1739",-1.39164919317904,0.107805416905438,265,121
"3885",1.93172994556664,0.302957854765753,265,226
"1221",0.317722668548146,0.16731284936118,265,199
"3461",0.500782461712945,0.179267875687694,265,202
"4415",1.61963524155254,0.271591364826604,265,217
"3056",-0.232829403563214,0.1380828621746,265,171
"2076",-0.0686756748058482,0.145718925152262,265,184
"6368",0.247087746345913,0.162951517894652,265,189
"1888",0.159515132981995,0.157832021203754,265,185
"2632",-0.191527545870051,0.139647203180232,265,173
"4662",0.715967143239796,0.194514235881941,265,205
"3660",0.220704885970208,0.161375848857418,265,197
"713",-1.57981673598745,0.110012177916567,265,114
"6041",1.22086629655781,0.234996474570061,265,219
"5533",1.63189971669889,0.272780370479896,265,225
"2908",-0.149594527318937,0.141601302594946,265,180
"1132",-0.845245632464695,0.11848348789652,265,157
"6257",1.23728992264742,0.236423312998036,265,213
"3033",-0.385129401669855,0.131459269619245,265,173
"6165",1.50812724882267,0.260952042221532,265,220
"5717",0.856908073384455,0.205156824346163,265,206
"3902",-0.0864665515241343,0.144839857427524,265,182
"845",-0.373011609840087,0.131952016732382,265,166
"5444",1.47310481550472,0.257674778860769,265,221
"2001",-0.695743449797442,0.123263380506882,265,158
"5393",-0.351623159884893,0.132957586099213,265,167
"3498",0.257860474399459,0.163604233353379,265,193
"6405",0.393964604502608,0.172178607955003,265,201
"4282",1.33840492511049,0.245360983940871,265,219
"6385",-0.337602836918746,0.133668629162599,265,171
"4778",-0.0664222562897567,0.145828693002486,265,187
"4251",0.805244358409994,0.201196393463923,265,208
"888",-0.480213051567642,0.129234962101147,265,167
"4579",0.616775019828486,0.187334738592112,265,201
"318",-1.22361399962232,0.109828675425387,265,128
"5871",1.23022869426777,0.2358090013367,265,213
"5724",0.676765637876077,0.191645736847392,265,202
"2589",-0.792121577493729,0.118056693559746,265,151
"505",-1.13936726977866,0.113533106997779,265,130
"6336",2.21994563165599,0.333794978836947,265,229
"56",-1.43554301277298,0.109673846269067,265,122
"5710",1.54838232510451,0.264757124705936,265,225
"4721",1.40527480537044,0.251416045235928,265,224
"1758",-0.633326629091611,0.123615872044863,265,160
"3701",0.64006071264964,0.188996777017698,265,192
"4217",1.24823415017373,0.237377976695148,265,215
"1498",0.565028492674831,0.183692072809985,265,192
"4655",0.167481038703976,0.158287188749606,265,183
"76",0.611873033719794,0.186986671049436,265,205
"2406",-1.01709511022077,0.11299853598852,265,140
"4836",0.782523426856321,0.199476298026681,265,212
"4453",0.366429854245429,0.170404972198157,265,199
"80",-0.312436893242014,0.134933671741806,265,177
"3889",0.79950635955246,0.200760747096584,265,205
"2799",-0.95854363489927,0.115037106122849,265,137
"5345",0.33521391058367,0.168416725431722,265,190
"4823",0.311067961176984,0.166894922084046,265,198
"6237",1.65887547301085,0.275408545204735,265,223
"453",-0.077220898989663,0.145299598053724,265,182
"5028",1.16526663860666,0.230217737842639,265,213
"4402",0.820078981847213,0.202326591634841,265,209
"1445",-0.486666211078575,0.129042636577409,265,166
"4264",1.12703558293652,0.22697802327685,265,211
"6089",0.662331484778117,0.190599777874653,265,202
"4898",0.731946983654162,0.195695114329197,265,204
"2471",-0.378013373673905,0.13174052358275,265,173
"3481",1.05724768223283,0.221161136276998,265,213
"5238",0.786304669009088,0.199761639558052,265,206
"1029",-0.365961125815745,0.132267400930317,265,174
"3713",1.9747607634983,0.307455352563244,265,227
"2102",-0.030215892858804,0.147567641745947,265,181
"2276",-0.882555209781267,0.119199985125077,265,147
"5449",1.72945593892506,0.282368338165007,265,221
"6155",-0.2724650517756,0.136667680981475,265,164
"1293",0.340397167784135,0.168745269798794,265,199
"4975",-0.434867758916844,0.130152168016798,265,167
"3391",-1.04375272376831,0.114251415601481,265,139
"6380",0.410518481368844,0.173254757732523,265,200
"3921",0.296139637148557,0.165961933005028,265,189
"4725",0.352089885050554,0.169488748508948,265,194
"2841",-0.871967781642231,0.119130134549348,265,154
"1762",-0.585190706447034,0.12431693882282,265,158
"2503",-0.725005670274352,0.121943129414017,265,153
"433",-0.937324308974822,0.116808183869479,265,140
"5880",0.813264081225464,0.201806688424852,265,206
"379",-0.890910049619079,0.119140584585076,265,145
"1851",-1.0140140931919,0.112921488788258,265,133
"6414",-1.27454156228792,0.11369741479308,265,126
"304",-1.33053057111785,0.112910393374577,265,125
"6058",0.0586087062399661,0.152124033899415,265,186
"2203",-0.709270493185135,0.122762048729888,265,164
"575",-1.47188497422765,0.113167846498872,265,120
"644",-1.54560434170437,0.112531009059908,265,97
"4929",-0.094642699514318,0.14442785068038,265,182
"4435",1.07927063467693,0.222983252020385,265,214
"2907",-0.941752231868016,0.116447779740186,265,143
"4311",0.940271394008822,0.211691411757352,265,209
"186",-0.21018959412233,0.138902131598011,265,185
"2447",-0.75877571049297,0.119719530445673,265,161
"492",-1.13535784453566,0.113899088429082,265,125
"659",-1.80948609992431,0.115026496954064,265,92
"1162",-1.14274902327253,0.113212109512579,265,141
"285",-1.6251908569633,0.110677604544446,265,102
"594",-0.993324800723657,0.112958511750003,265,138
"4053",-0.788495042681003,0.118168846712328,265,159
"2473",-0.86357470429993,0.118980290502894,265,141
"2877",-1.39922080451457,0.107684888109145,265,116
"5836",-0.0750930812860193,0.145404493437322,265,181
"1089",0.196385603871916,0.159951724711044,265,180
"12",-1.64713064385774,0.112715813137334,265,96
"779",-1.30745588296097,0.114185284836608,265,129
"2215",-0.576766088674602,0.12465003452484,265,167
"2011",0.162071498772327,0.157977975757017,265,184
"3749",0.227603558936461,0.161784676473351,265,190
"4371",-0.0545537322595262,0.146402296586637,265,180
"4618",-0.384600694586401,0.131479332350538,265,162
"2272",-0.931171408965786,0.117284264347663,265,148
"2193",-0.833958764671524,0.118162618507821,265,147
"4160",0.51748277576749,0.180407074109346,265,196
"3063",-0.821088280282251,0.117891914077874,265,156
"5404",-0.740508956469512,0.120953947409706,265,150
"4008",1.21273049951373,0.234292234534072,265,215
"4621",-0.0227804880669688,0.147925175301491,265,177
"4602",0.827715915895391,0.202910619727847,265,206
"4175",1.49840368392408,0.260039041250561,265,220
"3262",-0.708230676448461,0.122807606586124,265,152
"6174",0.202534550978426,0.160309433208321,265,189
"6366",1.67124002468041,0.276619112457984,265,222
"3333",-0.271479460613152,0.13670537626637,265,169
"6064",-0.760902188755716,0.119581470839136,265,151
"1228",-0.853139451394798,0.118714217718806,265,137
"818",-0.794152163851302,0.118002841948806,265,149
"4141",0.86554676221421,0.205825715447339,265,212
"533",-1.42375927239811,0.108646241770331,265,112
"3411",-0.522180808531997,0.12754591171177,265,161
"6339",1.28090376141561,0.240246101556819,265,217
"2560",-0.986049735266394,0.113211329428377,265,137
"2764",-1.21903621852638,0.109570528248174,265,119
"1502",0.0774951833645761,0.153175868529746,265,190
"3753",1.03680397689052,0.219480827769222,265,208
"321",-1.23520893768837,0.110660659438177,265,133
"4815",0.96221927158236,0.213441452107068,265,215
"386",-0.289959928462137,0.135959908294719,265,175
"850",-0.305416880256606,0.135267850253882,265,172
"2037",1.45691828192804,0.256170599656717,265,216
"1707",-0.67104062129973,0.123684381871278,265,154
"2823",-1.34222344343009,0.111869446403235,265,125
"4259",-0.594931905806155,0.124010679267326,265,151
"921",-0.191002538245646,0.139669309092179,265,171
"2733",-1.24130963560836,0.111164312734402,265,129
"3930",0.0814106438148677,0.153395984803055,265,183
"2590",-0.472630562923911,0.129432636851612,265,159
"3514",-0.190368959931096,0.139696073109362,265,183
"427",-2.04435933377286,0.1246096317378,265,87
"6090",0.28668993332018,0.165374911670034,265,188
"1264",-0.597063837982813,0.123955619917003,265,151
"5553",0.594541849164763,0.185761100864092,265,198
"2913",-0.566896139207531,0.125108850869319,265,157
"952",-1.60376750947718,0.109600193790493,265,108
"6304",0.0872151401480314,0.153723224065968,265,187
"1561",-0.313350220060894,0.134889386849618,265,175
"1344",-1.25985704900412,0.112714879114757,265,123
"974",-1.37309411148777,0.108874243009345,265,122
"6105",0.440540577633652,0.175227057343574,265,199
"4603",1.31478532679469,0.243249662689719,265,216
"4977",0.436961121475175,0.174990463221051,265,190
"2643",-0.867080495219957,0.119051494709374,265,146
"2314",-0.777574557321585,0.118622506401086,265,154
"2667",-1.35812834791818,0.110269100664491,265,113
"6420",0.921173140200731,0.21017863492805,265,209
"82",-0.87236737159185,0.119135385914619,265,143
"4440",0.940318497022161,0.211695154353394,265,201
"6574",-0.0645949396607013,0.145917479538386,265,181
"193",-0.448016851915701,0.129924830022875,265,169
"5475",0.45957878981645,0.176492106479243,265,196
"2358",-0.837120511405164,0.118247954606784,265,149
"2673",-0.18665297823381,0.139854955877322,265,171
"1414",-0.228042643349427,0.138250926971174,265,168
"2959",-1.25780720742623,0.112553386341972,265,130
"2402",-0.735394545147531,0.12129390005573,265,146
"2874",-1.22026698069441,0.109635153521644,265,127
"1478",-0.863823279290521,0.118985702855433,265,148
"4230",-0.337931027574948,0.133651828816773,265,168
"6452",-0.0389667113121234,0.147148736583107,265,173
"2635",-0.509568561782141,0.128159886809501,265,162
"2062",-0.321976729810257,0.134463316290712,265,171
"1747",-0.00739670932815439,0.148674063040555,265,176
"1374",-0.282103188791353,0.136287283635581,265,173
"770",-1.54016676222463,0.112948681962158,265,103
"6001",1.47290576505642,0.257656241177314,265,220
"6517",0.791645079590295,0.200165264868392,265,208
"424",-1.07440151756933,0.115773857816753,265,136
"2492",1.31100481376062,0.242913060159,265,217
"1394",-0.935270810154451,0.116970722839282,265,136
"514",-0.562247291197188,0.125345551323541,265,162
"2987",0.0116757432222293,0.14962833408635,265,182
"2761",-0.893323903734014,0.119102747238807,265,138
"4728",0.203594540412807,0.160371250493903,265,192
"5229",1.25012192573143,0.237542959296383,265,211
"2510",-0.354355952577873,0.132822091482042,265,170
"2952",-0.853890309550721,0.118735348058294,265,150
"889",-0.904106963202953,0.118815339794532,265,141
"4649",0.461398103103097,0.17661358312117,265,196
"5286",-0.415185290893442,0.130547428631769,265,172
"10",-1.61487450819473,0.110002366853053,265,99
"6206",0.0577569684872314,0.152077081150295,265,182
"1646",1.31630837716388,0.243385373216719,265,223
"5728",1.84780132169812,0.294301951655865,265,225
"363",-0.843740360770349,0.118438910048572,265,146
"3983",1.79214068840316,0.288648830020618,265,226
"394",-1.19379031003392,0.109207254838907,265,126
"2621",-0.374449140114135,0.131890129524274,265,171
"5363",0.163814168075322,0.158077531848467,265,183
"4817",0.355586851120027,0.169711727931816,265,193
"2007",0.365818816675227,0.170365830237081,265,198
"6119",-0.0865965668961125,0.144833345612411,265,180
"4288",-0.536671110065758,0.126761274979139,265,154
"849",-0.523369842738446,0.127484161128875,265,162
"1618",-0.948933055577977,0.115844918115393,265,135
"1301",-0.536534719690889,0.126768906054921,265,164
"5303",-0.120878366160995,0.14307820219765,265,178
"1277",-0.0414366297927919,0.14703064114524,265,182
"5352",-0.61739830023806,0.1236422442336,265,152
"2882",-1.04397716362506,0.114264400985519,265,137
"628",-1.07290278091075,0.115724150990086,265,133
"6141",1.96357516392434,0.306282455343823,265,226
"4785",-0.363158916935139,0.132397719403718,265,166
"6316",0.663027452222315,0.190650083847302,265,196
"3039",-0.246202416882853,0.137618047362004,265,172
"4962",-0.428355676462123,0.130271374142756,265,166
"2371",0.982385381981227,0.215060304138531,265,211
"3117",-0.89415770761178,0.119087453424326,265,143
"4",-1.48313917466471,0.113902275770818,265,118
"1389",0.00759872070503952,0.149421516898888,265,181
"536",-1.31019608910908,0.114100432515696,265,126
"3073",-1.36685402644236,0.109419824735241,265,113
"1911",0.164565440875626,0.158120466773818,265,180
"5457",0.139735816049233,0.156705160756912,265,184
"4718",0.075304213209163,0.153052953337605,265,188
"1910",-0.436273584348646,0.130127365303882,265,162
"4052",0.361841332576617,0.170111261403371,265,189
"473",-1.3670388020367,0.109402755836964,265,125
"5895",1.66700899613823,0.276204450658671,265,216
"5835",1.72819043561736,0.282242498991578,265,226
"2500",-1.24367588957592,0.111365498057947,265,126
"5489",0.639246262493901,0.188938403542133,265,201
"5225",-0.600295213905816,0.123880469459689,265,153
"251",-0.783609011137575,0.118351217669348,265,154
"5746",0.422510106758664,0.174039280764371,265,198
"155",-0.382941236366136,0.131543188068327,265,178
"5119",0.905950702136765,0.208979557008445,265,202
"3348",0.248442340731333,0.16303330267993,265,190
"2985",-1.321334132038,0.11356346856468,265,120
"1695",-1.12782236228201,0.114530595303234,265,132
"4469",-0.305675856535899,0.13525572802216,265,172
"3945",-0.884531513383886,0.119195658154915,265,145
"5414",-1.16792365682498,0.110771802386009,265,127
"2950",-0.383639390812647,0.131516160435757,265,170
"173",-2.44651711504564,0.144648914330025,265,46
"120",-0.716458106515815,0.122416821971218,265,152
"1300",-1.38544724462577,0.108050530146376,265,112
"2516",-1.58743604282623,0.109700569348097,265,113
"1992",-0.740513683891787,0.120953629113126,265,154
"1629",-0.879240560399113,0.119194419525774,265,154
"1158",1.90085285307558,0.299755278593734,265,225
"696",-1.32930803285547,0.113006834437444,265,122
"5990",-0.888357813629563,0.119170323437087,265,147
"4179",1.03469096894151,0.219307767024249,265,210
"5511",-1.04064075010814,0.114072610670904,265,138
"4704",-0.0971095174629908,0.144302574747624,265,176
"3715",0.339558124077817,0.168692043221381,265,189
"1535",0.60312747188903,0.186367250801904,265,206
"924",0.444673501690878,0.17550072723403,265,197
"663",-1.64291396502709,0.112290246575748,265,98
"5806",-0.662341474039067,0.123709452198595,265,153
"4729",-0.261492808913512,0.137076611871904,265,174
"729",-1.71028625606256,0.116889030908673,265,100
"5302",-0.224636998750954,0.138371763372032,265,172
"3387",-1.0988854446697,0.115968569784662,265,136
"5068",0.322801116797484,0.167632565401813,265,191
"2435",1.14354664866549,0.228372560404973,265,214
"1576",0.207289300539723,0.160587091469663,265,193
"567",-1.67752748557411,0.115524456711677,265,100
"6153",0.661135570992867,0.190513364734725,265,200
"5268",-0.183050000671508,0.140012115010019,265,172
"2849",-0.577312538147923,0.124626664011321,265,161
"3127",-1.52658831914863,0.113825617307388,265,114
"2307",-0.921820377317364,0.117930888938595,265,146
"6059",1.19704152908699,0.232939003939549,265,210
"3953",1.61808480772135,0.271441317800225,265,223
"2710",-0.544907978651603,0.126297256284869,265,163
"6204",-0.0712604291672058,0.14559261750511,265,180
"1139",0.4627800537516,0.176705924974552,265,193
"1664",-0.197525994061146,0.139399219447755,265,178
"5706",0.00352992198369478,0.149216708748689,265,178
"4748",1.5238115685993,0.262429752089631,265,225
"6136",0.252858247798606,0.163300499856165,265,187
"2601",-1.15344909910216,0.11215540184147,265,128
"3689",-0.38886689739295,0.131321390694129,265,171
"720",-1.96340441278757,0.122047419883692,265,80
"4928",-0.156193433269262,0.141272079945579,265,176
"4978",1.21278646265008,0.234297072913082,265,214
"1368",1.42810956803181,0.253509942591309,265,224
"4849",1.06054956745799,0.221433531025568,265,211
"2941",0.016011104205251,0.149850053990151,265,183
"3979",0.946727706540247,0.212204931908826,265,206
"1592",-1.10799679362058,0.1157082694439,265,142
"5596",0.0942765003868063,0.154122499743431,265,183
"4760",0.667452599919914,0.190970243127655,265,200
"4689",1.18704319678336,0.232079921189991,265,216
"1522",0.0214675002928116,0.150131780435418,265,185
"658",-0.902210904267213,0.118880013628875,265,146
"5540",-0.480594757004134,0.129224229690679,265,163
"6198",2.31215560301642,0.343986343382331,265,231
"5008",1.72313147127,0.28173982581446,265,227
"4261",0.380003103114194,0.171276839707456,265,194
"1294",-0.598807703944736,0.123913822321087,265,153
"5355",0.308788936568737,0.166752071611626,265,188
"3488",0.689306092613491,0.192558950521284,265,202
"3135",-1.07330949194014,0.115738007482447,265,136
"1330",-0.721496103206077,0.122145251685401,265,159
"3223",-0.754315456607453,0.120015850182897,265,154
"5525",2.74495023977376,0.393426183064262,265,232
"6277",1.68308953580673,0.277782729483923,265,221
"6473",0.405292312874972,0.172914168855441,265,196
"4176",0.523175298710657,0.180797168555768,265,197
"6040",0.450828583168776,0.175909279262761,265,194
"5065",-0.349376343439799,0.133070009516577,265,165
"1051",-0.0355250847401955,0.147313347757927,265,182
"51",-0.804840777038604,0.117827567601976,265,150
"3900",-0.0252394783229827,0.147806699625521,265,184
"5407",0.351895118788729,0.169476337988262,265,194
"3500",2.43704465012359,0.358005198223094,265,236
"3687",0.274988237402028,0.164652294705485,265,191
"2433",-0.0324661313509953,0.147459789329534,265,176
"6547",0.509033669114991,0.17982973995842,265,191
"6466",1.9862511241744,0.308662956111891,265,227
"5331",0.199424917953677,0.160128346799288,265,185
"796",1.04183229573052,0.219893120586498,265,213
"3692",0.431270812615771,0.174615158806722,265,198
"4926",0.0798355978815807,0.153307373628447,265,187
"2121",0.706215262830155,0.193796876643772,265,203
"6329",0.406351577819115,0.172983137368497,265,195
"1406",-0.110889907611322,0.143595687759562,265,175
"4789",0.563060773869339,0.183554932677353,265,198
"5327",2.52388673843696,0.367883711183708,265,236
"6540",0.743009242063432,0.196516492364822,265,212
"4992",1.63341694442314,0.272927717823567,265,227
"273",-1.17559910561297,0.110143351044689,265,131
"1550",0.335837213239305,0.168456200120943,265,198
"5861",0.862567435536142,0.205594811206176,265,208
"1065",-1.01234839055737,0.112888027364016,265,130
"5318",0.373734862504754,0.170873629731585,265,197
"1494",-0.196544683966127,0.139439215575225,265,174
"5744",1.06186031321964,0.221541740888755,265,216
"715",-0.942289852981169,0.116403263677346,265,150
"5845",0.282386462418766,0.165108581155701,265,189
"1197",0.053540228664235,0.151845366743326,265,182
"5476",0.599250318998938,0.186093283582593,265,200
"1036",-1.67878053100387,0.115615535820372,265,100
"5807",0.658790565390542,0.190344031739512,265,196
"333",-1.06479712163481,0.115395989532206,265,138
"6183",1.18115452208921,0.231575156383265,265,221
"2509",-0.16808486017978,0.140696353143073,265,184
"5241",0.551534693569491,0.182753658278284,265,202
"4452",-0.246886128277077,0.137594242525588,265,168
"2988",0.077738974759477,0.153189557236074,265,186
"5818",0.991418738711806,0.215788844951924,265,212
"2749",-0.544752451394389,0.126306035815553,265,168
"4646",0.125210011583116,0.155878959765071,265,184
"1575",-0.172366185138827,0.140495637954517,265,180
"4607",-0.167885922924306,0.140705770292821,265,175
"6567",1.03899533358215,0.219660426479359,265,210
"2638",-0.367966310357505,0.132175802349633,265,179
"1110",-0.337987817758324,0.133648921854998,265,162
"3798",2.16942782772981,0.32827418148338,265,229
"6553",-0.33404360521053,0.133850836090094,265,166
"6258",0.52558882487514,0.180962830665737,265,204
"5440",0.703068885283677,0.193565958743528,265,204
"5364",0.905900677806168,0.20897562636012,265,200
"2153",-1.15846553234894,0.111658908928442,265,134
"5527",1.78126921391543,0.287553005742936,265,229
"4292",1.03746947226491,0.219535357259731,265,214
"1516",0.0707535621796751,0.152798318845131,265,183
"2088",-0.0791818565872168,0.145202632431029,265,180
"2310",0.00633798065896043,0.149357888312477,265,182
"190",-0.809290924978408,0.117807615996014,265,146
"1278",-0.752173578763524,0.120160493782531,265,152
"5657",0.252263900672968,0.163264485608292,265,192
"5104",1.94902142052793,0.304760364814563,265,227
"3764",0.450943130333023,0.17591689361953,265,193
"1205",1.68645727982059,0.278114059496228,265,221
"4360",1.50636073369344,0.260785996803823,265,217
"936",-0.0811643872128812,0.145104305826082,265,178
"2781",-0.87999664003392,0.119197068481052,265,148
"3989",1.78980698541746,0.288413365822251,265,226
"3288",-0.519732528150082,0.127671156722449,265,164
"5247",-0.00306992955896665,0.148887721106816,265,189
"4735",-0.120524106897399,0.143096589738922,265,175
"1418",-0.681052907939427,0.123584579945827,265,159
"463",-0.842962062862633,0.118415941191085,265,146
"1231",-0.00464427695796212,0.14880980212443,265,181
"5870",0.16406531832261,0.158091883890578,265,191
"2483",0.406519150945411,0.172994050970978,265,197
"2227",-0.0528231660576363,0.146485426070181,265,183
"1670",-0.230755459666951,0.138155463816031,265,173
"3188",-0.816020922576286,0.117832893107164,265,154
"2070",-0.908406424961507,0.118646481009979,265,151
"19",-1.3572601234913,0.110356814257379,265,125
"5147",1.99187130797276,0.309254630164937,265,225
"4767",0.680727859965875,0.19193382171674,265,198
"1430",-0.869475041092513,0.119093249893301,265,144
"3868",1.57022873417794,0.266839125186609,265,222
"4226",2.20383587256042,0.332029465831359,265,233
"5995",-0.317673327111684,0.134677514508542,265,177
"4705",-0.259792471716844,0.137138126058759,265,176
"5437",0.195155347195791,0.159880332045561,265,188
"1393",-0.967641110863949,0.114319585186513,265,144
"1696",-0.881984723647534,0.119200156344607,265,146
"4976",-0.0385394482136281,0.147169167199536,265,180
"2087",-0.0753983712342155,0.145389463748585,265,179
"4326",1.45393362450388,0.255893968309813,265,221
"4336",0.74477826941968,0.196648138347764,265,201
"2237",0.625820617043693,0.187978680640643,265,204
"2734",-0.946538482431454,0.116047459899763,265,132
"1893",1.75571737062697,0.284988282674356,265,230
"3762",0.197193030255145,0.159998611433173,265,178
"891",-0.677320063161517,0.123631943690915,265,151
"5743",0.601389223164669,0.1862443742416,265,203
"4391",0.452155812159988,0.175997529827458,265,196
"655",-1.72576104410391,0.116789431162173,265,98
"1726",-1.31416573011157,0.113943662550772,265,123
"4030",1.27723139534932,0.239922326088628,265,214
"4998",1.27369238100697,0.239610636317006,265,216
"5201",-0.239948949497157,0.13783519770864,265,174
"5497",2.50539180164785,0.365771606184005,265,235
"1941",-0.178162239134981,0.140230138074165,265,165
"4459",-0.408841606213956,0.130703731564312,265,167
"6388",0.0954667109927391,0.154189900066731,265,180
"1318",-0.157079550233953,0.141228348140679,265,178
"3257",-0.0292077682785773,0.147616004356387,265,184
"5221",-0.231680930838535,0.138123030136867,265,175
"1319",-0.42666236927088,0.130303875409635,265,163
"4314",-0.237604547720898,0.137916577965529,265,172
"865",-0.737900969106987,0.121128502035075,265,153
"3123",-0.595714624519537,0.1239899587468,265,160
"5478",0.678868170815531,0.191798555842274,265,204
"4063",1.3795895979118,0.24907669626135,265,216
"4632",1.96068497426001,0.305979827986172,265,228
"311",-0.973223145639626,0.113924213330912,265,135
"856",-0.151876250819794,0.14148679670245,265,176
"4136",1.39563943068519,0.2505364991228,265,217
"1175",1.05626684081659,0.221080273987834,265,212
"4809",1.08146983195985,0.223165891456523,265,209
"3869",1.29260629035914,0.241280176123819,265,216
"1712",-0.589637307993791,0.12416615604658,265,158
"4921",1.48413276749159,0.258703386551552,265,223
"2143",-0.837295242202963,0.118252812621787,265,156
"4442",-0.37328849687487,0.131940029292387,265,167
"6169",1.82124010977885,0.291595440016152,265,224
"1567",-0.410542370078066,0.130660101629359,265,169
"4494",0.700672491912396,0.193390258232814,265,213
"5042",1.06361246751879,0.221686460555871,265,204
"1983",0.935092282320403,0.211280249417866,265,206
"5140",1.59109334122792,0.268838648906947,265,220
"2151",0.106230153442346,0.154800357352998,265,191
"6078",0.721737928977094,0.194939915593249,265,205
"5152",2.26740125941853,0.33902205127372,265,231
"2657",-0.722198425451151,0.122105612984127,265,153
"2355",-0.740618530712611,0.120946568234218,265,149
"4856",1.15703061217026,0.229516632901964,265,215
"1894",0.152727033703703,0.15744488447158,265,184
"5559",1.8041454320553,0.289862067405533,265,227
"2682",-0.213954907137408,0.138760608872292,265,170
"680",-1.54204936613411,0.112807173074615,265,113
"5960",-0.198784496360403,0.139348248655287,265,174
"4668",0.957577458950185,0.213070302210414,265,215
"3459",0.160246517403087,0.157873769240676,265,193
"2933",0.613269103047094,0.187085735394745,265,201
"556",-0.683464226156126,0.123547007961315,265,161
"4922",0.249475966231228,0.163095765456833,265,191
"4352",-0.36650411870945,0.132242455724959,265,165
"16",-1.44207002036044,0.110323642171831,265,108
"3579",0.932358213763294,0.211063472832091,265,209
"5916",0.00629612404358736,0.149355778444099,265,185
"672",-1.40346423680456,0.107706962704954,265,117
"4123",0.113596494417737,0.15521878706837,265,186
"2219",0.779595124302785,0.199255573676528,265,200
"2690",-0.666844767892566,0.123702577769021,265,150
"2812",-0.164494458198372,0.140867498798008,265,186
"1411",-0.501699000887716,0.128498959798213,265,158
"6488",0.343019843273303,0.168911752107563,265,194
"4639",1.52248732482636,0.262304748290998,265,218
"4561",0.822597761388932,0.202519048188645,265,209
"5012",0.0284562227409931,0.150496981503578,265,185
"2858",-0.523703179531166,0.127466746437525,265,167
"2588",-0.155718759056342,0.141295555572893,265,179
"5266",2.08332306923652,0.318973387227486,265,236
"4714",-0.246003157483882,0.137624981285029,265,178
"1369",-0.0306609256898899,0.147546301397828,265,177
"3138",-1.14162252980659,0.113320106827347,265,134
"6576",0.149479838908638,0.15725986979847,265,191
"5176",0.776301000119402,0.199007538475957,265,211
"6018",1.54858651712812,0.264776529387645,265,218
"752",-0.81433024998258,0.117820566978896,265,152
"6161",2.74192801995907,0.393073758756666,265,234
"5615",1.37874535436489,0.249000091225602,265,213
"3576",1.09598238197434,0.224374249457084,265,212
"508",-0.960453235780675,0.114880918593611,265,143
"2551",-0.706125588016148,0.122896321760691,265,147
"784",-1.41563889925059,0.108118042561153,265,117
"5891",1.78060546648615,0.287486190242529,265,233
"6559",1.17634659703595,0.231163693769473,265,211
"1825",0.608813348714872,0.186769735869928,265,205
"4372",-0.162743568748377,0.140951841377898,265,172
"4022",2.01251696697861,0.311433781468178,265,230
"440",-0.242070156264052,0.13776160169311,265,173
"3581",0.766346587697178,0.198259705072635,265,209
"5299",0.163398851803132,0.158053800863181,265,190
"6015",-0.734698549047331,0.121339341546481,265,148
"6491",-0.314543619167962,0.134831263031051,265,176
"4523",0.990043730696067,0.215677815508482,265,206
"5097",0.463057178868933,0.17672444953508,265,197
"3346",1.15060828861078,0.228971134698819,265,215
"2875",-0.85084723739478,0.118648510395653,265,140
"2620",-0.358401735580815,0.132624505392326,265,170
"3975",1.38551967451961,0.249615294543819,265,222
"3586",-0.676806067469974,0.123637479063691,265,153
"6470",0.0986643629468289,0.154371097170231,265,190
"1111",0.789980649815414,0.200039389677279,265,211
"5338",-0.00856422675333283,0.148616666130844,265,175
"2641",0.13331207755612,0.156339719914576,265,195
"3810",0.384826262211332,0.171587781805886,265,193
"6033",-0.219755017563077,0.138547392588476,265,173
"6175",0.580059108113489,0.184742959966821,265,198
"5933",-0.241753254044665,0.137772597540982,265,168
"204",-0.739405889558235,0.121028041534511,265,162
"2917",-0.364955527645611,0.132313866457163,265,168
"4512",1.99647411506574,0.309739689757748,265,229
"6207",0.0596800482581868,0.152183160556464,265,191
"3324",-0.184955510177405,0.13992861839516,265,181
"4468",0.332409740655964,0.168239248208348,265,190
"4694",0.911001740745624,0.209376771149696,265,211
"1686",0.382249162672266,0.171421564535887,265,195
"63",-0.51014553132099,0.128133613751913,265,168
"5072",1.29190738928115,0.24121831987213,265,218
"3842",0.490501457934279,0.178570538398005,265,198
"5218",0.180990819658783,0.159062156569075,265,188
"2714",0.860069010629798,0.205401353105656,265,215
"2715",-0.964521499568278,0.1145572016075,265,142
"6300",0.781020860519232,0.199363012749113,265,210
"3378",-0.0333514837124176,0.147417387047937,265,179
"5776",0.434454639767339,0.17482502553576,265,191
"1813",0.534210575768629,0.181555914880381,265,202
"2374",-1.12690570481038,0.114601508531222,265,131
"1756",0.243468479360486,0.162733418707495,265,197
"4019",0.621376887135573,0.187662069715706,265,202
"686",-1.8175723623522,0.115385448358782,265,92
"4676",-0.0882414764170431,0.144750847967541,265,179
"4460",1.24871452149332,0.23741995015093,265,214
"2478",-0.824249727891827,0.117944035248811,265,158
"166",-1.01975967575003,0.113080164721916,265,145
"1676",0.718707977334249,0.194716303717801,265,207
"3347",-0.805024053692443,0.117826143026263,265,151
"247",-0.621184990178497,0.123622036931751,265,147
"4783",0.335798709897792,0.168453761378113,265,202
"5270",0.343757410981905,0.168958600660642,265,191
"4383",0.388193069121792,0.171805197243173,265,196
"1360",-1.05975631788702,0.115149636507609,265,138
"3529",0.213285598165598,0.160938638152257,265,187
"1985",0.341455230854015,0.168812414053363,265,191
"207",-0.574868658108627,0.124732956195486,265,169
"2964",-1.03712135410436,0.113875168665443,265,144
"3866",0.71113261707913,0.19415829069841,265,197
"6354",0.251403978438273,0.163212407189061,265,191
"5752",1.02401175412687,0.218434864330915,265,212
"199",-0.36959514941617,0.132102476005671,265,181
"4231",0.753682509787277,0.197311998059573,265,202
"4441",0.221876760149628,0.161445138563309,265,190
"3703",0.958404916470547,0.213136423585788,265,211
"4077",1.81660413798872,0.291124697010871,265,230
"940",0.14176582574655,0.156820679748863,265,180
"3297",-0.289471940753323,0.135980718673799,265,169
"1642",-0.86648714339748,0.119040250907989,265,140
"951",-1.74795136747065,0.116052657356061,265,96
"1380",-0.722332206548142,0.122098015374552,265,150
"4793",0.129836966404092,0.156142074211037,265,186
"2459",-0.225003188004322,0.138358710386378,265,175
"642",-0.884960607961185,0.119193941916416,265,142
"4249",1.3260355654695,0.244253516069842,265,217
"2573",-0.72857243323482,0.121728016314518,265,156
"4659",1.32308312335971,0.243989756056135,265,218
"5232",0.373339837834395,0.170848252744104,265,196
"4256",1.33067519194456,0.244668455581376,265,217
"4033",-0.118004427011712,0.143227329578312,265,174
"431",-1.26352298038079,0.112991380240806,265,126
"4588",-1.40307012787045,0.107702191128632,265,115
"5747",0.395174216268816,0.172256983155387,265,190
"5804",-0.022237370063258,0.147951379645632,265,189
"3624",0.740765606386302,0.196349644205482,265,207
"3065",-0.874169829002478,0.119156695746076,265,140
"1141",1.40978401786973,0.251828475027465,265,221
"2557",-0.517430357091405,0.127786437962714,265,160
"4947",-0.751391677011813,0.12021355350511,265,155
"3662",1.18868202969942,0.232220557451091,265,214
"3723",0.732155031628782,0.195710532615791,265,196
"3051",-1.00693787741802,0.112821478613225,265,142
"1082",-0.372879340576015,0.131957754336924,265,170
"625",-1.33069274327158,0.112897396905598,265,120
"5325",1.55071087580568,0.264978472298028,265,224
"2777",0.0504987532652303,0.151679036926707,265,186
"1879",0.471446320220615,0.177286340852606,265,201
"274",-0.39676844286747,0.131053117761486,265,167
"3668",-0.0949160562835524,0.144413989818465,265,179
"3666",0.539098140463637,0.181893018078952,265,198
"5777",0.379323690749415,0.171233087457214,265,198
"42",-0.991294043929172,0.113016886374404,265,134
"3428",-0.672738253270161,0.123673358061531,265,156
"323",-1.18810184569931,0.109400347749384,265,131
"4691",1.42634751070768,0.253347892024579,265,224
"4865",-1.00713424955311,0.112822729921627,265,136
"6159",1.02813044143577,0.218771172976389,265,214
"531",-1.28638950445509,0.114183087984298,265,125
"5279",0.400526355250755,0.172604254168277,265,194
"1600",-0.335364391740593,0.133783234087209,265,170
"2703",-0.996602996842914,0.112884867048133,265,131
"3176",-1.37080006633191,0.109066839684265,265,114
"1980",-0.0911421617004829,0.14460486450239,265,184
"3783",1.13462176777391,0.227617886764524,265,212
"5955",0.140692903499743,0.156759622027944,265,188
"6005",1.25553289875862,0.238016361483082,265,211
"4183",0.958318405370063,0.21312950974129,265,202
"2624",-0.927625904477414,0.117541709228727,265,138
"3181",-0.972394034412373,0.113980190429547,265,137
"3420",-1.04670701439313,0.114422707241152,265,133
"2211",-0.857820007036888,0.118841736146008,265,141
"3510",0.654171641686599,0.19001092531085,265,198
"3791",0.246629670992773,0.162923880372259,265,190
"1305",-0.158426398939106,0.141162114246815,265,181
"5192",-0.236248817523829,0.137963695184466,265,179
"457",-0.410767867754887,0.130654414391228,265,166
"5759",0.243016623462817,0.162706232494596,265,185
"2629",-1.0423745874007,0.114171898404612,265,136
"6531",0.74620100353083,0.196754073062233,265,203
"6485",0.482325768400661,0.178018216053199,265,197
"4047",0.738477406206711,0.196179616660187,265,204
"5443",0.981695532569765,0.215004753700307,265,208
"736",-1.57838993710916,0.110086515387799,265,108
"611",-1.31641202098556,0.113837651819622,265,120
"767",-1.58641127337336,0.109733524506182,265,105
"518",-1.03860898108713,0.113957815990286,265,143
"6510",0.75070832307839,0.19709002786027,265,204
"388",-1.45117283882493,0.111258678042126,265,114
"1462",1.26032726700331,0.238436447783958,265,217
"1763",0.370712075263924,0.170679540532096,265,198
"4449",1.30347599205417,0.242243817895353,265,218
"477",-1.79074374706506,0.114712347559908,265,95
"847",-0.909551458277592,0.118596372179353,265,148
"1978",0.713106517742342,0.19430354638617,265,199
"1388",-1.00607437454196,0.112817041720701,265,142
"5983",-0.570273064764094,0.124944549558455,265,159
"2382",0.0214784437550634,0.150132348478152,265,175
"332",-1.18646135203844,0.109474045996808,265,130
"22",-1.05856166187413,0.115087498931209,265,129
"1434",-0.405096167191046,0.130804527656195,265,168
"1622",-0.0777620136257286,0.145272869596432,265,180
"3760",-0.0571196811222126,0.146278838356461,265,183
"2488",-0.187239179255022,0.139829675152509,265,178
"4129",0.696496849852279,0.1930844669846,265,205
"1253",-0.897379125719988,0.119017515352227,265,146
"203",-0.9795797216929,0.113532356485182,265,142
"3382",-1.0391779849471,0.113989762673896,265,133
"5495",0.431373569393854,0.17462192731919,265,198
"5768",2.2242801023581,0.334270787523148,265,232
"3756",-0.268858373205875,0.136804633509919,265,175
"3024",-1.50529360829197,0.114454110197197,265,107
"83",-1.63149461539894,0.11120210395157,265,99
"3814",1.75879797488526,0.285296682096655,265,229
"532",-1.85058573415602,0.117813624387961,265,95
"1147",0.146241199619291,0.157075431998909,265,186
"6200",2.10031404960483,0.32079746528808,265,233
"5905",2.39584101538287,0.353354336046549,265,244
"5884",-0.12249700684908,0.142994178340066,265,178
"2144",-0.900106499351156,0.118944724451269,265,145
"3049",-1.05296782190163,0.11478207031929,265,133
"1363",-0.61796072901116,0.123638585619571,265,154
"5853",0.81805258788955,0.202171875484852,265,198
"3400",-1.33100354784267,0.112872358286408,265,111
"598",-0.821591687676983,0.117899472091394,265,144
"718",-1.88950144486438,0.120768385215631,265,90
"1215",-0.281192958026251,0.13632417359081,265,177
"2693",-0.295840320480593,0.135704094511793,265,179
"1993",-1.53513050723279,0.113306640700659,265,111
"2257",-1.4622387134924,0.112345614656565,265,109
"6446",-0.0060233749337422,0.148741714495162,265,180
"3179",-0.777328738844335,0.118634558644342,265,148
"5132",-0.824231160726544,0.11794369781257,265,146
"1968",0.400983897495894,0.172633978732955,265,202
"805",0.309949364325511,0.166824789854749,265,188
"4895",0.702553889573207,0.193528187157922,265,202
"2328",-0.444774260021689,0.129980693015506,265,168
"4654",1.459709074363,0.256429467464634,265,224
"3593",0.919408905353206,0.210039361152968,265,207
"5135",0.225254240315644,0.161645199877561,265,186
"1039",-1.22839210924928,0.110145049493546,265,122
"5782",1.75375283186184,0.284791729155141,265,230
"656",-1.60253010579542,0.109578704007248,265,108
"3224",-0.450101168712028,0.129888508762878,265,160
"6352",0.607007153616111,0.186641789521377,265,198
"5815",0.319785624538574,0.167442643860472,265,192
"5275",0.181760506472499,0.159106450825669,265,195
"657",-1.70438499770307,0.116806094359756,265,100
"2229",0.119934658611239,0.155579031577801,265,191
"6454",1.87316040877719,0.29690085295954,265,219
"96",-0.618185519087367,0.123637189300466,265,162
"5207",0.102111362215226,0.154566588377852,265,185
"111",-1.30409478374012,0.114262769614298,265,126
"2370",-1.14229741397627,0.113255523231552,265,131
"3854",1.40657787132204,0.251535175241385,265,218
"1785",-0.917873032516544,0.11816965369577,265,141
"4024",0.667380833126341,0.190965046661101,265,199
"6034",-0.107623028906013,0.143764207140385,265,175
"2915",0.0722164621529996,0.152880073393384,265,183
"3337",-0.130612104938867,0.142573214954012,265,180
"5163",1.67950877739201,0.277430742638936,265,224
"2230",0.192843538024153,0.15974632822819,265,189
"2795",-1.18816786707835,0.109397546011158,265,130
"3887",0.383682575559058,0.171513995058526,265,195
"1435",-0.913455895380913,0.118409613336288,265,148
"3469",-0.707835607859943,0.12282461620031,265,155
"3880",0.702789141880901,0.193545440518299,265,204
"2330",-0.984000495286123,0.113303731835084,265,143
"5403",-0.0117253806987388,0.148461771085199,265,176
"5040",0.800403462231235,0.20082880222628,265,207
"3091",-1.33225213801045,0.112770071972933,265,124
"2347",0.0237456484354905,0.150250291466405,265,187
"2118",-0.646560682449541,0.123666589864338,265,161
"6556",0.095173581480492,0.154173298112674,265,183
"1849",0.302552952625552,0.166361948496974,265,192
"4713",1.6501534385411,0.274556838547905,265,226
"4416",1.11954654048643,0.226347806118579,265,211
"4657",0.351238421006127,0.169434499748682,265,185
"146",-1.14848007069677,0.112650512887015,265,134
"2442",0.328541143959921,0.167994714510187,265,191
"1466",-0.302530653529699,0.135401820249833,265,176
"1808",0.313685055157795,0.16705913864572,265,197
"6143",0.131968193183382,0.156263283473665,265,190
"1681",0.540789360770357,0.182009813235055,265,202
"5882",1.48937223199265,0.259193164557164,265,222
"3266",-0.486970394540147,0.129032984382165,265,165
"3036",-0.909801408361228,0.118585149919051,265,141
"2025",-0.633495509811337,0.123616273577221,265,156
"780",-1.60394821906935,0.109603734310025,265,104
"4418",1.4005005477184,0.250979939833563,265,215
"375",-1.69919012128654,0.116673494292337,265,106
"4744",-0.454546106510107,0.129809163971188,265,165
"3712",-0.0691814923996251,0.145694242022841,265,184
"2886",-0.85892199379833,0.118870051174152,265,147
"141",-0.429683868771613,0.130246367379544,265,170
"3596",0.0485531378742803,0.151573009421429,265,186
"3159",-0.643212490609032,0.123651726375176,265,160
"4401",1.98144805658352,0.308157829903374,265,232
"4737",0.819319999779242,0.20226863067771,265,208
"1364",-1.03807518004955,0.113928007272377,265,133
"3538",2.2471527771159,0.336787015222624,265,234
"5780",0.695468195974382,0.19300920702573,265,208
"6426",0.595648815839852,0.185839145467957,265,195
"4543",1.40913659380045,0.251769227206765,265,212
"4667",0.264733020993102,0.164023310706643,265,195
"2871",-0.671316925724103,0.123682738259338,265,155
"3694",0.33869658330018,0.168637406820062,265,196
"2469",-0.541939559039363,0.126464876039361,265,165
"5462",1.59237851106123,0.268962164026534,265,220
"1843",0.501446830948756,0.179313043717768,265,195
"5689",0.555179798884777,0.18300668324927,265,196
"2813",-0.791134040711373,0.118085220403131,265,152
"4608",0.973336000381555,0.2143325680101,265,207
"2261",-0.231020909064222,0.138146154656964,265,171
"584",-1.04091118113923,0.114088027713029,265,140
"6536",0.7035632297109,0.1936022222587,265,207
"4205",1.28269481091514,0.240404136094001,265,218
"2972",-0.114085020205936,0.143430449239465,265,180
"2825",-1.00214146590149,0.112819089967038,265,144
"1863",-0.799897977369732,0.117885975911197,265,153
"2742",-0.517440902116882,0.127785915674757,265,169
"1161",-0.586399568685677,0.124274162797028,265,166
"859",-0.326291750584493,0.134245870236948,265,172
"4498",0.0821341744786469,0.153436718500175,265,181
"3001",0.165563846130413,0.158177540654281,265,188
"1538",-0.10518304275155,0.143889732539895,265,177
"3485",0.552224096688441,0.182801486385282,265,198
"1899",0.0833479449619251,0.153505090153404,265,180
"4246",2.46447313142953,0.361114417031988,265,234
"5110",1.24768320091828,0.237329843665448,265,210
"1991",-0.136284790935524,0.142280094934162,265,181
"5267",1.04607049054354,0.220241131729231,265,214
"130",-0.704754151774585,0.122951558469878,265,159
"4110",2.79629752563955,0.399425189179957,265,239
"3542",1.77887592724177,0.287312136030594,265,222
"1780",-0.602995662455942,0.123825300623773,265,160
"2399",1.05784130927393,0.221210087930779,265,212
"5487",1.19993385940369,0.233188000940523,265,217
"5243",0.241339822650378,0.162605430359931,265,192
"4553",1.84193358702335,0.293702666963477,265,219
"1279",0.132276878858492,0.156280840256191,265,191
"5253",-0.640273328571292,0.123639145852025,265,155
"2112",0.0114960111088103,0.149619182448988,265,186
"3641",1.04314614453962,0.220000955432865,265,212
"1189",1.0508572472942,0.220634741323128,265,215
"1519",0.497772282864971,0.179063384083075,265,200
"4064",1.14203885360273,0.228244919706972,265,213
"4409",1.71685759336327,0.281117281832485,265,227
"5052",2.33395791796472,0.346416495864468,265,231
"347",-1.21095307064316,0.10924466992001,265,121
"392",0.0161846628305779,0.149858969196409,265,187
"6131",0.0553663962722057,0.151945562793472,265,186
"2245",0.225745285908376,0.161674331160039,265,190
"677",-1.8678435118105,0.119259315776924,265,94
"5912",1.54201410969953,0.264152466976011,265,220
"4014",1.42979451616247,0.253664975724187,265,226
"2097",-0.591084591093169,0.124121023207288,265,160
"1325",-0.445009942256581,0.129976648738765,265,169
"1069",-0.228449659794673,0.138236563507453,265,162
"1416",1.55123286285697,0.265028109990669,265,219
"5128",0.96064613520282,0.213315605461224,265,216
"4420",0.935420791328403,0.211306308863159,265,213
"2872",-0.837222518104721,0.118250789077661,265,142
"3674",-0.0623667563117021,0.146025487442592,265,178
"4505",-0.606055717235526,0.123771063170049,265,155
"2441",1.77061425691325,0.2864816757756,265,227
"4952",0.63881216986954,0.188907298308915,265,192
"1213",1.07764519593027,0.222848342079121,265,218
"3219",-1.42484626668452,0.108729769178087,265,123
"4703",-0.104793276483945,0.143909754509945,265,183
"1299",-1.68549053198031,0.116054574083795,265,105
"5532",1.68681917178256,0.278149679922329,265,222
"5161",1.41496797408023,0.25230326132039,265,222
"4503",0.933461405632024,0.211150918748916,265,210
"5769",1.174616086837,0.231015742338849,265,212
"1880",0.513977048732283,0.18016728240291,265,205
"3198",-0.726541061295955,0.121851659993808,265,152
"3456",1.7347274514075,0.282892936120087,265,225
"71",-1.10979322198637,0.115635051419971,265,137
"1220",0.279987254767819,0.1649603876252,265,199
"4330",0.976114935041597,0.21455582198249,265,208
"2432",-0.655067798163829,0.123699057486331,265,152
"6497",1.03563829081627,0.219385340938305,265,212
"3898",-0.807984283889408,0.117810338166973,265,144
"998",-0.410186638651403,0.130669119520495,265,172
"4455",0.302272277030325,0.166344416009027,265,198
"2993",-0.98041133166952,0.113486417495172,265,139
"4846",1.76568702662843,0.285987151670584,265,229
"5417",-0.190021473821218,0.139710792103195,265,172
"3848",0.181926057246369,0.159115980266263,265,187
"6364",-0.179359423362245,0.140176230125673,265,172
"6106",-0.391862720726716,0.131215939123612,265,169
"3790",1.38015623047958,0.249128121651847,265,218
"660",-0.743706175283714,0.120737495899629,265,154
"4343",0.925909833667578,0.210552957727743,265,211
"5919",0.124958843181709,0.155864678229141,265,185
"1145",-0.0299404962060713,0.147580850392,265,178
"3735",0.514140750804237,0.180178471992234,265,194
"601",-1.59671329162246,0.109542342752644,265,106
"2280",-0.498231117900377,0.128636599937121,265,167
"5607",-0.159464976194473,0.141111240445165,265,180
"3992",2.08560268785914,0.319217789399284,265,234
"6000",0.442667475226356,0.17536782811643,265,196
"81",-0.470361059741368,0.129486461533504,265,161
"5485",-0.457893715800637,0.129746986550542,265,169
"1832",-0.455798610152248,0.129786185369954,265,166
"4319",0.723023139932979,0.195034837302466,265,203
"3948",1.21353685847375,0.234361957336152,265,214
"719",-1.18646058001877,0.109474082508442,265,135
"5392",1.40495459501647,0.251386777334817,265,216
"2920",-1.02437385159259,0.113251377844692,265,139
"3911",0.409661715112536,0.173198868150782,265,196
"1118",-0.458102681382015,0.129743019898977,265,158
"1022",-0.46698491527793,0.129562483042922,265,160
"3610",1.74146842337014,0.283564727961815,265,222
"5045",0.022105221088647,0.150164902702251,265,182
"2983",-0.796041268588706,0.117958603421162,265,141
"5024",0.883051025679998,0.207186924889499,265,202
"5762",0.818260336169162,0.202187732329599,265,210
"3296",-0.582161630033788,0.124429808398725,265,161
"5948",1.35657212733848,0.246994677297482,265,220
"112",-0.971063099084544,0.114072155367796,265,148
"1296",-0.348726712976396,0.133102665650204,265,164
"3128",-1.02237943555023,0.11317298845263,265,137
"279",-1.42753702782632,0.108947730809121,265,112
"6306",0.094225822201141,0.15411963046532,265,183
"5021",-0.545892744924313,0.126241690890681,265,164
"5425",-0.173943683702751,0.14042265058045,265,173
"3354",-1.06050637867804,0.115187977173105,265,134
"3766",0.544372978656659,0.182257548697344,265,204
"1602",-0.204869570006046,0.139106792351993,265,176
"5473",-0.420720328217461,0.130424374126254,265,161
"1183",1.01124279825824,0.217394988971064,265,213
"3537",1.28625759742072,0.240718746744613,265,212
"5976",-0.304195845541003,0.135324781712138,265,167
"4135",1.15612254107315,0.229439438835101,265,212
"6370",0.182113112715217,0.159126748530103,265,179
"1312",-0.792227262011658,0.118053730866684,265,148
"5015",0.483858163251969,0.178121588289065,265,194
"317",-1.2108751603397,0.109242422548683,265,136
"5676",-0.340006210072809,0.13354565750468,265,170
"2252",-0.477849562350058,0.129299692967195,265,171
"6289",-0.0573775300637619,0.146266417680316,265,181
"1625",-0.608121086209673,0.123739324824819,265,161
"712",-1.75556835348661,0.115723746619675,265,98
"3249",-0.395024649804574,0.131109589544346,265,170
"5858",0.257065665325511,0.16355589877707,265,184
"260",-1.42684318434381,0.1088900694585,265,118
"6299",0.60889290786278,0.186775373602905,265,202
"5282",1.89571435560063,0.299224340265579,265,230
"1890",-0.425842148257257,0.130319887593362,265,167
"4640",1.94099122106091,0.30392247433404,265,225
"6529",-0.276093668689229,0.136527046225134,265,174
"2213",-1.45687136487454,0.111831871349972,265,121
"6284",-0.594506536980388,0.12402218576641,265,155
"4060",0.679589275248138,0.191850995040448,265,205
"6571",0.898493054183161,0.208394282144922,265,208
"4168",0.0725140379357299,0.1528967157799,265,185
"5865",0.0601432254661199,0.152208746066664,265,186
"2313",-0.913605152418425,0.118401994093574,265,145
"3818",-0.205875779327041,0.139067638924476,265,179
"2132",-0.962463729518625,0.114719222259832,265,146
"3424",-1.12109505757106,0.11501685322008,265,130
"4870",1.18699629978025,0.232075897747623,265,217
"1006",-0.522438186207946,0.127532594841256,265,173
"1378",-1.1463378751434,0.112862348286157,265,122
"1773",-0.300192376688216,0.135508800778196,265,173
"4993",0.232572019547516,0.162080511466751,265,193
"5342",-1.14002937561992,0.113471051668732,265,133
"5703",0.349536731279575,0.169326132306811,265,187
"2958",-0.925839006438052,0.117666011879499,265,144
"5578",-0.0749154049762515,0.145413237505633,265,178
"5654",1.32428102548626,0.244096745080201,265,220
"5350",1.21971925260523,0.234897082363628,265,214
"3078",-0.18824590074815,0.139786448271949,265,177
"2658",-1.18786588389088,0.109410465902767,265,134
"4304",1.80380388846624,0.289827503925289,265,228
"851",-0.203885840498842,0.139145278475383,265,178
"5501",0.131920873345164,0.156260592135142,265,186
"2760",-0.812233812628143,0.117810752318264,265,152
"4432",2.30540130991451,0.343235033783897,265,228
"1656",-0.363855567047476,0.132365080201263,265,168
"4804",0.0575403210504698,0.15206514604308,265,190
"1148",1.4114266625136,0.251978846676417,265,219
"2575",-1.25498643419599,0.112324545696317,265,126
"5455",0.853359037861521,0.204882577313501,265,202
"134",-0.299365031656134,0.135546312747543,265,181
"1543",0.0600107065080938,0.152201424426205,265,178
"474",-1.34342543285093,0.111752793712425,265,122
"4594",1.43496400915544,0.254141075584674,265,213
"785",-1.38779966728454,0.107942777667983,265,113
"3754",0.472246453653914,0.17734004485549,265,201
"4335",0.848729833689374,0.204525346269276,265,206
"6522",0.288768633140423,0.16550378728257,265,195
"3835",0.137531439936039,0.156579739489388,265,181
"1589",-0.822535432041687,0.117914413008093,265,164
"4039",0.991737030478864,0.215814553351689,265,211
"5610",1.54120852277852,0.264076049372969,265,222
"4191",1.72411208157755,0.281837214489564,265,229
"3878",1.44011243874456,0.254615912201282,265,219
"5725",1.13064502192489,0.227282279885579,265,211
"4637",1.60236288600643,0.2699231344971,265,223
"35",-1.52337008402065,0.113986280922444,265,112
"1289",0.890009528354512,0.207730229216885,265,212
"98",-0.676667048982547,0.123638936393821,265,158
"5170",0.537169572644743,0.181759925112968,265,195
"2000",-0.291440078544224,0.135896395118254,265,174
"3892",-0.484275389242061,0.129116633142481,265,156
"3718",0.209960278202911,0.160743488598658,265,183
"5087",-0.0759186149789171,0.145363836160798,265,180
"1172",2.20818719651807,0.332505885739812,265,237
"4710",0.787107607462532,0.199822278457157,265,208
"4000",2.69536024963064,0.387653539354194,265,233
"6542",1.07497989815046,0.222627271688343,265,210
"2421",-0.637243699410109,0.123627515893246,265,157
"3350",0.0953350641373633,0.154182443807377,265,189
"5637",0.717931734844594,0.194659055314868,265,193
"3335",0.590537429961601,0.185479043271664,265,209
"5112",-0.424440163652299,0.130347691616197,265,162
"4927",-0.175869421024848,0.140334281715221,265,168
"5797",-0.39659969113789,0.131058515065294,265,167
"6116",2.0666189235291,0.317185629569,265,230
"4736",-0.298586255011227,0.135581458132866,265,180
"3012",-0.326880231303944,0.134216046313964,265,161
"3035",1.19860668831884,0.233073719718401,265,216
"2581",-0.771214069585656,0.118956973048661,265,147
"4872",0.837975586111284,0.203697569135363,265,208
"5838",-0.073936007517035,0.145461396526246,265,177
"2377",-0.694322367635567,0.123304429935397,265,155
"6096",0.324604957046741,0.167746284728612,265,194
"6007",-0.115853975656005,0.143338822401692,265,184
"6413",-0.191208331913989,0.13966063621709,265,178
"1171",0.1986991395813,0.160086137350745,265,198
"852",-0.417452232828949,0.130495635360957,265,170
"2282",-0.504536756718813,0.128380908663725,265,163
"1495",-0.0280943198036906,0.147669455672806,265,176
"3583",0.583749846902419,0.185001902038027,265,191
"5298",-0.0466369414382586,0.146781905889459,265,178
"1531",0.456472775069606,0.176284952165986,265,195
"1033",-0.166408801482437,0.140775937052295,265,182
"1212",-0.142427523941058,0.141964845672145,265,181
"6021",0.957108004449619,0.213032796331574,265,211
"4857",-0.199252646029884,0.139329380068832,265,177
"6017",-0.503778072547088,0.128412943360357,265,159
"2802",-1.21725534537611,0.109483666732879,265,120
"3503",0.019296760446034,0.150019341717699,265,181
"3720",1.60862667565787,0.270527265454712,265,218
"3189",-1.19403685674764,0.109201147478528,265,133
"4419",0.962967896561631,0.213501362349083,265,220
"4797",-0.0986846847357421,0.144222358392179,265,179
"4489",-0.201882356441659,0.139224306033481,265,170
"524",-1.6843355978978,0.115985061966829,265,108
"5003",1.05730652643521,0.221165988281742,265,208
"2223",0.321182846317048,0.167530614790048,265,202
"2911",-0.75038072715878,0.120282308814499,265,154
"6137",0.235147142369691,0.162234302893905,265,189
"4709",0.825205655465789,0.202718484976595,265,207
"4720",0.615910599524852,0.187273314326194,265,205
"6512",0.530447233469397,0.181296789289857,265,195
"963",-1.04040151574224,0.114058996393518,265,138
"6423",-1.4642653973899,0.112530444364142,265,113
"2984",0.376030432884918,0.171021178416738,265,198
"4197",1.80918398323769,0.290372270296196,265,228
"1239",-0.646463531809924,0.123666160894091,265,155
"1464",-0.199716066708744,0.139310750923785,265,180
"5244",0.058516200157283,0.152118932085982,265,185
"4488",0.784272761825809,0.199608261368882,265,205
"6188",0.618883809099894,0.187484667894981,265,207
"99",-0.975405346511914,0.113781986915392,265,141
"5973",1.63894662532789,0.273465216349447,265,222
"4001",0.426024538442326,0.174270019092283,265,198
"1268",-0.16950355020482,0.140629426188452,265,183
"6392",0.222530686975273,0.161483831372072,265,189
"1935",-0.247102542519274,0.137586703232814,265,173
"6356",0.871867591444999,0.206316346021797,265,206
"6212",2.21174181758277,0.332895325650952,265,228
"1243",0.497688483966138,0.179057695088345,265,197
"5821",0.0256549987217131,0.150350017319894,265,186
"5018",0.518332741140982,0.180465263227971,265,200
"5124",1.56652886023373,0.266485683698666,265,225
"4369",0.0462344830418168,0.151447048269214,265,176
"4508",0.774231207460469,0.198851833589883,265,208
"771",-0.998486997160863,0.112854195380173,265,146
"4173",1.60141968158562,0.269832248081755,265,225
"1028",0.67644383716053,0.191622357647048,265,206
"3658",-0.366207385485926,0.132256074969438,265,164
"1921",0.267467296938181,0.164190596836216,265,193
"4223",0.679695321650527,0.191858707967291,265,195
"2790",-0.878063905124505,0.119188719331108,265,148
"1539",-0.957962577224461,0.115085061472726,265,132
"2816",-1.8256963412065,0.115864918849944,265,97
"6095",-0.886114297937472,0.119187931170683,265,151
"84",-1.1264485033535,0.11463635293289,265,131
"4779",0.0695159167078659,0.152729233501235,265,182
"4439",0.555691744355641,0.183042247912407,265,208
"1351",-0.176554143773992,0.14030305759222,265,178
"1282",-1.0641408494368,0.11536552353703,265,134
"500",-1.68387107667419,0.115956377090804,265,100
"2833",-1.18326393064906,0.109639573183214,265,125
"6247",1.08244860998761,0.223247217199788,265,214
"902",-0.835943709275834,0.118215597492171,265,150
"117",-0.971989473246509,0.114007874791005,265,134
"1850",-0.54465128413392,0.12631174716155,265,158
"5668",-0.772779429551139,0.118870493959068,265,155
"5718",0.55960544148613,0.183314358157823,265,201
"1547",0.506428236189433,0.179652114016966,265,204
"2545",-0.823114393504424,0.117924065655751,265,146
"648",-1.43456185592757,0.109579756171935,265,119
"6118",1.53001711321362,0.263016119870431,265,218
"4474",1.40198054573879,0.251115068187226,265,217
"1384",-1.16367162204584,0.111159229680408,265,125
"1565",-0.748146032917487,0.12043469350818,265,155
"2721",-0.114809362531609,0.143392941190096,265,177
"721",-1.33016504779209,0.112939513279096,265,122
"5246",-0.179085944314186,0.140188515914386,265,170
"437",-1.59733725020601,0.109541142686649,265,106
"5412",0.445802398582853,0.175575571390612,265,202
"3632",-0.18138876923447,0.140085598590893,265,170
"1701",-1.09011191962227,0.116043236463101,265,132
"746",-1.92990029553248,0.122050312598239,265,96
"934",0.0163312339914698,0.149866500484984,265,181
"928",-0.394229762634948,0.131135845565015,265,166
"2413",-0.571196368111351,0.124900877172711,265,151
"1571",-0.874018282895891,0.119155056797168,265,145
"4697",1.60027022069111,0.269721516673286,265,219
"2905",-0.588352701969767,0.124207853304253,265,161
"2583",-0.88930987224851,0.119160450785161,265,142
"1428",-0.382636058319845,0.131555076188546,265,160
"3307",-0.0134880471705063,0.148375709975107,265,182
"5160",0.759517773030861,0.197748161343559,265,211
"4757",-0.246005333453819,0.137624905573149,265,177
"2034",0.116340565696716,0.155374734612778,265,192
"4700",2.44871502391273,0.359326856345955,265,233
"5099",1.02143467578383,0.218224656017844,265,211
"1912",0.95278117771968,0.212687381395948,265,208
"4159",0.808391393146626,0.201435684108877,265,210
"6373",1.01102382058627,0.217377192381821,265,207
"3167",-1.38820139057787,0.107926147661212,265,118
"2981",-1.02932164925754,0.113471294413666,265,138
"6285",0.631948334842345,0.188416126512385,265,203
"5210",0.31484822250944,0.16713218401651,265,197
"4848",0.889914492406148,0.207722800667028,265,214
"913",0.224751581383091,0.161615391425045,265,195
"5558",-0.289017286778538,0.136000050019479,265,167
"2394",1.07940630789802,0.222994515844149,265,212
"929",-0.133265728013327,0.142435915219436,265,171
"4333",2.38493495131322,0.352127437380886,265,235
"6443",-0.953174319768241,0.115485784788892,265,139
"754",-1.2656800630186,0.113145538202782,265,122
"3661",1.06069455210288,0.221445498200915,265,210
"5674",1.71758195250359,0.281189110579763,265,228
"2238",-0.527690074538053,0.127255201975783,265,163
"5623",0.715613605243133,0.194488185643286,265,206
"3765",0.137579415698248,0.156582468941473,265,191
"1883",0.627018294939196,0.188064102770673,265,207
"3853",0.177957711483234,0.158887769002239,265,194
"3539",1.0240228509268,0.218435769848105,265,210
"5322",0.948002579475212,0.21230645865303,265,212
"2365",-0.964912934588135,0.114526827865201,265,142
"2559",-1.45998705357275,0.112134009580942,265,113
"6109",0.470878742030698,0.177248257499845,265,196
"3015",-0.662767525124678,0.123709300296273,265,149
"5844",0.535235683554321,0.181626565054981,265,202
"1613",0.0524047132244611,0.151783187254407,265,188
"175",-1.1898832557687,0.109329286342874,265,134
"5134",0.828561128038959,0.202975348364016,265,204
"855",-0.727585079224457,0.121788475332681,265,149
"5550",0.01049136524679,0.149568086231021,265,188
"4617",0.344979424518626,0.169036248238786,265,197
"4117",1.19808876416804,0.233029134162085,265,218
"985",-1.16902614416128,0.110675340128653,265,135
"3247",-0.278966760401895,0.136413521879845,265,175
"4090",2.6840695173277,0.38634234181889,265,234
"5095",-0.54517747770042,0.126282045230615,265,152
"2847",-0.912811431319086,0.118442110658533,265,147
"687",-0.823287906276185,0.117927029179383,265,154
"6343",0.964586427609107,0.213630937695826,265,209
"1150",1.28473495472304,0.240584250298496,265,217
"2140",-0.591862741542836,0.124097571503135,265,162
"4758",-0.0930999057870503,0.144505977748078,265,182
"650",-1.53911613155473,0.113025977528127,265,115
"1560",0.0891006312710755,0.153829724834086,265,183
"1818",-0.610111913566541,0.123712352089876,265,160
"2922",-1.08493920045994,0.116008830292675,265,134
"1107",-0.280961711243484,0.136333512227198,265,162
"2822",-1.58788343778187,0.10968710556961,265,102
"5399",0.267997463020083,0.164223068619116,265,195
"2186",-1.33727639171824,0.112333120565579,265,125
"5750",0.304671613327216,0.166494366072841,265,186
"2505",0.322212320181511,0.167595463688196,265,192
"5859",-0.0692890303976853,0.145688992208692,265,186
"1641",-1.12771986091267,0.114538593814959,265,133
"4549",0.841075358249413,0.203935861483596,265,204
"1010",-1.01695719353357,0.112994680308659,265,142
"3109",-1.4357925195029,0.109697956497952,265,119
"675",-1.343080519797,0.111786404530084,265,123
"3925",1.83774791935853,0.293275652264032,265,224
"5962",1.54876732323196,0.264793712539826,265,221
"2031",-0.178227014286596,0.14022721300673,265,180
"1782",-0.418578663120391,0.130470634268998,265,172
"964",-0.734055079168292,0.121381146249122,265,153
"5702",1.06114544286887,0.221482718618055,265,211
"6460",0.261178321781123,0.163806298088769,265,194
"4941",0.55927726705814,0.183291525538427,265,205
"5548",1.31904142204175,0.243629049216069,265,220
"4487",0.421265888619395,0.173957681556102,265,193
"4233",1.99836330929569,0.309938907319136,265,229
"5517",0.0765025510639055,0.153120157045388,265,183
"2416",0.922107143680254,0.210252400144062,265,209
"6233",2.30903501116827,0.343639134704688,265,236
"1805",0.0422952715461543,0.151234076973077,265,189
"4029",1.85634364137768,0.295175788222359,265,226
"5506",1.98008418906525,0.30801448382814,265,228
"3194",-1.44199666289657,0.110316169644316,265,110
"5079",-0.34190701750476,0.13344856003532,265,171
"4622",1.24917088375769,0.237459831273536,265,218
"1630",-0.513770296071778,0.127964357824866,265,163
"612",-1.406895078663,0.107771781169649,265,122
"3730",1.16616083463226,0.230293962864688,265,217
"2994",0.0019453123182519,0.149137363598186,265,179
"1742",-0.172296933577013,0.140498854247574,265,173
"2605",-0.976700488071957,0.113701262464295,265,138
"5852",1.2541190831202,0.237892594939933,265,222
"4332",1.37704538684096,0.248845894851741,265,217
"3589",1.53534305439052,0.263520143898302,265,220
"4544",1.29031469101881,0.241077405073639,265,215
"2561",-1.08289198134786,0.115979893656055,265,132
"1477",-0.664854533908202,0.123707098074221,265,152
"399",-0.889480585943703,0.119158527577789,265,151
"6472",0.735714300188653,0.195974482045809,265,208
"2389",-0.380011640355115,0.131659137602907,265,164
"1524",1.08703220310306,0.223628391218573,265,215
"2091",-0.190525226446634,0.139689463192102,265,176
"23",-1.31494100092127,0.113908465279188,265,121
"3215",-1.1637840033884,0.111148712679284,265,130
"3743",0.227282922715906,0.161765625236454,265,186
"326",-1.51103295887415,0.114391198793612,265,108
"4027",1.00226354511949,0.216666242242722,265,208
"232",-1.60974845786217,0.109771039044493,265,98
"679",-1.6151422935575,0.11001649334383,265,100
"444",-1.32052286819587,0.113612503007694,265,116
"3052",-1.04889957238745,0.114549669647604,265,127
"34",-1.54092292319547,0.112892288589584,265,117
"5180",0.138560836827521,0.156638306158109,265,191
"3665",1.53695003151015,0.263672360967469,265,221
"5704",0.89669835026526,0.208253646856446,265,209
"5033",0.120599287724628,0.155616815012777,265,184
"4571",0.917050019090158,0.209853268514169,265,205
"2726",0.885166866389575,0.207351993750925,265,213
"2391",-0.740124347788542,0.120979822258322,265,156
"6384",1.40823167587621,0.251686433255971,265,218
"3137",-0.286172950577289,0.136119735173031,265,175
"6412",-0.342975086260714,0.133394096022632,265,167
"4107",0.617663455221007,0.187397889756786,265,204
"303",-1.26660204341799,0.113209286355732,265,128
"2086",-1.04217115868021,0.114160199584728,265,135
"4323",0.0291847055633732,0.15053532763333,265,190
"4049",2.1781818764619,0.329227557712701,265,232
"4511",0.842812974520958,0.204069546827229,265,209
"4625",-0.515547620718783,0.127878809121728,265,162
"1211",1.32084824052794,0.243790249133939,265,218
"4344",-0.119710120613449,0.143138834506307,265,175
"5979",0.662514151793232,0.190612980183008,265,207
"192",-1.94943084543342,0.12208856654405,265,87
"1536",-0.129727879813424,0.142619020433755,265,179
"2695",-1.45330994236325,0.111476046034963,265,113
"410",-1.6444277462423,0.112442320818688,265,100
"2268",-1.01310733258596,0.112902541047224,265,134
"327",-1.501068794795,0.114446463556299,265,112
"468",-1.6125970888529,0.109890286497409,265,106
"5062",-0.936757060425276,0.116853410522711,265,146
"4408",0.0609218917814817,0.152251789767446,265,182
"1272",-0.21548306510573,0.138703897776193,265,179
"1193",0.907131217393041,0.209072334290336,265,218
"1881",-1.29140792774454,0.11428797535933,265,128
"2838",-0.392636726436828,0.131189435017052,265,162
"5688",-0.168391761570619,0.140681840727221,265,180
"387",-1.47815815576582,0.11361109871646,265,114
"4212",2.42054372644403,0.356139739640588,265,236
"5484",0.334535666186227,0.168373781744327,265,190
"678",-1.46374733716272,0.112483740687144,265,123
"5825",1.7852930522083,0.287958281036324,265,222
"2934",-0.61963882239805,0.123629052386107,265,155
"2647",-0.48375864116502,0.129132196120635,265,162
"3422",0.625799130432395,0.187977148493164,265,202
"2512",-0.383845515562056,0.131508225824929,265,166
"6048",2.1926289676197,0.330803997215362,265,225
"5292",1.27484554697927,0.239712163068393,265,214
"5819",0.383510778947993,0.171502914293953,265,190
"3027",-1.18400439444762,0.109598735859973,265,130
"6114",-0.305126533503217,0.135281421286966,265,165
"4471",-0.312732941561888,0.134919336267165,265,167
"5997",1.22062008090464,0.234975136943195,265,218
"335",-1.29810563359031,0.11432730084308,265,119
"4147",0.293262192005485,0.165782874827382,265,192
"4495",1.88433192111841,0.298050320718389,265,227
"932",-0.526075475211636,0.127341567760971,265,163
"2591",-1.07931271293119,0.115909398005986,265,137
"2",-1.86427316585652,0.118970112428318,265,81
