id,theta_reference,stratum,split,used_in_run
1,-1.51317498741787,0,train,True
10,-1.61487450819473,0,test,True
100,-0.576983971697635,3,train,True
1000,-1.23078288505542,0,test,True
1001,-1.42629016316068,0,validation,True
1002,-0.78488362449289,2,train,True
1003,0.796291552230205,7,train,True
1004,-0.308009196970548,4,train,True
1005,-0.574940195980667,3,test,True
1006,-0.522438186207946,3,validation,True
1007,0.8900012396024,8,train,True
1008,-1.07904181510043,1,test,True
1009,-0.0006589192701423,5,train,True
101,-0.211984084643547,4,validation,True
1010,-1.01695719353357,1,train,True
1011,-0.0859041390631804,5,train,True
1012,0.258249626443698,6,train,True
1013,-0.253024326538396,4,train,True
1014,-0.707365019431112,2,train,True
1015,0.453549156621541,6,train,True
1016,-1.09815905047569,1,train,True
1017,-0.153202526569138,4,train,True
1018,-1.04544932003574,1,train,True
1019,-0.238824867334275,4,train,True
102,-1.07932846503643,1,train,True
1020,-0.63623551997751,2,test,True
1021,-1.29770706118732,0,train,True
1022,-0.46698491527793,3,test,True
1023,-1.01182730663813,1,train,True
1024,-0.79561478101227,2,validation,True
1025,-1.36209572630861,0,train,True
1026,-1.47402407587883,0,train,True
1027,-0.667774642656193,2,train,True
1028,0.67644383716053,7,train,True
1029,-0.365961125815745,3,train,True
103,-0.654202381476221,2,test,True
1030,-0.774635129378574,2,train,True
1031,-0.336967836097637,4,train,True
1032,-0.915004929663387,1,train,True
1033,-0.166408801482437,4,train,True
1034,-1.01755442343669,1,train,True
1035,-0.0721603030764272,5,validation,True
1036,-1.67878053100387,0,train,True
1037,-0.260687653702206,4,train,True
1038,-0.696551521774061,2,train,True
1039,-1.22839210924928,0,test,True
104,-0.354751050737254,4,train,True
1040,-0.686899384963571,2,train,True
1041,-0.057101734176694,5,test,True
1042,0.161882461360166,5,train,True
1043,-1.23786766248002,0,train,True
1044,-1.08773332687173,1,test,True
1045,-0.503871852343534,3,train,True
1046,-1.35365672961834,0,train,True
1047,-1.03752803247167,1,train,True
1048,-0.327770542446202,4,train,True
1049,-0.376744918593813,3,validation,True
105,-0.084517776485626,5,test,True
1050,-0.463119267045896,3,train,True
1051,-0.0355250847401955,5,train,True
1052,0.707040257579254,7,test,True
1053,-0.67951192311092,2,test,True
1054,0.144643260879372,5,validation,True
1055,-0.396541747578575,3,train,True
1056,-0.94651893133223,1,train,True
1057,-0.796016024792355,2,train,True
1058,-0.0601805080027242,5,train,True
1059,-0.323034921312236,4,train,True
106,-0.943832247593438,1,test,True
1060,-0.810161957075319,2,train,True
1061,-0.65772082738393,2,test,True
1062,0.109939964320186,5,validation,True
1063,0.0808714870973023,5,train,True
1064,-0.630069674317261,2,train,True
1065,-1.01234839055737,1,train,True
1066,-0.181036891412845,4,train,True
1067,0.32681911557474,6,train,True
1068,1.04558546478957,8,test,True
1069,-0.228449659794673,4,train,True
107,-1.03140296697304,1,validation,True
1070,-0.28296646392709,4,test,True
1071,1.27662754045422,8,train,True
1072,-0.270650068614131,4,train,True
1073,-0.353419060090521,4,train,True
1074,-0.145239105661778,4,train,True
1075,-0.12914524716894,4,train,True
1076,0.710793936230364,7,train,True
1077,0.825603155293105,7,train,True
1078,0.0368550095105974,5,train,True
1079,1.88873379486814,9,train,True
108,-1.40679070846004,0,train,True
1080,0.163942876759573,5,validation,True
1081,0.12618792821943,5,validation,True
1082,-0.372879340576015,3,train,True
1083,-0.086466961078643,5,train,True
1084,-0.387228467069559,3,train,True
1085,0.268859438117862,6,train,True
1086,0.548689065709064,7,train,True
1087,-1.11379738859639,1,train,True
1088,-0.266140351076899,4,train,True
1089,0.196385603871916,6,train,True
109,-0.810293574158227,2,validation,True
1090,-0.155796511177345,4,train,True
1091,-0.103421935923254,4,test,True
1092,0.118936845477981,5,train,True
1093,0.295020325407669,6,train,True
1094,0.265251909505467,6,train,True
1095,-0.0602643827482955,5,test,True
1096,0.650466772236694,7,train,True
1097,-0.900112969069384,2,train,True
1098,0.645641828631965,7,train,True
1099,0.0579996339009742,5,train,True
11,-1.18475045000763,1,train,True
110,-0.780869335796157,2,train,True
1100,0.357226075202068,6,train,True
1101,0.150227672041938,5,train,True
1102,0.433129111305526,6,validation,True
1103,0.0984036380104645,5,train,True
1104,1.28662925875868,8,train,True
1105,-0.761898649136591,2,validation,True
1106,-0.373330467795891,3,validation,True
1107,-0.280961711243484,4,test,True
1108,-0.628471859463713,2,train,True
1109,-0.315702001704572,4,train,True
111,-1.30409478374012,0,train,True
1110,-0.337987817758324,4,train,True
1111,0.789980649815414,7,train,True
1112,-0.395765703136712,3,validation,True
1113,0.366550195454194,6,train,True
1114,0.641342583154679,7,test,True
1115,1.21932457841934,8,test,True
1116,0.759015094038521,7,test,True
1117,0.16269638505077,5,validation,True
1118,-0.458102681382015,3,validation,True
1119,-0.0927961725831675,5,train,True
112,-0.971063099084544,1,train,True
1120,-0.244673553049975,4,test,True
1121,-0.300434972319705,4,validation,True
1122,-0.0413376281335837,5,train,True
1123,0.686324816862911,7,test,True
1124,-0.577380465825013,3,test,True
1125,-0.457756975345754,3,train,True
1126,-1.02974120969678,1,test,True
1127,-1.27965164799774,0,test,True
1128,0.918687485297263,8,train,True
1129,0.156557277447094,5,test,True
113,-1.10275559311316,1,validation,True
1130,-0.635304531842754,2,train,True
1131,0.857033709271858,7,train,True
1132,-0.845245632464695,2,train,True
1133,-0.0745788855717037,5,test,True
1134,-0.23951894628078,4,train,True
1135,-0.518637573164808,3,train,True
1136,-0.248839583871512,4,test,True
1137,-0.785467186088983,2,train,True
1138,-1.05953805428079,1,train,True
1139,0.4627800537516,6,train,True
114,-1.22663228533738,0,test,True
1140,-0.327019337848764,4,train,True
1141,1.40978401786973,9,train,True
1142,0.955037873477032,8,validation,True
1143,1.29746143168231,8,test,True
1144,1.73231079200483,9,test,True
1145,-0.0299404962060713,5,train,True
1146,0.105690196641164,5,train,True
1147,0.146241199619291,5,train,True
1148,1.4114266625136,9,train,True
1149,1.73935582835474,9,train,True
115,0.166243213339201,5,train,True
1150,1.28473495472304,8,train,True
1151,-0.165261829266279,4,train,True
1152,1.04542875569984,8,train,True
1153,2.29292692873634,9,train,True
1154,1.79217162543417,9,test,True
1155,-0.589658061001713,3,train,True
1156,0.5099816936035,7,train,True
1157,0.267763849728575,6,train,True
1158,1.90085285307558,9,train,True
1159,-0.0887504766874067,5,train,True
116,-0.835942226759174,2,train,True
1160,-0.185744361318316,4,validation,True
1161,-0.586399568685677,3,train,True
1162,-1.14274902327253,1,train,True
1163,0.939993287704688,8,train,True
1164,1.62660537855691,9,train,True
1165,-0.839865251423757,2,test,True
1166,0.39070066648219,6,validation,True
1167,0.95505851579469,8,train,True
1168,-0.122093894959742,4,test,True
1169,0.777634749164948,7,train,True
117,-0.971989473246509,1,train,True
1170,-0.255620076309098,4,validation,True
1171,0.1986991395813,6,test,True
1172,2.20818719651807,9,train,True
1173,0.832455922955534,7,train,True
1174,0.941629509253197,8,train,True
1175,1.05626684081659,8,train,True
1176,1.31715986933486,8,train,True
1177,1.07937660452283,8,train,True
1178,2.01856696985905,9,train,True
1179,1.75714196255519,9,test,True
118,-0.402423747807552,3,test,True
1180,1.19577533585518,8,test,True
1181,0.300070529140604,6,validation,True
1182,1.84221034401415,9,test,True
1183,1.01124279825824,8,train,True
1184,0.409047102275425,6,test,True
1185,0.462190201999289,6,train,True
1186,0.370166151483428,6,train,True
1187,-0.0433988142038015,5,train,True
1188,1.07490410770284,8,train,True
1189,1.0508572472942,8,train,True
119,-1.31684945631645,0,train,True
1190,1.6556533037179,9,test,True
1191,-0.166858023110155,4,train,True
1192,1.43622269944819,9,train,True
1193,0.907131217393041,8,train,True
1194,0.281447834125515,6,train,True
1195,1.02098732251556,8,train,True
1196,-0.324067181706576,4,validation,True
1197,0.053540228664235,5,train,True
1198,-0.0423393988355537,5,test,True
1199,0.81888515665227,7,train,True
12,-1.64713064385774,0,train,True
120,-0.716458106515815,2,validation,True
1200,0.756761076730437,7,train,True
1201,1.31275921234851,8,train,True
1202,1.11315343724396,8,train,True
1203,0.389145026403052,6,train,True
1204,0.733071873051673,7,validation,True
1205,1.68645727982059,9,train,True
1206,0.486447046924916,6,validation,True
1207,0.0412352886858319,5,train,True
1208,0.18046490283366,5,train,True
1209,0.599981775619779,7,train,True
121,-0.278591296783417,4,train,True
1210,0.606419004698836,7,test,True
1211,1.32084824052794,8,test,True
1212,-0.142427523941058,4,test,True
1213,1.07764519593027,8,train,True
1214,2.1544544755014,9,test,True
1215,-0.281192958026251,4,train,True
1216,0.687119289737234,7,train,True
1217,-0.107230202689062,4,test,True
1218,0.875778728185967,7,train,True
1219,-0.299018305492281,4,train,True
122,-0.329819574778029,4,train,True
1220,0.279987254767819,6,train,True
1221,0.317722668548146,6,train,True
1222,0.0649575517907948,5,validation,True
1223,1.364406237081,8,train,True
1224,-0.614258873148314,3,train,True
1225,-0.504721708547513,3,test,True
1226,-0.188971806673102,4,train,True
1227,-0.654499464737678,2,train,True
1228,-0.853139451394798,2,train,True
1229,-1.11402505334935,1,validation,True
123,-0.428141292928861,3,train,True
1230,-0.560336615396867,3,train,True
1231,-0.0046442769579621,5,train,True
1232,-0.998983859132589,1,train,True
1233,-0.80555532354479,2,train,True
1234,0.119806816485359,5,train,True
1235,-0.112117092340366,4,test,True
1236,-0.643674797473397,2,train,True
1237,-0.776224140846449,2,validation,True
1238,0.776992660063106,7,validation,True
1239,-0.646463531809924,2,train,True
124,-0.916527107530437,1,train,True
1240,-0.417597641338563,3,train,True
1241,-0.240861428841618,4,train,True
1242,-0.433195501243444,3,validation,True
1243,0.497688483966138,6,train,True
1244,1.21981601443439,8,validation,True
1245,-0.286149212261066,4,train,True
1246,-1.16585488274127,1,train,True
1247,0.6012919086131,7,train,True
1248,0.171155171239984,5,validation,True
1249,0.0802500913743581,5,train,True
125,-0.470830917792288,3,train,True
1250,0.10465761950166,5,train,True
1251,-0.589315352800557,3,validation,True
1252,0.0830682995731613,5,train,True
1253,-0.897379125719988,2,train,True
1254,-0.570821366934275,3,train,True
1255,-0.224062840223188,4,train,True
1256,-0.187463776274117,4,train,True
1257,0.650156966277599,7,test,True
1258,-0.49531422509289,3,validation,True
1259,0.411994525939361,6,test,True
126,-2.47909877166083,0,test,True
1260,0.614298382737837,7,train,True
1261,1.06813259660261,8,train,True
1262,-0.0843260892150848,5,train,True
1263,0.436676752270444,6,test,True
1264,-0.597063837982813,3,test,True
1265,-0.292964395955169,4,train,True
1266,0.605430404690186,7,test,True
1267,-0.45514368480581,3,train,True
1268,-0.16950355020482,4,train,True
1269,-0.018050036077949,5,test,True
127,-1.99330637106863,0,validation,True
1270,0.302857056603668,6,test,True
1271,-0.635576751986571,2,test,True
1272,-0.21548306510573,4,train,True
1273,-0.110166907264012,4,validation,True
1274,-0.488629138054069,3,train,True
1275,-0.203297220759829,4,test,True
1276,-0.553200272243611,3,train,True
1277,-0.0414366297927919,5,test,True
1278,-0.752173578763524,2,train,True
1279,0.132276878858492,5,test,True
128,1.50747824710756,9,test,True
1280,0.510120284938065,7,train,True
1281,-0.965971535133388,1,validation,True
1282,-1.0641408494368,1,test,True
1283,0.0747346653065104,5,train,True
1284,-0.866049775094409,2,train,True
1285,-0.966392402092579,1,train,True
1286,0.205418190566573,6,train,True
1287,-0.40446125576628,3,test,True
1288,0.233180472389299,6,train,True
1289,0.890009528354512,8,train,True
129,-0.917788796943608,1,train,True
1290,-0.399228761207989,3,train,True
1291,-0.757301817220395,2,validation,True
1292,-1.15823917543828,1,train,True
1293,0.340397167784135,6,train,True
1294,-0.598807703944736,3,train,True
1295,0.897208436797361,8,train,True
1296,-0.348726712976396,4,train,True
1297,-0.388813773670402,3,train,True
1298,-0.813796302679677,2,train,True
1299,-1.68549053198031,0,train,True
13,-1.27862225969027,0,validation,True
130,-0.704754151774585,2,train,True
1300,-1.38544724462577,0,train,True
1301,-0.536534719690889,3,train,True
1302,-0.27904652498594,4,train,True
1303,-1.16621891406103,1,validation,True
1304,-0.266732367208358,4,train,True
1305,-0.158426398939106,4,test,True
1306,0.759654989948349,7,train,True
1307,-1.33421066576848,0,test,True
1308,-0.758827575773064,2,train,True
1309,0.152696328936987,5,train,True
131,-2.13384552761844,0,train,True
1310,-0.837478267133477,2,train,True
1311,-1.22681827846914,0,train,True
1312,-0.792227262011658,2,test,True
1313,-1.10661208290571,1,train,True
1314,0.816686465255543,7,train,True
1315,0.11728823613835,5,test,True
1316,0.0970772786929233,5,train,True
1317,0.0529482257126925,5,validation,True
1318,-0.157079550233953,4,train,True
1319,-0.42666236927088,3,validation,True
132,-0.530082235010617,3,test,True
1320,-0.352102188324933,4,train,True
1321,0.0056892415665085,5,test,True
1322,-0.557252202676993,3,train,True
1323,-0.355382512021261,4,train,True
1324,-0.391800114726172,3,train,True
1325,-0.445009942256581,3,validation,True
1326,-0.202791308164681,4,test,True
1327,-0.744470669892005,2,train,True
1328,-0.699255596537983,2,train,True
1329,-0.438631283036858,3,train,True
133,-0.774825230361874,2,test,True
1330,-0.721496103206077,2,test,True
1331,-0.803458154923374,2,train,True
1332,-1.34787870549753,0,test,True
1333,-1.23690454448348,0,train,True
1334,0.373263093759517,6,train,True
1335,0.469218376699792,6,test,True
1336,-0.688439229621208,2,train,True
1337,-0.573521433563333,3,train,True
1338,-0.591149283691556,3,train,True
1339,-1.12918314263037,1,test,True
134,-0.299365031656134,4,train,True
1340,-0.671541551593952,2,train,True
1341,-0.728979988105559,2,test,True
1342,-0.716076221582085,2,train,True
1343,-0.595077403471489,3,train,True
1344,-1.25985704900412,0,validation,True
1345,0.385172566009692,6,train,True
1346,-0.113768998238591,4,train,True
1347,-0.457072618514789,3,train,True
1348,-0.571473594361227,3,test,True
1349,-0.799534360931004,2,train,True
135,-0.105548612383189,4,test,True
1350,-0.557442676772049,3,validation,True
1351,-0.176554143773992,4,test,True
1352,-0.84271557171684,2,train,True
1353,-0.782555829011578,2,train,True
1354,-1.11889265231651,1,train,True
1355,-0.207040069037268,4,train,True
1356,0.0141506267904519,5,train,True
1357,0.269192430184057,6,test,True
1358,-1.0279914536237,1,train,True
1359,-1.01752947970275,1,train,True
136,-0.406743185859331,3,test,True
1360,-1.05975631788702,1,train,True
1361,-1.19860580314481,1,train,True
1362,-1.39309797346954,0,test,True
1363,-0.61796072901116,3,train,True
1364,-1.03807518004955,1,train,True
1365,-0.342616876357,4,train,True
1366,-1.84073094465855,0,train,True
1367,-0.556129495746622,3,train,True
1368,1.42810956803181,9,train,True
1369,-0.0306609256898899,5,train,True
137,-1.04588476136026,1,train,True
1370,-0.597488534154863,3,train,True
1371,-0.257859529432009,4,train,True
1372,-0.667217462052312,2,validation,True
1373,-0.618219322535729,3,train,True
1374,-0.282103188791353,4,train,True
1375,-0.552757002956613,3,test,True
1376,-0.868572191889603,2,test,True
1377,0.393874020168422,6,test,True
1378,-1.1463378751434,1,train,True
1379,-1.48790728782142,0,train,True
138,-0.563973585226986,3,validation,True
1380,-0.722332206548142,2,train,True
1381,-0.141628774515095,4,train,True
1382,0.511559738711593,7,train,True
1383,-1.41478587305169,0,train,True
1384,-1.16367162204584,1,test,True
1385,-0.721195967544223,2,validation,True
1386,-0.59446398808497,3,train,True
1387,-0.0426625175782606,5,train,True
1388,-1.00607437454196,1,test,True
1389,0.0075987207050395,5,train,True
139,-0.636373730145288,2,train,True
1390,0.390085326997627,6,test,True
1391,-0.207788206849661,4,train,True
1392,-0.39177614891943,3,train,True
1393,-0.967641110863949,1,train,True
1394,-0.935270810154451,1,train,True
1395,-0.500934749350892,3,train,True
1396,-0.549140559364162,3,validation,True
1397,-1.04510790024225,1,train,True
1398,-0.281525023714581,4,train,True
1399,-1.30947646013524,0,train,True
14,-1.35698180826466,0,train,True
140,-0.468632621078934,3,train,True
1400,-0.263821837836628,4,test,True
1401,-1.14385379484554,1,validation,True
1402,-1.29824573842832,0,train,True
1403,0.27640747047807,6,train,True
1404,-1.62341291547588,0,train,True
1405,-1.12366704993601,1,test,True
1406,-0.110889907611322,4,train,True
1407,-0.499407659032603,3,train,True
1408,-0.650331098603755,2,train,True
1409,-0.573152819050871,3,train,True
141,-0.429683868771613,3,train,True
1410,-0.636463001196261,2,train,True
1411,-0.501699000887716,3,test,True
1412,-0.991216353858703,1,train,True
1413,1.92634324742827,9,train,True
1414,-0.228042643349427,4,train,True
1415,-0.0586489362092195,5,train,True
1416,1.55123286285697,9,train,True
1417,-0.120795349227029,4,train,True
1418,-0.681052907939427,2,train,True
1419,-0.105725886268686,4,train,True
142,-0.323968872096865,4,test,True
1420,-0.429595581009841,3,train,True
1421,0.521381880802296,7,test,True
1422,-0.702062756730843,2,train,True
1423,0.276739083136503,6,test,True
1424,0.0645137393913435,5,train,True
1425,-0.467779471294493,3,train,True
1426,-0.290098347915348,4,train,True
1427,-0.629837534259263,2,validation,True
1428,-0.382636058319845,3,train,True
1429,-0.584936161921559,3,test,True
143,-0.371435833462521,3,train,True
1430,-0.869475041092513,2,train,True
1431,-0.176480076560286,4,train,True
1432,-0.237101700769181,4,validation,True
1433,-0.415196673222976,3,test,True
1434,-0.405096167191046,3,train,True
1435,-0.913455895380913,1,train,True
1436,-0.340943515030839,4,train,True
1437,-0.113757928720428,4,train,True
1438,-0.286156344711745,4,train,True
1439,-0.724920802884394,2,train,True
144,-1.37054525043508,0,train,True
1440,-0.605372316704912,3,test,True
1441,-1.13940091187562,1,train,True
1442,0.265278657992511,6,train,True
1443,0.53420320563197,7,train,True
1444,0.86569310918426,7,validation,True
1445,-0.486666211078575,3,train,True
1446,-1.07190716056872,1,train,True
1447,-0.534921467426593,3,train,True
1448,-0.707941326608089,2,train,True
1449,-0.51134069633012,3,train,True
145,-0.785953138839494,2,train,True
1450,0.150150617999596,5,validation,True
1451,-0.591484287470988,3,validation,True
1452,-0.475709654506485,3,train,True
1453,-0.603843355913624,3,test,True
1454,-0.666177912572332,2,train,True
1455,-0.42925951031007,3,train,True
1456,-1.09006086141374,1,train,True
1457,-0.545887664942735,3,validation,True
1458,-0.945541517791668,1,train,True
1459,-0.0358416489617266,5,train,True
146,-1.14848007069677,1,train,True
1460,-0.314150290219374,4,validation,True
1461,-1.32250437401825,0,train,True
1462,1.26032726700331,8,train,True
1463,1.00756947744274,8,train,True
1464,-0.199716066708744,4,train,True
1465,-0.259675403751355,4,test,True
1466,-0.302530653529699,4,train,True
1467,0.341126441647566,6,test,True
1468,0.704042329188661,7,train,True
1469,-0.286682247611612,4,train,True
147,-0.874628117381062,2,test,True
1470,-0.097813915087106,4,train,True
1471,-0.651148777726795,2,test,True
1472,0.208720672627443,6,train,True
1473,0.664742220651574,7,train,True
1474,-0.864528646823438,2,train,True
1475,0.33749092779596,6,train,True
1476,-0.199001305403514,4,test,True
1477,-0.664854533908202,2,train,True
1478,-0.863823279290521,2,test,True
1479,0.264078481464395,6,train,True
148,-0.739810829321273,2,train,True
1480,0.207325292301924,6,test,True
1481,-0.188910987165025,4,train,True
1482,-0.460598283543349,3,test,True
1483,-0.537199163109532,3,train,True
1484,-0.016383948628538,5,train,True
1485,0.639815619528347,7,train,True
1486,-0.28306795011764,4,train,True
1487,0.168687041430429,5,train,True
1488,0.375393599857552,6,train,True
1489,-0.784757580136541,2,train,True
149,-0.513529546535124,3,train,True
1490,0.323985870162556,6,train,True
1491,0.314047089134193,6,validation,True
1492,0.793658150672989,7,test,True
1493,0.466311674032354,6,train,True
1494,-0.196544683966127,4,train,True
1495,-0.0280943198036906,5,test,True
1496,-0.306529596822663,4,train,True
1497,0.707427557850387,7,train,True
1498,0.565028492674831,7,validation,True
1499,1.16545308301904,8,train,True
15,-1.27721394832902,0,train,True
150,-1.01576410522434,1,train,True
1500,-0.307183859226858,4,validation,True
1501,0.75140670219605,7,train,True
1502,0.0774951833645761,5,train,True
1503,0.924582550800988,8,train,True
1504,0.798176398395484,7,train,True
1505,-0.793240272455165,2,train,True
1506,0.720911866313714,7,train,True
1507,-0.76241827221942,2,train,True
1508,-0.308103068243023,4,test,True
1509,0.477649984888226,6,train,True
151,-0.658529359973257,2,test,True
1510,0.676673192664701,7,train,True
1511,0.826111269273507,7,test,True
1512,-0.44621314601435,3,test,True
1513,0.578841934561774,7,train,True
1514,0.708247567970914,7,train,True
1515,0.0576176566496705,5,train,True
1516,0.0707535621796751,5,train,True
1517,0.720233028654563,7,test,True
1518,-0.741810407479385,2,train,True
1519,0.497772282864971,6,test,True
152,-0.897729811853551,2,train,True
1520,1.183304798615,8,train,True
1521,-0.518145140984049,3,train,True
1522,0.0214675002928116,5,train,True
1523,-0.305719339947295,4,train,True
1524,1.08703220310306,8,train,True
1525,0.298613361815372,6,train,True
1526,0.19094787405068,6,train,True
1527,-0.199045068519542,4,test,True
1528,-0.0930407290198438,4,train,True
1529,-0.377317360027915,3,test,True
153,-0.663637851161076,2,train,True
1530,-0.321014704855956,4,train,True
1531,0.456472775069606,6,train,True
1532,0.161043208426488,5,train,True
1533,-0.30686656890649,4,train,True
1534,0.501974582755157,6,train,True
1535,0.60312747188903,7,train,True
1536,-0.129727879813424,4,train,True
1537,0.0644140051542373,5,test,True
1538,-0.10518304275155,4,validation,True
1539,-0.957962577224461,1,train,True
154,-0.415797088690617,3,train,True
1540,-0.136236993637169,4,validation,True
1541,-0.185253762394507,4,validation,True
1542,1.03420342423698,8,train,True
1543,0.0600107065080938,5,train,True
1544,-0.0090806837503679,5,validation,True
1545,-0.281811164544065,4,train,True
1546,1.16074520356659,8,train,True
1547,0.506428236189433,7,train,True
1548,0.0451593657106831,5,train,True
1549,0.24227675721256,6,train,True
155,-0.382941236366136,3,train,True
1550,0.335837213239305,6,test,True
1551,1.97324088703205,9,train,True
1552,-0.0839451879915104,5,test,True
1553,-0.058074369687014,5,train,True
1554,-0.48029687277043,3,train,True
1555,0.705508537233728,7,validation,True
1556,0.5714282450604,7,train,True
1557,0.466667758057554,6,test,True
1558,0.119430498297682,5,train,True
1559,0.827651886395556,7,train,True
156,-1.16124601833892,1,test,True
1560,0.0891006312710755,5,validation,True
1561,-0.313350220060894,4,train,True
1562,-0.141799484935026,4,train,True
1563,-1.39781267535662,0,train,True
1564,0.0809003942925252,5,train,True
1565,-0.748146032917487,2,train,True
1566,-0.37405908700712,3,train,True
1567,-0.410542370078066,3,train,True
1568,-0.123418617628576,4,train,True
1569,-0.29975856328535,4,test,True
157,-0.246947528075872,4,train,True
1570,1.10060107348605,8,train,True
1571,-0.874018282895891,2,validation,True
1572,0.168659824937192,5,train,True
1573,-1.00078579783075,1,train,True
1574,-0.616884668031061,3,train,True
1575,-0.172366185138827,4,train,True
1576,0.207289300539723,6,train,True
1577,-0.0932333999837215,4,train,True
1578,-0.621935283434105,2,train,True
1579,-0.0065472555804813,5,train,True
158,-0.756931369060612,2,train,True
1580,-0.320722240479419,4,train,True
1581,-0.261280907072112,4,test,True
1582,-0.23988426245612,4,train,True
1583,-0.943013434685725,1,train,True
1584,-0.724096278008283,2,train,True
1585,-0.638732338395762,2,test,True
1586,-0.142128121720817,4,train,True
1587,0.117669593632094,5,train,True
1588,-1.19111683665223,1,validation,True
1589,-0.822535432041687,2,train,True
159,-0.79540266028663,2,test,True
1590,-0.285224204492283,4,train,True
1591,-0.95113921295008,1,train,True
1592,-1.10799679362058,1,train,True
1593,-1.43512294044331,0,test,True
1594,-0.517180624352261,3,train,True
1595,-0.713871068484422,2,train,True
1596,-1.24059763229596,0,train,True
1597,-0.857532417793204,2,validation,True
1598,0.172620044907536,5,train,True
1599,-1.39319009538362,0,train,True
16,-1.44207002036044,0,train,True
160,-0.525510350692646,3,test,True
1600,-0.335364391740593,4,train,True
1601,0.0157984682403183,5,train,True
1602,-0.204869570006046,4,validation,True
1603,-0.649368239842711,2,test,True
1604,-0.0481877821110036,5,train,True
1605,-0.972033358801192,1,train,True
1606,-0.113169517742478,4,validation,True
1607,-0.636805780236392,2,train,True
1608,-0.818839741725084,2,train,True
1609,-0.225860480230371,4,train,True
161,-0.432982137423421,3,test,True
1610,-0.389660935345799,3,train,True
1611,-0.499386308715093,3,validation,True
1612,-0.421233965027538,3,train,True
1613,0.0524047132244611,5,train,True
1614,-0.87869144915115,2,train,True
1615,-1.29290829991274,0,train,True
1616,0.151166192137239,5,train,True
1617,0.189169079634958,6,train,True
1618,-0.948933055577977,1,train,True
1619,0.0983345352343581,5,train,True
162,-0.52683317128318,3,train,True
1620,0.24876863149996,6,train,True
1621,-0.110246824176089,4,train,True
1622,-0.0777620136257286,5,train,True
1623,0.958793788747063,8,train,True
1624,-1.15106840759262,1,test,True
1625,-0.608121086209673,3,test,True
1626,0.198333173372731,6,train,True
1627,-0.20258708211102,4,train,True
1628,-0.137293149663852,4,train,True
1629,-0.879240560399113,2,train,True
163,-0.473656355322248,3,test,True
1630,-0.513770296071778,3,train,True
1631,-1.05815124731695,1,test,True
1632,-0.051224935787922,5,train,True
1633,-0.281166023169935,4,train,True
1634,0.868564342824244,7,train,True
1635,0.0956702571920178,5,train,True
1636,0.0991744616966199,5,train,True
1637,0.858097615182733,7,train,True
1638,1.12704925689164,8,validation,True
1639,-0.159114147299901,4,train,True
164,-0.602202826956238,3,train,True
1640,0.322333794225018,6,test,True
1641,-1.12771986091267,1,train,True
1642,-0.86648714339748,2,validation,True
1643,-0.590023294295218,3,validation,True
1644,-0.590574348374638,3,train,True
1645,-0.396243949331943,3,test,True
1646,1.31630837716388,8,train,True
1647,-0.0655457337468908,5,train,True
1648,0.647608058460607,7,validation,True
1649,0.261553083910196,6,train,True
165,-0.98773091986918,1,train,True
1650,0.141912065419515,5,train,True
1651,-0.379232773496045,3,validation,True
1652,-0.92142262230509,1,test,True
1653,-1.04934096069986,1,train,True
1654,-0.201484981903825,4,train,True
1655,-0.420197085299034,3,train,True
1656,-0.363855567047476,3,train,True
1657,-0.627341031834934,2,train,True
1658,1.18967388295491,8,train,True
1659,-0.169174203236164,4,validation,True
166,-1.01975967575003,1,validation,True
1660,0.389482930732653,6,train,True
1661,-0.797627983344865,2,test,True
1662,-0.202110825156264,4,train,True
1663,-0.580785304170333,3,train,True
1664,-0.197525994061146,4,train,True
1665,-0.0746562081881389,5,train,True
1666,0.339319351178646,6,train,True
1667,-0.095770147723419,4,test,True
1668,0.283146536145946,6,validation,True
1669,0.127267106088956,5,train,True
167,-0.864915467942119,2,train,True
1670,-0.230755459666951,4,train,True
1671,0.270627040527271,6,train,True
1672,-0.7241195892217,2,test,True
1673,0.365979949059147,6,test,True
1674,0.529186544767807,7,validation,True
1675,-1.32491724719156,0,train,True
1676,0.718707977334249,7,test,True
1677,-0.059104053053905,5,train,True
1678,-0.570809413865563,3,test,True
1679,0.361947392971948,6,validation,True
168,-0.423660963561397,3,train,True
1680,-0.44487077270403,3,validation,True
1681,0.540789360770357,7,train,True
1682,0.42070734108211,6,train,True
1683,-0.522511857736317,3,train,True
1684,1.74543928161304,9,train,True
1685,-0.16472534431424,4,test,True
1686,0.382249162672266,6,test,True
1687,0.0297079790950626,5,train,True
1688,0.864857525422152,7,train,True
1689,-0.420441927792164,3,train,True
169,-0.893323151477827,2,validation,True
1690,-1.08274382085911,1,test,True
1691,-1.30740540991409,0,train,True
1692,-0.638066949971314,2,train,True
1693,-1.18448837202927,1,train,True
1694,-0.673253334373004,2,test,True
1695,-1.12782236228201,1,validation,True
1696,-0.881984723647534,2,train,True
1697,-1.02671141174837,1,train,True
1698,-0.404106164303713,3,test,True
1699,-1.1854766384248,1,train,True
17,-1.61045734645766,0,train,True
170,-0.566776107638134,3,train,True
1700,-0.698426790243934,2,test,True
1701,-1.09011191962227,1,train,True
1702,-0.539129745026432,3,train,True
1703,-0.21435266419077,4,train,True
1704,-0.646301386209096,2,train,True
1705,-0.862463966459676,2,validation,True
1706,-0.719801722085627,2,train,True
1707,-0.67104062129973,2,train,True
1708,-1.19460512296758,1,train,True
1709,-0.138037687564429,4,validation,True
171,-0.599142971436518,3,train,True
1710,-0.998762818502789,1,train,True
1711,-0.69206306623951,2,test,True
1712,-0.589637307993791,3,train,True
1713,-0.883822141557634,2,validation,True
1714,-0.256511240661446,4,train,True
1715,-0.759317103700068,2,train,True
1716,-0.591268599922702,3,train,True
1717,-0.969532248501258,1,test,True
1718,-0.972330117350664,1,test,True
1719,-0.649852458131781,2,train,True
172,-0.575513748916878,3,train,True
1720,-0.550946786626929,3,train,True
1721,-0.944635909981582,1,train,True
1722,-1.01313327821235,1,validation,True
1723,-0.559607671224898,3,train,True
1724,-0.783135911621445,2,train,True
1725,-0.894027683905913,2,train,True
1726,-1.31416573011157,0,test,True
1727,-0.820959585062822,2,train,True
1728,-0.364895422219874,3,train,True
1729,-1.19957847608134,1,train,True
173,-2.44651711504564,0,train,True
1730,-1.55449764935756,0,train,True
1731,-1.14181213137527,1,test,True
1732,0.739296289043681,7,test,True
1733,-0.568100634372609,3,train,True
1734,-0.780608828817899,2,validation,True
1735,0.0651331341669598,5,train,True
1736,-0.405126627136169,3,train,True
1737,-1.44032095909241,0,train,True
1738,-0.69794779675039,2,train,True
1739,-1.39164919317904,0,train,True
174,-0.685854879464544,2,test,True
1740,-0.669657906395506,2,train,True
1741,0.506017152783243,6,train,True
1742,-0.172296933577013,4,test,True
1743,0.37028027752572,6,train,True
1744,0.351328190296261,6,train,True
1745,-0.509400445527195,3,train,True
1746,0.775138907457719,7,train,True
1747,-0.0073967093281543,5,train,True
1748,-1.07055129511278,1,train,True
1749,-0.287506751170216,4,train,True
175,-1.1898832557687,1,test,True
1750,0.728199715498346,7,train,True
1751,-1.06583624081473,1,test,True
1752,0.306959495334514,6,test,True
1753,0.708913223135269,7,train,True
1754,-0.582065807758777,3,test,True
1755,0.0367385971108836,5,train,True
1756,0.243468479360486,6,test,True
1757,-0.499597918879049,3,train,True
1758,-0.633326629091611,2,train,True
1759,0.373986644584998,6,train,True
176,-0.247095063468352,4,train,True
1760,0.0892704618511104,5,train,True
1761,0.39888677891169,6,train,True
1762,-0.585190706447034,3,train,True
1763,0.370712075263924,6,train,True
1764,1.15786237290704,8,train,True
1765,0.165001416310554,5,train,True
1766,-0.986371344975356,1,train,True
1767,0.0977187578210983,5,train,True
1768,0.660608721509365,7,train,True
1769,0.630963250875262,7,test,True
177,-1.4214249063401,0,train,True
1770,-0.616512541484079,3,train,True
1771,-0.172292940554853,4,train,True
1772,-1.03725286063023,1,train,True
1773,-0.300192376688216,4,train,True
1774,-0.43121577087728,3,test,True
1775,-0.503143043239905,3,test,True
1776,-0.60943793617296,3,train,True
1777,-1.1158929018624,1,train,True
1778,0.362157022256692,6,test,True
1779,-0.0358228688981935,5,train,True
178,-0.895673578818941,2,test,True
1780,-0.602995662455942,3,train,True
1781,-0.657545789699126,2,train,True
1782,-0.418578663120391,3,train,True
1783,0.450207410999714,6,validation,True
1784,-0.715921856812583,2,train,True
1785,-0.917873032516544,1,train,True
1786,-0.503735636632631,3,train,True
1787,0.020805981270937,5,test,True
1788,-0.241227648421376,4,test,True
1789,-0.104554657066192,4,train,True
179,-0.848383169561207,2,train,True
1790,0.353715104939172,6,train,True
1791,0.494316232122089,6,train,True
1792,-0.260811485751509,4,validation,True
1793,-1.27534441303249,0,train,True
1794,-0.0735334455514252,5,train,True
1795,0.239162297582162,6,train,True
1796,-0.427640635258868,3,validation,True
1797,-0.734936475225212,2,validation,True
1798,-0.750689889171274,2,train,True
1799,0.448083803197963,6,train,True
18,-0.91421139393911,1,train,True
180,-1.45566162660191,0,test,True
1800,-0.56398953817727,3,train,True
1801,0.728595392732798,7,train,True
1802,0.825038946203361,7,train,True
1803,0.900154665900893,8,train,True
1804,-0.293629416059211,4,test,True
1805,0.0422952715461543,5,train,True
1806,3.00651764144653,9,train,True
1807,0.27864925147667,6,test,True
1808,0.313685055157795,6,train,True
1809,0.310154857524616,6,train,True
181,-0.497726001098034,3,train,True
1810,-0.711656185390794,2,train,True
1811,-0.621836226546769,2,train,True
1812,-0.389897202084648,3,train,True
1813,0.534210575768629,7,train,True
1814,-0.258040706687063,4,validation,True
1815,-0.292494947477743,4,train,True
1816,0.0472279933356901,5,test,True
1817,-1.56655926705074,0,validation,True
1818,-0.610111913566541,3,train,True
1819,-0.715377481559866,2,train,True
182,-0.513529546535124,3,train,True
1820,-0.341250830348425,4,train,True
1821,-0.248302447881717,4,train,True
1822,-0.281022987006842,4,train,True
1823,1.49981180306018,9,train,True
1824,0.0745148672804229,5,train,True
1825,0.608813348714872,7,train,True
1826,-0.452044768199316,3,validation,True
1827,-0.374529792251474,3,train,True
1828,0.877170823449955,8,train,True
1829,-0.655069701655249,2,validation,True
183,-0.705850342060152,2,train,True
1830,-0.137165550644791,4,train,True
1831,-0.145138783530444,4,train,True
1832,-0.455798610152248,3,train,True
1833,-0.113400015539903,4,train,True
1834,1.21753925835103,8,train,True
1835,-0.386637538207449,3,train,True
1836,-0.712289339570828,2,test,True
1837,0.559559962966399,7,train,True
1838,-0.268260480099594,4,train,True
1839,0.253809847262835,6,train,True
184,-0.628210148391449,2,train,True
1840,-0.528994611553998,3,train,True
1841,-0.691330554231983,2,train,True
1842,-1.10865308718968,1,test,True
1843,0.501446830948756,6,test,True
1844,-0.94341429465636,1,test,True
1845,-1.32076512329102,0,validation,True
1846,-1.11195192913509,1,train,True
1847,-0.766491998273043,2,train,True
1848,0.327001164049494,6,validation,True
1849,0.302552952625552,6,train,True
185,-0.30754097154386,4,train,True
1850,-0.54465128413392,3,validation,True
1851,-1.0140140931919,1,test,True
1852,-0.766266661772449,2,train,True
1853,-0.985229332720619,1,train,True
1854,-0.261536769107688,4,train,True
1855,-0.328893604973743,4,train,True
1856,0.237839025797298,6,train,True
1857,0.44845992068092,6,test,True
1858,-0.211967388540736,4,train,True
1859,-0.870755801811011,2,train,True
186,-0.21018959412233,4,train,True
1860,-0.787583470228298,2,test,True
1861,0.0158277485080402,5,train,True
1862,0.176660807306834,5,train,True
1863,-0.799897977369732,2,train,True
1864,-0.117820175858755,4,test,True
1865,-0.246321830583136,4,train,True
1866,-0.886538500947608,2,validation,True
1867,-0.79578523589597,2,train,True
1868,-1.32714763825681,0,train,True
1869,-0.684382744090953,2,train,True
187,-1.40311113854293,0,test,True
1870,-0.364623916509561,3,train,True
1871,-0.864423446151741,2,train,True
1872,0.940510449514009,8,train,True
1873,0.789974447025251,7,validation,True
1874,-0.154891691387398,4,train,True
1875,0.254553989065227,6,validation,True
1876,0.57308293298469,7,train,True
1877,1.32975771995512,8,train,True
1878,-0.468855948657807,3,train,True
1879,0.471446320220615,6,train,True
188,-0.520893160005148,3,train,True
1880,0.513977048732283,7,train,True
1881,-1.29140792774454,0,validation,True
1882,-0.476660037714638,3,train,True
1883,0.627018294939196,7,train,True
1884,0.28990113569075,6,train,True
1885,-0.0438211023302135,5,test,True
1886,-1.30855251832335,0,train,True
1887,-0.359715391531244,3,train,True
1888,0.159515132981995,5,train,True
1889,-0.127870359104617,4,test,True
189,-0.895143825947654,2,train,True
1890,-0.425842148257257,3,train,True
1891,0.0777223397290456,5,train,True
1892,-0.107586771811787,4,train,True
1893,1.75571737062697,9,test,True
1894,0.152727033703703,5,train,True
1895,-0.0789316221582365,5,train,True
1896,0.908822143455571,8,train,True
1897,-0.168534689851891,4,train,True
1898,0.0383809760769913,5,train,True
1899,0.0833479449619251,5,train,True
19,-1.3572601234913,0,train,True
190,-0.809290924978408,2,train,True
1900,-0.736583109889572,2,train,True
1901,0.0930690616797071,5,train,True
1902,-0.239566595732949,4,test,True
1903,-0.25623318148405,4,test,True
1904,0.341880120214103,6,train,True
1905,-0.235404354687966,4,test,True
1906,0.1943428178614,6,train,True
1907,1.37339677317704,8,test,True
1908,-0.52933834781783,3,train,True
1909,-0.0107726652210257,5,validation,True
191,-0.320216006529654,4,test,True
1910,-0.436273584348646,3,train,True
1911,0.164565440875626,5,validation,True
1912,0.95278117771968,8,test,True
1913,-0.916536057013405,1,test,True
1914,-0.943256225295576,1,test,True
1915,-0.952187958538023,1,train,True
1916,-1.02424362213238,1,test,True
1917,-0.014908111542762,5,train,True
1918,-0.100873126174576,4,validation,True
1919,0.832744736990063,7,train,True
192,-1.94943084543342,0,train,True
1920,-0.0111635696422976,5,train,True
1921,0.267467296938181,6,train,True
1922,0.633569352856833,7,train,True
1923,-0.906290032916743,1,train,True
1924,-0.593263676451646,3,train,True
1925,-0.678792528840012,2,test,True
1926,0.372210960172705,6,test,True
1927,-1.25120929132112,0,train,True
1928,0.382564880702926,6,validation,True
1929,0.995288034178301,8,test,True
193,-0.448016851915701,3,validation,True
1930,-0.627993990128691,2,validation,True
1931,0.0719161092566075,5,validation,True
1932,-0.643274026375642,2,train,True
1933,-1.24781555130839,0,test,True
1934,-1.24043386625375,0,test,True
1935,-0.247102542519274,4,train,True
1936,-0.226337603982444,4,train,True
1937,0.284990614456337,6,train,True
1938,-0.148611505408562,4,test,True
1939,-0.378744818467265,3,train,True
194,-0.515140176700126,3,train,True
1940,0.604019411077317,7,train,True
1941,-0.178162239134981,4,train,True
1942,-0.436771367622859,3,train,True
1943,-0.412572109292583,3,test,True
1944,0.315854108935014,6,train,True
1945,-0.194307127353982,4,train,True
1946,0.450186169260234,6,train,True
1947,0.149001313621619,5,train,True
1948,-1.17431204546669,1,train,True
1949,-1.46625136521634,0,train,True
195,-1.60148452626715,0,train,True
1950,-1.41749764972601,0,test,True
1951,-0.74327160799645,2,train,True
1952,-0.848125035913811,2,test,True
1953,-1.05184536700438,1,train,True
1954,-0.722945209007182,2,train,True
1955,-0.990945429452689,1,validation,True
1956,-1.43831053852736,0,train,True
1957,-1.16924930795582,1,train,True
1958,-0.842983314973015,2,train,True
1959,-0.296638097148048,4,train,True
196,-1.1946530034754,1,train,True
1960,-0.82432823422926,2,train,True
1961,-0.439079708748985,3,train,True
1962,-0.0478835787925268,5,train,True
1963,-0.585222697130095,3,train,True
1964,0.550877484536587,7,test,True
1965,-0.578680775826866,3,train,True
1966,-0.773474657013074,2,train,True
1967,-0.97226250330334,1,train,True
1968,0.400983897495894,6,train,True
1969,1.87831769415277,9,test,True
197,-2.09228040239583,0,train,True
1970,-0.472055220250754,3,test,True
1971,0.547630180726289,7,train,True
1972,-1.26729410734402,0,validation,True
1973,0.117653098993514,5,train,True
1974,-0.923068999086364,1,train,True
1975,-0.364042800319756,3,test,True
1976,-0.509633905312065,3,train,True
1977,0.252553589175549,6,test,True
1978,0.713106517742342,7,test,True
1979,-0.752805971512019,2,validation,True
198,-0.532825724683859,3,train,True
1980,-0.0911421617004829,5,test,True
1981,0.264757916752935,6,validation,True
1982,-0.889811878592555,2,train,True
1983,0.935092282320403,8,train,True
1984,-0.0992137169962228,4,validation,True
1985,0.341455230854015,6,validation,True
1986,0.167804119415857,5,train,True
1987,-0.911844422805445,1,train,True
1988,-0.103173781732534,4,train,True
1989,0.709737287250333,7,train,True
199,-0.36959514941617,3,validation,True
1990,0.0533281601889136,5,test,True
1991,-0.136284790935524,4,test,True
1992,-0.740513683891787,2,train,True
1993,-1.53513050723279,0,validation,True
1994,-0.610179134888244,3,train,True
1995,0.15236232857108,5,train,True
1996,0.828557511297758,7,train,True
1997,0.631257084193583,7,train,True
1998,0.0977512683104328,5,validation,True
1999,0.0590477671360987,5,train,True
2,-1.86427316585652,0,validation,True
20,-1.7306421989479,0,train,True
200,-1.19399507993266,1,train,True
2000,-0.291440078544224,4,train,True
2001,-0.695743449797442,2,train,True
2002,-1.01240121934918,1,test,True
2003,0.620561156544749,7,test,True
2004,-0.145764243559911,4,train,True
2005,-1.52913967103924,0,train,True
2006,1.77052089984497,9,test,True
2007,0.365818816675227,6,validation,True
2008,0.104191676098059,5,train,True
2009,-1.03604723874284,1,train,True
201,-0.693308748650231,2,train,True
2010,-1.22219114941151,0,test,True
2011,0.162071498772327,5,test,True
2012,-1.07289592748388,1,train,True
2013,-0.208264346067148,4,train,True
2014,-1.56618820840508,0,test,True
2015,-0.290145047599736,4,test,True
2016,-0.297163398035783,4,train,True
2017,-0.321866570830207,4,train,True
2018,-0.815315020364315,2,train,True
2019,0.210852248711435,6,validation,True
202,-0.885384461883867,2,train,True
2020,-0.586509348682699,3,train,True
2021,-0.596190461763493,3,test,True
2022,-0.631921767386866,2,train,True
2023,-0.430463750495738,3,train,True
2024,0.115303544667121,5,train,True
2025,-0.633495509811337,2,test,True
2026,-1.16302111243406,1,train,True
2027,-1.27483829328918,0,test,True
2028,-1.09764748523182,1,train,True
2029,-0.418208969695809,3,train,True
203,-0.9795797216929,1,train,True
2030,-0.292066851017708,4,test,True
2031,-0.178227014286596,4,train,True
2032,-0.375474301683943,3,train,True
2033,0.151438490698927,5,train,True
2034,0.116340565696716,5,train,True
2035,0.211834008099076,6,test,True
2036,-0.445985111511672,3,test,True
2037,1.45691828192804,9,train,True
2038,-0.398374421485218,3,train,True
2039,-0.456917127344418,3,train,True
204,-0.739405889558235,2,train,True
2040,-0.573544773828849,3,train,True
2041,-0.334736163738821,4,train,True
2042,-0.155559043719392,4,train,True
2043,-0.675182300735909,2,train,True
2044,-0.11878560095227,4,train,True
2045,-1.19212625619491,1,train,True
2046,-0.533425989701131,3,train,True
2047,-0.620289964058447,2,validation,True
2048,0.401225459564443,6,train,True
2049,-0.609234902766351,3,test,True
205,-1.98744274683784,0,test,True
2050,-0.397639968168538,3,train,True
2051,-0.245195641887664,4,test,True
2052,-0.273686566463891,4,test,True
2053,-0.597856374907938,3,validation,True
2054,-0.524276186516407,3,train,True
2055,-0.454713988844945,3,test,True
2056,-0.54081244638416,3,test,True
2057,-0.655753871283708,2,train,True
2058,0.0613928497707826,5,test,True
2059,-0.247335961187543,4,train,True
206,0.0352149720134126,5,train,True
2060,-0.385297252928204,3,train,True
2061,-0.545853052460026,3,train,True
2062,-0.321976729810257,4,train,True
2063,0.115993962959398,5,test,True
2064,-0.566051021844147,3,test,True
2065,-1.13422612785432,1,train,True
2066,-0.795110585601013,2,train,True
2067,-0.0320676229059959,5,train,True
2068,-1.33986904311397,0,test,True
2069,0.137212165890762,5,train,True
207,-0.574868658108627,3,train,True
2070,-0.908406424961507,1,train,True
2071,-0.899565447967096,2,train,True
2072,-1.15482155056363,1,train,True
2073,-0.871760840174681,2,train,True
2074,-0.806074484810473,2,train,True
2075,-0.725030049740287,2,test,True
2076,-0.0686756748058482,5,train,True
2077,-0.46690326903694,3,train,True
2078,-1.12876355070176,1,train,True
2079,0.0430860595809642,5,train,True
208,-1.21695688586339,1,train,True
2080,-0.52945737113847,3,validation,True
2081,-0.781133645592548,2,test,True
2082,-0.675319527096706,2,test,True
2083,0.813109712110515,7,train,True
2084,-0.448117199596318,3,train,True
2085,-0.852781207383289,2,train,True
2086,-1.04217115868021,1,train,True
2087,-0.0753983712342155,5,train,True
2088,-0.0791818565872168,5,train,True
2089,-0.342881601809598,4,test,True
209,-1.86855858681878,0,train,True
2090,-0.332793960569892,4,train,True
2091,-0.190525226446634,4,train,True
2092,-1.0077685230953,1,train,True
2093,-0.743867280949528,2,train,True
2094,-0.861820681653599,2,test,True
2095,0.538715265386506,7,validation,True
2096,-0.883811789071969,2,test,True
2097,-0.591084591093169,3,train,True
2098,-0.396811798868238,3,train,True
2099,-0.908557485431782,1,train,True
21,-1.63922480899035,0,test,True
210,-1.13539559162838,1,test,True
2100,-0.472324391004158,3,train,True
2101,-0.171146764653821,4,validation,True
2102,-0.030215892858804,5,train,True
2103,-0.373318648228747,3,test,True
2104,-0.701962862381497,2,train,True
2105,-0.0602520302146328,5,train,True
2106,-0.987568855849296,1,test,True
2107,-0.650473750906345,2,train,True
2108,-0.553820373587524,3,train,True
2109,-0.602914775885386,3,test,True
211,-0.475379142672466,3,train,True
2110,-0.716579359906911,2,validation,True
2111,-1.46527940187126,0,train,True
2112,0.0114960111088103,5,train,True
2113,-0.708027216196408,2,test,True
2114,0.579979560838112,7,test,True
2115,-0.866597972218321,2,train,True
2116,-0.722923289683814,2,train,True
2117,-0.817468804030783,2,train,True
2118,-0.646560682449541,2,train,True
2119,0.051782035713767,5,train,True
212,-1.67500446323759,0,train,True
2120,0.625356520994704,7,train,True
2121,0.706215262830155,7,train,True
2122,0.124321948268155,5,train,True
2123,-0.509511870511822,3,train,True
2124,0.427844491286655,6,train,True
2125,-1.07664544860753,1,train,True
2126,-0.201708473356083,4,test,True
2127,-0.604105321662281,3,train,True
2128,-0.904661597999955,1,train,True
2129,0.833767213817554,7,train,True
213,-0.0170267076607923,5,validation,True
2130,-0.454029685436017,3,train,True
2131,-0.156720510428761,4,test,True
2132,-0.962463729518625,1,train,True
2133,-0.467117047646056,3,test,True
2134,-0.160586630313255,4,train,True
2135,-0.57553083562883,3,train,True
2136,-0.779337055486307,2,test,True
2137,-0.817254108636796,2,train,True
2138,-0.743632398119503,2,test,True
2139,-0.281386309757977,4,train,True
214,-1.26436251803099,0,train,True
2140,-0.591862741542836,3,train,True
2141,-0.300430913462063,4,train,True
2142,-0.350433862959686,4,train,True
2143,-0.837295242202963,2,train,True
2144,-0.900106499351156,2,test,True
2145,-0.3716243429395,3,train,True
2146,-1.20534889913564,1,train,True
2147,-1.17035693010707,1,train,True
2148,-0.599196019770625,3,train,True
2149,-1.35326034632659,0,train,True
215,-1.44601648938752,0,train,True
2150,-0.342210369057553,4,train,True
2151,0.106230153442346,5,train,True
2152,-0.940932965901023,1,train,True
2153,-1.15846553234894,1,train,True
2154,-0.505110839728115,3,train,True
2155,-0.621256358586939,2,train,True
2156,-0.878662921310539,2,train,True
2157,-0.72824587262086,2,test,True
2158,0.0500080601107022,5,train,True
2159,-0.709237305008894,2,train,True
216,-1.43025820355893,0,train,True
2160,-0.44501576457095,3,train,True
2161,-0.777947463314607,2,validation,True
2162,-0.565752751915809,3,train,True
2163,-0.759404978066541,2,train,True
2164,-0.0543194534341875,5,train,True
2165,-1.06969582794764,1,train,True
2166,-1.15060139953392,1,test,True
2167,-1.04118385897764,1,test,True
2168,-0.721463652389387,2,train,True
2169,-0.409037680109447,3,train,True
217,-1.36493286151134,0,train,True
2170,-0.898813165238369,2,validation,True
2171,-0.737464277686334,2,validation,True
2172,-0.762594169501388,2,train,True
2173,-0.917122141439565,1,validation,True
2174,-1.45548086210954,0,train,True
2175,-0.665040510760173,2,train,True
2176,-0.932351208847298,1,train,True
2177,-0.25714837890151,4,train,True
2178,-0.640369057214198,2,train,True
2179,-0.507922418684102,3,train,True
218,-0.535291924166016,3,validation,True
2180,-1.03352840168223,1,train,True
2181,-0.562001597987246,3,train,True
2182,-0.748390917584996,2,train,True
2183,-0.872178135139227,2,train,True
2184,-0.266373867004197,4,train,True
2185,-0.93500592207443,1,train,True
2186,-1.33727639171824,0,validation,True
2187,-0.417209661759953,3,train,True
2188,-0.928786816148757,1,train,True
2189,0.0838833370197116,5,validation,True
219,-0.714614532935676,2,train,True
2190,-1.52768940382782,0,train,True
2191,-0.189446783291738,4,train,True
2192,-0.67724950801656,2,train,True
2193,-0.833958764671524,2,train,True
2194,-1.11226579003558,1,train,True
2195,0.4072611583013,6,train,True
2196,-0.647995421776748,2,train,True
2197,-0.284638822532904,4,train,True
2198,0.0594071346616653,5,validation,True
2199,-0.847462869987188,2,train,True
22,-1.05856166187413,1,train,True
220,-1.16881871360276,1,train,True
2200,-1.01341864369337,1,test,True
2201,-0.881936960540198,2,test,True
2202,-1.09839196852522,1,test,True
2203,-0.709270493185135,2,validation,True
2204,-0.811434798201195,2,test,True
2205,-0.963761527984375,1,validation,True
2206,-0.0092898337054639,5,train,True
2207,-0.811562974072722,2,train,True
2208,-0.412063345157352,3,test,True
2209,-0.667032405221577,2,train,True
221,-1.81814118434209,0,train,True
2210,-0.726160268411137,2,train,True
2211,-0.857820007036888,2,validation,True
2212,-0.939860240175662,1,train,True
2213,-1.45687136487454,0,train,True
2214,-0.785099005036765,2,train,True
2215,-0.576766088674602,3,train,True
2216,-1.37793209438655,0,train,True
2217,-0.397244262926505,3,train,True
2218,-0.075515341289493,5,train,True
2219,0.779595124302785,7,test,True
222,-1.15442588866665,1,train,True
2220,-1.34972708895384,0,train,True
2221,-0.946399866823502,1,train,True
2222,-0.728103321314391,2,train,True
2223,0.321182846317048,6,train,True
2224,-0.366112216686755,3,train,True
2225,-0.712958957881169,2,train,True
2226,-0.512703950756701,3,train,True
2227,-0.0528231660576363,5,train,True
2228,-0.538322470604447,3,validation,True
2229,0.119934658611239,5,test,True
223,-0.336401552749016,4,validation,True
2230,0.192843538024153,6,train,True
2231,-0.409734204913369,3,train,True
2232,0.14364358969978,5,train,True
2233,0.578350161009678,7,test,True
2234,-0.323208117243281,4,train,True
2235,-1.34591294474266,0,train,True
2236,-0.572441548500828,3,train,True
2237,0.625820617043693,7,train,True
2238,-0.527690074538053,3,validation,True
2239,-1.2709995895284,0,train,True
224,-2.04842003937381,0,train,True
2240,-0.771326151669248,2,train,True
2241,-1.22885642313432,0,train,True
2242,0.103015935516939,5,train,True
2243,-1.38637425221279,0,train,True
2244,-0.883429735681993,2,train,True
2245,0.225745285908376,6,train,True
2246,-1.18753058909482,1,train,True
2247,-0.858239319200282,2,train,True
2248,-0.605224833688955,3,train,True
2249,-1.21945631074796,0,train,True
225,-0.87262924800731,2,train,True
2250,-1.31468030509845,0,train,True
2251,-0.627659847494298,2,train,True
2252,-0.477849562350058,3,train,True
2253,-0.440989186650521,3,train,True
2254,-1.0129007567201,1,train,True
2255,-0.631185299794792,2,test,True
2256,1.10440194969552,8,train,True
2257,-1.4622387134924,0,train,True
2258,-0.501111400487683,3,train,True
2259,-0.438193285830533,3,test,True
226,-1.53168632968114,0,train,True
2260,0.21444031021524,6,train,True
2261,-0.231020909064222,4,train,True
2262,-0.88121771597084,2,validation,True
2263,-1.04913476002318,1,validation,True
2264,-1.03141381283005,1,test,True
2265,-0.896661577508275,2,test,True
2266,-0.448180212865231,3,train,True
2267,-0.430075590766989,3,train,True
2268,-1.01310733258596,1,train,True
2269,-0.257912848326543,4,train,True
227,-0.675248955995431,2,train,True
2270,-0.0977571619556501,4,test,True
2271,-0.943546244846043,1,train,True
2272,-0.931171408965786,1,train,True
2273,-0.0333801725293873,5,train,True
2274,-1.21746266007785,0,train,True
2275,-1.45866779446733,0,train,True
2276,-0.882555209781267,2,test,True
2277,-0.0655730497164937,5,train,True
2278,-0.632773481659783,2,train,True
2279,-1.07446001751671,1,train,True
228,-0.681220173846071,2,train,True
2280,-0.498231117900377,3,validation,True
2281,-1.00474852824655,1,train,True
2282,-0.504536756718813,3,train,True
2283,0.566123605698338,7,train,True
2284,0.613146842339939,7,test,True
2285,-1.39053942785034,0,train,True
2286,-1.17340229832942,1,train,True
2287,-0.49218821897831,3,validation,True
2288,-0.660617335153493,2,train,True
2289,0.690387124279385,7,validation,True
229,-0.805187694224487,2,validation,True
2290,-0.101409380726135,4,train,True
2291,-0.874206991215962,2,validation,True
2292,-0.402802603606349,3,test,True
2293,-0.778478601613813,2,test,True
2294,-0.928898728972752,1,train,True
2295,-0.177255294186893,4,test,True
2296,-0.23426107466199,4,train,True
2297,-0.809085520464292,2,train,True
2298,-0.507050965733565,3,validation,True
2299,-0.864034927613482,2,test,True
23,-1.31494100092127,0,train,True
230,-0.667159280745692,2,train,True
2300,-0.300476456558944,4,train,True
2301,-0.506247106292022,3,train,True
2302,-1.01930296274308,1,train,True
2303,-0.381302644411397,3,train,True
2304,-0.455961669570237,3,train,True
2305,-0.771531485572606,2,train,True
2306,-0.886547152655077,2,train,True
2307,-0.921820377317364,1,train,True
2308,0.267256369051403,6,train,True
2309,-1.19631788934629,1,test,True
231,-0.769136167970924,2,train,True
2310,0.0063379806589604,5,train,True
2311,-0.851193746564881,2,train,True
2312,-0.340164596881534,4,train,True
2313,-0.913605152418425,1,train,True
2314,-0.777574557321585,2,train,True
2315,-0.819236020465593,2,train,True
2316,-1.20322579537452,1,train,True
2317,-0.0195990309994711,5,train,True
2318,-0.0723550478504597,5,train,True
2319,-0.628316830306945,2,train,True
232,-1.60974845786217,0,train,True
2320,-1.02210877948386,1,train,True
2321,-1.07839573612611,1,train,True
2322,-0.73272236460293,2,train,True
2323,-0.445510228145452,3,test,True
2324,-1.33274958750906,0,validation,True
2325,-1.40304682802762,0,train,True
2326,-0.780807785156003,2,train,True
2327,-0.403583748938515,3,test,True
2328,-0.444774260021689,3,validation,True
2329,-1.13747149418638,1,train,True
233,-2.14058729573137,0,test,True
2330,-0.984000495286123,1,train,True
2331,-1.09223216681878,1,train,True
2332,-1.43369946071797,0,train,True
2333,-0.960651353435095,1,test,True
2334,-1.18866525122075,1,train,True
2335,-0.999358389382249,1,train,True
2336,-0.49842165082564,3,train,True
2337,-1.09074031130698,1,train,True
2338,-0.858680054921816,2,train,True
2339,-1.67229821927066,0,train,True
234,-1.57383084923979,0,train,True
2340,-0.71818455603158,2,train,True
2341,-0.210857932511509,4,train,True
2342,-1.18945327527504,1,train,True
2343,-1.92378808011371,0,train,True
2344,-1.11965023168459,1,train,True
2345,-1.14225322317914,1,test,True
2346,-1.11937642644272,1,train,True
2347,0.0237456484354905,5,train,True
2348,-1.14495295728879,1,train,True
2349,-1.34244479774131,0,train,True
235,-1.70654518948875,0,validation,True
2350,-1.08971393399166,1,validation,True
2351,-0.869370599590324,2,validation,True
2352,-0.747536284607546,2,train,True
2353,-1.12947200963914,1,train,True
2354,-1.36432125436402,0,train,True
2355,-0.740618530712611,2,train,True
2356,-1.02704496368683,1,validation,True
2357,-0.928262279318218,1,train,True
2358,-0.837120511405164,2,train,True
2359,-1.64537795094601,0,test,True
236,-1.26031276200696,0,train,True
2360,0.280806418178105,6,test,True
2361,-0.831427439636276,2,train,True
2362,-0.526745749230462,3,train,True
2363,-0.40773696030337,3,train,True
2364,-1.20551443367511,1,train,True
2365,-0.964912934588135,1,train,True
2366,-0.808043232375805,2,validation,True
2367,-1.22822356165318,0,train,True
2368,-0.899542396593764,2,train,True
2369,-1.05070793019167,1,test,True
237,-1.65590563502974,0,train,True
2370,-1.14229741397627,1,train,True
2371,0.982385381981227,8,train,True
2372,-1.2923328300873,0,train,True
2373,0.651703826291602,7,validation,True
2374,-1.12690570481038,1,train,True
2375,-1.02925715811808,1,train,True
2376,-1.47964043572986,0,train,True
2377,-0.694322367635567,2,validation,True
2378,-0.072979818506481,5,train,True
2379,-0.19833200076488,4,validation,True
238,-1.3161233506388,0,train,True
2380,0.528654929736863,7,test,True
2381,-0.699494769328024,2,validation,True
2382,0.0214784437550634,5,train,True
2383,-0.196132528155381,4,train,True
2384,-0.894112135762254,2,train,True
2385,-0.941064596484719,1,test,True
2386,0.415286650907871,6,train,True
2387,0.381140587012571,6,train,True
2388,0.545905432450038,7,train,True
2389,-0.380011640355115,3,validation,True
239,-1.38884386748731,0,train,True
2390,0.657430277439376,7,train,True
2391,-0.740124347788542,2,train,True
2392,0.310626624384389,6,test,True
2393,-1.47552402949768,0,train,True
2394,1.07940630789802,8,train,True
2395,1.03444957593097,8,test,True
2396,-0.0158734291159557,5,train,True
2397,0.0228480723690689,5,validation,True
2398,0.575431616607889,7,train,True
2399,1.05784130927393,8,train,True
24,-1.31782438445401,0,validation,True
240,-1.52545218129309,0,train,True
2400,-0.050330971681021,5,train,True
2401,1.4315798124029,9,train,True
2402,-0.735394545147531,2,train,True
2403,-1.01291108822603,1,train,True
2404,0.401341461808153,6,test,True
2405,-1.01254236694732,1,test,True
2406,-1.01709511022077,1,test,True
2407,1.82093334933068,9,test,True
2408,-0.712478180829652,2,validation,True
2409,0.521509852022537,7,train,True
241,-1.03087992288132,1,train,True
2410,-0.197724814351744,4,test,True
2411,-0.412670534711854,3,train,True
2412,0.696980072487587,7,validation,True
2413,-0.571196368111351,3,train,True
2414,0.105785097510674,5,validation,True
2415,-0.730523957305765,2,train,True
2416,0.922107143680254,8,validation,True
2417,-1.43698631951318,0,train,True
2418,-0.398662637229852,3,train,True
2419,-0.432617226077591,3,validation,True
242,-1.05922706711294,1,test,True
2420,-1.74914650563383,0,train,True
2421,-0.637243699410109,2,train,True
2422,-0.163723669756701,4,train,True
2423,-0.596343081634252,3,test,True
2424,1.04794711077557,8,train,True
2425,0.160301599149223,5,train,True
2426,0.165200032086791,5,train,True
2427,-0.503775060715813,3,train,True
2428,0.593871945404709,7,validation,True
2429,0.831007290787437,7,train,True
243,-0.772218459095419,2,train,True
2430,-0.654947984144463,2,train,True
2431,-0.330499735088675,4,train,True
2432,-0.655067798163829,2,train,True
2433,-0.0324661313509953,5,validation,True
2434,-0.854242570321347,2,train,True
2435,1.14354664866549,8,train,True
2436,-1.67114826698342,0,train,True
2437,-0.720409108340988,2,train,True
2438,1.38402855235335,9,train,True
2439,-1.0223369215012,1,train,True
244,-0.452975283665787,3,validation,True
2440,-0.0482688013576408,5,train,True
2441,1.77061425691325,9,train,True
2442,0.328541143959921,6,test,True
2443,-0.467623613166719,3,train,True
2444,0.317190829829613,6,train,True
2445,0.471658375586072,6,train,True
2446,0.335291552593005,6,train,True
2447,-0.75877571049297,2,test,True
2448,-1.25861103184672,0,train,True
2449,-1.16143845435814,1,train,True
245,-1.83365236446454,0,train,True
2450,-1.35984876474751,0,train,True
2451,-0.76531609562524,2,train,True
2452,-0.636873487838256,2,train,True
2453,-0.975508731316144,1,train,True
2454,-0.726324772332024,2,test,True
2455,-0.962553679231876,1,train,True
2456,-0.742102082965758,2,train,True
2457,-0.761614130809043,2,test,True
2458,0.131394415877975,5,train,True
2459,-0.225003188004322,4,train,True
246,-1.47996527401883,0,train,True
2460,-0.59881538683174,3,train,True
2461,0.301488594070376,6,train,True
2462,-0.680749137403984,2,test,True
2463,-0.15198983691248,4,train,True
2464,-0.304104496049385,4,test,True
2465,0.669751174320099,7,test,True
2466,0.246748390988197,6,train,True
2467,-0.740359192827153,2,train,True
2468,-0.700562330108123,2,train,True
2469,-0.541939559039363,3,train,True
247,-0.621184990178497,2,train,True
2470,-1.71517161309094,0,train,True
2471,-0.378013373673905,3,train,True
2472,-0.120668611467176,4,train,True
2473,-0.86357470429993,2,train,True
2474,-0.151884883158039,4,train,True
2475,0.47714394406512,6,train,True
2476,0.842778290246068,7,validation,True
2477,-0.302852533247978,4,train,True
2478,-0.824249727891827,2,train,True
2479,0.331372220163115,6,test,True
248,1.12217320582768,8,train,True
2480,0.203348294899535,6,train,True
2481,0.435761950170183,6,train,True
2482,-0.790209915259557,2,train,True
2483,0.406519150945411,6,test,True
2484,-1.3295675944115,0,train,True
2485,-0.654099499836239,2,train,True
2486,-1.28253585229134,0,train,True
2487,-0.753841635241988,2,train,True
2488,-0.187239179255022,4,train,True
2489,-0.861661205025815,2,test,True
249,-0.064511888082803,5,train,True
2490,-1.28622388416347,0,train,True
2491,-1.52208669278141,0,test,True
2492,1.31100481376062,8,train,True
2493,-0.324510019056621,4,train,True
2494,-0.675893661747293,2,train,True
2495,-0.812243654171414,2,train,True
2496,-0.750756674649751,2,train,True
2497,0.164025230345103,5,train,True
2498,0.553383454897491,7,train,True
2499,-0.338376413779362,4,train,True
25,-1.03249122951958,1,train,True
250,-0.85281952234372,2,test,True
2500,-1.24367588957592,0,test,True
2501,-0.614304465412263,3,test,True
2502,-0.518707509689563,3,train,True
2503,-0.725005670274352,2,test,True
2504,0.0577107846840208,5,train,True
2505,0.322212320181511,6,validation,True
2506,-0.461701276602214,3,test,True
2507,-1.44600473084214,0,validation,True
2508,0.0951959399973121,5,train,True
2509,-0.16808486017978,4,train,True
251,-0.783609011137575,2,train,True
2510,-0.354355952577873,4,train,True
2511,-1.570755968687,0,train,True
2512,-0.383845515562056,3,train,True
2513,-0.284427403381489,4,train,True
2514,-1.20553030418458,1,validation,True
2515,-0.0906748719836338,5,test,True
2516,-1.58743604282623,0,train,True
2517,-0.170934120569473,4,test,True
2518,0.0038999444025986,5,train,True
2519,-0.964100681996463,1,train,True
252,-1.64631840684536,0,test,True
2520,0.169366819769385,5,test,True
2521,-0.326451312965428,4,train,True
2522,-0.323722196744589,4,train,True
2523,-0.502510106287379,3,train,True
2524,-0.548974960331597,3,test,True
2525,-0.708905732083675,2,train,True
2526,-0.46174170784692,3,train,True
2527,-1.04259858502904,1,validation,True
2528,0.0608798854307075,5,train,True
2529,-0.713605196177847,2,train,True
253,-0.87509142742157,2,train,True
2530,-0.475839622261914,3,train,True
2531,0.118536521583832,5,train,True
2532,-0.0954826376750092,4,validation,True
2533,-0.343215133141165,4,train,True
2534,-0.22048963932114,4,train,True
2535,0.314295185839026,6,train,True
2536,-0.301277435188017,4,test,True
2537,-0.651294992953368,2,train,True
2538,-0.665038468440035,2,test,True
2539,-0.840380377344678,2,train,True
254,0.115185174819641,5,train,True
2540,-0.999070679977865,1,train,True
2541,-0.129984655464014,4,train,True
2542,-0.565681255622579,3,test,True
2543,-0.436752219587502,3,train,True
2544,-1.30035661239284,0,test,True
2545,-0.823114393504424,2,test,True
2546,-0.96158335345869,1,train,True
2547,-1.01994723603416,1,test,True
2548,-0.974778059251306,1,train,True
2549,-1.01890777244768,1,train,True
255,-1.51220835151478,0,test,True
2550,-0.46116785173553,3,train,True
2551,-0.706125588016148,2,train,True
2552,-0.693391897108758,2,test,True
2553,-0.890242474143012,2,train,True
2554,-1.36613095510226,0,train,True
2555,-1.69247215161238,0,train,True
2556,-1.17596011948035,1,train,True
2557,-0.517430357091405,3,validation,True
2558,-1.38927942887449,0,train,True
2559,-1.45998705357275,0,train,True
256,-1.01856414831055,1,validation,True
2560,-0.986049735266394,1,train,True
2561,-1.08289198134786,1,train,True
2562,-0.329657057896035,4,test,True
2563,-1.40639483497734,0,train,True
2564,-0.353006080331385,4,train,True
2565,-1.03597026898897,1,train,True
2566,-0.630211126628136,2,train,True
2567,-1.07624087762276,1,test,True
2568,-1.13173520464763,1,train,True
2569,-1.07016468363747,1,test,True
257,-1.58292960596586,0,train,True
2570,-1.18655873538195,1,train,True
2571,-1.18711479974697,1,train,True
2572,-1.09812276083875,1,train,True
2573,-0.72857243323482,2,train,True
2574,0.0311792778739483,5,train,True
2575,-1.25498643419599,0,train,True
2576,-1.41280980716617,0,train,True
2577,-1.62331155268312,0,train,True
2578,-1.31545551001683,0,train,True
2579,-0.962374171027383,1,train,True
258,-0.905112813085134,1,test,True
2580,-0.847984927777201,2,train,True
2581,-0.771214069585656,2,train,True
2582,-0.786888205185968,2,train,True
2583,-0.88930987224851,2,validation,True
2584,-0.806140555795257,2,train,True
2585,-0.279015832070284,4,train,True
2586,-1.07398259593857,1,train,True
2587,-1.12722146130422,1,test,True
2588,-0.155718759056342,4,train,True
2589,-0.792121577493729,2,test,True
259,-1.62949982305891,0,train,True
2590,-0.472630562923911,3,test,True
2591,-1.07931271293119,1,train,True
2592,-1.13489793418651,1,train,True
2593,-1.09036036403884,1,test,True
2594,-1.11593280711034,1,test,True
2595,-0.676116109832487,2,train,True
2596,-0.497954326746212,3,train,True
2597,-1.12331109727852,1,train,True
2598,-1.28232806743415,0,test,True
2599,-0.721328590960286,2,test,True
26,-1.44117154713408,0,train,True
260,-1.42684318434381,0,train,True
2600,-0.483797554919912,3,test,True
2601,-1.15344909910216,1,train,True
2602,-0.4753577190063,3,test,True
2603,-1.10638972020257,1,test,True
2604,1.05123273603585,8,train,True
2605,-0.976700488071957,1,train,True
2606,-0.902312805569889,1,train,True
2607,-0.0988412413775125,4,train,True
2608,-0.397975335427935,3,test,True
2609,-0.952218765448399,1,test,True
261,-0.281653667198849,4,train,True
2610,-2.14768116553117,0,train,True
2611,0.807182852083835,7,test,True
2612,-0.244772355602358,4,train,True
2613,-0.679270912176725,2,validation,True
2614,-0.696382382216946,2,train,True
2615,-0.209863810762967,4,train,True
2616,-0.999503654949127,1,test,True
2617,-0.782389885279126,2,train,True
2618,-1.02071097382658,1,train,True
2619,-1.61943603103751,0,train,True
262,-1.29617008737455,0,validation,True
2620,-0.358401735580815,3,train,True
2621,-0.374449140114135,3,test,True
2622,-0.449209160063605,3,train,True
2623,-0.318297706559554,4,train,True
2624,-0.927625904477414,1,train,True
2625,-0.752467516564256,2,test,True
2626,0.822322639090866,7,validation,True
2627,-0.823542401845438,2,train,True
2628,-0.57944576567977,3,train,True
2629,-1.0423745874007,1,test,True
263,-1.39942186053585,0,test,True
2630,-0.821660693306129,2,train,True
2631,-0.588209633885231,3,train,True
2632,-0.191527545870051,4,train,True
2633,-0.742551213139398,2,train,True
2634,-0.813851854453437,2,train,True
2635,-0.509568561782141,3,train,True
2636,0.108357753385311,5,test,True
2637,-0.0132379989486075,5,train,True
2638,-0.367966310357505,3,train,True
2639,-0.892897351885291,2,test,True
264,-0.824036812648516,2,train,True
2640,0.67975789168513,7,train,True
2641,0.13331207755612,5,test,True
2642,0.847490785411788,7,train,True
2643,-0.867080495219957,2,test,True
2644,-1.36278740970344,0,test,True
2645,0.381797866709601,6,train,True
2646,-0.85916055413208,2,validation,True
2647,-0.48375864116502,3,train,True
2648,-0.855423489413387,2,train,True
2649,-0.0551443104865755,5,test,True
265,-1.37769167100694,0,train,True
2650,-0.250888815348395,4,validation,True
2651,1.68582030953829,9,train,True
2652,-0.317746051798631,4,train,True
2653,-0.766416689595932,2,test,True
2654,-0.645132524160975,2,train,True
2655,-1.12084419843241,1,train,True
2656,-0.632020424160973,2,train,True
2657,-0.722198425451151,2,train,True
2658,-1.18786588389088,1,train,True
2659,-1.26050216232458,0,train,True
266,-1.22324812999699,0,train,True
2660,-0.711003011004504,2,train,True
2661,0.479370683108315,6,train,True
2662,0.401390358372496,6,train,True
2663,0.546601706420549,7,validation,True
2664,-1.25301720706295,0,train,True
2665,-0.387516755935115,3,train,True
2666,0.521064337047871,7,train,True
2667,-1.35812834791818,0,train,True
2668,-0.452365908629369,3,train,True
2669,0.0137148924838214,5,train,True
267,0.017125240488408,5,train,True
2670,-1.13635690766512,1,validation,True
2671,-0.135828594368624,4,test,True
2672,-0.805573172379332,2,validation,True
2673,-0.18665297823381,4,train,True
2674,-0.966397278873767,1,train,True
2675,-0.680341505934847,2,train,True
2676,-0.503290359605923,3,train,True
2677,-0.757171166776491,2,train,True
2678,-0.0203718492199302,5,train,True
2679,-0.004894504411457,5,train,True
268,-1.2131776687781,1,test,True
2680,0.190371442188854,6,validation,True
2681,1.04461462988331,8,train,True
2682,-0.213954907137408,4,train,True
2683,-0.548991356201575,3,train,True
2684,-1.14608099439162,1,train,True
2685,-0.288236713198457,4,train,True
2686,-0.465791931189519,3,train,True
2687,-0.37176156142316,3,validation,True
2688,-0.88795617290482,2,train,True
2689,-0.821628391865554,2,train,True
269,0.416907707469527,6,test,True
2690,-0.666844767892566,2,train,True
2691,0.0478299363496896,5,test,True
2692,2.31754386767912,9,train,True
2693,-0.295840320480593,4,train,True
2694,2.82783374545439,9,validation,True
2695,-1.45330994236325,0,train,True
2696,-0.935625115286593,1,validation,True
2697,-0.59060936462888,3,test,True
2698,-0.720363118663926,2,train,True
2699,-0.481920783107469,3,train,True
27,-1.28895496244207,0,test,True
270,-1.09556790153851,1,train,True
2700,-1.05975469023113,1,train,True
2701,-0.465805620915225,3,train,True
2702,-0.186283551480679,4,train,True
2703,-0.996602996842914,1,train,True
2704,-0.0188706740397617,5,validation,True
2705,0.407721058888793,6,train,True
2706,-0.0564587079792683,5,test,True
2707,-0.977251969009538,1,validation,True
2708,1.01950264237795,8,train,True
2709,-0.221097387970206,4,train,True
271,-0.0222734143812941,5,train,True
2710,-0.544907978651603,3,train,True
2711,-1.71359796488632,0,train,True
2712,-1.66299527004181,0,train,True
2713,-1.80067383484368,0,train,True
2714,0.860069010629798,7,test,True
2715,-0.964521499568278,1,train,True
2716,-1.28996056571957,0,train,True
2717,-1.42378991173888,0,test,True
2718,-0.0899430382906604,5,test,True
2719,-1.3267631519495,0,train,True
272,-1.56196213891065,0,train,True
2720,-0.976462234074523,1,validation,True
2721,-0.114809362531609,4,train,True
2722,-1.28405724581652,0,train,True
2723,0.324023520496114,6,train,True
2724,-1.14849154366918,1,test,True
2725,-0.893793304280414,2,train,True
2726,0.885166866389575,8,train,True
2727,-1.16153418070497,1,train,True
2728,-0.363573665038393,3,train,True
2729,0.0469313282016626,5,train,True
273,-1.17559910561297,1,test,True
2730,-0.825294985233244,2,test,True
2731,-1.40903911122973,0,train,True
2732,-0.418730563945875,3,validation,True
2733,-1.24130963560836,0,train,True
2734,-0.946538482431454,1,train,True
2735,0.0562786428066007,5,train,True
2736,0.429998435083792,6,test,True
2737,0.3065918255387,6,train,True
2738,-1.16060844695748,1,test,True
2739,1.02892040492102,8,train,True
274,-0.39676844286747,3,train,True
2740,-0.362969118325516,3,train,True
2741,-1.07763927479999,1,train,True
2742,-0.517440902116882,3,train,True
2743,-0.984544690091201,1,train,True
2744,-1.38771953471389,0,train,True
2745,-0.622168204497116,2,train,True
2746,-1.15596107115162,1,train,True
2747,0.312552528791567,6,train,True
2748,-1.79682806025959,0,train,True
2749,-0.544752451394389,3,train,True
275,-1.03989054921749,1,train,True
2750,0.561851612361706,7,train,True
2751,-1.09944436225852,1,train,True
2752,-0.536240713858728,3,train,True
2753,-0.345844580863981,4,train,True
2754,-1.35493449606394,0,train,True
2755,-0.122414530588535,4,test,True
2756,-1.40172028258791,0,test,True
2757,1.31832042000275,8,test,True
2758,-1.55490323724705,0,train,True
2759,-1.23703478855972,0,train,True
276,-1.0698439999595,1,train,True
2760,-0.812233812628143,2,train,True
2761,-0.893323903734014,2,test,True
2762,-1.03994875296027,1,train,True
2763,-0.960646116233531,1,validation,True
2764,-1.21903621852638,0,train,True
2765,-0.890941207721955,2,train,True
2766,-0.792078556898557,2,train,True
2767,-0.436256703624942,3,train,True
2768,-1.10853727677259,1,train,True
2769,-0.581992331488268,3,test,True
277,-1.0625149234848,1,train,True
2770,-1.08676201265471,1,train,True
2771,-0.92262412973925,1,validation,True
2772,-1.09670471663825,1,train,True
2773,-0.908080601292411,1,train,True
2774,-0.472396541096526,3,train,True
2775,-1.3938868209639,0,train,True
2776,-1.25305746611281,0,train,True
2777,0.0504987532652303,5,train,True
2778,-0.977200289132211,1,test,True
2779,-1.32119311558124,0,test,True
278,-1.67989225061239,0,train,True
2780,-0.430847362050245,3,train,True
2781,-0.87999664003392,2,train,True
2782,-0.764157897805358,2,test,True
2783,-1.39069078713429,0,train,True
2784,-1.039001989985,1,validation,True
2785,-1.22251828114002,0,train,True
2786,-0.790899488668289,2,train,True
2787,-0.547415437325448,3,train,True
2788,-0.066214025155594,5,train,True
2789,-0.470461262985583,3,train,True
279,-1.42753702782632,0,test,True
2790,-0.878063905124505,2,test,True
2791,-1.01390556517111,1,train,True
2792,-1.05665017009982,1,train,True
2793,-0.903861413569437,1,test,True
2794,-1.0977193602413,1,train,True
2795,-1.18816786707835,1,train,True
2796,-0.685012709122991,2,validation,True
2797,-0.896129015459551,2,train,True
2798,-0.975862940793102,1,train,True
2799,-0.95854363489927,1,test,True
28,-0.95404036850102,1,train,True
280,-0.785480086894242,2,validation,True
2800,-0.614239781773336,3,train,True
2801,-1.1816409717919,1,train,True
2802,-1.21725534537611,1,train,True
2803,-0.471056154016231,3,train,True
2804,-0.981178410695207,1,train,True
2805,-0.981977771081011,1,train,True
2806,-0.885553383647924,2,test,True
2807,-1.0480645252864,1,train,True
2808,-0.551257598395283,3,test,True
2809,-1.06811659379229,1,train,True
281,-1.21147116010561,1,train,True
2810,-1.30112538536861,0,train,True
2811,-1.38141401701695,0,train,True
2812,-0.164494458198372,4,train,True
2813,-0.791134040711373,2,train,True
2814,-0.62921505504547,2,train,True
2815,-1.44203484391978,0,validation,True
2816,-1.8256963412065,0,train,True
2817,-1.04679732752428,1,test,True
2818,-0.842654232751492,2,test,True
2819,-1.10730360658473,1,test,True
282,-0.569769202436572,3,train,True
2820,-1.45646911743232,0,validation,True
2821,-0.776504466211674,2,test,True
2822,-1.58788343778187,0,train,True
2823,-1.34222344343009,0,test,True
2824,-0.786814916432722,2,train,True
2825,-1.00214146590149,1,train,True
2826,-1.5118073192746,0,train,True
2827,-0.336221841007962,4,train,True
2828,-1.55591545279649,0,train,True
2829,-1.15895307153631,1,test,True
283,-0.117983089976882,4,train,True
2830,-1.12248306004977,1,test,True
2831,-1.26698056059461,0,train,True
2832,-1.2890335860562,0,test,True
2833,-1.18326393064906,1,train,True
2834,-0.949558751893098,1,train,True
2835,-0.891658156947769,2,train,True
2836,-0.818296870313654,2,train,True
2837,-1.07634993453818,1,train,True
2838,-0.392636726436828,3,train,True
2839,-3.01747554737825,0,test,True
284,-1.69612677477233,0,train,True
2840,-1.30663035154001,0,train,True
2841,-0.871967781642231,2,test,True
2842,-0.891937528032736,2,test,True
2843,-1.49424173213808,0,train,True
2844,-0.790296747255896,2,train,True
2845,-1.52306076412694,0,train,True
2846,-1.10172634375799,1,train,True
2847,-0.912811431319086,1,test,True
2848,-1.0041330517492,1,test,True
2849,-0.577312538147923,3,test,True
285,-1.6251908569633,0,train,True
2850,-1.66729903660994,0,validation,True
2851,-0.254302450158156,4,train,True
2852,-0.767269736714609,2,test,True
2853,-1.51133824726526,0,train,True
2854,-1.15916630095203,1,validation,True
2855,-1.20489805113657,1,train,True
2856,-1.05836641146022,1,test,True
2857,-0.71280372651103,2,train,True
2858,-0.523703179531166,3,train,True
2859,-1.10460963515018,1,train,True
286,-1.33643266906888,0,train,True
2860,-1.08287619958248,1,train,True
2861,-1.19570444347753,1,train,True
2862,0.87284846292912,7,train,True
2863,-1.50960768616058,0,train,True
2864,-0.657765163393216,2,validation,True
2865,-1.20444924855758,1,train,True
2866,-1.40210665446053,0,validation,True
2867,-1.21672075510882,1,test,True
2868,-0.292611501345579,4,train,True
2869,-0.794853754245915,2,train,True
287,-1.76074163843089,0,train,True
2870,-0.941674469649546,1,validation,True
2871,-0.671316925724103,2,test,True
2872,-0.837222518104721,2,train,True
2873,-0.465958233909607,3,test,True
2874,-1.22026698069441,0,train,True
2875,-0.85084723739478,2,train,True
2876,-1.25362486312069,0,train,True
2877,-1.39922080451457,0,train,True
2878,-1.58283398189202,0,train,True
2879,-1.0224857721966,1,train,True
288,-1.33669168579121,0,train,True
2880,-0.762078338265236,2,train,True
2881,-0.0788786107630603,5,train,True
2882,-1.04397716362506,1,train,True
2883,-1.12444827471533,1,train,True
2884,-1.00285714029826,1,train,True
2885,0.097111264827064,5,train,True
2886,-0.85892199379833,2,train,True
2887,-0.879200327505395,2,train,True
2888,-0.196399361560781,4,train,True
2889,-0.95162776179812,1,train,True
289,-1.30426832479837,0,validation,True
2890,-0.824205931493368,2,test,True
2891,-0.482677210736695,3,train,True
2892,-0.777160602643761,2,train,True
2893,0.935368628888161,8,test,True
2894,-1.0934950820797,1,train,True
2895,-0.390144314509297,3,validation,True
2896,-0.894618902720247,2,train,True
2897,-0.835816824559555,2,test,True
2898,-0.490847334412735,3,train,True
2899,-0.159975541081524,4,test,True
29,-1.11235030887916,1,validation,True
290,-1.15727174501045,1,train,True
2900,-0.383117238295739,3,train,True
2901,-0.373394107369709,3,train,True
2902,0.466912049475641,6,train,True
2903,-0.184609698859411,4,train,True
2904,-0.336654876522751,4,train,True
2905,-0.588352701969767,3,validation,True
2906,-0.588061736627672,3,train,True
2907,-0.941752231868016,1,train,True
2908,-0.149594527318937,4,test,True
2909,-1.09172461751195,1,test,True
291,-0.940847126192159,1,train,True
2910,-0.647798407803115,2,validation,True
2911,-0.75038072715878,2,train,True
2912,-0.485465500678087,3,train,True
2913,-0.566896139207531,3,train,True
2914,-0.111280667796384,4,train,True
2915,0.0722164621529996,5,test,True
2916,-1.16016170791285,1,validation,True
2917,-0.364955527645611,3,train,True
2918,-0.891249078968926,2,validation,True
2919,-0.987377192333626,1,train,True
292,-1.0284022252234,1,train,True
2920,-1.02437385159259,1,train,True
2921,-0.144179246685851,4,train,True
2922,-1.08493920045994,1,validation,True
2923,-0.916578387393648,1,validation,True
2924,-1.21813884073249,0,test,True
2925,0.348041905863066,6,train,True
2926,1.48283466792507,9,train,True
2927,-0.864381561949688,2,test,True
2928,-0.402505755769303,3,train,True
2929,-0.0081386533457956,5,train,True
293,-1.80634027359658,0,train,True
2930,-1.06036626918663,1,train,True
2931,0.164196653090628,5,test,True
2932,-0.0258383174901792,5,train,True
2933,0.613269103047094,7,train,True
2934,-0.61963882239805,2,train,True
2935,-0.478910864328833,3,train,True
2936,0.458422129675001,6,train,True
2937,-0.721142915606444,2,train,True
2938,-0.077217717275847,5,train,True
2939,0.255346483035187,6,train,True
294,-1.72333427107484,0,train,True
2940,-0.40594578590875,3,train,True
2941,0.016011104205251,5,train,True
2942,-0.797752177795555,2,train,True
2943,-1.29874028107124,0,train,True
2944,-0.75330021417035,2,train,True
2945,-1.11964568616119,1,test,True
2946,-0.846589615257249,2,train,True
2947,-0.482628078099312,3,train,True
2948,0.656543764539067,7,train,True
2949,1.74388596948695,9,test,True
295,-0.953205063913073,1,test,True
2950,-0.383639390812647,3,validation,True
2951,-1.22120806637022,0,train,True
2952,-0.853890309550721,2,train,True
2953,-0.859741380554502,2,train,True
2954,-0.546538747946356,3,validation,True
2955,-0.993631810866253,1,test,True
2956,-1.63297359045039,0,train,True
2957,-1.15899071981607,1,validation,True
2958,-0.925839006438052,1,train,True
2959,-1.25780720742623,0,train,True
296,-1.51705318563181,0,train,True
2960,-1.65524849809777,0,train,True
2961,-1.37919086286693,0,train,True
2962,-0.60436022753884,3,train,True
2963,-1.12684093909088,1,test,True
2964,-1.03712135410436,1,train,True
2965,-1.09567238874725,1,test,True
2966,-0.95888614132927,1,train,True
2967,-0.912106335660742,1,train,True
2968,-1.0760350776958,1,train,True
2969,-0.560650935236984,3,train,True
297,-1.36581921848225,0,validation,True
2970,-0.226750130658413,4,test,True
2971,-0.931682313027833,1,train,True
2972,-0.114085020205936,4,train,True
2973,-0.604257627946626,3,train,True
2974,-1.27690769997588,0,test,True
2975,-1.34293961089174,0,test,True
2976,-0.951215044335794,1,validation,True
2977,-1.11089839762602,1,train,True
2978,-0.791746336822158,2,train,True
2979,-0.40948343218347,3,train,True
298,-0.897896379174168,2,test,True
2980,-1.54302294817641,0,train,True
2981,-1.02932164925754,1,train,True
2982,-0.341164304178019,4,train,True
2983,-0.796041268588706,2,train,True
2984,0.376030432884918,6,train,True
2985,-1.321334132038,0,validation,True
2986,-1.47160077304319,0,train,True
2987,0.0116757432222293,5,train,True
2988,0.077738974759477,5,train,True
2989,0.604424766585555,7,train,True
299,-0.702245970011009,2,train,True
2990,0.752589156001051,7,train,True
2991,-0.76120750952318,2,train,True
2992,-0.476254599226195,3,train,True
2993,-0.98041133166952,1,test,True
2994,0.0019453123182519,5,train,True
2995,-0.652456246162354,2,train,True
2996,1.30948801573834,8,train,True
2997,-1.40044976362602,0,train,True
2998,-0.989795203215947,1,train,True
2999,-0.271661165997544,4,validation,True
3,-1.79182517307538,0,validation,True
30,-1.20710965901506,1,train,True
300,-1.31587911644116,0,test,True
3000,-1.37936946605883,0,train,True
3001,0.165563846130413,5,test,True
3002,-1.18382228658491,1,train,True
3003,-1.33976503109249,0,train,True
3004,-0.652114962072876,2,train,True
3005,-1.11722270521585,1,test,True
3006,1.09402641953624,8,validation,True
3007,-0.696341733903888,2,train,True
3008,0.42534432749741,6,test,True
3009,0.6331592543455,7,train,True
301,-1.56920448456541,0,train,True
3010,-0.247077627275672,4,train,True
3011,0.468898337904349,6,test,True
3012,-0.326880231303944,4,test,True
3013,-0.922552977154638,1,train,True
3014,-0.118813072742961,4,train,True
3015,-0.662767525124678,2,train,True
3016,0.136980038913824,5,validation,True
3017,0.199260605073407,6,train,True
3018,-1.44235569934032,0,validation,True
3019,-0.672870847367783,2,train,True
302,-1.44682830962583,0,test,True
3020,-1.00323858984707,1,train,True
3021,-1.48835924070946,0,test,True
3022,-1.576895658765,0,train,True
3023,-0.39912478641753,3,train,True
3024,-1.50529360829197,0,train,True
3025,-0.444445789272903,3,train,True
3026,0.639466215969091,7,train,True
3027,-1.18400439444762,1,train,True
3028,0.645218081373406,7,train,True
3029,-0.592806011324141,3,train,True
303,-1.26660204341799,0,train,True
3030,0.0785309344084185,5,train,True
3031,-1.65308378791942,0,validation,True
3032,-1.2635817245835,0,train,True
3033,-0.385129401669855,3,train,True
3034,0.0179372142500351,5,train,True
3035,1.19860668831884,8,test,True
3036,-0.909801408361228,1,train,True
3037,-1.1987010861581,1,train,True
3038,-0.576179798075447,3,train,True
3039,-0.246202416882853,4,train,True
304,-1.33053057111785,0,test,True
3040,-0.865578594948588,2,train,True
3041,-0.593472900679669,3,train,True
3042,-1.18194135542882,1,train,True
3043,-0.488364953855195,3,train,True
3044,-0.417098993142788,3,train,True
3045,-0.500548393533189,3,train,True
3046,-0.986790873632521,1,train,True
3047,-0.773211938149839,2,test,True
3048,-0.522085003244852,3,train,True
3049,-1.05296782190163,1,train,True
305,0.224362690932233,6,train,True
3050,-0.836910903167644,2,train,True
3051,-1.00693787741802,1,validation,True
3052,-1.04889957238745,1,validation,True
3053,-1.20586837251651,1,test,True
3054,-0.233290377924628,4,train,True
3055,-0.892299349301913,2,test,True
3056,-0.232829403563214,4,train,True
3057,-1.03555756901758,1,train,True
3058,-1.46779931811835,0,train,True
3059,-1.13492980143153,1,train,True
306,-1.30187503781056,0,test,True
3060,-1.166049191792,1,test,True
3061,-0.79019535806706,2,train,True
3062,-1.01229411757387,1,train,True
3063,-0.821088280282251,2,train,True
3064,-0.560505890629561,3,train,True
3065,-0.874169829002478,2,train,True
3066,-0.675982840485853,2,train,True
3067,-1.56273734681596,0,train,True
3068,-0.555705443904271,3,train,True
3069,-0.717938143303893,2,train,True
307,-1.74932407761272,0,train,True
3070,-0.789655791661197,2,test,True
3071,-1.12163490031661,1,test,True
3072,-0.903663453731405,1,train,True
3073,-1.36685402644236,0,validation,True
3074,-0.809860003585519,2,train,True
3075,-1.32202997472552,0,train,True
3076,-1.17936108268424,1,test,True
3077,-0.955599545484786,1,train,True
3078,-0.18824590074815,4,train,True
3079,-0.0556102184840309,5,train,True
308,-1.48379508168589,0,validation,True
3080,-0.619131921247306,3,train,True
3081,-0.671730234269299,2,train,True
3082,-0.644121829623915,2,train,True
3083,0.300585057739468,6,train,True
3084,-0.483745281497219,3,test,True
3085,-1.33587078081506,0,train,True
3086,-1.16445785500237,1,train,True
3087,-1.0000139008101,1,train,True
3088,-0.757964932776214,2,train,True
3089,-1.33199509286999,0,train,True
309,-1.81034413408391,0,train,True
3090,-0.402204658084909,3,train,True
3091,-1.33225213801045,0,train,True
3092,-0.703530475160689,2,validation,True
3093,-0.939357484803712,1,train,True
3094,-1.22866661469736,0,validation,True
3095,-0.431415659534873,3,test,True
3096,-0.896197728088643,2,train,True
3097,-1.28752074068911,0,validation,True
3098,-1.02954932759119,1,test,True
3099,-1.05830137301032,1,train,True
31,-1.60643372312803,0,train,True
310,-1.18254069250991,1,test,True
3100,-1.12159577488265,1,test,True
3101,-0.908865454779489,1,train,True
3102,-1.5377269873735,0,train,True
3103,-1.34826711299087,0,train,True
3104,-0.854547571685447,2,train,True
3105,-1.31583837319623,0,train,True
3106,-1.33168547044613,0,train,True
3107,-1.76778903437226,0,train,True
3108,-1.57201402252526,0,train,True
3109,-1.4357925195029,0,train,True
311,-0.973223145639626,1,train,True
3110,-1.12964665538991,1,train,True
3111,-1.40735381564118,0,test,True
3112,-0.286445381020258,4,test,True
3113,-1.43614021773882,0,train,True
3114,-1.51766032962378,0,train,True
3115,-1.12344403672323,1,train,True
3116,1.12413599415372,8,test,True
3117,-0.89415770761178,2,test,True
3118,-1.51369320408177,0,train,True
3119,-0.251190426941014,4,train,True
312,-0.266274505279712,4,test,True
3120,-1.19182887642943,1,train,True
3121,-1.58669463561898,0,test,True
3122,-1.37572953766278,0,test,True
3123,-0.595714624519537,3,test,True
3124,-1.27926054752172,0,train,True
3125,-1.12710316317869,1,test,True
3126,-1.01701227705281,1,train,True
3127,-1.52658831914863,0,train,True
3128,-1.02237943555023,1,train,True
3129,-1.21221399070689,1,test,True
313,-1.21775553309896,0,test,True
3130,-0.643911068999068,2,test,True
3131,-1.42133698123006,0,train,True
3132,-0.628818367500231,2,test,True
3133,-0.172868558473313,4,test,True
3134,-1.74676607372222,0,test,True
3135,-1.07330949194014,1,train,True
3136,-0.823623497285152,2,train,True
3137,-0.286172950577289,4,train,True
3138,-1.14162252980659,1,test,True
3139,-0.391660966280291,3,train,True
314,-0.672987667065536,2,test,True
3140,-1.04170796276658,1,train,True
3141,-0.475607497035307,3,train,True
3142,-0.326257066074648,4,test,True
3143,-1.17704451016819,1,train,True
3144,-0.444231521103915,3,test,True
3145,-1.14551430920994,1,train,True
3146,-1.74430889224029,0,train,True
3147,-1.2243703616818,0,train,True
3148,-1.11408852257619,1,train,True
3149,0.501615447453933,6,train,True
315,-0.996883927925119,1,train,True
3150,-1.8001320593485,0,train,True
3151,-0.607275315143152,3,train,True
3152,0.738278427630036,7,train,True
3153,-0.657303791819135,2,train,True
3154,-0.850602128138686,2,train,True
3155,-0.784605543414081,2,train,True
3156,-0.994264892234077,1,train,True
3157,-1.56601793592314,0,test,True
3158,-1.10847602782163,1,test,True
3159,-0.643212490609032,2,train,True
316,-1.5480440107789,0,test,True
3160,-1.35682976665555,0,test,True
3161,-1.11522521749518,1,train,True
3162,0.249318442314082,6,train,True
3163,-1.28617868004252,0,train,True
3164,-1.61572120919848,0,train,True
3165,-1.17196417335485,1,train,True
3166,-0.356898983968962,3,test,True
3167,-1.38820139057787,0,test,True
3168,-0.952174286753324,1,validation,True
3169,-1.15767041354995,1,train,True
317,-1.2108751603397,1,train,True
3170,-0.969164903344626,1,train,True
3171,-1.46998067449613,0,train,True
3172,-0.223719589963065,4,train,True
3173,-1.74324847322413,0,train,True
3174,-1.66436769859644,0,test,True
3175,-0.765835869106358,2,train,True
3176,-1.37080006633191,0,train,True
3177,0.0883769765198647,5,train,True
3178,-1.01773691200749,1,train,True
3179,-0.777328738844335,2,test,True
318,-1.22361399962232,0,validation,True
3180,0.0785867379833085,5,train,True
3181,-0.972394034412373,1,train,True
3182,-1.81227938753188,0,validation,True
3183,-1.15568358199344,1,train,True
3184,-0.996741184224852,1,train,True
3185,-1.45602415420969,0,test,True
3186,-1.11067033491472,1,train,True
3187,-1.56748741336067,0,train,True
3188,-0.816020922576286,2,test,True
3189,-1.19403685674764,1,train,True
319,-1.21417480878088,1,test,True
3190,-1.12915521219284,1,train,True
3191,-0.418449006605368,3,validation,True
3192,-1.10757141134254,1,train,True
3193,-0.643609631053863,2,test,True
3194,-1.44199666289657,0,train,True
3195,-1.03379694931513,1,train,True
3196,-1.7296033006057,0,train,True
3197,-0.250669790723053,4,train,True
3198,-0.726541061295955,2,train,True
3199,-1.65321172605352,0,train,True
32,-1.66887244467609,0,train,True
320,-0.505417079056207,3,test,True
3200,-0.963656452692963,1,train,True
3201,-1.43008811392165,0,train,True
3202,-0.516001808752457,3,train,True
3203,-1.18860814708383,1,train,True
3204,-0.989625921058216,1,train,True
3205,-1.15401400877302,1,train,True
3206,-0.9025633088543,1,test,True
3207,-0.432495779343734,3,train,True
3208,-1.07967111234022,1,test,True
3209,-0.98664854435226,1,train,True
321,-1.23520893768837,0,train,True
3210,-0.928350040275029,1,train,True
3211,-0.813874859743113,2,validation,True
3212,-1.06963998311547,1,test,True
3213,-1.35701580593164,0,test,True
3214,-1.35384870233242,0,train,True
3215,-1.1637840033884,1,train,True
3216,-1.01485222510143,1,train,True
3217,-1.28625521277303,0,train,True
3218,-1.01191375562087,1,train,True
3219,-1.42484626668452,0,train,True
322,-1.92600045842052,0,validation,True
3220,-0.898614227008548,2,train,True
3221,1.5845103289733,9,train,True
3222,-0.389652246882419,3,train,True
3223,-0.754315456607453,2,validation,True
3224,-0.450101168712028,3,validation,True
3225,-1.06814307578676,1,validation,True
3226,0.12398140194353,5,train,True
3227,-0.837909292067515,2,train,True
3228,-0.683922646939006,2,train,True
3229,-1.07952031443533,1,train,True
323,-1.18810184569931,1,train,True
3230,-1.11654326674388,1,train,True
3231,-0.26522609826039,4,test,True
3232,0.336436931993837,6,train,True
3233,0.307791284759244,6,validation,True
3234,-1.2571866928533,0,validation,True
3235,-1.09383636596383,1,train,True
3236,-0.238366046825072,4,train,True
3237,0.136760929918427,5,train,True
3238,0.680568173439452,7,train,True
3239,-0.140558663652532,4,test,True
324,-0.731137311615296,2,train,True
3240,-0.395436633863435,3,train,True
3241,1.05508907270201,8,train,True
3242,-0.405251936318826,3,test,True
3243,-0.156592256480788,4,validation,True
3244,0.438882335721828,6,validation,True
3245,1.27125610254377,8,train,True
3246,-0.473108656926871,3,validation,True
3247,-0.278966760401895,4,test,True
3248,0.05066501966779,5,test,True
3249,-0.395024649804574,3,train,True
325,-0.568920348239074,3,test,True
3250,-0.897080714374804,2,train,True
3251,-0.413735502577746,3,train,True
3252,-0.122227929543492,4,test,True
3253,-0.920993480091115,1,train,True
3254,-0.428819047718828,3,train,True
3255,-0.444231746933749,3,train,True
3256,-0.321414532178941,4,train,True
3257,-0.0292077682785773,5,train,True
3258,-1.00590576388263,1,train,True
3259,-0.38063433951664,3,train,True
326,-1.51103295887415,0,train,True
3260,-0.615069216158626,3,test,True
3261,-0.608160542420542,3,train,True
3262,-0.708230676448461,2,train,True
3263,-1.01620090610772,1,test,True
3264,-0.484644401480399,3,train,True
3265,0.0174615096025503,5,train,True
3266,-0.486970394540147,3,train,True
3267,-0.796895300125641,2,train,True
3268,-0.735254555188318,2,train,True
3269,1.5487444523859,9,test,True
327,-1.501068794795,0,validation,True
3270,0.222707014814449,6,train,True
3271,-0.825278296761167,2,train,True
3272,-0.097160399809413,4,train,True
3273,-0.750588521660323,2,train,True
3274,-0.3438204721817,4,test,True
3275,-0.690782294279645,2,train,True
3276,-0.114889727318265,4,train,True
3277,0.0258172413482882,5,validation,True
3278,-0.471694179717602,3,test,True
3279,-0.770395639970027,2,train,True
328,-0.512638366072164,3,train,True
3280,-0.563124302876321,3,train,True
3281,-0.436069169791951,3,train,True
3282,0.396924330170838,6,train,True
3283,2.31695695264162,9,train,True
3284,-0.703144584867797,2,train,True
3285,0.236382897486317,6,train,True
3286,-0.494024781355284,3,train,True
3287,-0.0905288636617403,5,train,True
3288,-0.519732528150082,3,train,True
3289,-0.37044744669142,3,train,True
329,-1.35586630538911,0,validation,True
3290,-0.669674701954107,2,train,True
3291,-0.799886507429181,2,train,True
3292,0.0018364838589726,5,train,True
3293,-0.161323287284495,4,train,True
3294,-0.128028670376543,4,train,True
3295,-1.00775165895996,1,validation,True
3296,-0.582161630033788,3,validation,True
3297,-0.289471940753323,4,train,True
3298,-0.589302624975627,3,test,True
3299,-0.151292410964933,4,train,True
33,-1.27340621186795,0,train,True
330,-1.4306387725406,0,train,True
3300,-1.35289465282343,0,train,True
3301,-0.257518459713208,4,train,True
3302,-0.469839811552539,3,train,True
3303,-0.468130816474871,3,train,True
3304,-0.330858619810478,4,train,True
3305,-0.231853242447042,4,test,True
3306,0.425793508411987,6,train,True
3307,-0.0134880471705063,5,train,True
3308,-1.04301454836582,1,test,True
3309,0.482490647891316,6,train,True
331,-1.11690833563189,1,train,True
3310,-0.773080261422753,2,train,True
3311,0.573727047679643,7,validation,True
3312,-0.571049386027463,3,train,True
3313,-0.770048988065119,2,train,True
3314,-0.82133238459418,2,train,True
3315,-0.523098719093857,3,train,True
3316,-0.174644749806649,4,train,True
3317,-0.771774497083979,2,train,True
3318,-0.0984284340038292,4,train,True
3319,-0.799211241092734,2,train,True
332,-1.18646135203844,1,train,True
3320,-0.69135941470445,2,train,True
3321,0.0517497733577368,5,train,True
3322,-0.414229331282467,3,train,True
3323,-0.808000057765061,2,train,True
3324,-0.184955510177405,4,train,True
3325,0.479194656779959,6,train,True
3326,-0.546451438489132,3,train,True
3327,0.43797622608384,6,train,True
3328,-0.517754390384885,3,test,True
3329,-0.513995369743605,3,test,True
333,-1.06479712163481,1,train,True
3330,-0.143495003732976,4,train,True
3331,1.02860726583412,8,train,True
3332,-0.393425795644127,3,train,True
3333,-0.271479460613152,4,train,True
3334,-0.454163427815142,3,train,True
3335,0.590537429961601,7,train,True
3336,-0.563277108044348,3,test,True
3337,-0.130612104938867,4,train,True
3338,-0.554482038351026,3,train,True
3339,-0.723080091187912,2,train,True
334,-1.415280592171,0,train,True
3340,0.440135152385231,6,train,True
3341,0.662600857216163,7,train,True
3342,-0.63862996909588,2,train,True
3343,-1.20079363486113,1,train,True
3344,-0.336133376157077,4,train,True
3345,0.348486748940805,6,train,True
3346,1.15060828861078,8,test,True
3347,-0.805024053692443,2,test,True
3348,0.248442340731333,6,train,True
3349,1.55702327362809,9,train,True
335,-1.29810563359031,0,train,True
3350,0.0953350641373633,5,test,True
3351,0.865145349189733,7,train,True
3352,-0.473480529094046,3,train,True
3353,-1.25395571974447,0,train,True
3354,-1.06050637867804,1,test,True
3355,-1.23961490071879,0,train,True
3356,-0.834695622354824,2,train,True
3357,-0.980929719474862,1,train,True
3358,-1.082601854659,1,test,True
3359,-0.748588989564771,2,test,True
336,-0.483326772655464,3,train,True
3360,-0.812142082642717,2,train,True
3361,-1.24897775501306,0,validation,True
3362,-0.922779759443493,1,train,True
3363,-1.19813541976872,1,train,True
3364,-0.8808378020639,2,test,True
3365,-1.64104971216752,0,test,True
3366,-1.18772233376876,1,validation,True
3367,-1.30755346015311,0,train,True
3368,-0.636528730884971,2,train,True
3369,-0.350219781074378,4,train,True
337,-1.14529690478793,1,train,True
3370,-1.03425717941967,1,train,True
3371,-0.659891616547002,2,train,True
3372,-0.497914947948428,3,train,True
3373,-0.998338863017212,1,train,True
3374,-1.19067147012609,1,validation,True
3375,-0.727543134280138,2,train,True
3376,-0.972295165486116,1,test,True
3377,-0.589522502634839,3,train,True
3378,-0.0333514837124176,5,train,True
3379,-1.02538473557802,1,train,True
338,-1.17003171044156,1,train,True
3380,-0.273121235590329,4,train,True
3381,-0.59386594576005,3,train,True
3382,-1.0391779849471,1,train,True
3383,-0.161781288153816,4,test,True
3384,-0.976715361775466,1,test,True
3385,-0.496271768653659,3,train,True
3386,-1.30972886806135,0,train,True
3387,-1.0988854446697,1,test,True
3388,-1.06084565016467,1,validation,True
3389,-1.07810448491341,1,test,True
339,-1.66020943430103,0,test,True
3390,-0.979583962651609,1,validation,True
3391,-1.04375272376831,1,train,True
3392,-0.665452104433744,2,train,True
3393,-0.391467484996055,3,test,True
3394,-0.814608655456439,2,train,True
3395,-0.538762004824411,3,train,True
3396,-0.542972832193709,3,test,True
3397,-0.986321659837204,1,train,True
3398,-0.512009017028238,3,train,True
3399,-0.436945469563522,3,test,True
34,-1.54092292319547,0,train,True
340,-2.30684356839734,0,train,True
3400,-1.33100354784267,0,train,True
3401,-1.14862917843898,1,train,True
3402,-0.758175659898583,2,train,True
3403,-0.340375870480646,4,train,True
3404,-0.778915905297036,2,validation,True
3405,-0.73359722505497,2,train,True
3406,-0.471509513274028,3,train,True
3407,0.9607524546127,8,train,True
3408,-0.919141166962089,1,validation,True
3409,-0.643819528816707,2,train,True
341,-0.971506420008844,1,test,True
3410,-1.33177393204306,0,train,True
3411,-0.522180808531997,3,test,True
3412,-1.06252117861214,1,validation,True
3413,0.0103455972050181,5,train,True
3414,-1.48430506682457,0,train,True
3415,-0.898920458070332,2,validation,True
3416,-1.67250409819313,0,train,True
3417,-0.557966823334658,3,train,True
3418,-1.08076934950784,1,train,True
3419,-1.4305533727326,0,validation,True
342,-1.47216988219452,0,test,True
3420,-1.04670701439313,1,train,True
3421,-1.22398528390313,0,train,True
3422,0.625799130432395,7,train,True
3423,-0.25559347419898,4,train,True
3424,-1.12109505757106,1,train,True
3425,-0.811488349418852,2,train,True
3426,-1.26055086893532,0,validation,True
3427,-1.60416471394626,0,train,True
3428,-0.672738253270161,2,train,True
3429,-0.744159828348674,2,test,True
343,-1.0707034203775,1,test,True
3430,-1.14937498725417,1,train,True
3431,-1.58176660031771,0,train,True
3432,-0.268115410182961,4,test,True
3433,-0.661629849944141,2,train,True
3434,-1.27118115646526,0,train,True
3435,-1.09831424158389,1,train,True
3436,-1.10388035531819,1,train,True
3437,-0.170068585880802,4,train,True
3438,0.0026050444252948,5,validation,True
3439,-1.50997839985034,0,train,True
344,-0.602292766130607,3,train,True
3440,-1.15731476914047,1,train,True
3441,-0.484945977758938,3,test,True
3442,-0.0982128842409975,4,train,True
3443,-0.538282440845534,3,train,True
3444,-0.714470062690561,2,train,True
3445,-0.448216341116938,3,train,True
3446,-0.383653142612621,3,train,True
3447,-0.822410312705891,2,train,True
3448,0.331749535376429,6,train,True
3449,0.413434289983721,6,train,True
345,-0.890504117641801,2,train,True
3450,2.20345340306426,9,train,True
3451,1.2967404268135,8,train,True
3452,0.129048542491028,5,train,True
3453,1.13709081333136,8,train,True
3454,-0.42260643937054,3,test,True
3455,1.53585432967787,9,train,True
3456,1.7347274514075,9,train,True
3457,-0.0848023757542707,5,train,True
3458,0.0922642206011828,5,train,True
3459,0.160246517403087,5,train,True
346,-1.42369291614128,0,train,True
3460,0.623192345960344,7,train,True
3461,0.500782461712945,6,train,True
3462,2.67732185957649,9,train,True
3463,-0.407643889597894,3,train,True
3464,-0.248142775421717,4,validation,True
3465,0.500959469107866,6,train,True
3466,1.19390005609183,8,train,True
3467,-0.0032901318282243,5,train,True
3468,1.40398961826036,9,test,True
3469,-0.707835607859943,2,train,True
347,-1.21095307064316,1,train,True
3470,0.98454608612609,8,test,True
3471,0.858590735109597,7,train,True
3472,0.968736541046047,8,train,True
3473,-0.257982552396097,4,test,True
3474,-0.252060647519353,4,test,True
3475,0.490492276186508,6,train,True
3476,2.79614695648361,9,train,True
3477,0.712640581280889,7,train,True
3478,1.18116701442897,8,train,True
3479,1.31439057609466,8,train,True
348,-0.675855857300107,2,test,True
3480,1.90835252964901,9,test,True
3481,1.05724768223283,8,train,True
3482,0.712333195975145,7,validation,True
3483,-0.338102011907164,4,test,True
3484,0.19122082718056,6,train,True
3485,0.552224096688441,7,train,True
3486,2.13922751227296,9,validation,True
3487,0.113177611112697,5,train,True
3488,0.689306092613491,7,test,True
3489,-0.519956468929034,3,train,True
349,-1.62859519470631,0,train,True
3490,1.67781961733101,9,train,True
3491,-0.0231852745936084,5,train,True
3492,0.485714725050875,6,train,True
3493,0.540772074443187,7,train,True
3494,2.18831838510013,9,validation,True
3495,1.37828841882482,8,test,True
3496,0.241961928428828,6,train,True
3497,0.231579212417618,6,train,True
3498,0.257860474399459,6,train,True
3499,0.544298980320137,7,train,True
35,-1.52337008402065,0,train,True
350,-1.45728664051335,0,test,True
3500,2.43704465012359,9,train,True
3501,1.81742886002685,9,train,True
3502,1.30170690115514,8,train,True
3503,0.019296760446034,5,train,True
3504,1.730457718116,9,train,True
3505,1.63611343322981,9,train,True
3506,0.538447530885733,7,train,True
3507,0.174550016208511,5,test,True
3508,1.21024220371567,8,train,True
3509,0.0531978838002404,5,train,True
351,-1.71498627953929,0,train,True
3510,0.654171641686599,7,train,True
3511,1.15457945914011,8,train,True
3512,1.72942954068339,9,validation,True
3513,0.601905252586627,7,train,True
3514,-0.190368959931096,4,train,True
3515,0.359047389104699,6,train,True
3516,0.819147596150419,7,train,True
3517,1.15034182194871,8,train,True
3518,1.14509957288062,8,train,True
3519,2.33894183999863,9,train,True
352,-1.29653652268393,0,train,True
3520,0.461067807822284,6,train,True
3521,1.06356914185234,8,test,True
3522,-0.375242345512988,3,test,True
3523,-1.1111834861403,1,train,True
3524,1.04596852165518,8,test,True
3525,0.705764504938302,7,train,True
3526,0.483121232771418,6,train,True
3527,0.408715683735495,6,train,True
3528,0.51034667444923,7,validation,True
3529,0.213285598165598,6,test,True
353,-1.77062387239945,0,train,True
3530,0.574449055373616,7,train,True
3531,1.65887544555612,9,test,True
3532,0.700440220246204,7,train,True
3533,0.908570185134894,8,test,True
3534,0.840291907137734,7,test,True
3535,1.8455587234241,9,train,True
3536,-0.254644030971106,4,train,True
3537,1.28625759742072,8,train,True
3538,2.2471527771159,9,test,True
3539,1.0240228509268,8,validation,True
354,-1.58511479894296,0,test,True
3540,1.6988496038194,9,train,True
3541,0.459879031687882,6,validation,True
3542,1.77887592724177,9,test,True
3543,0.0099298068904926,5,train,True
3544,-0.103886316799918,4,train,True
3545,1.50486267781025,9,train,True
3546,-0.107825630772775,4,train,True
3547,0.798356873413954,7,train,True
3548,1.2660463160592,8,train,True
3549,0.029940176499786,5,test,True
355,-0.88312981280929,2,train,True
3550,1.33513901187452,8,validation,True
3551,1.53420298639227,9,train,True
3552,0.711615652485689,7,train,True
3553,-0.341115309661421,4,train,True
3554,0.883781404423938,8,train,True
3555,1.98476968003357,9,test,True
3556,1.51966470137727,9,train,True
3557,0.30652851241001,6,train,True
3558,1.72015103773906,9,train,True
3559,0.752059785334302,7,train,True
356,-0.44706026376885,3,train,True
3560,-0.447587523312608,3,train,True
3561,0.148216603737429,5,validation,True
3562,1.73107471495062,9,train,True
3563,2.0346400222155,9,train,True
3564,0.0773530847224673,5,validation,True
3565,1.11410445183725,8,train,True
3566,0.572046052249749,7,train,True
3567,0.872434400524534,7,train,True
3568,2.06493975723718,9,train,True
3569,1.85209720965226,9,train,True
357,-1.38523653840353,0,train,True
3570,2.36452107554791,9,test,True
3571,0.360926373481927,6,test,True
3572,2.29408482743973,9,test,True
3573,0.499083316056003,6,train,True
3574,1.07384800817209,8,train,True
3575,0.252663828970112,6,train,True
3576,1.09598238197434,8,train,True
3577,1.05053682477184,8,train,True
3578,1.20852519248526,8,train,True
3579,0.932358213763294,8,validation,True
358,-1.22156280744187,0,test,True
3580,1.99398676536667,9,train,True
3581,0.766346587697178,7,train,True
3582,0.0818103737719442,5,train,True
3583,0.583749846902419,7,train,True
3584,2.00267016484937,9,train,True
3585,0.902446063854411,8,train,True
3586,-0.676806067469974,2,validation,True
3587,0.192672518342407,6,train,True
3588,1.87359863478906,9,validation,True
3589,1.53534305439052,9,validation,True
359,-0.8492972726512,2,test,True
3590,1.49652014385887,9,test,True
3591,1.34991826120549,8,train,True
3592,2.70977800619766,9,test,True
3593,0.919408905353206,8,test,True
3594,1.12824281775186,8,train,True
3595,2.0482326733557,9,test,True
3596,0.0485531378742803,5,train,True
3597,1.12818581553473,8,train,True
3598,0.689829606196981,7,validation,True
3599,2.05774589319211,9,train,True
36,-1.39633181692785,0,train,True
360,-0.855709465180915,2,train,True
3600,0.238963709528611,6,train,True
3601,0.765236275566843,7,test,True
3602,2.87913754307704,9,train,True
3603,1.43080513140403,9,test,True
3604,1.15636014384397,8,test,True
3605,1.72786896351778,9,train,True
3606,1.48295115686959,9,test,True
3607,0.0010559679303885,5,test,True
3608,0.987111139286803,8,test,True
3609,-0.4755707161195,3,train,True
361,-1.07305210156055,1,train,True
3610,1.74146842337014,9,train,True
3611,1.61560159143107,9,train,True
3612,0.284192830608793,6,train,True
3613,1.13493498485091,8,train,True
3614,1.16700146079875,8,train,True
3615,0.604794029234475,7,train,True
3616,0.861639977373842,7,train,True
3617,0.661902825030011,7,train,True
3618,2.1004537141341,9,train,True
3619,-0.231883454671795,4,train,True
362,-1.12138148403397,1,validation,True
3620,0.154357029146022,5,train,True
3621,1.16298783214684,8,train,True
3622,1.06916070730364,8,train,True
3623,1.05159367292849,8,test,True
3624,0.740765606386302,7,train,True
3625,1.50375696714121,9,train,True
3626,2.26451821818911,9,train,True
3627,-0.846592419738169,2,test,True
3628,0.749424337105682,7,train,True
3629,0.69478610794305,7,train,True
363,-0.843740360770349,2,train,True
3630,2.24008594467295,9,test,True
3631,-0.198557326872531,4,train,True
3632,-0.18138876923447,4,train,True
3633,1.25784553368718,8,test,True
3634,0.588111816880756,7,train,True
3635,-0.176128008320158,4,test,True
3636,-0.385687127580796,3,train,True
3637,-0.0271403790624126,5,train,True
3638,0.0435118798024717,5,train,True
3639,0.46165303892759,6,test,True
364,-1.70004834068495,0,train,True
3640,-0.654719608777983,2,train,True
3641,1.04314614453962,8,train,True
3642,0.681623117974361,7,test,True
3643,0.828289961761782,7,train,True
3644,1.27642903151993,8,train,True
3645,-0.379999380223191,3,train,True
3646,-0.323361929749333,4,test,True
3647,1.08560497878032,8,train,True
3648,1.23922894234925,8,train,True
3649,0.823678173923727,7,test,True
365,-0.451487299125785,3,test,True
3650,0.936302989788453,8,train,True
3651,0.425894982495574,6,train,True
3652,1.64141574485254,9,validation,True
3653,0.24421256023962,6,validation,True
3654,0.832229960612645,7,train,True
3655,0.786733668288613,7,validation,True
3656,1.47037965380271,9,train,True
3657,0.350358312355866,6,test,True
3658,-0.366207385485926,3,train,True
3659,0.683823467690247,7,train,True
366,-0.818055532435512,2,validation,True
3660,0.220704885970208,6,train,True
3661,1.06069455210288,8,train,True
3662,1.18868202969942,8,train,True
3663,-0.165520529444643,4,train,True
3664,0.592496001029334,7,train,True
3665,1.53695003151015,9,train,True
3666,0.539098140463637,7,train,True
3667,1.0993095877259,8,train,True
3668,-0.0949160562835524,4,test,True
3669,0.857418304240196,7,train,True
367,-0.612596412802813,3,train,True
3670,-0.0235875406914265,5,test,True
3671,0.145348560054568,5,validation,True
3672,1.7840184407721,9,train,True
3673,-0.217256112600255,4,test,True
3674,-0.0623667563117021,5,train,True
3675,0.289649689136385,6,train,True
3676,0.464213648060668,6,test,True
3677,0.279315016414916,6,train,True
3678,0.835970458391147,7,validation,True
3679,2.32409080506613,9,train,True
368,-1.59672687370954,0,train,True
3680,-0.198169676162597,4,train,True
3681,0.236177209103355,6,test,True
3682,0.171205159717043,5,train,True
3683,1.20686314223083,8,train,True
3684,0.583267815212902,7,train,True
3685,1.05472082624052,8,validation,True
3686,0.756991303048257,7,test,True
3687,0.274988237402028,6,train,True
3688,0.042138900735611,5,train,True
3689,-0.38886689739295,3,train,True
369,-0.88836447693677,2,test,True
3690,1.0436332548075,8,train,True
3691,-0.190498821935064,4,train,True
3692,0.431270812615771,6,train,True
3693,0.805776911279027,7,train,True
3694,0.33869658330018,6,test,True
3695,0.981890487731422,8,train,True
3696,0.502123707671283,6,train,True
3697,1.01940814495603,8,train,True
3698,0.952641666962844,8,train,True
3699,0.188332190025311,6,train,True
37,-1.36001367617347,0,test,True
370,-1.27637283288543,0,train,True
3700,0.982412298977884,8,train,True
3701,0.64006071264964,7,train,True
3702,-0.192499314479604,4,test,True
3703,0.958404916470547,8,test,True
3704,-0.231786608881709,4,train,True
3705,-0.176775860270323,4,test,True
3706,0.133922705672196,5,test,True
3707,0.281175495071415,6,test,True
3708,0.860287132657871,7,train,True
3709,1.14701601265084,8,train,True
371,-1.57315681452293,0,train,True
3710,0.245875868414664,6,validation,True
3711,1.1393445414714,8,train,True
3712,-0.0691814923996251,5,train,True
3713,1.9747607634983,9,train,True
3714,0.970795402668287,8,train,True
3715,0.339558124077817,6,test,True
3716,-0.372210390206302,3,train,True
3717,2.04516508191224,9,train,True
3718,0.209960278202911,6,train,True
3719,1.16894698522125,8,train,True
372,-0.395828469758225,3,train,True
3720,1.60862667565787,9,train,True
3721,0.190535139203514,6,train,True
3722,1.22686924366081,8,test,True
3723,0.732155031628782,7,train,True
3724,0.549212061546725,7,train,True
3725,2.0839382026619,9,train,True
3726,-0.904113759910836,1,train,True
3727,0.609099476825606,7,train,True
3728,-0.457220414824242,3,test,True
3729,-0.161156587823096,4,test,True
373,-1.36764349515524,0,test,True
3730,1.16616083463226,8,test,True
3731,1.0036239855865,8,train,True
3732,0.50625577146876,7,train,True
3733,0.320186868710813,6,train,True
3734,1.03970124576004,8,train,True
3735,0.514140750804237,7,train,True
3736,-0.114062685928171,4,train,True
3737,1.07679592318966,8,train,True
3738,0.152899689479903,5,test,True
3739,0.371460710632631,6,train,True
374,-0.932500050251074,1,test,True
3740,0.177131938060417,5,train,True
3741,-0.184074350845562,4,test,True
3742,0.539409439257061,7,train,True
3743,0.227282922715906,6,train,True
3744,1.02497925093329,8,train,True
3745,-0.0321458953219468,5,validation,True
3746,0.444507751483316,6,validation,True
3747,-0.831775866751509,2,train,True
3748,1.0114491340394,8,train,True
3749,0.227603558936461,6,test,True
375,-1.69919012128654,0,test,True
3750,1.24653927644777,8,train,True
3751,-0.257040395013123,4,test,True
3752,0.0625154828732024,5,train,True
3753,1.03680397689052,8,train,True
3754,0.472246453653914,6,validation,True
3755,0.423886658622421,6,test,True
3756,-0.268858373205875,4,train,True
3757,1.59116395722017,9,train,True
3758,-0.140486108063443,4,train,True
3759,0.992700841711721,8,train,True
376,-1.21513339461435,1,validation,True
3760,-0.0571196811222126,5,train,True
3761,-0.243719165054072,4,test,True
3762,0.197193030255145,6,train,True
3763,-0.0251365119988467,5,validation,True
3764,0.450943130333023,6,train,True
3765,0.137579415698248,5,test,True
3766,0.544372978656659,7,train,True
3767,0.187570230603713,6,validation,True
3768,0.0922281457160731,5,train,True
3769,0.02980310032895,5,train,True
377,-0.661103586423185,2,train,True
3770,0.351770603739973,6,validation,True
3771,0.108958679487908,5,train,True
3772,1.56745184153238,9,train,True
3773,-0.670294957427242,2,test,True
3774,-0.468789394328551,3,validation,True
3775,0.611749744648082,7,train,True
3776,0.952087220112797,8,test,True
3777,0.557585362243682,7,train,True
3778,1.71126089198753,9,train,True
3779,1.82041388094438,9,test,True
378,-1.52670541204465,0,validation,True
3780,-0.12486756763477,4,train,True
3781,0.334224089973399,6,train,True
3782,2.70806381134278,9,train,True
3783,1.13462176777391,8,train,True
3784,-0.930508972160055,1,train,True
3785,-0.404085084926652,3,test,True
3786,-0.0690545025386457,5,train,True
3787,-0.299574478708983,4,test,True
3788,0.423943721708606,6,train,True
3789,1.23110420090536,8,train,True
379,-0.890910049619079,2,train,True
3790,1.38015623047958,8,train,True
3791,0.246629670992773,6,train,True
3792,-0.581947519546197,3,train,True
3793,1.16016908228017,8,train,True
3794,0.188880695687601,6,train,True
3795,1.61425660533661,9,train,True
3796,1.61510113207428,9,train,True
3797,1.6984399742117,9,train,True
3798,2.16942782772981,9,train,True
3799,1.68834081797313,9,train,True
38,-1.19508359498573,1,train,True
380,-0.799664289955072,2,train,True
3800,-0.267839271955588,4,test,True
3801,1.6463477808464,9,train,True
3802,0.872535478081821,7,validation,True
3803,0.112732473401402,5,train,True
3804,0.517729914983988,7,train,True
3805,1.16399947718462,8,train,True
3806,0.893003403808352,8,test,True
3807,-0.47704479195451,3,train,True
3808,1.281960865538,8,train,True
3809,-0.349467871200845,4,train,True
381,-0.373363283421838,3,test,True
3810,0.384826262211332,6,train,True
3811,-0.936217545139213,1,train,True
3812,1.31109497342377,8,test,True
3813,-0.767395837288292,2,train,True
3814,1.75879797488526,9,test,True
3815,-0.230726945812347,4,train,True
3816,1.09228457516405,8,test,True
3817,1.5600930107059,9,train,True
3818,-0.205875779327041,4,train,True
3819,1.31881528577084,8,validation,True
382,-0.92933684555796,1,train,True
3820,0.602569796602844,7,train,True
3821,1.35313187213222,8,train,True
3822,1.98757434950271,9,train,True
3823,0.0348692560591184,5,train,True
3824,2.00926702836232,9,train,True
3825,1.77076573236753,9,test,True
3826,1.366937832739,8,validation,True
3827,0.429917369294343,6,train,True
3828,0.219508270855412,6,train,True
3829,0.549388601884532,7,train,True
383,-1.31611601801194,0,train,True
3830,1.51196647745233,9,test,True
3831,1.52648211160397,9,train,True
3832,0.714540469319364,7,train,True
3833,2.98113117470351,9,test,True
3834,0.38394037154854,6,train,True
3835,0.137531439936039,5,train,True
3836,1.7017700793323,9,train,True
3837,2.01365274784298,9,validation,True
3838,1.68186459601616,9,train,True
3839,1.6753131427632,9,train,True
384,-0.528820220384919,3,test,True
3840,-0.483325999289554,3,train,True
3841,-0.466928165980748,3,train,True
3842,0.490501457934279,6,train,True
3843,1.80279169265171,9,train,True
3844,-0.0716827548804892,5,train,True
3845,1.13895484906067,8,train,True
3846,1.74636363926101,9,train,True
3847,2.72586915003085,9,train,True
3848,0.181926057246369,5,test,True
3849,-0.195283897643578,4,train,True
385,-1.73756432180866,0,train,True
3850,3.00510363610008,9,train,True
3851,0.816281770460512,7,test,True
3852,1.63081146315239,9,train,True
3853,0.177957711483234,5,test,True
3854,1.40657787132204,9,train,True
3855,1.80632389510432,9,train,True
3856,0.508111077367323,7,test,True
3857,2.31864960436312,9,train,True
3858,1.93845541787306,9,train,True
3859,-0.0658649750062097,5,train,True
386,-0.289959928462137,4,train,True
3860,0.0039863630473138,5,test,True
3861,1.36348831817725,8,test,True
3862,-0.664199164527317,2,test,True
3863,1.5880340597778,9,train,True
3864,-0.276658399451537,4,validation,True
3865,0.0659060998703873,5,train,True
3866,0.71113261707913,7,test,True
3867,-0.274575634590261,4,train,True
3868,1.57022873417794,9,train,True
3869,1.29260629035914,8,test,True
387,-1.47815815576582,0,test,True
3870,1.38244522806541,8,train,True
3871,1.04308419803177,8,train,True
3872,-0.404536626381119,3,train,True
3873,0.817133157299429,7,train,True
3874,0.177643870800379,5,train,True
3875,1.72399706821011,9,validation,True
3876,1.89653169833117,9,test,True
3877,0.796503163291366,7,train,True
3878,1.44011243874456,9,train,True
3879,1.03708652549108,8,train,True
388,-1.45117283882493,0,train,True
3880,0.702789141880901,7,train,True
3881,0.31346751769697,6,test,True
3882,1.48217372072832,9,train,True
3883,1.86367597512769,9,train,True
3884,0.327003976408406,6,train,True
3885,1.93172994556664,9,train,True
3886,-0.346555621827115,4,train,True
3887,0.383682575559058,6,test,True
3888,-0.0066508346318519,5,train,True
3889,0.79950635955246,7,test,True
389,-1.60918095697,0,train,True
3890,0.237653971113311,6,train,True
3891,0.348427766785403,6,train,True
3892,-0.484275389242061,3,validation,True
3893,0.902261579774613,8,train,True
3894,1.57057513130792,9,train,True
3895,0.539231080136127,7,train,True
3896,0.0923832886543349,5,test,True
3897,0.0052089360602659,5,test,True
3898,-0.807984283889408,2,test,True
3899,0.328132815294296,6,train,True
39,-1.43878574443085,0,train,True
390,0.100433577077307,5,train,True
3900,-0.0252394783229827,5,test,True
3901,-0.0941698270410599,4,train,True
3902,-0.0864665515241343,5,train,True
3903,-0.0820113546256735,5,validation,True
3904,0.194413378793589,6,train,True
3905,1.00464005285625,8,test,True
3906,0.42166568602558,6,test,True
3907,0.0539316164937715,5,test,True
3908,0.689822038464823,7,train,True
3909,0.937626515968673,8,train,True
391,-1.12488334759001,1,test,True
3910,0.487554954539225,6,train,True
3911,0.409661715112536,6,train,True
3912,0.311447877338219,6,test,True
3913,0.201843323067677,6,train,True
3914,1.14254107564267,8,train,True
3915,0.134638882045831,5,train,True
3916,0.803781770879601,7,train,True
3917,1.25760160117166,8,test,True
3918,1.17609341337943,8,train,True
3919,1.86506975858278,9,train,True
392,0.0161846628305779,5,validation,True
3920,0.701947067756953,7,train,True
3921,0.296139637148557,6,test,True
3922,0.148628709204692,5,train,True
3923,0.445608891141749,6,train,True
3924,0.342728390300858,6,test,True
3925,1.83774791935853,9,train,True
3926,0.711685962898228,7,test,True
3927,-0.33074744636118,4,train,True
3928,0.34649295374747,6,train,True
3929,0.417507586050813,6,train,True
393,-1.16460889267952,1,test,True
3930,0.0814106438148677,5,train,True
3931,0.387845851068746,6,train,True
3932,1.77069111705852,9,train,True
3933,0.285297439665473,6,train,True
3934,0.887926475662212,8,train,True
3935,0.502987375168554,6,train,True
3936,0.266899196789903,6,train,True
3937,1.05738021188263,8,test,True
3938,2.48622717477305,9,test,True
3939,0.213800875375512,6,train,True
394,-1.19379031003392,1,train,True
3940,-0.39051267214971,3,train,True
3941,1.06072624743204,8,train,True
3942,-0.0807012688994233,5,train,True
3943,0.648425923325295,7,train,True
3944,0.696292589469846,7,train,True
3945,-0.884531513383886,2,test,True
3946,-0.46564186110398,3,validation,True
3947,-0.280451219049329,4,train,True
3948,1.21353685847375,8,test,True
3949,1.81475410565559,9,test,True
395,-1.44758209262734,0,train,True
3950,0.237217500015344,6,train,True
3951,-0.110093041454598,4,validation,True
3952,0.656214754481068,7,train,True
3953,1.61808480772135,9,validation,True
3954,0.909908181546115,8,train,True
3955,0.645668244416735,7,train,True
3956,0.101510087714245,5,train,True
3957,0.0889664230771656,5,train,True
3958,1.38656182251471,9,test,True
3959,-0.313018648303035,4,train,True
396,-1.45688420440594,0,train,True
3960,-0.518799437752744,3,test,True
3961,1.9492050469465,9,train,True
3962,0.437003586611773,6,test,True
3963,1.01844004569803,8,train,True
3964,-0.566074373483998,3,train,True
3965,1.14886748233754,8,train,True
3966,1.48760289721916,9,train,True
3967,2.07842499049098,9,train,True
3968,0.021003962302676,5,train,True
3969,0.60482166026932,7,train,True
397,-0.654941826990261,2,train,True
3970,0.39938793956999,6,train,True
3971,2.23503536015984,9,train,True
3972,1.03452417562998,8,train,True
3973,1.50942199564674,9,train,True
3974,0.297756642317131,6,train,True
3975,1.38551967451961,9,train,True
3976,-0.0182953131470559,5,test,True
3977,2.093343879245,9,train,True
3978,0.900845411027261,8,train,True
3979,0.946727706540247,8,train,True
398,-1.24231025448054,0,train,True
3980,-0.261852244401594,4,train,True
3981,0.835590499888721,7,test,True
3982,1.62765872144152,9,test,True
3983,1.79214068840316,9,train,True
3984,1.14518592679703,8,train,True
3985,0.166212390493878,5,validation,True
3986,2.67952106358772,9,train,True
3987,0.187885957458636,6,test,True
3988,-0.363299060840302,3,train,True
3989,1.78980698541746,9,train,True
399,-0.889480585943703,2,train,True
3990,2.26482939721734,9,train,True
3991,0.807707308490172,7,test,True
3992,2.08560268785914,9,train,True
3993,2.14088844050163,9,test,True
3994,0.181205520946252,5,train,True
3995,1.83867914128741,9,test,True
3996,0.929473700659465,8,train,True
3997,2.01923957295253,9,train,True
3998,1.49583394031376,9,test,True
3999,1.56374935586132,9,test,True
4,-1.48313917466471,0,train,True
40,-1.379448747807,0,train,True
400,-0.826945582554685,2,test,True
4000,2.69536024963064,9,train,True
4001,0.426024538442326,6,validation,True
4002,1.74187821761118,9,train,True
4003,-1.04161544296623,1,test,True
4004,0.804285545665773,7,train,True
4005,1.42078824869397,9,train,True
4006,3.08321114386365,9,train,True
4007,0.15086440757579,5,train,True
4008,1.21273049951373,8,train,True
4009,1.8863852726136,9,test,True
401,-1.73070006434892,0,train,True
4010,2.1510227899765,9,train,True
4011,1.21507034209788,8,train,True
4012,0.744624196084434,7,train,True
4013,1.21563902431367,8,train,True
4014,1.42979451616247,9,train,True
4015,0.836002788771042,7,test,True
4016,0.249733323827882,6,validation,True
4017,1.9344388065388,9,train,True
4018,1.99978590048921,9,train,True
4019,0.621376887135573,7,train,True
402,-1.07404681798747,1,train,True
4020,0.796549395381174,7,test,True
4021,-0.970183005850276,1,train,True
4022,2.01251696697861,9,train,True
4023,1.19120934877757,8,train,True
4024,0.667380833126341,7,train,True
4025,0.810005835695593,7,train,True
4026,0.309370644498899,6,test,True
4027,1.00226354511949,8,validation,True
4028,0.425702554074821,6,test,True
4029,1.85634364137768,9,train,True
403,-1.1975902245158,1,train,True
4030,1.27723139534932,8,train,True
4031,1.33906174518846,8,train,True
4032,0.722623709897764,7,train,True
4033,-0.118004427011712,4,test,True
4034,2.13649760838696,9,test,True
4035,0.503523282953812,6,train,True
4036,1.36271921646748,8,validation,True
4037,0.11458680680692,5,train,True
4038,2.05176070909332,9,validation,True
4039,0.991737030478864,8,test,True
404,-1.24608839405162,0,validation,True
4040,0.737290573852974,7,test,True
4041,2.21802014328568,9,validation,True
4042,2.36716370588595,9,train,True
4043,0.417846673263533,6,test,True
4044,0.85795327979765,7,train,True
4045,0.85561330595343,7,test,True
4046,-0.385034404097533,3,train,True
4047,0.738477406206711,7,test,True
4048,0.709516223262194,7,test,True
4049,2.1781818764619,9,train,True
405,-1.57374245036016,0,train,True
4050,-0.247150141761526,4,validation,True
4051,2.22850366283651,9,train,True
4052,0.361841332576617,6,train,True
4053,-0.788495042681003,2,train,True
4054,2.4294675658221,9,train,True
4055,1.98987428201886,9,test,True
4056,1.18459942474531,8,train,True
4057,0.899819410347921,8,train,True
4058,-0.0625210803437078,5,train,True
4059,2.1575589854126,9,train,True
406,-0.941327604051111,1,train,True
4060,0.679589275248138,7,train,True
4061,1.47286017408801,9,train,True
4062,0.0146189225360545,5,train,True
4063,1.3795895979118,8,train,True
4064,1.14203885360273,8,test,True
4065,2.0988707308052,9,train,True
4066,1.52721888195715,9,train,True
4067,2.51337429906817,9,train,True
4068,1.94359085095235,9,train,True
4069,0.211875154173751,6,test,True
407,-0.824023086065022,2,train,True
4070,1.1491314834198,8,train,True
4071,2.09294700124217,9,validation,True
4072,1.52675602835278,9,train,True
4073,-0.296077167979813,4,train,True
4074,1.5498225145532,9,train,True
4075,1.74739147283032,9,train,True
4076,2.1702889349208,9,train,True
4077,1.81660413798872,9,validation,True
4078,0.598528894781742,7,train,True
4079,0.960360227719096,8,train,True
408,-0.856316713002743,2,train,True
4080,-0.379001280214354,3,train,True
4081,1.79509547370181,9,test,True
4082,1.37347181758747,8,train,True
4083,0.424598931852855,6,train,True
4084,0.584943950669633,7,train,True
4085,0.788322453085232,7,train,True
4086,0.0937247483428433,5,test,True
4087,0.961052387206338,8,train,True
4088,0.129908845514521,5,test,True
4089,1.57664296262771,9,test,True
409,-1.28423509932328,0,validation,True
4090,2.6840695173277,9,validation,True
4091,1.78994318459705,9,train,True
4092,-0.0092932333375589,5,train,True
4093,-0.371810622834022,3,train,True
4094,-0.22914642702757,4,train,True
4095,0.943710136466145,8,train,True
4096,1.18568278594969,8,train,True
4097,0.102116961712291,5,train,True
4098,0.022654463207248,5,train,True
4099,1.1128472715642,8,train,True
41,-1.6084350755656,0,train,True
410,-1.6444277462423,0,train,True
4100,0.235558737398113,6,train,True
4101,0.928633077508479,8,train,True
4102,-0.0063277363750747,5,train,True
4103,2.10548141418366,9,train,True
4104,0.630910444385878,7,train,True
4105,2.24684307320229,9,train,True
4106,1.15103386865402,8,train,True
4107,0.617663455221007,7,validation,True
4108,1.51645449119653,9,test,True
4109,0.947379122621147,8,train,True
411,-0.962053153515569,1,train,True
4110,2.79629752563955,9,train,True
4111,1.38791887476545,9,train,True
4112,1.78077881508865,9,test,True
4113,0.467526457763288,6,train,True
4114,0.538350599648715,7,train,True
4115,0.855594596395872,7,train,True
4116,1.74520876198895,9,train,True
4117,1.19808876416804,8,train,True
4118,0.857368752067696,7,train,True
4119,-0.0896728149376591,5,train,True
412,-1.2345669971033,0,train,True
4120,0.493891455345028,6,train,True
4121,0.0996943692551029,5,test,True
4122,0.37705671602817,6,validation,True
4123,0.113596494417737,5,validation,True
4124,1.66820435100892,9,train,True
4125,0.580932018145869,7,train,True
4126,0.523016267210316,7,train,True
4127,1.48024358944803,9,train,True
4128,0.941227128537456,8,train,True
4129,0.696496849852279,7,train,True
413,-1.38937407818891,0,train,True
4130,-0.639756395888578,2,validation,True
4131,0.223097680469407,6,train,True
4132,0.66562381999695,7,train,True
4133,-0.25662359432381,4,train,True
4134,1.69356221481222,9,train,True
4135,1.15612254107315,8,train,True
4136,1.39563943068519,9,train,True
4137,-0.067659929725819,5,train,True
4138,0.0082331612323681,5,train,True
4139,1.29575107447113,8,train,True
414,-1.49144410517342,0,test,True
4140,0.946025913641827,8,train,True
4141,0.86554676221421,7,test,True
4142,-0.201806216443043,4,train,True
4143,0.422472878566693,6,train,True
4144,-0.189616673654264,4,train,True
4145,0.406797119924354,6,train,True
4146,0.140394172778597,5,train,True
4147,0.293262192005485,6,test,True
4148,-0.0011953114399931,5,test,True
4149,-0.42630294916754,3,train,True
415,-1.2961723970812,0,train,True
4150,0.13968705033898,5,test,True
4151,1.10503639983152,8,test,True
4152,1.27887240027044,8,train,True
4153,0.871642749818691,7,train,True
4154,1.27950588290617,8,validation,True
4155,0.940074763641622,8,train,True
4156,0.0752580732638298,5,train,True
4157,0.590128281986699,7,train,True
4158,1.13107431459624,8,test,True
4159,0.808391393146626,7,train,True
416,-0.768444057414267,2,validation,True
4160,0.51748277576749,7,train,True
4161,0.847176345841148,7,test,True
4162,0.0524326469218745,5,train,True
4163,-0.133241406656787,4,train,True
4164,0.3037860910338,6,train,True
4165,0.903730499522879,8,train,True
4166,1.63357104804904,9,test,True
4167,1.58143602746791,9,train,True
4168,0.0725140379357299,5,train,True
4169,0.759191776894683,7,train,True
417,-1.62131430596078,0,train,True
4170,1.13088173289402,8,train,True
4171,0.338790474870755,6,test,True
4172,1.42988452951658,9,validation,True
4173,1.60141968158562,9,train,True
4174,0.77720183133746,7,test,True
4175,1.49840368392408,9,train,True
4176,0.523175298710657,7,train,True
4177,1.14503365692181,8,train,True
4178,1.5082299462048,9,validation,True
4179,1.03469096894151,8,test,True
418,-1.08763198038764,1,train,True
4180,1.70174884488308,9,test,True
4181,-0.0928511733228717,5,train,True
4182,1.16618988596007,8,train,True
4183,0.958318405370063,8,validation,True
4184,-0.150705415345161,4,test,True
4185,0.570386389234689,7,train,True
4186,0.726130466535162,7,test,True
4187,0.423803010650599,6,train,True
4188,-0.868533161536762,2,train,True
4189,1.02093435982104,8,test,True
419,-0.943943176927076,1,test,True
4190,1.42839221501338,9,test,True
4191,1.72411208157755,9,train,True
4192,1.69023151434272,9,train,True
4193,2.36082754937955,9,validation,True
4194,0.303497622320629,6,train,True
4195,0.375153180150069,6,train,True
4196,1.13036648228216,8,train,True
4197,1.80918398323769,9,train,True
4198,1.89119538816909,9,test,True
4199,0.409456147495791,6,train,True
42,-0.991294043929172,1,train,True
420,-1.38658031858111,0,train,True
4200,0.630450473714006,7,validation,True
4201,0.597950873406619,7,train,True
4202,0.190935143618548,6,train,True
4203,0.639150190165342,7,test,True
4204,0.133132638472497,5,train,True
4205,1.28269481091514,8,train,True
4206,0.179970977458766,5,train,True
4207,-0.786559200078535,2,train,True
4208,0.595535333175425,7,test,True
4209,1.99251237536886,9,train,True
421,-1.54864895831114,0,test,True
4210,-0.689494251856028,2,train,True
4211,1.45853636851569,9,train,True
4212,2.42054372644403,9,train,True
4213,2.28356758884258,9,test,True
4214,0.970826968721116,8,validation,True
4215,1.52678004358436,9,train,True
4216,1.45828384707468,9,train,True
4217,1.24823415017373,8,train,True
4218,1.31745232390074,8,test,True
4219,0.0565520162101784,5,test,True
422,-1.31827276129591,0,validation,True
4220,0.482220474369687,6,train,True
4221,0.794032181342366,7,train,True
4222,1.00746304303027,8,validation,True
4223,0.679695321650527,7,train,True
4224,1.56897813269886,9,train,True
4225,0.265336152029111,6,validation,True
4226,2.20383587256042,9,train,True
4227,-0.120904135782794,4,train,True
4228,0.0933936997613405,5,train,True
4229,1.43344574780915,9,test,True
423,-1.18638553804783,1,train,True
4230,-0.337931027574948,4,test,True
4231,0.753682509787277,7,validation,True
4232,2.15517192151469,9,train,True
4233,1.99836330929569,9,train,True
4234,0.339440580218967,6,train,True
4235,-0.233198773757223,4,train,True
4236,1.21608187327295,8,train,True
4237,0.225608469755132,6,train,True
4238,1.18200369434481,8,train,True
4239,0.902712451255595,8,test,True
424,-1.07440151756933,1,train,True
4240,1.37466756596218,8,train,True
4241,0.73942576272397,7,train,True
4242,0.605386330904552,7,test,True
4243,-0.176028498047652,4,validation,True
4244,1.07419422948966,8,train,True
4245,0.357353511783678,6,train,True
4246,2.46447313142953,9,train,True
4247,0.435038633023074,6,train,True
4248,2.2068255791992,9,test,True
4249,1.3260355654695,8,train,True
425,-0.918870208170667,1,train,True
4250,-0.0617876455366201,5,train,True
4251,0.805244358409994,7,train,True
4252,0.60780971210227,7,train,True
4253,0.838853654972718,7,test,True
4254,0.114588164034533,5,train,True
4255,1.34792432896406,8,validation,True
4256,1.33067519194456,8,train,True
4257,1.28573206605854,8,train,True
4258,0.125011029806733,5,validation,True
4259,-0.594931905806155,3,train,True
426,-1.26473503686368,0,train,True
4260,0.871252525854851,7,test,True
4261,0.380003103114194,6,train,True
4262,2.72185935897879,9,train,True
4263,1.13154056477331,8,train,True
4264,1.12703558293652,8,train,True
4265,1.86660789975401,9,train,True
4266,0.651063287861069,7,validation,True
4267,1.29732533859086,8,train,True
4268,0.909741097578507,8,train,True
4269,-0.075216583215517,5,train,True
427,-2.04435933377286,0,validation,True
4270,0.503733805207843,6,train,True
4271,-0.0076613406788602,5,train,True
4272,1.90514626321891,9,train,True
4273,0.869210221772406,7,train,True
4274,1.23901129688581,8,train,True
4275,0.253735170395629,6,test,True
4276,0.845745859481365,7,train,True
4277,1.106152738013,8,validation,True
4278,0.910662957775729,8,train,True
4279,0.261612655170453,6,test,True
428,-1.80073240739968,0,train,True
4280,-0.184491991312807,4,validation,True
4281,0.235354141743566,6,test,True
4282,1.33840492511049,8,test,True
4283,0.651307967086541,7,train,True
4284,-0.212632272514217,4,train,True
4285,1.80456028614509,9,train,True
4286,0.202633053522885,6,test,True
4287,0.71859590751622,7,test,True
4288,-0.536671110065758,3,train,True
4289,0.174394231975416,5,test,True
429,-0.134864464349168,4,train,True
4290,0.594825850470386,7,train,True
4291,-0.12419271822231,4,test,True
4292,1.03746947226491,8,train,True
4293,0.83678513287759,7,train,True
4294,0.080135087155377,5,train,True
4295,0.574282693435768,7,test,True
4296,2.61741688604038,9,validation,True
4297,2.06055951892598,9,train,True
4298,0.257174663782081,6,train,True
4299,0.827917473254503,7,train,True
43,-1.37641010210689,0,test,True
430,-0.278098915417128,4,train,True
4300,2.28071202787739,9,validation,True
4301,-0.0814352809991438,5,train,True
4302,1.08795643387136,8,train,True
4303,1.03784402267662,8,train,True
4304,1.80380388846624,9,test,True
4305,1.36298979240358,8,train,True
4306,-0.0244581142969846,5,train,True
4307,1.16683450284968,8,train,True
4308,2.0016204268075,9,train,True
4309,0.320255156671827,6,test,True
431,-1.26352298038079,0,train,True
4310,-0.544036785870814,3,train,True
4311,0.940271394008822,8,validation,True
4312,0.646925378857664,7,train,True
4313,0.376399490990406,6,validation,True
4314,-0.237604547720898,4,train,True
4315,-0.062438026559804,5,train,True
4316,-0.361839525907563,3,train,True
4317,0.30413388945605,6,validation,True
4318,1.2766750433059,8,test,True
4319,0.723023139932979,7,train,True
432,-1.3581637655879,0,train,True
4320,0.191692342162268,6,validation,True
4321,0.569030544530859,7,train,True
4322,1.26514501104002,8,train,True
4323,0.0291847055633732,5,train,True
4324,-0.546111798129045,3,train,True
4325,0.130662974474793,5,train,True
4326,1.45393362450388,9,train,True
4327,0.0907252170875853,5,train,True
4328,1.02673385945896,8,train,True
4329,0.80055791608306,7,train,True
433,-0.937324308974822,1,validation,True
4330,0.976114935041597,8,validation,True
4331,0.0411443968207635,5,test,True
4332,1.37704538684096,8,test,True
4333,2.38493495131322,9,test,True
4334,1.99608092183678,9,train,True
4335,0.848729833689374,7,train,True
4336,0.74477826941968,7,train,True
4337,0.0319957757869851,5,train,True
4338,-0.390097700237065,3,test,True
4339,0.61515326408578,7,test,True
434,-0.728417877418599,2,train,True
4340,0.04777291697716,5,train,True
4341,1.85075326522181,9,train,True
4342,-0.807143931169182,2,train,True
4343,0.925909833667578,8,train,True
4344,-0.119710120613449,4,test,True
4345,0.277673899989852,6,train,True
4346,0.964869123483714,8,train,True
4347,0.107612263070224,5,test,True
4348,0.519442067670126,7,train,True
4349,-1.19635156842815,1,train,True
435,-1.10942518157115,1,train,True
4350,-0.408034640254099,3,train,True
4351,-0.774321857695673,2,train,True
4352,-0.36650411870945,3,train,True
4353,-0.924546458229848,1,train,True
4354,-0.402561739576661,3,test,True
4355,0.54347457808701,7,train,True
4356,1.56201630034995,9,train,True
4357,0.236200037128865,6,train,True
4358,0.281897718344369,6,train,True
4359,-1.76772566789585,0,test,True
436,-0.981357211437911,1,train,True
4360,1.50636073369344,9,train,True
4361,-0.649561392833745,2,test,True
4362,1.24597373367138,8,train,True
4363,-0.322141899885217,4,train,True
4364,1.69965223953892,9,train,True
4365,-0.629372913626318,2,train,True
4366,1.95016800387599,9,validation,True
4367,-0.0515490464586005,5,train,True
4368,0.413844059546485,6,test,True
4369,0.0462344830418168,5,test,True
437,-1.59733725020601,0,train,True
4370,0.253417874025408,6,train,True
4371,-0.0545537322595262,5,validation,True
4372,-0.162743568748377,4,train,True
4373,-0.152003977625862,4,train,True
4374,0.212049004086052,6,train,True
4375,0.281968096908868,6,test,True
4376,-0.0639231704612235,5,train,True
4377,-2.30161152082857,0,train,True
4378,1.06222233272614,8,validation,True
4379,1.78836888145508,9,test,True
438,0.466470954122,6,validation,True
4380,0.948264008871215,8,train,True
4381,0.852905201866325,7,train,True
4382,0.544396115524987,7,train,True
4383,0.388193069121792,6,test,True
4384,1.56860465182538,9,train,True
4385,0.462922668229165,6,test,True
4386,0.344264718312205,6,train,True
4387,-0.392139293558224,3,validation,True
4388,0.181522980692674,5,train,True
4389,1.95223750794826,9,test,True
439,-1.06838810914402,1,train,True
4390,1.2072760997986,8,test,True
4391,0.452155812159988,6,train,True
4392,1.73359355283296,9,train,True
4393,1.5105149419464,9,train,True
4394,0.865020948871333,7,test,True
4395,1.8668168607005,9,train,True
4396,0.809310933385021,7,train,True
4397,0.847050272769607,7,train,True
4398,0.938511163412689,8,train,True
4399,0.754874953060986,7,train,True
44,-1.58627819946152,0,test,True
440,-0.242070156264052,4,train,True
4400,2.39909094614338,9,train,True
4401,1.98144805658352,9,train,True
4402,0.820078981847213,7,train,True
4403,-0.15723977056372,4,train,True
4404,0.92061225355592,8,test,True
4405,0.727203159694159,7,train,True
4406,-0.206226899189852,4,validation,True
4407,1.50415009201806,9,train,True
4408,0.0609218917814817,5,train,True
4409,1.71685759336327,9,train,True
441,-0.344187100224734,4,test,True
4410,0.351852684652806,6,test,True
4411,0.905388084638033,8,train,True
4412,1.29799451491277,8,train,True
4413,0.538189965095412,7,train,True
4414,0.153011398097271,5,train,True
4415,1.61963524155254,9,train,True
4416,1.11954654048643,8,train,True
4417,0.343590371325368,6,train,True
4418,1.4005005477184,9,train,True
4419,0.962967896561631,8,validation,True
442,-1.19062562611357,1,train,True
4420,0.935420791328403,8,test,True
4421,0.206333943015203,6,validation,True
4422,0.538721050586185,7,validation,True
4423,0.360355712697608,6,validation,True
4424,0.070194457347133,5,train,True
4425,1.5010677826055,9,train,True
4426,0.907950991180831,8,train,True
4427,0.331825692294166,6,test,True
4428,1.19391564579387,8,train,True
4429,2.01870614954394,9,train,True
443,-0.945315937286543,1,train,True
4430,-0.171738109205706,4,validation,True
4431,-0.357975394301168,3,train,True
4432,2.30540130991451,9,train,True
4433,0.695489950993809,7,train,True
4434,1.92874508843842,9,test,True
4435,1.07927063467693,8,train,True
4436,-0.0262343852823863,5,test,True
4437,1.32740832498982,8,train,True
4438,0.420439951806175,6,train,True
4439,0.555691744355641,7,test,True
444,-1.32052286819587,0,train,True
4440,0.940318497022161,8,validation,True
4441,0.221876760149628,6,train,True
4442,-0.37328849687487,3,train,True
4443,2.08207385966403,9,train,True
4444,-0.131423477617012,4,train,True
4445,0.969922677764422,8,validation,True
4446,0.407796692212474,6,train,True
4447,-0.424286232268607,3,train,True
4448,2.22016248955561,9,test,True
4449,1.30347599205417,8,train,True
445,-0.84108815462022,2,train,True
4450,0.982820701237251,8,test,True
4451,0.207723808697234,6,validation,True
4452,-0.246886128277077,4,train,True
4453,0.366429854245429,6,test,True
4454,0.819161263152234,7,validation,True
4455,0.302272277030325,6,train,True
4456,1.32866262130253,8,train,True
4457,-0.304051947257168,4,train,True
4458,1.59724739032495,9,test,True
4459,-0.408841606213956,3,train,True
446,-0.653468821889471,2,train,True
4460,1.24871452149332,8,train,True
4461,1.93273490841228,9,test,True
4462,-0.0519376844584065,5,train,True
4463,0.450703654717564,6,test,True
4464,-0.0928964243972418,4,train,True
4465,0.43342987076167,6,validation,True
4466,0.221770544454124,6,train,True
4467,0.0495607458862345,5,validation,True
4468,0.332409740655964,6,train,True
4469,-0.305675856535899,4,train,True
447,-0.77748858465169,2,train,True
4470,1.49980843200735,9,train,True
4471,-0.312732941561888,4,validation,True
4472,1.02772268661919,8,train,True
4473,0.461771534047393,6,train,True
4474,1.40198054573879,9,validation,True
4475,0.488166718649665,6,train,True
4476,0.609999785007658,7,train,True
4477,-0.315208982702159,4,train,True
4478,1.48135336405894,9,train,True
4479,0.692997923300411,7,train,True
448,-0.80195564706164,2,train,True
4480,1.53800686379067,9,validation,True
4481,-0.19076545954334,4,train,True
4482,0.619360812730679,7,train,True
4483,0.180646621199305,5,test,True
4484,-0.563994205772213,3,test,True
4485,1.38393223155213,9,validation,True
4486,0.813444103903172,7,train,True
4487,0.421265888619395,6,train,True
4488,0.784272761825809,7,train,True
4489,-0.201882356441659,4,train,True
449,-1.23259914579695,0,train,True
4490,-0.541434540275949,3,train,True
4491,0.330570898023617,6,train,True
4492,0.238399883134083,6,train,True
4493,0.678726353571788,7,train,True
4494,0.700672491912396,7,train,True
4495,1.88433192111841,9,train,True
4496,-0.285467523476507,4,train,True
4497,1.5395973614371,9,train,True
4498,0.0821341744786469,5,train,True
4499,0.0685853024940022,5,train,True
45,-0.276615956254127,4,test,True
450,-0.0130070762091673,5,test,True
4500,0.706602972547063,7,train,True
4501,-0.881339471259655,2,train,True
4502,0.622037506260271,7,train,True
4503,0.933461405632024,8,test,True
4504,1.13049299632674,8,train,True
4505,-0.606055717235526,3,train,True
4506,0.59411364495932,7,train,True
4507,-0.853053020015761,2,train,True
4508,0.774231207460469,7,train,True
4509,-0.0001239451141334,5,train,True
451,-0.520538615055391,3,train,True
4510,-0.369829938289733,3,train,True
4511,0.842812974520958,7,train,True
4512,1.99647411506574,9,test,True
4513,1.02149439962408,8,train,True
4514,-0.293029350946424,4,train,True
4515,-0.865940126320491,2,test,True
4516,-0.186101183633162,4,test,True
4517,-0.411112600321672,3,train,True
4518,1.22572411197111,8,test,True
4519,1.69021485713862,9,train,True
452,-1.05505063942694,1,train,True
4520,0.553906779330861,7,train,True
4521,1.40419032873917,9,validation,True
4522,0.962415177919723,8,train,True
4523,0.990043730696067,8,train,True
4524,-0.0848173054434033,5,validation,True
4525,1.43924348617396,9,train,True
4526,1.51053128231474,9,train,True
4527,0.334934160288532,6,train,True
4528,1.74748814896582,9,train,True
4529,1.17460536704622,8,train,True
453,-0.077220898989663,5,train,True
4530,0.023869899206112,5,train,True
4531,2.01960514198088,9,validation,True
4532,1.06474029499863,8,train,True
4533,0.532302712507193,7,train,True
4534,0.257680639522432,6,test,True
4535,1.95978805390641,9,train,True
4536,0.55264591715777,7,train,True
4537,0.809198748284786,7,train,True
4538,0.894007413878998,8,test,True
4539,0.799045063171487,7,train,True
454,-0.897745747431055,2,train,True
4540,0.0647617941431126,5,test,True
4541,-1.19576035926762,1,validation,True
4542,0.855499425041369,7,train,True
4543,1.40913659380045,9,train,True
4544,1.29031469101881,8,train,True
4545,0.332020540442883,6,train,True
4546,0.462750111260359,6,validation,True
4547,1.2553510725559,8,train,True
4548,-0.544161133876343,3,test,True
4549,0.841075358249413,7,test,True
455,-0.502682192561757,3,test,True
4550,0.247515386413806,6,train,True
4551,0.438286429120599,6,train,True
4552,0.235814520306453,6,train,True
4553,1.84193358702335,9,train,True
4554,-0.108173954625336,4,train,True
4555,0.255924074198133,6,train,True
4556,1.69893163643897,9,test,True
4557,1.19768381875974,8,train,True
4558,-0.165823413023363,4,train,True
4559,0.103061137642844,5,train,True
456,-0.820763801881897,2,validation,True
4560,2.45530401780116,9,test,True
4561,0.822597761388932,7,train,True
4562,1.86967519908509,9,train,True
4563,0.314159962299313,6,train,True
4564,1.67176206614025,9,test,True
4565,0.498387214694774,6,train,True
4566,2.12657147336395,9,train,True
4567,0.941627156379852,8,train,True
4568,0.227495775849758,6,train,True
4569,1.16633558843121,8,train,True
457,-0.410767867754887,3,train,True
4570,2.28587213574121,9,test,True
4571,0.917050019090158,8,train,True
4572,-0.486679358058725,3,train,True
4573,0.191510978982705,6,test,True
4574,1.92367162980241,9,train,True
4575,2.13592069504775,9,train,True
4576,0.319330156723379,6,train,True
4577,0.923228893678831,8,test,True
4578,0.89324609707896,8,train,True
4579,0.616775019828486,7,train,True
458,-0.952625650286295,1,train,True
4580,0.0124386844075302,5,train,True
4581,0.760759668849798,7,train,True
4582,-0.0419168056457175,5,test,True
4583,1.64989770001378,9,train,True
4584,2.71941382074503,9,test,True
4585,0.227947717789058,6,train,True
4586,2.58199943008378,9,train,True
4587,0.413175392062796,6,train,True
4588,-1.40307012787045,0,test,True
4589,-0.442870213744511,3,train,True
459,-1.49501488276509,0,train,True
4590,1.17452796340418,8,validation,True
4591,2.09249958114256,9,train,True
4592,2.02652368957433,9,train,True
4593,1.32991864671821,8,train,True
4594,1.43496400915544,9,test,True
4595,1.43385008119195,9,train,True
4596,-0.0874254227770847,5,train,True
4597,1.24221978463682,8,test,True
4598,1.60407311238905,9,test,True
4599,1.20504980518716,8,train,True
46,-0.768138147312421,2,train,True
460,-0.806194572488778,2,train,True
4600,2.74812289303082,9,validation,True
4601,2.29847935577262,9,test,True
4602,0.827715915895391,7,train,True
4603,1.31478532679469,8,validation,True
4604,1.40048083843131,9,train,True
4605,1.83159927027434,9,train,True
4606,1.81067882665001,9,train,True
4607,-0.167885922924306,4,validation,True
4608,0.973336000381555,8,test,True
4609,-0.276988182643127,4,train,True
461,-0.571825209100563,3,train,True
4610,1.20115428576117,8,train,True
4611,0.314687991539434,6,train,True
4612,-0.707979937778415,2,train,True
4613,1.31218484177364,8,train,True
4614,1.60581193480622,9,validation,True
4615,1.5993244399202,9,train,True
4616,0.0575034002029218,5,train,True
4617,0.344979424518626,6,train,True
4618,-0.384600694586401,3,train,True
4619,0.534146543527966,7,train,True
462,-0.348383381981221,4,train,True
4620,1.85460215708953,9,train,True
4621,-0.0227804880669688,5,validation,True
4622,1.24917088375769,8,train,True
4623,-0.140942198003934,4,test,True
4624,2.02244160461993,9,train,True
4625,-0.515547620718783,3,validation,True
4626,1.90443234251402,9,train,True
4627,-0.0673318783174917,5,train,True
4628,2.47034723487872,9,validation,True
4629,1.20987410976889,8,train,True
463,-0.842962062862633,2,test,True
4630,0.95854853575832,8,train,True
4631,0.23713896127603,6,validation,True
4632,1.96068497426001,9,train,True
4633,0.516957361615886,7,train,True
4634,0.826060776215358,7,train,True
4635,2.44554468239526,9,train,True
4636,0.228918054682419,6,train,True
4637,1.60236288600643,9,train,True
4638,1.63134015933234,9,validation,True
4639,1.52248732482636,9,validation,True
464,-0.500397526695883,3,train,True
4640,1.94099122106091,9,train,True
4641,1.01525436766661,8,test,True
4642,1.03433183167465,8,train,True
4643,1.10467620457529,8,test,True
4644,-0.688845140217334,2,test,True
4645,1.63995578801258,9,train,True
4646,0.125210011583116,5,train,True
4647,1.84067344402145,9,train,True
4648,-0.524270842047183,3,test,True
4649,0.461398103103097,6,train,True
465,-0.934917054404888,1,train,True
4650,1.72116022447741,9,validation,True
4651,2.20416064421893,9,train,True
4652,0.75897047212483,7,train,True
4653,0.658625956021872,7,test,True
4654,1.459709074363,9,validation,True
4655,0.167481038703976,5,validation,True
4656,0.623375548053805,7,validation,True
4657,0.351238421006127,6,test,True
4658,1.12200439782144,8,test,True
4659,1.32308312335971,8,train,True
466,-0.440161560294757,3,train,True
4660,0.146058107212249,5,validation,True
4661,-0.567054216038254,3,train,True
4662,0.715967143239796,7,train,True
4663,1.30539243066246,8,test,True
4664,-0.0423804467048809,5,train,True
4665,0.81978284973657,7,validation,True
4666,0.233658574476655,6,train,True
4667,0.264733020993102,6,test,True
4668,0.957577458950185,8,train,True
4669,0.0866485122245852,5,test,True
467,-1.52716795676082,0,train,True
4670,1.10599803752425,8,train,True
4671,0.318443325193458,6,train,True
4672,0.0359922726586726,5,train,True
4673,0.186721915439304,5,test,True
4674,-0.425801550910867,3,validation,True
4675,1.88138472718567,9,train,True
4676,-0.0882414764170431,5,test,True
4677,0.419665513760716,6,train,True
4678,0.846045207281312,7,train,True
4679,0.460319687903891,6,train,True
468,-1.6125970888529,0,test,True
4680,-0.265954192789814,4,train,True
4681,1.10947870234593,8,train,True
4682,0.336981023543683,6,train,True
4683,0.339880076391512,6,train,True
4684,-0.0977307918476438,4,train,True
4685,0.268912754675206,6,train,True
4686,0.582668951673328,7,train,True
4687,0.629852935171895,7,train,True
4688,-0.248438875375983,4,train,True
4689,1.18704319678336,8,train,True
469,-1.60387638800431,0,test,True
4690,-0.152554102632501,4,test,True
4691,1.42634751070768,9,validation,True
4692,0.181369842880453,5,train,True
4693,0.627064137904266,7,test,True
4694,0.911001740745624,8,validation,True
4695,1.1580498297466,8,train,True
4696,-0.841595417656365,2,train,True
4697,1.60027022069111,9,train,True
4698,1.47730989069733,9,train,True
4699,0.39627703651788,6,train,True
47,-1.28350233308188,0,train,True
470,-1.30288503682614,0,train,True
4700,2.44871502391273,9,validation,True
4701,0.0817047916099122,5,test,True
4702,1.1087571647412,8,train,True
4703,-0.104793276483945,4,train,True
4704,-0.0971095174629908,4,train,True
4705,-0.259792471716844,4,train,True
4706,0.622564630115435,7,train,True
4707,0.502793251361841,6,train,True
4708,-0.227944153045144,4,test,True
4709,0.825205655465789,7,train,True
471,-1.14053467834877,1,train,True
4710,0.787107607462532,7,test,True
4711,0.0673613357348393,5,train,True
4712,1.14095218344634,8,train,True
4713,1.6501534385411,9,train,True
4714,-0.246003157483882,4,train,True
4715,0.62296230481073,7,test,True
4716,0.555589001457002,7,train,True
4717,0.680221453752952,7,train,True
4718,0.075304213209163,5,validation,True
4719,-0.276093169640305,4,train,True
472,-2.01171417727903,0,train,True
4720,0.615910599524852,7,train,True
4721,1.40527480537044,9,validation,True
4722,1.0142281042005,8,train,True
4723,0.873733748671875,7,train,True
4724,0.699630855479705,7,test,True
4725,0.352089885050554,6,train,True
4726,0.177918182057341,5,train,True
4727,0.368874906898731,6,train,True
4728,0.203594540412807,6,train,True
4729,-0.261492808913512,4,train,True
473,-1.3670388020367,0,train,True
4730,1.34719484160468,8,train,True
4731,0.249117243973362,6,train,True
4732,1.62209341083328,9,train,True
4733,0.605121304012726,7,train,True
4734,1.38076178772503,8,train,True
4735,-0.120524106897399,4,train,True
4736,-0.298586255011227,4,train,True
4737,0.819319999779242,7,train,True
4738,1.99577369887164,9,validation,True
4739,-0.0496959378170448,5,train,True
474,-1.34342543285093,0,train,True
4740,-0.272555754064307,4,test,True
4741,0.408191096834087,6,train,True
4742,-0.173836654601705,4,train,True
4743,-0.0111170336460472,5,validation,True
4744,-0.454546106510107,3,train,True
4745,1.3296188086669,8,validation,True
4746,0.291288731349797,6,train,True
4747,0.771949488020618,7,train,True
4748,1.5238115685993,9,train,True
4749,0.546421319246542,7,train,True
475,-1.59626850202132,0,test,True
4750,1.25616718775275,8,test,True
4751,0.501592754008777,6,train,True
4752,0.171972113431931,5,train,True
4753,0.652763619522446,7,test,True
4754,0.343124566321552,6,test,True
4755,1.05938418689544,8,train,True
4756,1.65963385099019,9,test,True
4757,-0.246005333453819,4,train,True
4758,-0.0930999057870503,4,validation,True
4759,0.482082652737777,6,train,True
476,-1.47120051493071,0,train,True
4760,0.667452599919914,7,train,True
4761,-0.0773938589848885,5,train,True
4762,0.64258838971432,7,test,True
4763,0.423422817805248,6,train,True
4764,-0.727202542884747,2,train,True
4765,0.968019858400163,8,test,True
4766,0.459799473782766,6,train,True
4767,0.680727859965875,7,train,True
4768,-0.0630757024953117,5,validation,True
4769,1.39594880760831,9,train,True
477,-1.79074374706506,0,test,True
4770,0.228999350879743,6,test,True
4771,-0.279163918623493,4,train,True
4772,0.134439327421478,5,test,True
4773,0.180120671286941,5,test,True
4774,0.781965322819195,7,train,True
4775,0.408503200605164,6,train,True
4776,0.84710190467112,7,train,True
4777,0.737808728968337,7,train,True
4778,-0.0664222562897567,5,test,True
4779,0.0695159167078659,5,train,True
478,-1.34166805492383,0,test,True
4780,-0.254360299661458,4,test,True
4781,0.0921393451657435,5,train,True
4782,-0.371561961398331,3,train,True
4783,0.335798709897792,6,test,True
4784,0.653555657359611,7,test,True
4785,-0.363158916935139,3,test,True
4786,0.752088198711853,7,train,True
4787,0.115272785073706,5,train,True
4788,0.774117476862966,7,validation,True
4789,0.563060773869339,7,train,True
479,-1.08965113667888,1,train,True
4790,0.106558316098535,5,train,True
4791,0.480953442552096,6,train,True
4792,0.316497208493558,6,train,True
4793,0.129836966404092,5,train,True
4794,0.475603820659491,6,train,True
4795,0.129638703656876,5,train,True
4796,-0.217405489831428,4,test,True
4797,-0.0986846847357421,4,train,True
4798,0.304770886443021,6,train,True
4799,0.500238548112733,6,test,True
48,0.148364023977911,5,validation,True
480,-1.54687323649942,0,validation,True
4800,-0.191206430756987,4,validation,True
4801,0.404789855754003,6,test,True
4802,0.180721857124764,5,train,True
4803,1.06724165624354,8,train,True
4804,0.0575403210504698,5,test,True
4805,0.166639724478957,5,train,True
4806,0.395596236827396,6,test,True
4807,0.378749784051239,6,train,True
4808,0.693415167457238,7,train,True
4809,1.08146983195985,8,train,True
481,-1.4502932849933,0,train,True
4810,1.26561101437335,8,test,True
4811,0.736170674623284,7,test,True
4812,1.2063151562543,8,train,True
4813,0.906213296379275,8,train,True
4814,-0.293225385864182,4,train,True
4815,0.96221927158236,8,train,True
4816,1.79173018094269,9,train,True
4817,0.355586851120027,6,train,True
4818,0.538403908131032,7,train,True
4819,1.58884945187442,9,train,True
482,-0.823492153008577,2,test,True
4820,-0.659209921763194,2,validation,True
4821,0.345732374319051,6,train,True
4822,0.499255037214127,6,train,True
4823,0.311067961176984,6,train,True
4824,1.1185676336397,8,train,True
4825,-0.690581080196295,2,test,True
4826,0.374154750788519,6,train,True
4827,0.997599850150469,8,train,True
4828,0.367777909604131,6,train,True
4829,0.167933853172119,5,train,True
483,-1.03543806192881,1,train,True
4830,0.690294008510021,7,train,True
4831,1.94793625110566,9,train,True
4832,0.545405734634214,7,train,True
4833,0.0699054042193587,5,train,True
4834,2.24069652439474,9,train,True
4835,1.23327183371278,8,test,True
4836,0.782523426856321,7,train,True
4837,0.0478236315805195,5,test,True
4838,1.01891229563337,8,train,True
4839,0.55667389682947,7,test,True
484,-0.95234348860844,1,test,True
4840,2.19855102534508,9,train,True
4841,1.62185953912052,9,train,True
4842,0.727541082357508,7,train,True
4843,0.0715022597710083,5,train,True
4844,1.44201232101967,9,train,True
4845,1.85485186152557,9,train,True
4846,1.76568702662843,9,train,True
4847,1.51249995393919,9,train,True
4848,0.889914492406148,8,train,True
4849,1.06054956745799,8,train,True
485,-1.20370547811764,1,test,True
4850,0.479953906797708,6,train,True
4851,1.24262199114013,8,test,True
4852,-0.309113794490587,4,train,True
4853,1.17574670861315,8,test,True
4854,-0.417699887671814,3,train,True
4855,0.0296227280336798,5,test,True
4856,1.15703061217026,8,train,True
4857,-0.199252646029884,4,test,True
4858,1.50997634083846,9,validation,True
4859,0.383189121610686,6,test,True
486,-1.91025516970973,0,train,True
4860,-0.420591354274986,3,train,True
4861,0.98752345962976,8,train,True
4862,-0.446670632180025,3,train,True
4863,0.15511573343854,5,train,True
4864,0.632742679718945,7,train,True
4865,-1.00713424955311,1,test,True
4866,0.87600195313676,7,train,True
4867,0.349948443114621,6,test,True
4868,-0.229725251861392,4,train,True
4869,1.06524611267246,8,train,True
487,-2.01151620228074,0,train,True
4870,1.18699629978025,8,train,True
4871,0.924448514063313,8,train,True
4872,0.837975586111284,7,train,True
4873,-0.54055412785992,3,train,True
4874,2.01669433740056,9,train,True
4875,1.51554528931147,9,train,True
4876,0.391789883160545,6,validation,True
4877,-0.0404580610718355,5,train,True
4878,0.582343591851893,7,train,True
4879,0.842443753736077,7,train,True
488,-1.7430175941116,0,train,True
4880,0.657728389174196,7,train,True
4881,0.86111844897452,7,test,True
4882,1.96861374265191,9,train,True
4883,1.69338297936101,9,validation,True
4884,0.234592894713327,6,test,True
4885,0.396168632839143,6,train,True
4886,1.01375021029913,8,train,True
4887,0.93540018779498,8,train,True
4888,0.829553831984822,7,validation,True
4889,1.10676686464332,8,train,True
489,-1.18672878060369,1,test,True
4890,0.69575653760592,7,test,True
4891,-0.19038574899657,4,test,True
4892,-0.118473816098476,4,train,True
4893,-0.575075697343237,3,train,True
4894,0.421020210930066,6,validation,True
4895,0.702553889573207,7,validation,True
4896,0.457580999620103,6,test,True
4897,0.50886903424535,7,train,True
4898,0.731946983654162,7,train,True
4899,0.892239134863335,8,train,True
49,-0.18741455630956,4,test,True
490,-1.34287582730624,0,train,True
4900,1.38774085886671,9,train,True
4901,1.59117587579638,9,validation,True
4902,0.539278946250689,7,train,True
4903,-0.0811175736126544,5,train,True
4904,-0.0715472195228223,5,train,True
4905,0.126061526862829,5,test,True
4906,-0.47264540276521,3,train,True
4907,0.0095529684638318,5,train,True
4908,-0.0175773997551608,5,train,True
4909,1.6723887780529,9,train,True
491,-1.1570656825111,1,train,True
4910,-0.913220760740219,1,validation,True
4911,-0.399920817889779,3,test,True
4912,0.643956450085173,7,train,True
4913,-0.531647629163389,3,test,True
4914,-0.459074313464652,3,train,True
4915,0.883217960627017,8,train,True
4916,1.18672414587369,8,train,True
4917,-0.899713022696642,2,train,True
4918,1.74770700528894,9,train,True
4919,0.161772320316553,5,test,True
492,-1.13535784453566,1,train,True
4920,0.359035150940594,6,train,True
4921,1.48413276749159,9,train,True
4922,0.249475966231228,6,train,True
4923,1.57258029182966,9,test,True
4924,0.942090829675168,8,train,True
4925,-0.0934473184681736,4,train,True
4926,0.0798355978815807,5,validation,True
4927,-0.175869421024848,4,train,True
4928,-0.156193433269262,4,train,True
4929,-0.094642699514318,4,train,True
493,-0.847179839512232,2,train,True
4930,0.377507951963482,6,validation,True
4931,0.118907074149973,5,train,True
4932,0.197975632547889,6,train,True
4933,-0.494107904904068,3,test,True
4934,0.806731248978318,7,test,True
4935,0.596676777637057,7,train,True
4936,0.655570908556647,7,test,True
4937,-0.023603695417785,5,train,True
4938,1.74466459847641,9,train,True
4939,2.13631473999799,9,train,True
494,-1.17625044424306,1,train,True
4940,-0.0199350291880373,5,train,True
4941,0.55927726705814,7,test,True
4942,1.02660706119375,8,validation,True
4943,0.821853169826401,7,train,True
4944,1.00061293140858,8,test,True
4945,-0.125084691388009,4,train,True
4946,1.51885837573964,9,train,True
4947,-0.751391677011813,2,train,True
4948,0.613259387569716,7,train,True
4949,0.0254857708599563,5,train,True
495,-1.12885349199666,1,train,True
4950,-0.598827205767887,3,validation,True
4951,0.0198387767153422,5,train,True
4952,0.63881216986954,7,train,True
4953,-0.434313669741548,3,test,True
4954,-0.140965749052743,4,test,True
4955,-0.197824234863132,4,train,True
4956,0.251955291827107,6,train,True
4957,-0.0484267629100142,5,train,True
4958,0.60390865311978,7,test,True
4959,-0.509588396466335,3,train,True
496,-1.7799388813178,0,test,True
4960,0.682692996960335,7,test,True
4961,-0.0998727315363806,4,train,True
4962,-0.428355676462123,3,test,True
4963,0.0328210888915566,5,train,True
4964,0.546069088861575,7,train,True
4965,-0.282205464947064,4,train,True
4966,-0.0129109690804017,5,train,True
4967,-0.796826947623961,2,validation,True
4968,-0.541186500379991,3,train,True
4969,0.315163417750329,6,train,True
497,-1.01605097025707,1,train,True
4970,0.147743652471918,5,train,True
4971,0.580804984952977,7,train,True
4972,-0.648405231153237,2,train,True
4973,0.97999560666415,8,train,True
4974,0.430827200643057,6,train,True
4975,-0.434867758916844,3,train,True
4976,-0.0385394482136281,5,train,True
4977,0.436961121475175,6,train,True
4978,1.21278646265008,8,train,True
4979,0.741588741656482,7,train,True
498,-1.38410582574121,0,train,True
4980,0.286296326740394,6,test,True
4981,0.113278570557356,5,test,True
4982,1.02483401304834,8,test,True
4983,0.778716585103553,7,train,True
4984,0.814747335302741,7,train,True
4985,0.197033070892323,6,train,True
4986,-0.442774965388389,3,validation,True
4987,1.44660662168491,9,test,True
4988,1.14443317274067,8,train,True
4989,-0.209351674009367,4,train,True
499,-1.40335349567686,0,train,True
4990,1.42254688463008,9,test,True
4991,2.18596698459992,9,validation,True
4992,1.63341694442314,9,train,True
4993,0.232572019547516,6,validation,True
4994,0.0059139297729533,5,train,True
4995,-0.332735388937479,4,train,True
4996,1.86033471206567,9,train,True
4997,0.593963359033722,7,train,True
4998,1.27369238100697,8,train,True
4999,1.1909558603603,8,train,True
5,-1.27743630157327,0,test,True
50,-0.95472828032911,1,train,True
500,-1.68387107667419,0,train,True
5000,0.673074061342176,7,train,True
5001,-0.50081564535407,3,train,True
5002,0.980885574403307,8,train,True
5003,1.05730652643521,8,train,True
5004,-0.176440881986794,4,train,True
5005,0.671969655513794,7,test,True
5006,0.582635773337167,7,validation,True
5007,1.9988981067992,9,test,True
5008,1.72313147127,9,validation,True
5009,2.35110072196723,9,train,True
501,-1.03059415107312,1,train,True
5010,1.49487362671474,9,test,True
5011,1.59913724061241,9,validation,True
5012,0.0284562227409931,5,train,True
5013,-0.359616705634893,3,train,True
5014,2.15173320834625,9,train,True
5015,0.483858163251969,6,test,True
5016,-0.494761634445381,3,train,True
5017,1.76867283268768,9,test,True
5018,0.518332741140982,7,validation,True
5019,0.467849008441628,6,validation,True
502,-1.22296786714076,0,test,True
5020,2.31029324916992,9,train,True
5021,-0.545892744924313,3,train,True
5022,0.58741660032921,7,train,True
5023,0.454285426004697,6,train,True
5024,0.883051025679998,8,train,True
5025,-0.243842717209591,4,train,True
5026,0.302070844150264,6,validation,True
5027,-0.185250207806474,4,validation,True
5028,1.16526663860666,8,validation,True
5029,1.17622351648858,8,train,True
503,-1.2745034654901,0,test,True
5030,1.52832140027339,9,validation,True
5031,1.64699768205106,9,validation,True
5032,1.72480961956435,9,train,True
5033,0.120599287724628,5,train,True
5034,-0.383272213065145,3,test,True
5035,1.1347714355119,8,train,True
5036,0.233121990486006,6,train,True
5037,1.29950598071268,8,train,True
5038,1.54612602013774,9,train,True
5039,1.91179939354781,9,train,True
504,-0.759272973411224,2,train,True
5040,0.800403462231235,7,train,True
5041,1.17120761269158,8,train,True
5042,1.06361246751879,8,train,True
5043,0.248646077586725,6,train,True
5044,1.14969838187004,8,train,True
5045,0.022105221088647,5,train,True
5046,1.08077506898702,8,train,True
5047,-0.567646777520324,3,train,True
5048,1.57830588556859,9,test,True
5049,0.210583263902836,6,train,True
505,-1.13936726977866,1,train,True
5050,-0.413321931246192,3,train,True
5051,1.8699212910389,9,train,True
5052,2.33395791796472,9,train,True
5053,0.236871384568003,6,train,True
5054,0.209174468278798,6,test,True
5055,-0.238963362007734,4,test,True
5056,1.29303314793407,8,validation,True
5057,-0.55568887677616,3,train,True
5058,1.96501416696204,9,test,True
5059,-0.16225542748337,4,train,True
506,-0.734075613932375,2,test,True
5060,0.98492880093014,8,train,True
5061,2.22102071816876,9,train,True
5062,-0.936757060425276,1,train,True
5063,1.2791995184354,8,train,True
5064,-0.267950762221451,4,train,True
5065,-0.349376343439799,4,validation,True
5066,0.723508580745525,7,train,True
5067,-0.134051938905752,4,test,True
5068,0.322801116797484,6,train,True
5069,1.27686736185108,8,validation,True
507,-0.937984767315483,1,test,True
5070,0.914555299358234,8,train,True
5071,0.929322921524687,8,train,True
5072,1.29190738928115,8,train,True
5073,0.180189312196866,5,train,True
5074,-0.155982873981714,4,validation,True
5075,0.812650556321034,7,train,True
5076,1.18566085474007,8,train,True
5077,1.86345943377294,9,train,True
5078,0.859554442480261,7,train,True
5079,-0.34190701750476,4,train,True
508,-0.960453235780675,1,train,True
5080,1.77511444287033,9,train,True
5081,1.42180288930451,9,train,True
5082,1.54639720254787,9,test,True
5083,-0.0864765161508323,5,train,True
5084,0.504417580517727,6,validation,True
5085,1.27709057029551,8,train,True
5086,0.949649487221752,8,train,True
5087,-0.0759186149789171,5,test,True
5088,0.977433022650708,8,test,True
5089,0.0556013562574209,5,validation,True
509,-1.25597668540491,0,train,True
5090,1.41911651821709,9,train,True
5091,-0.396897322318072,3,train,True
5092,-0.155298040828452,4,validation,True
5093,0.704413997638854,7,validation,True
5094,-0.359803321556119,3,train,True
5095,-0.54517747770042,3,train,True
5096,1.98586986411661,9,test,True
5097,0.463057178868933,6,validation,True
5098,1.78414514101198,9,train,True
5099,1.02143467578383,8,train,True
51,-0.804840777038604,2,train,True
510,-1.13609390012983,1,test,True
5100,0.212966951779402,6,train,True
5101,0.823309670977516,7,validation,True
5102,-0.567226579717173,3,train,True
5103,0.417371230974917,6,validation,True
5104,1.94902142052793,9,train,True
5105,-0.520592454566581,3,train,True
5106,1.98764181335432,9,train,True
5107,1.31047984299187,8,train,True
5108,1.24513801813422,8,train,True
5109,0.743730263847332,7,train,True
511,-1.36729798712585,0,train,True
5110,1.24768320091828,8,test,True
5111,0.611071807861828,7,test,True
5112,-0.424440163652299,3,train,True
5113,0.962035606438933,8,validation,True
5114,-0.463304730899722,3,train,True
5115,0.580667553551067,7,train,True
5116,0.867235122133667,7,train,True
5117,1.11112486464657,8,train,True
5118,1.99228331459458,9,validation,True
5119,0.905950702136765,8,train,True
512,-1.53967144910871,0,train,True
5120,0.584872569635188,7,train,True
5121,0.516065690841972,7,test,True
5122,-0.839737134511337,2,train,True
5123,1.12379098959412,8,test,True
5124,1.56652886023373,9,test,True
5125,0.669608809665464,7,validation,True
5126,0.246024384531337,6,train,True
5127,0.741181057639928,7,test,True
5128,0.96064613520282,8,test,True
5129,-0.119102362209118,4,test,True
513,-1.25131108149237,0,train,True
5130,0.161587760720277,5,test,True
5131,1.38383197344956,9,train,True
5132,-0.824231160726544,2,train,True
5133,1.32384355776426,8,validation,True
5134,0.828561128038959,7,validation,True
5135,0.225254240315644,6,train,True
5136,-0.376958879292674,3,train,True
5137,0.104157878386141,5,train,True
5138,1.11749187417767,8,train,True
5139,1.82655375661114,9,train,True
514,-0.562247291197188,3,test,True
5140,1.59109334122792,9,train,True
5141,-0.39327399992011,3,train,True
5142,1.2811858155833,8,train,True
5143,-0.607664512043758,3,train,True
5144,0.317124074025534,6,train,True
5145,1.6820263550668,9,train,True
5146,0.63460982028136,7,validation,True
5147,1.99187130797276,9,validation,True
5148,0.988271257077839,8,train,True
5149,1.22755599766834,8,test,True
515,-1.45736114507741,0,validation,True
5150,1.96541449944011,9,train,True
5151,0.679766701316849,7,train,True
5152,2.26740125941853,9,train,True
5153,0.916306676485979,8,train,True
5154,1.27502052406078,8,test,True
5155,0.645905701116401,7,train,True
5156,-0.388277088087024,3,train,True
5157,1.48372040994499,9,test,True
5158,0.551050381765126,7,train,True
5159,1.08836033853288,8,test,True
516,-1.71564868468338,0,test,True
5160,0.759517773030861,7,train,True
5161,1.41496797408023,9,validation,True
5162,1.56020015177927,9,train,True
5163,1.67950877739201,9,train,True
5164,0.440571963548456,6,train,True
5165,0.459253600763459,6,train,True
5166,-1.11488197672145,1,train,True
5167,0.648558522353233,7,train,True
5168,1.28878020577209,8,train,True
5169,0.322503539291281,6,train,True
517,-1.67232173290018,0,train,True
5170,0.537169572644743,7,test,True
5171,1.79217596009056,9,train,True
5172,0.353055726069156,6,train,True
5173,1.09277744767995,8,train,True
5174,1.34515504471342,8,test,True
5175,1.0007484792627,8,train,True
5176,0.776301000119402,7,train,True
5177,0.474283099928391,6,train,True
5178,-1.17941493676884,1,train,True
5179,1.51851958438493,9,train,True
518,-1.03860898108713,1,train,True
5180,0.138560836827521,5,train,True
5181,-0.400297510072512,3,train,True
5182,1.13705407514267,8,train,True
5183,2.11325487988424,9,train,True
5184,0.297031378343201,6,test,True
5185,-0.0317792984737072,5,train,True
5186,0.610466112828981,7,train,True
5187,-0.237684591536167,4,train,True
5188,2.29207129244541,9,validation,True
5189,-0.35832860120106,3,train,True
519,-1.43508428456764,0,train,True
5190,-0.941949523260668,1,train,True
5191,0.641057508660105,7,train,True
5192,-0.236248817523829,4,train,True
5193,-0.29873774908795,4,validation,True
5194,0.54287407703242,7,test,True
5195,2.26073033208865,9,train,True
5196,1.13076239920223,8,train,True
5197,-0.227649563997938,4,validation,True
5198,1.02160653807904,8,test,True
5199,1.24608392019979,8,train,True
52,-0.821862269334886,2,train,True
520,-0.056140381814068,5,train,True
5200,0.387870709544924,6,test,True
5201,-0.239948949497157,4,validation,True
5202,0.742503825908459,7,train,True
5203,1.51258250255278,9,train,True
5204,0.90291237012962,8,train,True
5205,1.552521333865,9,train,True
5206,1.9728935116206,9,train,True
5207,0.102111362215226,5,test,True
5208,0.964460981745619,8,train,True
5209,1.12978551958034,8,validation,True
521,-1.45714298674256,0,validation,True
5210,0.31484822250944,6,train,True
5211,1.26849553228631,8,train,True
5212,1.76038890193495,9,train,True
5213,0.508799567417823,7,test,True
5214,0.890852562924042,8,train,True
5215,0.388303399655222,6,test,True
5216,1.34690195019445,8,train,True
5217,0.666799274359996,7,train,True
5218,0.180990819658783,5,train,True
5219,1.91481791346195,9,train,True
522,-1.65638940360826,0,test,True
5220,-0.276622512494312,4,train,True
5221,-0.231680930838535,4,validation,True
5222,1.96481285568101,9,validation,True
5223,0.316517989394661,6,train,True
5224,0.985900890897151,8,validation,True
5225,-0.600295213905816,3,validation,True
5226,0.742472235304362,7,train,True
5227,0.43450288832038,6,train,True
5228,1.93573811546449,9,train,True
5229,1.25012192573143,8,validation,True
523,-0.992753373186015,1,train,True
5230,0.660529456920196,7,test,True
5231,0.056269659116463,5,train,True
5232,0.373339837834395,6,train,True
5233,1.27582369510783,8,train,True
5234,0.881428088851636,8,train,True
5235,0.0539349449609862,5,train,True
5236,0.449913979644731,6,train,True
5237,1.21873014363227,8,validation,True
5238,0.786304669009088,7,train,True
5239,-0.0573112819809765,5,train,True
524,-1.6843355978978,0,train,True
5240,0.281251821066508,6,validation,True
5241,0.551534693569491,7,test,True
5242,0.209679766635986,6,train,True
5243,0.241339822650378,6,train,True
5244,0.058516200157283,5,validation,True
5245,-1.04882467678082,1,train,True
5246,-0.179085944314186,4,train,True
5247,-0.0030699295589666,5,train,True
5248,2.4110885710376,9,test,True
5249,0.368289309303251,6,train,True
525,-1.39288095841663,0,train,True
5250,0.935529109078804,8,train,True
5251,-0.477546209068869,3,train,True
5252,0.663617826347366,7,train,True
5253,-0.640273328571292,2,test,True
5254,-0.0292755085539932,5,train,True
5255,0.273285985934048,6,train,True
5256,-0.211303661432178,4,train,True
5257,2.1686910029942,9,test,True
5258,0.673560238495659,7,train,True
5259,2.2738212730796,9,train,True
526,-1.65601073663855,0,validation,True
5260,0.857366295887309,7,train,True
5261,-0.330432787389026,4,train,True
5262,0.520308238093481,7,train,True
5263,0.85274634069483,7,train,True
5264,0.703914825125544,7,train,True
5265,0.612864804760579,7,validation,True
5266,2.08332306923652,9,test,True
5267,1.04607049054354,8,train,True
5268,-0.183050000671508,4,train,True
5269,0.534235827502532,7,train,True
527,-1.52564008150575,0,validation,True
5270,0.343757410981905,6,test,True
5271,0.343907233268148,6,train,True
5272,1.57865345220983,9,train,True
5273,1.52902897598599,9,test,True
5274,0.24781118989525,6,train,True
5275,0.181760506472499,5,train,True
5276,0.380735504875256,6,train,True
5277,0.322046564476569,6,train,True
5278,1.86674436024676,9,train,True
5279,0.400526355250755,6,train,True
528,-1.48745649524206,0,test,True
5280,0.0423556904463279,5,train,True
5281,-0.738194616728355,2,test,True
5282,1.89571435560063,9,train,True
5283,-0.0930193617921162,4,train,True
5284,0.849185017605888,7,train,True
5285,-0.278485352864773,4,train,True
5286,-0.415185290893442,3,test,True
5287,-0.334596668090997,4,train,True
5288,2.25668298445869,9,train,True
5289,0.878713503918765,8,validation,True
529,-1.15353297322161,1,train,True
5290,0.597284157112602,7,validation,True
5291,1.06608867023699,8,test,True
5292,1.27484554697927,8,train,True
5293,0.175383506007487,5,validation,True
5294,0.261183531213715,6,train,True
5295,0.143757488466142,5,train,True
5296,0.741984958766862,7,train,True
5297,0.570215669297422,7,test,True
5298,-0.0466369414382586,5,train,True
5299,0.163398851803132,5,train,True
53,-0.459697049185293,3,train,True
530,-1.23577366867732,0,validation,True
5300,0.316404978008931,6,train,True
5301,-0.73144280010659,2,test,True
5302,-0.224636998750954,4,train,True
5303,-0.120878366160995,4,train,True
5304,0.602246937080277,7,train,True
5305,0.892336804338579,8,train,True
5306,0.341045366698797,6,test,True
5307,0.401236218179501,6,train,True
5308,0.176898843906272,5,train,True
5309,1.05755853247506,8,train,True
531,-1.28638950445509,0,test,True
5310,0.236862506122203,6,train,True
5311,0.457100361213103,6,train,True
5312,0.404179366756713,6,validation,True
5313,0.675829770992343,7,train,True
5314,-0.725597016817089,2,test,True
5315,1.31246035771065,8,test,True
5316,-0.354409719883558,4,train,True
5317,0.191677996525187,6,train,True
5318,0.373734862504754,6,train,True
5319,-0.130734755400882,4,train,True
532,-1.85058573415602,0,train,True
5320,-0.556697358705904,3,train,True
5321,0.465828166592483,6,train,True
5322,0.948002579475212,8,test,True
5323,-0.338958060356858,4,train,True
5324,0.654301897938365,7,validation,True
5325,1.55071087580568,9,train,True
5326,1.55028006948091,9,test,True
5327,2.52388673843696,9,train,True
5328,1.46000219226959,9,test,True
5329,0.791602855010859,7,train,True
533,-1.42375927239811,0,train,True
5330,0.725768653244973,7,train,True
5331,0.199424917953677,6,train,True
5332,1.75170723225145,9,train,True
5333,-0.206179676816602,4,train,True
5334,-0.700457436916402,2,train,True
5335,1.17023474945367,8,train,True
5336,-0.558990193618625,3,train,True
5337,1.44126638471311,9,train,True
5338,-0.0085642267533328,5,train,True
5339,1.49976478536969,9,validation,True
534,-0.32502031704856,4,test,True
5340,0.791331620125045,7,train,True
5341,0.620763279747392,7,train,True
5342,-1.14002937561992,1,train,True
5343,1.01523674787809,8,train,True
5344,0.547623511074037,7,train,True
5345,0.33521391058367,6,train,True
5346,0.200937998348288,6,train,True
5347,1.87248673151147,9,train,True
5348,-0.779121951005866,2,train,True
5349,-0.627064432724111,2,test,True
535,-1.61372377685122,0,train,True
5350,1.21971925260523,8,train,True
5351,1.54839037456346,9,train,True
5352,-0.61739830023806,3,train,True
5353,0.572110102599773,7,train,True
5354,0.881027683037887,8,test,True
5355,0.308788936568737,6,train,True
5356,0.32372431259704,6,train,True
5357,0.260938908971771,6,train,True
5358,0.623566424264531,7,test,True
5359,0.0629782158050674,5,train,True
536,-1.31019608910908,0,test,True
5360,-0.98329794117111,1,validation,True
5361,0.865631417702019,7,validation,True
5362,0.0825946874705814,5,train,True
5363,0.163814168075322,5,validation,True
5364,0.905900677806168,8,train,True
5365,-0.75490758164633,2,train,True
5366,-0.493946466712302,3,train,True
5367,-0.827935831888828,2,train,True
5368,0.757845762331216,7,train,True
5369,0.0701050426251664,5,validation,True
537,-1.65799722637537,0,train,True
5370,1.0947907415777,8,train,True
5371,-0.619345209666076,3,train,True
5372,0.71124355110558,7,train,True
5373,0.761582121402307,7,train,True
5374,0.676578925766684,7,validation,True
5375,1.19190021830708,8,train,True
5376,-0.880699769413027,2,train,True
5377,0.162150450373617,5,train,True
5378,1.04830339601755,8,test,True
5379,0.876832081912075,7,train,True
538,-2.08702446389887,0,train,True
5380,-0.281055376975819,4,validation,True
5381,2.01021121380462,9,train,True
5382,0.721150718985728,7,train,True
5383,0.416230664709691,6,train,True
5384,-0.312748984090918,4,train,True
5385,0.332074144392012,6,train,True
5386,-0.0716237993786656,5,validation,True
5387,0.807851756739864,7,train,True
5388,-0.17937139059673,4,train,True
5389,-0.782387602974673,2,train,True
539,-1.07665119585428,1,validation,True
5390,-0.701802812588914,2,train,True
5391,-0.878576936340565,2,train,True
5392,1.40495459501647,9,validation,True
5393,-0.351623159884893,4,train,True
5394,-0.358269255902213,3,test,True
5395,0.589861407798961,7,train,True
5396,-0.475869169480577,3,train,True
5397,0.0724036475718976,5,test,True
5398,0.685348652489254,7,train,True
5399,0.267997463020083,6,train,True
54,-1.38376844132164,0,train,True
540,-1.87618478843196,0,train,True
5400,1.50198810826715,9,test,True
5401,1.87141065760108,9,train,True
5402,2.13109666702664,9,validation,True
5403,-0.0117253806987388,5,test,True
5404,-0.740508956469512,2,train,True
5405,0.0670619633871974,5,train,True
5406,1.24058797806651,8,test,True
5407,0.351895118788729,6,test,True
5408,1.84962337319823,9,train,True
5409,1.12104246326362,8,train,True
541,-1.68128209350886,0,validation,True
5410,1.81075985248025,9,validation,True
5411,-0.60928919377903,3,train,True
5412,0.445802398582853,6,train,True
5413,-0.809971745024026,2,train,True
5414,-1.16792365682498,1,train,True
5415,0.637831986346723,7,test,True
5416,0.245381490017467,6,test,True
5417,-0.190021473821218,4,test,True
5418,-1.09097299273188,1,validation,True
5419,-0.273517954746467,4,train,True
542,-0.674402409408353,2,validation,True
5420,-1.03998228148015,1,train,True
5421,-0.984736415494753,1,test,True
5422,1.30482478446863,8,train,True
5423,-0.32829045195522,4,test,True
5424,1.42040143090226,9,train,True
5425,-0.173943683702751,4,train,True
5426,-0.392178475622908,3,train,True
5427,-0.870317877682712,2,test,True
5428,-0.035891927760763,5,test,True
5429,0.574348661503238,7,train,True
543,-0.906263458622353,1,train,True
5430,0.540288966386142,7,test,True
5431,-0.0761609728299788,5,train,True
5432,-0.0221347025360272,5,test,True
5433,0.871209540146772,7,train,True
5434,1.37840711569557,8,train,True
5435,1.78456482059261,9,test,True
5436,0.253505481164224,6,validation,True
5437,0.195155347195791,6,test,True
5438,0.426363066083982,6,test,True
5439,-0.0057950991175818,5,test,True
544,-1.64816531600868,0,train,True
5440,0.703068885283677,7,train,True
5441,3.02015172716299,9,train,True
5442,-0.215928517266868,4,train,True
5443,0.981695532569765,8,train,True
5444,1.47310481550472,9,train,True
5445,0.0299953502747759,5,train,True
5446,0.0996598802867873,5,train,True
5447,2.76655213090012,9,train,True
5448,0.0351209461390038,5,train,True
5449,1.72945593892506,9,train,True
545,-1.71751990495964,0,train,True
5450,0.0459931836596345,5,train,True
5451,0.477195220583028,6,train,True
5452,0.945913291079067,8,train,True
5453,0.480762611172053,6,test,True
5454,1.23582174439829,8,train,True
5455,0.853359037861521,7,train,True
5456,-0.661646757359081,2,train,True
5457,0.139735816049233,5,test,True
5458,1.2513290632591,8,train,True
5459,0.648916388741524,7,train,True
546,-1.00350377855046,1,train,True
5460,2.26605815020746,9,train,True
5461,1.58398936072249,9,train,True
5462,1.59237851106123,9,test,True
5463,1.71035307098834,9,test,True
5464,0.791266258337613,7,train,True
5465,1.9137463830999,9,test,True
5466,0.104569601045302,5,train,True
5467,0.509775460864371,7,train,True
5468,0.271636892933846,6,train,True
5469,0.581586209072417,7,test,True
547,-1.59089797748801,0,train,True
5470,0.179578210196891,5,train,True
5471,0.345162059169737,6,train,True
5472,1.20824239534308,8,test,True
5473,-0.420720328217461,3,train,True
5474,0.056483662492645,5,train,True
5475,0.45957878981645,6,test,True
5476,0.599250318998938,7,test,True
5477,1.30908932628458,8,test,True
5478,0.678868170815531,7,validation,True
5479,1.03352012928954,8,train,True
548,-1.35965440643774,0,test,True
5480,2.39197652736326,9,train,True
5481,-0.841104318452968,2,train,True
5482,0.970204518528493,8,train,True
5483,0.660136775771089,7,train,True
5484,0.334535666186227,6,train,True
5485,-0.457893715800637,3,train,True
5486,-0.249302683318136,4,train,True
5487,1.19993385940369,8,train,True
5488,1.12147377198388,8,test,True
5489,0.639246262493901,7,train,True
549,-1.65378691955304,0,test,True
5490,1.51604513425461,9,train,True
5491,0.702566187813034,7,test,True
5492,-0.610938714375908,3,train,True
5493,-1.29505454886304,0,train,True
5494,1.43328941328545,9,train,True
5495,0.431373569393854,6,train,True
5496,-0.375927986647276,3,validation,True
5497,2.50539180164785,9,train,True
5498,0.577094349932746,7,train,True
5499,0.674812384531586,7,test,True
55,-1.17818024481063,1,train,True
550,-1.2702282264656,0,train,True
5500,-0.124378455595746,4,test,True
5501,0.131920873345164,5,train,True
5502,-0.0748847732392694,5,train,True
5503,0.616979781091074,7,train,True
5504,1.08308198721345,8,train,True
5505,0.0778560011931716,5,train,True
5506,1.98008418906525,9,train,True
5507,1.29756841192726,8,test,True
5508,1.69607784907114,9,train,True
5509,0.740501040233863,7,train,True
551,-0.786628758029791,2,train,True
5510,0.732401239021798,7,train,True
5511,-1.04064075010814,1,train,True
5512,0.253926752720869,6,train,True
5513,1.00393004980497,8,train,True
5514,1.1748447979462,8,train,True
5515,-0.062109780154819,5,train,True
5516,0.455079332831873,6,train,True
5517,0.0765025510639055,5,validation,True
5518,-0.226382609349236,4,test,True
5519,0.38026154503459,6,train,True
552,-1.28528519262767,0,test,True
5520,1.55538565795061,9,train,True
5521,1.10958494022787,8,train,True
5522,0.0052972769755114,5,train,True
5523,2.39114676573594,9,train,True
5524,2.11867880049004,9,test,True
5525,2.74495023977376,9,train,True
5526,0.231538705673492,6,validation,True
5527,1.78126921391543,9,train,True
5528,0.751211099668231,7,train,True
5529,2.6062535879705,9,train,True
553,-1.17525478639493,1,validation,True
5530,0.4589664533461,6,train,True
5531,0.387167989767117,6,train,True
5532,1.68681917178256,9,train,True
5533,1.63189971669889,9,train,True
5534,1.59828713640846,9,train,True
5535,-0.353426883598887,4,train,True
5536,1.36640700367691,8,train,True
5537,0.674217089199252,7,train,True
5538,-0.548884495709774,3,validation,True
5539,0.783360876964961,7,train,True
554,-1.77767736113527,0,validation,True
5540,-0.480594757004134,3,train,True
5541,0.352424100968976,6,train,True
5542,-0.437502336720512,3,train,True
5543,0.573446647910903,7,validation,True
5544,0.323996027649848,6,test,True
5545,1.23957702417142,8,validation,True
5546,1.85837051499925,9,train,True
5547,0.417415181380424,6,train,True
5548,1.31904142204175,8,train,True
5549,-0.171959295627816,4,train,True
555,-0.675254599997566,2,train,True
5550,0.01049136524679,5,test,True
5551,0.27730094722943,6,test,True
5552,1.88451995289475,9,train,True
5553,0.594541849164763,7,train,True
5554,2.17054143306574,9,train,True
5555,1.39577893349439,9,train,True
5556,0.054478810237529,5,train,True
5557,0.243741609537546,6,train,True
5558,-0.289017286778538,4,train,True
5559,1.8041454320553,9,train,True
556,-0.683464226156126,2,train,True
5560,1.74210722351664,9,train,True
5561,-0.426039066782142,3,train,True
5562,0.971490114980817,8,train,True
5563,0.557781142515036,7,train,True
5564,0.175887648848689,5,test,True
5565,-0.214656235715881,4,train,True
5566,-0.994517541693675,1,validation,True
5567,0.6175217838222,7,train,True
5568,1.43022110807245,9,train,True
5569,-0.452964414549641,3,train,True
557,-1.92112558532578,0,train,True
5570,0.770380112479398,7,validation,True
5571,0.445074807069384,6,test,True
5572,-0.697604892714946,2,train,True
5573,-0.0555093027368138,5,train,True
5574,-0.541086710018687,3,train,True
5575,-0.223014951196758,4,train,True
5576,0.972164687413428,8,train,True
5577,1.29918938852229,8,train,True
5578,-0.0749154049762515,5,test,True
5579,-0.267087174462141,4,train,True
558,-1.88304756636916,0,train,True
5580,1.46273636736916,9,train,True
5581,0.627719331047611,7,train,True
5582,1.16120158889017,8,train,True
5583,0.0700623239410225,5,test,True
5584,-0.305235638302258,4,train,True
5585,0.594545796881545,7,train,True
5586,-0.769734365967735,2,train,True
5587,-0.0028105422410288,5,train,True
5588,1.13731599819596,8,test,True
5589,1.2178300882329,8,test,True
559,-1.07862363800061,1,train,True
5590,-0.283032598991854,4,test,True
5591,0.632010974521282,7,test,True
5592,2.14102986666959,9,train,True
5593,0.402113022396932,6,test,True
5594,0.801484100374973,7,train,True
5595,-0.85997101987708,2,train,True
5596,0.0942765003868063,5,validation,True
5597,0.545373120438804,7,train,True
5598,0.833384697298697,7,train,True
5599,-0.249683735598362,4,train,True
56,-1.43554301277298,0,train,True
560,-1.30805397457911,0,train,True
5600,-0.35608256542931,4,train,True
5601,1.73881383052014,9,train,True
5602,0.724916725327399,7,train,True
5603,0.932825089770957,8,train,True
5604,2.16767440386714,9,train,True
5605,0.616934723628845,7,test,True
5606,-0.0345027805381727,5,test,True
5607,-0.159464976194473,4,validation,True
5608,0.423031004529974,6,train,True
5609,-0.0151110242820323,5,test,True
561,-1.25536401356503,0,train,True
5610,1.54120852277852,9,train,True
5611,1.15678877237946,8,train,True
5612,-0.255620383642036,4,test,True
5613,0.571252368156343,7,validation,True
5614,-0.0377220775769969,5,train,True
5615,1.37874535436489,8,train,True
5616,0.77719069795836,7,train,True
5617,1.17950898003452,8,train,True
5618,1.52516212339178,9,train,True
5619,1.12406614144634,8,test,True
562,-1.10387472897226,1,train,True
5620,0.188716782072912,6,train,True
5621,1.65038101069661,9,test,True
5622,0.478054782158683,6,train,True
5623,0.715613605243133,7,train,True
5624,0.249828816609523,6,train,True
5625,0.342494618111032,6,test,True
5626,-0.199240558884281,4,test,True
5627,1.09630965542559,8,train,True
5628,1.38016860195392,8,validation,True
5629,1.1837598327254,8,test,True
563,-1.34194057084386,0,train,True
5630,0.947126934694743,8,test,True
5631,-0.0856439691135989,5,train,True
5632,-0.299313155477212,4,train,True
5633,-0.39924045598272,3,test,True
5634,0.149496241494311,5,train,True
5635,0.846491678411924,7,train,True
5636,0.820169356114444,7,test,True
5637,0.717931734844594,7,validation,True
5638,0.0908818266973098,5,test,True
5639,0.943719321303507,8,validation,True
564,-1.41272340547764,0,train,True
5640,-0.581260799146926,3,train,True
5641,0.497309942760172,6,train,True
5642,1.18087325724863,8,train,True
5643,1.1136594742748,8,train,True
5644,-0.390485086783522,3,test,True
5645,-0.0990446200993789,4,test,True
5646,0.522344551952029,7,train,True
5647,1.61912962298546,9,validation,True
5648,-0.0941303844715811,4,train,True
5649,1.27893374642932,8,train,True
565,-1.0916994797894,1,test,True
5650,0.925811463489762,8,train,True
5651,0.691563153586406,7,train,True
5652,1.78095478124288,9,train,True
5653,1.87338860106664,9,test,True
5654,1.32428102548626,8,train,True
5655,0.886168634792024,8,train,True
5656,0.564770189694979,7,validation,True
5657,0.252263900672968,6,train,True
5658,0.631366878946267,7,train,True
5659,0.7155316867437,7,validation,True
566,-1.17878713291628,1,validation,True
5660,2.64444203503539,9,train,True
5661,0.568975126844859,7,validation,True
5662,-0.399085833339172,3,train,True
5663,0.579266842659291,7,test,True
5664,0.343619512412565,6,train,True
5665,0.339487496717241,6,train,True
5666,0.714939466740829,7,train,True
5667,0.023301962699563,5,train,True
5668,-0.772779429551139,2,test,True
5669,-0.608865814016344,3,train,True
567,-1.67752748557411,0,train,True
5670,-0.434785898790823,3,train,True
5671,-0.188376017561969,4,validation,True
5672,-0.618187638927673,3,train,True
5673,0.581840905772812,7,train,True
5674,1.71758195250359,9,test,True
5675,0.586574855894933,7,train,True
5676,-0.340006210072809,4,test,True
5677,1.45416967583494,9,train,True
5678,0.291880725063978,6,train,True
5679,-0.389647912326495,3,train,True
568,-0.739790240917468,2,train,True
5680,-0.177527312703488,4,train,True
5681,0.330401394643138,6,train,True
5682,1.18410026888117,8,train,True
5683,-0.0064312108211572,5,train,True
5684,0.276564294596995,6,train,True
5685,-0.188503060756196,4,train,True
5686,0.9434375566258,8,validation,True
5687,0.0925563180308605,5,train,True
5688,-0.168391761570619,4,train,True
5689,0.555179798884777,7,train,True
569,-1.21744040839061,1,train,True
5690,0.212403921991662,6,test,True
5691,0.874845691552438,7,test,True
5692,-0.488756219713359,3,train,True
5693,-0.463967250794849,3,train,True
5694,-0.138563819706841,4,train,True
5695,0.560720030973001,7,train,True
5696,-0.0860472973469339,5,test,True
5697,0.0513188522458523,5,train,True
5698,1.88393095025477,9,train,True
5699,0.96210587799416,8,train,True
57,-1.21272425967058,1,train,True
570,-1.55856731499914,0,train,True
5700,-0.0004297092707468,5,test,True
5701,0.566994868182453,7,test,True
5702,1.06114544286887,8,train,True
5703,0.349536731279575,6,train,True
5704,0.89669835026526,8,train,True
5705,0.704446159022135,7,test,True
5706,0.0035299219836947,5,train,True
5707,0.0452026878261094,5,test,True
5708,1.06916819527467,8,test,True
5709,-0.450153828585865,3,train,True
571,-1.6065469383338,0,train,True
5710,1.54838232510451,9,train,True
5711,0.521132556221382,7,test,True
5712,0.0129064777931641,5,test,True
5713,0.230560316357144,6,validation,True
5714,0.75274592235068,7,train,True
5715,-0.670288894873928,2,train,True
5716,1.67169716822539,9,test,True
5717,0.856908073384455,7,train,True
5718,0.55960544148613,7,train,True
5719,-0.0274718986224286,5,test,True
572,-1.25917066274154,0,train,True
5720,-0.896211844229367,2,train,True
5721,1.26772397950023,8,train,True
5722,0.117005970611731,5,train,True
5723,0.0635077826331514,5,test,True
5724,0.676765637876077,7,train,True
5725,1.13064502192489,8,train,True
5726,0.51748004294527,7,train,True
5727,-0.582198115946568,3,train,True
5728,1.84780132169812,9,train,True
5729,0.157979024768065,5,train,True
573,-0.598581955609312,3,train,True
5730,0.368101189700466,6,validation,True
5731,1.08318339067991,8,test,True
5732,0.472472880915461,6,train,True
5733,2.3165267258461,9,train,True
5734,1.61100938570554,9,train,True
5735,0.205233177743918,6,train,True
5736,-0.189311878412515,4,train,True
5737,0.759639866962615,7,train,True
5738,-0.106714717270002,4,train,True
5739,-0.63393991923547,2,train,True
574,-1.40301295694738,0,validation,True
5740,0.348932611997841,6,train,True
5741,-0.288567662924121,4,train,True
5742,0.113415191740854,5,train,True
5743,0.601389223164669,7,train,True
5744,1.06186031321964,8,test,True
5745,-0.480811176596081,3,train,True
5746,0.422510106758664,6,train,True
5747,0.395174216268816,6,train,True
5748,0.200805398819107,6,test,True
5749,-0.0478889615904092,5,train,True
575,-1.47188497422765,0,train,True
5750,0.304671613327216,6,train,True
5751,-0.804385111842515,2,test,True
5752,1.02401175412687,8,train,True
5753,0.105051053559589,5,train,True
5754,0.005800474427783,5,test,True
5755,-0.49302875059505,3,train,True
5756,1.45748843718947,9,train,True
5757,-0.792277148620996,2,train,True
5758,1.09476847370321,8,train,True
5759,0.243016623462817,6,test,True
576,-1.22538053522895,0,train,True
5760,0.660925517373292,7,train,True
5761,1.25760619014721,8,train,True
5762,0.818260336169162,7,train,True
5763,2.16901776948236,9,train,True
5764,-0.223513108254207,4,train,True
5765,-0.32524659413266,4,train,True
5766,-0.156474682131721,4,train,True
5767,-0.10599334319708,4,test,True
5768,2.2242801023581,9,train,True
5769,1.174616086837,8,train,True
577,-1.43568745238135,0,train,True
5770,1.95435793375741,9,train,True
5771,0.885979443013784,8,validation,True
5772,2.14252339302299,9,train,True
5773,0.251313727170762,6,train,True
5774,0.401105502846458,6,train,True
5775,1.85487250824718,9,validation,True
5776,0.434454639767339,6,train,True
5777,0.379323690749415,6,train,True
5778,2.43436886905361,9,train,True
5779,0.473405252923231,6,train,True
578,-1.51023924502979,0,validation,True
5780,0.695468195974382,7,train,True
5781,-0.153689089090466,4,train,True
5782,1.75375283186184,9,test,True
5783,0.468041486491778,6,test,True
5784,-0.335298800795886,4,train,True
5785,1.34557217546433,8,train,True
5786,1.72714611237363,9,train,True
5787,0.597014521541843,7,train,True
5788,2.30074282302288,9,train,True
5789,-0.751204896532103,2,train,True
579,-0.897934768942481,2,train,True
5790,0.168209102438564,5,test,True
5791,-0.101474775859296,4,train,True
5792,0.207235074511338,6,validation,True
5793,0.392286377179709,6,train,True
5794,0.524370879780676,7,train,True
5795,-0.0981089582689788,4,validation,True
5796,-0.0209981796355622,5,train,True
5797,-0.39659969113789,3,validation,True
5798,-0.231971343393147,4,validation,True
5799,-0.338437455232407,4,train,True
58,-1.28362547942491,0,train,True
580,-1.56061221599244,0,test,True
5800,0.0501193390882306,5,train,True
5801,0.0607478459074835,5,train,True
5802,0.556751974210738,7,train,True
5803,0.187007344734185,6,train,True
5804,-0.022237370063258,5,validation,True
5805,0.338895231454933,6,train,True
5806,-0.662341474039067,2,train,True
5807,0.658790565390542,7,train,True
5808,0.0860251878916799,5,test,True
5809,0.425010759143022,6,train,True
581,-1.06297535739744,1,train,True
5810,1.77348669362134,9,train,True
5811,-0.311589415953414,4,train,True
5812,0.714008777949798,7,train,True
5813,-0.0251101850574697,5,test,True
5814,-0.745995604045208,2,train,True
5815,0.319785624538574,6,train,True
5816,1.17254854084341,8,train,True
5817,-0.336147160514031,4,train,True
5818,0.991418738711806,8,test,True
5819,0.383510778947993,6,train,True
582,-1.42109411222008,0,validation,True
5820,1.85791844208243,9,train,True
5821,0.0256549987217131,5,validation,True
5822,0.896237249618955,8,validation,True
5823,1.19300527018038,8,train,True
5824,0.610204771546724,7,train,True
5825,1.7852930522083,9,test,True
5826,0.639668344291627,7,train,True
5827,2.04568513779585,9,train,True
5828,1.49090840072286,9,validation,True
5829,-0.567422135391597,3,validation,True
583,-1.27707654076948,0,train,True
5830,2.67754355916799,9,validation,True
5831,-0.157638293454597,4,train,True
5832,0.744065220131081,7,train,True
5833,-0.398649336925572,3,train,True
5834,-0.597394885580852,3,test,True
5835,1.72819043561736,9,train,True
5836,-0.0750930812860193,5,train,True
5837,1.0235023213698,8,train,True
5838,-0.073936007517035,5,train,True
5839,1.83955814373549,9,test,True
584,-1.04091118113923,1,train,True
5840,-0.131937788428599,4,train,True
5841,-0.473672390986562,3,train,True
5842,2.03361989502203,9,validation,True
5843,1.17062886256184,8,train,True
5844,0.535235683554321,7,train,True
5845,0.282386462418766,6,train,True
5846,0.0581952266308866,5,test,True
5847,0.61276164765686,7,train,True
5848,1.16608230982488,8,test,True
5849,0.701755533305823,7,train,True
585,-1.169222197206,1,test,True
5850,-0.569206043108135,3,train,True
5851,-0.912148737775264,1,train,True
5852,1.2541190831202,8,train,True
5853,0.81805258788955,7,train,True
5854,0.698977535163975,7,train,True
5855,0.665179282271244,7,test,True
5856,0.305938982662719,6,train,True
5857,-0.734805890637883,2,test,True
5858,0.257065665325511,6,test,True
5859,-0.0692890303976853,5,train,True
586,-0.562094882360538,3,train,True
5860,1.16106449432924,8,train,True
5861,0.862567435536142,7,train,True
5862,0.0535128504026411,5,train,True
5863,1.02965571451623,8,train,True
5864,0.221455278068139,6,train,True
5865,0.0601432254661199,5,train,True
5866,0.73422518153817,7,train,True
5867,-0.500498476092293,3,train,True
5868,1.14311782058423,8,test,True
5869,1.01083326146481,8,train,True
587,-1.78603608795896,0,train,True
5870,0.16406531832261,5,test,True
5871,1.23022869426777,8,train,True
5872,1.30750398518862,8,train,True
5873,0.314885420781172,6,train,True
5874,0.493722747004458,6,train,True
5875,0.305420744529005,6,train,True
5876,1.09882819610569,8,train,True
5877,0.0787682154586685,5,train,True
5878,-0.0352501433700632,5,train,True
5879,-0.628993945011852,2,train,True
588,-1.07462428906737,1,train,True
5880,0.813264081225464,7,train,True
5881,-0.314458691703844,4,train,True
5882,1.48937223199265,9,train,True
5883,0.433899216848004,6,train,True
5884,-0.12249700684908,4,train,True
5885,-0.572234388528802,3,train,True
5886,0.654022776155401,7,train,True
5887,1.18981852547021,8,test,True
5888,-0.318584451434827,4,train,True
5889,0.723302629076166,7,train,True
589,-1.61271043778228,0,test,True
5890,0.401402042129859,6,train,True
5891,1.78060546648615,9,train,True
5892,0.726026375429204,7,train,True
5893,0.263928278904507,6,validation,True
5894,0.25416943123309,6,validation,True
5895,1.66700899613823,9,train,True
5896,1.60512209045933,9,test,True
5897,0.354490707066895,6,train,True
5898,1.16333924110173,8,train,True
5899,-0.190106012256026,4,test,True
59,-0.941972317955496,1,train,True
590,-1.37751229491043,0,train,True
5900,-0.360613130917671,3,train,True
5901,1.11211409142721,8,train,True
5902,1.30048805918506,8,validation,True
5903,1.39793187037503,9,train,True
5904,1.62372247444302,9,validation,True
5905,2.39584101538287,9,train,True
5906,0.583856999680203,7,train,True
5907,1.88696316659809,9,test,True
5908,1.07514036973736,8,test,True
5909,-0.650853476910801,2,train,True
591,-1.18172975391632,1,test,True
5910,0.670104481295843,7,train,True
5911,-0.199463061887806,4,train,True
5912,1.54201410969953,9,train,True
5913,0.002628532176495,5,test,True
5914,0.0481501573094098,5,train,True
5915,1.36982578194274,8,test,True
5916,0.0062961240435873,5,train,True
5917,2.54345617807742,9,train,True
5918,1.59577847442924,9,train,True
5919,0.124958843181709,5,test,True
592,-1.40818100769825,0,test,True
5920,0.217434439378897,6,train,True
5921,-0.267813017338254,4,test,True
5922,-0.58195040331931,3,test,True
5923,0.608159020425512,7,train,True
5924,1.01503655019336,8,train,True
5925,0.956863320205279,8,test,True
5926,0.321920893691309,6,train,True
5927,-0.383978261387057,3,test,True
5928,0.952023669233783,8,test,True
5929,0.224965366501188,6,train,True
593,-1.1299208233205,1,train,True
5930,1.69556415158475,9,train,True
5931,0.82646086589379,7,test,True
5932,0.806418235027095,7,train,True
5933,-0.241753254044665,4,train,True
5934,0.311175981576343,6,validation,True
5935,1.21443696312154,8,test,True
5936,1.27366523188077,8,train,True
5937,0.607753065944002,7,train,True
5938,1.69928159785434,9,test,True
5939,0.247595011407639,6,train,True
594,-0.993324800723657,1,train,True
5940,0.130193707621647,5,test,True
5941,-0.441361477986368,3,train,True
5942,1.28142450058878,8,train,True
5943,-0.165128162409966,4,train,True
5944,-0.338855681766123,4,train,True
5945,1.49659090894124,9,train,True
5946,1.15886417402084,8,test,True
5947,1.16108610048011,8,train,True
5948,1.35657212733848,8,train,True
5949,0.415407909366005,6,train,True
595,-1.2794512313233,0,train,True
5950,-0.59653699631846,3,train,True
5951,0.183792239945946,5,test,True
5952,1.34281880823098,8,validation,True
5953,-0.0908726653114871,5,train,True
5954,0.31226660781518,6,train,True
5955,0.140692903499743,5,train,True
5956,-0.862457809535466,2,train,True
5957,0.276079917305942,6,test,True
5958,0.840079958121162,7,test,True
5959,1.15845359103749,8,train,True
596,-1.64430336641009,0,train,True
5960,-0.198784496360403,4,train,True
5961,1.4289781565026,9,train,True
5962,1.54876732323196,9,train,True
5963,-0.536620990586423,3,test,True
5964,0.805530499939147,7,train,True
5965,0.129569801405286,5,train,True
5966,1.21039452766087,8,train,True
5967,-0.181099718262182,4,train,True
5968,0.845676803706269,7,test,True
5969,0.379048247361055,6,validation,True
597,-0.503965415087677,3,train,True
5970,0.83468794067029,7,train,True
5971,1.42884300999065,9,test,True
5972,-0.153590303485231,4,train,True
5973,1.63894662532789,9,train,True
5974,0.879499395218803,8,train,True
5975,0.276190323024061,6,train,True
5976,-0.304195845541003,4,train,True
5977,-0.153531165372788,4,train,True
5978,-0.538433309964803,3,train,True
5979,0.662514151793232,7,train,True
598,-0.821591687676983,2,test,True
5980,0.0855196868206438,5,train,True
5981,0.665408282366407,7,train,True
5982,0.588248038665472,7,train,True
5983,-0.570273064764094,3,test,True
5984,-0.299233466721626,4,test,True
5985,0.0010368123207396,5,test,True
5986,1.76804074259952,9,train,True
5987,0.801600537291875,7,train,True
5988,0.234616396975128,6,test,True
5989,0.428561977274981,6,train,True
599,-1.44671072620614,0,test,True
5990,-0.888357813629563,2,train,True
5991,1.5608026434634,9,train,True
5992,1.09065116025608,8,train,True
5993,1.6772261851164,9,train,True
5994,0.7923980159052,7,train,True
5995,-0.317673327111684,4,train,True
5996,0.201825187741038,6,train,True
5997,1.22062008090464,8,test,True
5998,0.635953802518683,7,train,True
5999,0.259514668121213,6,train,True
6,-1.76086451350226,0,train,True
60,-0.980687806411689,1,train,True
600,-1.44191553719376,0,train,True
6000,0.442667475226356,6,train,True
6001,1.47290576505642,9,train,True
6002,1.06370952690215,8,train,True
6003,1.50082663176595,9,test,True
6004,-0.72799295274887,2,train,True
6005,1.25553289875862,8,train,True
6006,1.23667144627515,8,test,True
6007,-0.115853975656005,4,train,True
6008,1.47921740857521,9,test,True
6009,-0.587599868888165,3,validation,True
601,-1.59671329162246,0,train,True
6010,0.65352543438811,7,train,True
6011,-0.0745627707454854,5,train,True
6012,-0.152329671560292,4,validation,True
6013,-1.33747502346659,0,test,True
6014,0.385627463821007,6,train,True
6015,-0.734698549047331,2,train,True
6016,-0.537362645642287,3,train,True
6017,-0.503778072547088,3,train,True
6018,1.54858651712812,9,train,True
6019,0.147909800681799,5,train,True
602,-1.19480986471926,1,validation,True
6020,-0.23284998630918,4,train,True
6021,0.957108004449619,8,validation,True
6022,-0.21871198347916,4,train,True
6023,0.409240456773265,6,validation,True
6024,0.231413635482315,6,test,True
6025,1.17945339901669,8,train,True
6026,0.313558680123925,6,train,True
6027,0.801483483635726,7,train,True
6028,0.172830555851703,5,train,True
6029,0.44685445054996,6,train,True
603,-1.35246576399035,0,test,True
6030,0.596346961034483,7,train,True
6031,-0.766596075764196,2,train,True
6032,1.03335240047476,8,train,True
6033,-0.219755017563077,4,train,True
6034,-0.107623028906013,4,train,True
6035,0.757711352485958,7,test,True
6036,1.64436919278311,9,train,True
6037,0.205541481528991,6,train,True
6038,0.0106482137282881,5,test,True
6039,1.57179975268278,9,train,True
604,-1.36751982606511,0,train,True
6040,0.450828583168776,6,train,True
6041,1.22086629655781,8,train,True
6042,0.810141566750792,7,test,True
6043,0.239385983733928,6,test,True
6044,1.54201038512263,9,train,True
6045,0.404934465054749,6,train,True
6046,0.256186061427186,6,train,True
6047,0.627250050686787,7,test,True
6048,2.1926289676197,9,train,True
6049,-0.454586364208359,3,train,True
605,-1.25642966140916,0,train,True
6050,0.583748426022414,7,train,True
6051,0.70772667321703,7,train,True
6052,0.939658739328957,8,train,True
6053,0.139693382692442,5,train,True
6054,0.473735860032657,6,train,True
6055,-0.131570413289724,4,train,True
6056,0.251952134678739,6,test,True
6057,1.41161499918257,9,train,True
6058,0.0586087062399661,5,train,True
6059,1.19704152908699,8,test,True
606,-1.64757674750991,0,train,True
6060,1.64859806387096,9,test,True
6061,1.66136740035754,9,train,True
6062,0.181819381350669,5,test,True
6063,-0.604023493493282,3,train,True
6064,-0.760902188755716,2,validation,True
6065,-0.143268229510242,4,validation,True
6066,1.38735358108266,9,train,True
6067,1.04586258903093,8,validation,True
6068,0.223157043401611,6,train,True
6069,0.496555850404015,6,train,True
607,-1.69443528404864,0,test,True
6070,0.242941005593069,6,train,True
6071,-0.0020787159518709,5,train,True
6072,0.586476791517825,7,train,True
6073,0.322038971703232,6,train,True
6074,0.115747589293596,5,train,True
6075,-0.0331006147983387,5,train,True
6076,1.59119258626814,9,train,True
6077,0.583116936702266,7,train,True
6078,0.721737928977094,7,train,True
6079,1.60224831674176,9,train,True
608,-0.855630816000563,2,test,True
6080,0.660902526954155,7,train,True
6081,0.662817472906887,7,train,True
6082,0.214440200952048,6,train,True
6083,0.596027484072149,7,train,True
6084,-0.362659834789806,3,test,True
6085,-0.0430872658248405,5,train,True
6086,0.568077381869955,7,train,True
6087,0.466944751479799,6,train,True
6088,2.01715147989892,9,train,True
6089,0.662331484778117,7,train,True
609,-1.30640174070107,0,train,True
6090,0.28668993332018,6,train,True
6091,0.309227479726438,6,train,True
6092,0.622598681634378,7,train,True
6093,-0.236967028752103,4,test,True
6094,1.18260586995058,8,train,True
6095,-0.886114297937472,2,train,True
6096,0.324604957046741,6,train,True
6097,0.347816886909556,6,test,True
6098,0.36207990508036,6,train,True
6099,0.892130002370204,8,train,True
61,-2.12690220480891,0,test,True
610,-1.33122667740796,0,train,True
6100,-0.60651642768002,3,train,True
6101,-0.266757828023379,4,train,True
6102,0.95601260842212,8,validation,True
6103,1.24630510846634,8,validation,True
6104,2.11764258258769,9,train,True
6105,0.440540577633652,6,train,True
6106,-0.391862720726716,3,test,True
6107,1.71461122710486,9,train,True
6108,-0.305153971160899,4,test,True
6109,0.470878742030698,6,test,True
611,-1.31641202098556,0,train,True
6110,1.40572287744363,9,train,True
6111,1.44638233914779,9,train,True
6112,-0.490009696920035,3,train,True
6113,2.23180881931169,9,train,True
6114,-0.305126533503217,4,train,True
6115,-0.0616205229259778,5,test,True
6116,2.0666189235291,9,train,True
6117,-0.844212032198301,2,train,True
6118,1.53001711321362,9,train,True
6119,-0.0865965668961125,5,train,True
612,-1.406895078663,0,train,True
6120,0.756261023156295,7,train,True
6121,-0.307144119695035,4,train,True
6122,-0.479417607274331,3,train,True
6123,0.173595451762472,5,train,True
6124,0.636510698429738,7,train,True
6125,0.705753834662378,7,train,True
6126,0.663508342672918,7,train,True
6127,0.369148839868584,6,train,True
6128,1.3399240640305,8,train,True
6129,1.84145076151256,9,train,True
613,-1.67144068073709,0,train,True
6130,-0.745260555654859,2,train,True
6131,0.0553663962722057,5,train,True
6132,-0.758163973613864,2,train,True
6133,1.58042321436867,9,train,True
6134,-0.703171375886112,2,train,True
6135,0.924764228760694,8,validation,True
6136,0.252858247798606,6,train,True
6137,0.235147142369691,6,train,True
6138,1.29380278834953,8,train,True
6139,1.25124384600288,8,test,True
614,-1.11731929551511,1,train,True
6140,1.5803457825174,9,test,True
6141,1.96357516392434,9,train,True
6142,0.376032220371069,6,test,True
6143,0.131968193183382,5,train,True
6144,1.49929782833379,9,train,True
6145,0.397250096668509,6,train,True
6146,-0.67246937221117,2,test,True
6147,-0.754694069237917,2,train,True
6148,0.179643217645418,5,test,True
6149,-0.0818092743240868,5,validation,True
615,-0.901414833233515,2,train,True
6150,0.411420411796815,6,test,True
6151,-0.278407580873078,4,train,True
6152,0.858465002143485,7,train,True
6153,0.661135570992867,7,test,True
6154,0.646286063423749,7,train,True
6155,-0.2724650517756,4,train,True
6156,-0.838109576859243,2,validation,True
6157,1.09891937990556,8,train,True
6158,1.03209878403395,8,train,True
6159,1.02813044143577,8,train,True
616,-1.37753296913646,0,train,True
6160,-0.448062148913503,3,test,True
6161,2.74192801995907,9,train,True
6162,1.53307214880768,9,train,True
6163,1.66601014031159,9,train,True
6164,2.31178180145848,9,train,True
6165,1.50812724882267,9,test,True
6166,0.877813146977692,8,validation,True
6167,1.955974235763,9,train,True
6168,1.19737491431411,8,train,True
6169,1.82124010977885,9,train,True
617,-0.863676800232683,2,train,True
6170,1.00162138063618,8,test,True
6171,-0.165057046257947,4,train,True
6172,2.29745775752774,9,train,True
6173,1.34330684129283,8,train,True
6174,0.202534550978426,6,train,True
6175,0.580059108113489,7,validation,True
6176,1.29764270297461,8,validation,True
6177,1.20053375516957,8,train,True
6178,1.23618265633579,8,train,True
6179,1.08993500964065,8,test,True
618,-1.08801832888416,1,validation,True
6180,0.112387885602759,5,test,True
6181,1.06730213841788,8,train,True
6182,0.762710227833215,7,train,True
6183,1.18115452208921,8,train,True
6184,0.473287404351347,6,train,True
6185,2.10956574529079,9,train,True
6186,0.118541312664322,5,validation,True
6187,2.18566361966881,9,train,True
6188,0.618883809099894,7,train,True
6189,1.1334313023819,8,test,True
619,-1.42075990904783,0,train,True
6190,1.72736364440704,9,train,True
6191,1.88775776581726,9,train,True
6192,1.07423668958456,8,train,True
6193,2.85322380123682,9,validation,True
6194,2.13146711472868,9,train,True
6195,1.77724280557042,9,train,True
6196,1.67341038438492,9,test,True
6197,0.787936924600362,7,validation,True
6198,2.31215560301642,9,train,True
6199,1.96086045527293,9,train,True
62,-0.476342166087105,3,train,True
620,-1.45152986438283,0,train,True
6200,2.10031404960483,9,train,True
6201,1.41770039304459,9,train,True
6202,-0.522143861668071,3,train,True
6203,1.66658534014719,9,train,True
6204,-0.0712604291672058,5,train,True
6205,0.547734214185716,7,test,True
6206,0.0577569684872314,5,train,True
6207,0.0596800482581868,5,train,True
6208,0.9926719410616,8,test,True
6209,0.0114722282740314,5,train,True
621,-1.5876508767045,0,train,True
6210,1.72103343926409,9,train,True
6211,0.738175840225914,7,train,True
6212,2.21174181758277,9,train,True
6213,-0.904457475497538,1,test,True
6214,1.45981726806219,9,test,True
6215,-0.455214399399151,3,test,True
6216,2.10592392168277,9,test,True
6217,2.29541608986332,9,train,True
6218,2.3766398658139,9,test,True
6219,0.701117083487668,7,test,True
622,-1.03724180909509,1,train,True
6220,0.531584119051056,7,train,True
6221,1.7928475554584,9,train,True
6222,1.09901640067387,8,train,True
6223,2.31924000450207,9,train,True
6224,1.40907517530262,9,test,True
6225,1.18938630308587,8,validation,True
6226,1.47461412493418,9,test,True
6227,1.00453333417676,8,validation,True
6228,1.85470206283809,9,train,True
6229,1.13970987174387,8,validation,True
623,-0.894699876898203,2,train,True
6230,2.13238752755545,9,train,True
6231,1.1558727637612,8,train,True
6232,0.900706110001342,8,train,True
6233,2.30903501116827,9,train,True
6234,1.29896910349803,8,train,True
6235,0.922523205266952,8,train,True
6236,-0.0950787327425509,4,train,True
6237,1.65887547301085,9,train,True
6238,0.430934577367249,6,train,True
6239,2.11806752631105,9,train,True
624,-1.34475023199285,0,test,True
6240,0.870163349141176,7,train,True
6241,2.04407592937106,9,train,True
6242,1.0567914247843,8,test,True
6243,-0.0410375427736731,5,validation,True
6244,-0.0786181091350502,5,train,True
6245,0.193395773569268,6,train,True
6246,0.145704151237014,5,train,True
6247,1.08244860998761,8,validation,True
6248,1.7177595391706,9,train,True
6249,0.598979284522945,7,validation,True
625,-1.33069274327158,0,train,True
6250,-0.0646279832676055,5,train,True
6251,1.29401272154376,8,train,True
6252,1.14827195619223,8,train,True
6253,1.06558806897418,8,train,True
6254,0.988888700307363,8,test,True
6255,-0.314358708815491,4,validation,True
6256,0.0146684914911535,5,train,True
6257,1.23728992264742,8,train,True
6258,0.52558882487514,7,test,True
6259,-0.0913107338424658,5,train,True
626,-1.29672086116664,0,train,True
6260,0.0046874510078791,5,test,True
6261,1.01587220617,8,train,True
6262,1.08065112573561,8,train,True
6263,-0.117229704789533,4,train,True
6264,1.6228315715898,9,train,True
6265,0.683250545424078,7,validation,True
6266,-0.0533824757365136,5,train,True
6267,-0.447368330196676,3,train,True
6268,0.767076044446845,7,test,True
6269,0.263520191114198,6,train,True
627,-0.173763342001692,4,train,True
6270,0.62002341725729,7,train,True
6271,0.0962662417103706,5,train,True
6272,1.06976284978153,8,train,True
6273,1.21031085167861,8,validation,True
6274,1.02383362989672,8,train,True
6275,-0.341863178268843,4,train,True
6276,-1.02238617653292,1,train,True
6277,1.68308953580673,9,validation,True
6278,-0.484794487979845,3,test,True
6279,0.0688043624851684,5,train,True
628,-1.07290278091075,1,train,True
6280,0.896663069247403,8,test,True
6281,0.170894313135674,5,train,True
6282,1.24668669061996,8,train,True
6283,1.24782374275281,8,train,True
6284,-0.594506536980388,3,test,True
6285,0.631948334842345,7,train,True
6286,0.101789449974369,5,test,True
6287,-0.227666738811154,4,test,True
6288,1.73148078370236,9,train,True
6289,-0.0573775300637619,5,train,True
629,-1.14651389751365,1,validation,True
6290,1.44056293827617,9,test,True
6291,-0.31333151960823,4,test,True
6292,2.22087191273221,9,test,True
6293,1.04017791096438,8,train,True
6294,1.26276467589212,8,train,True
6295,1.11788015516959,8,train,True
6296,1.22548564842628,8,train,True
6297,0.0192717781780782,5,train,True
6298,2.11968294545349,9,test,True
6299,0.60889290786278,7,test,True
63,-0.51014553132099,3,test,True
630,-1.08360903912426,1,test,True
6300,0.781020860519232,7,train,True
6301,0.0829580784430941,5,train,True
6302,0.352893840822698,6,train,True
6303,1.40461118795498,9,train,True
6304,0.0872151401480314,5,train,True
6305,0.529647846009124,7,train,True
6306,0.094225822201141,5,train,True
6307,-0.148966214573533,4,train,True
6308,-0.773280574705535,2,train,True
6309,-0.488872438533996,3,train,True
631,-1.39703258895625,0,train,True
6310,-0.345192393728051,4,train,True
6311,1.50722580017799,9,train,True
6312,0.797200593397604,7,test,True
6313,1.68407924248452,9,train,True
6314,0.655078256544209,7,validation,True
6315,1.07312612434703,8,train,True
6316,0.663027452222315,7,test,True
6317,0.79840022965405,7,train,True
6318,0.608051131169724,7,train,True
6319,0.155806737856176,5,train,True
632,-1.03169605334667,1,train,True
6320,0.734343335770194,7,validation,True
6321,1.14319427173364,8,validation,True
6322,1.108270994917,8,test,True
6323,0.885143082724556,8,train,True
6324,0.225077929098157,6,train,True
6325,0.03605007834271,5,train,True
6326,0.357779409239282,6,train,True
6327,-0.305027871801682,4,train,True
6328,0.167699555886228,5,train,True
6329,0.406351577819115,6,test,True
633,-1.16008128700932,1,train,True
6330,-0.48771639560851,3,train,True
6331,0.903654234818085,8,train,True
6332,0.384822804810588,6,train,True
6333,1.17191002217295,8,train,True
6334,1.30808102998658,8,test,True
6335,1.61303256523244,9,train,True
6336,2.21994563165599,9,test,True
6337,0.0993385143352668,5,train,True
6338,0.0099360296479554,5,validation,True
6339,1.28090376141561,8,train,True
634,-0.784289465537528,2,train,True
6340,2.10181466696911,9,test,True
6341,2.36451402698099,9,train,True
6342,1.12550199722446,8,train,True
6343,0.964586427609107,8,train,True
6344,-0.0335150155287854,5,test,True
6345,0.114475830899153,5,train,True
6346,0.818004762201987,7,test,True
6347,0.769364942454554,7,train,True
6348,0.330125130892379,6,test,True
6349,1.78505671185496,9,test,True
635,-1.44983519624819,0,test,True
6350,1.20166314040082,8,validation,True
6351,0.662102604487691,7,test,True
6352,0.607007153616111,7,train,True
6353,0.57912019233666,7,test,True
6354,0.251403978438273,6,train,True
6355,0.844159841932342,7,validation,True
6356,0.871867591444999,7,train,True
6357,2.00223913409133,9,test,True
6358,1.78670350641364,9,validation,True
6359,0.158740221435068,5,train,True
636,-1.4071114122376,0,train,True
6360,0.586024606259593,7,train,True
6361,0.949831596834124,8,train,True
6362,1.91559928693457,9,train,True
6363,0.772054469499559,7,train,True
6364,-0.179359423362245,4,train,True
6365,0.220170186850924,6,train,True
6366,1.67124002468041,9,test,True
6367,-0.462245095847023,3,validation,True
6368,0.247087746345913,6,train,True
6369,1.39299181981524,9,test,True
637,-1.31620387816334,0,train,True
6370,0.182113112715217,5,validation,True
6371,1.32996654045432,8,train,True
6372,-0.0826114158749594,5,train,True
6373,1.01102382058627,8,test,True
6374,-0.341222495536029,4,train,True
6375,0.0085784397414818,5,train,True
6376,-0.418387821125718,3,train,True
6377,-0.341666935822948,4,train,True
6378,1.1141086359047,8,train,True
6379,0.540831935236305,7,train,True
638,-1.37467165414365,0,train,True
6380,0.410518481368844,6,train,True
6381,1.35540854626941,8,validation,True
6382,0.258449416184765,6,train,True
6383,1.84080856474327,9,train,True
6384,1.40823167587621,9,train,True
6385,-0.337602836918746,4,train,True
6386,0.25456901671545,6,train,True
6387,1.23362823270489,8,train,True
6388,0.0954667109927391,5,test,True
6389,1.55467980639556,9,test,True
639,-1.28164198686116,0,train,True
6390,2.74014305699305,9,test,True
6391,0.55365848722964,7,train,True
6392,0.222530686975273,6,train,True
6393,0.486041282510373,6,test,True
6394,0.143078560584135,5,train,True
6395,1.60484971528329,9,validation,True
6396,-0.211418535013795,4,validation,True
6397,-0.0139657022734296,5,test,True
6398,0.811879277815723,7,test,True
6399,1.58043905567928,9,train,True
64,-1.10154203592863,1,train,True
640,-1.02039743381946,1,test,True
6400,1.36565829693932,8,test,True
6401,-0.117697623582041,4,test,True
6402,0.767968048590579,7,train,True
6403,-0.0545512549901769,5,train,True
6404,1.02377196746785,8,test,True
6405,0.393964604502608,6,train,True
6406,-0.198733057276708,4,train,True
6407,1.47754402041663,9,train,True
6408,-0.259642040517281,4,train,True
6409,-0.162204223930152,4,train,True
641,-1.40885313899003,0,train,True
6410,0.988222115827752,8,train,True
6411,-0.113410002291576,4,train,True
6412,-0.342975086260714,4,train,True
6413,-0.191208331913989,4,test,True
6414,-1.27454156228792,0,train,True
6415,-0.139327950958572,4,test,True
6416,-0.606652251697476,3,test,True
6417,0.402774444360571,6,train,True
6418,0.269895894374996,6,validation,True
6419,0.0412017541250112,5,train,True
642,-0.884960607961185,2,validation,True
6420,0.921173140200731,8,test,True
6421,-0.0709392141968863,5,train,True
6422,1.34554635250089,8,train,True
6423,-1.4642653973899,0,train,True
6424,-1.20113968554886,1,train,True
6425,-0.287619514772336,4,validation,True
6426,0.595648815839852,7,train,True
6427,1.10935772283314,8,train,True
6428,0.485459501963712,6,train,True
6429,0.603769758039001,7,validation,True
643,-0.970779691093039,1,train,True
6430,0.581959082988185,7,train,True
6431,2.51007385838224,9,train,True
6432,-0.243946309882698,4,train,True
6433,-0.213884566921689,4,train,True
6434,1.22116751055427,8,train,True
6435,0.752524972653515,7,test,True
6436,0.0267311899401297,5,test,True
6437,0.678214452913318,7,train,True
6438,0.0169745025358223,5,train,True
6439,0.477623522888537,6,train,True
644,-1.54560434170437,0,train,True
6440,0.778188637748118,7,train,True
6441,-0.240685549985901,4,train,True
6442,0.179892729142369,5,test,True
6443,-0.953174319768241,1,train,True
6444,0.150721850937181,5,train,True
6445,1.17601851666719,8,train,True
6446,-0.0060233749337422,5,train,True
6447,0.785451790353561,7,train,True
6448,-0.786666785678777,2,train,True
6449,-0.337020741150582,4,test,True
645,-0.875566052852594,2,test,True
6450,-0.327971362292403,4,train,True
6451,0.632130724402507,7,train,True
6452,-0.0389667113121234,5,train,True
6453,-0.467083231921936,3,test,True
6454,1.87316040877719,9,train,True
6455,1.80323484899302,9,train,True
6456,0.364923049607608,6,train,True
6457,-0.595521262500734,3,train,True
6458,1.21392899257421,8,train,True
6459,0.163088865317912,5,train,True
646,-1.14652701736126,1,train,True
6460,0.261178321781123,6,train,True
6461,0.0333219670447699,5,train,True
6462,2.0060209144425,9,train,True
6463,1.16753683617999,8,train,True
6464,-0.0911527813403499,5,test,True
6465,1.02286617571153,8,train,True
6466,1.9862511241744,9,train,True
6467,1.75733864830498,9,train,True
6468,1.66421787757096,9,train,True
6469,1.2397979586399,8,train,True
647,-0.90926998015712,1,test,True
6470,0.0986643629468289,5,validation,True
6471,0.802460392916498,7,test,True
6472,0.735714300188653,7,train,True
6473,0.405292312874972,6,train,True
6474,0.570726909687313,7,validation,True
6475,1.14385734594765,8,test,True
6476,-0.0625169163158645,5,train,True
6477,-0.187153390453911,4,train,True
6478,0.473435219314304,6,train,True
6479,2.15355382106912,9,train,True
648,-1.43456185592757,0,train,True
6480,0.770325984115985,7,train,True
6481,1.17269225747186,8,train,True
6482,0.0363696005941896,5,train,True
6483,0.87237082015422,7,train,True
6484,0.111858032854077,5,test,True
6485,0.482325768400661,6,train,True
6486,0.931638171423379,8,test,True
6487,1.61037138450875,9,train,True
6488,0.343019843273303,6,train,True
6489,1.00615423068207,8,test,True
649,-1.45678627719897,0,train,True
6490,1.08429228500922,8,train,True
6491,-0.314543619167962,4,validation,True
6492,0.345968085566205,6,validation,True
6493,0.630815494174775,7,train,True
6494,1.58586472260097,9,train,True
6495,1.02315677744545,8,train,True
6496,0.415258987555574,6,test,True
6497,1.03563829081627,8,validation,True
6498,-0.301854069066482,4,train,True
6499,0.747666651507227,7,test,True
65,-0.716486825199614,2,train,True
650,-1.53911613155473,0,train,True
6500,0.426346864648531,6,train,True
6501,2.27638876156961,9,train,True
6502,2.11136653063847,9,train,True
6503,-0.070002567026356,5,train,True
6504,0.156223265544254,5,train,True
6505,0.120962547361134,5,train,True
6506,1.76117476917109,9,train,True
6507,0.814830830100016,7,test,True
6508,0.160339134834239,5,train,True
6509,-0.0147937286966891,5,train,True
651,-1.89520248649609,0,validation,True
6510,0.75070832307839,7,test,True
6511,0.114712148595637,5,train,True
6512,0.530447233469397,7,test,True
6513,2.35320168993919,9,train,True
6514,1.88481369822584,9,train,True
6515,1.47848980033127,9,train,True
6516,0.0975595181667944,5,train,True
6517,0.791645079590295,7,train,True
6518,1.01908033396696,8,train,True
6519,0.792854394913153,7,test,True
652,-1.81072063454357,0,train,True
6520,-0.26292450835817,4,train,True
6521,0.464626568682918,6,train,True
6522,0.288768633140423,6,train,True
6523,-0.0768833610321873,5,train,True
6524,-0.123294132018842,4,train,True
6525,0.692479406671963,7,train,True
6526,1.35544434139669,8,train,True
6527,0.861658782374163,7,train,True
6528,0.949486176012254,8,train,True
6529,-0.276093668689229,4,train,True
653,-1.36517178553351,0,train,True
6530,1.54627351492893,9,train,True
6531,0.74620100353083,7,train,True
6532,1.03669750808118,8,train,True
6533,-0.91872000920492,1,train,True
6534,-0.172236201976916,4,train,True
6535,1.01539558399114,8,train,True
6536,0.7035632297109,7,test,True
6537,0.224605762055838,6,train,True
6538,1.3625528187853,8,train,True
6539,0.444348238788878,6,train,True
654,-1.34899661759396,0,train,True
6540,0.743009242063432,7,test,True
6541,1.02394911391374,8,test,True
6542,1.07497989815046,8,train,True
6543,2.13793892556459,9,test,True
6544,1.8120073159042,9,train,True
6545,0.258060754522291,6,train,True
6546,2.32345216993828,9,train,True
6547,0.509033669114991,7,validation,True
6548,0.987635489217831,8,train,True
6549,0.272927018962331,6,train,True
655,-1.72576104410391,0,train,True
6550,1.15574886177196,8,train,True
6551,-0.278297313387932,4,test,True
6552,1.20500328796327,8,validation,True
6553,-0.33404360521053,4,train,True
6554,0.566356923221177,7,test,True
6555,2.06848457092362,9,train,True
6556,0.095173581480492,5,train,True
6557,1.68054487155413,9,train,True
6558,0.105959217963093,5,train,True
6559,1.17634659703595,8,test,True
656,-1.60253010579542,0,test,True
6560,1.40970154559293,9,test,True
6561,0.125428397924293,5,train,True
6562,-0.670824388100899,2,train,True
6563,0.533843689095644,7,train,True
6564,-0.0851330075627519,5,test,True
6565,0.487465925966784,6,test,True
6566,1.2263066009652,8,train,True
6567,1.03899533358215,8,test,True
6568,-0.187359777001381,4,validation,True
6569,2.19789324786113,9,validation,True
657,-1.70438499770307,0,train,True
6570,1.21671679903876,8,train,True
6571,0.898493054183161,8,train,True
6572,0.849058386356201,7,validation,True
6573,-0.459332114096097,3,test,True
6574,-0.0645949396607013,5,train,True
6575,-0.0253727149389625,5,train,True
6576,0.149479838908638,5,train,True
6577,0.244780110610418,6,test,True
6578,0.634847097909476,7,test,True
6579,0.352331005346119,6,train,True
658,-0.902210904267213,1,train,True
6580,0.0080775475925781,5,train,True
6581,0.236457310312374,6,train,True
6582,1.53996872349358,9,train,True
6583,0.0481546239987764,5,validation,True
6584,-0.381159646100865,3,train,True
6585,-0.412561004629305,3,test,True
659,-1.80948609992431,0,train,True
66,-0.46737541508783,3,train,True
660,-0.743706175283714,2,train,True
661,-2.0464379083835,0,train,True
662,-1.72875706032554,0,test,True
663,-1.64291396502709,0,train,True
664,-1.92650185278541,0,train,True
665,-1.26206387130845,0,validation,True
666,-1.64569780547658,0,train,True
667,-1.80885213085973,0,train,True
668,-1.14196399494338,1,train,True
669,-1.67920198403331,0,train,True
67,-0.60457055609278,3,train,True
670,-1.85250535361306,0,train,True
671,-1.51423277483972,0,test,True
672,-1.40346423680456,0,train,True
673,-1.63230515054188,0,train,True
674,-1.5929654526557,0,validation,True
675,-1.343080519797,0,test,True
676,-1.71312549885417,0,validation,True
677,-1.8678435118105,0,train,True
678,-1.46374733716272,0,test,True
679,-1.6151422935575,0,test,True
68,0.120620891507833,5,train,True
680,-1.54204936613411,0,test,True
681,-0.978390111639583,1,train,True
682,-0.551523919444492,3,train,True
683,-1.32460395828567,0,train,True
684,-1.92099716770519,0,train,True
685,-0.949150951282085,1,test,True
686,-1.8175723623522,0,train,True
687,-0.823287906276185,2,train,True
688,-1.77632726900206,0,train,True
689,-1.34385006783849,0,train,True
69,-0.990155181642264,1,train,True
690,-1.59410713409911,0,train,True
691,-1.64564255233399,0,train,True
692,-0.828675098909274,2,train,True
693,-1.06869486829135,1,test,True
694,-1.27463812614388,0,train,True
695,-1.0456225980422,1,validation,True
696,-1.32930803285547,0,train,True
697,-1.3734605048914,0,train,True
698,-1.19905010499379,1,train,True
699,-1.42116023797564,0,train,True
7,-1.17857915460164,1,train,True
70,-0.494702841501765,3,train,True
700,-1.03004549845958,1,test,True
701,-1.30184390179788,0,train,True
702,-1.59672061980509,0,train,True
703,-1.60568677932914,0,train,True
704,-1.14372213741056,1,train,True
705,-1.5047074371412,0,train,True
706,-1.50444034856797,0,train,True
707,-1.92342320347386,0,train,True
708,-1.8098750446951,0,test,True
709,-1.5237518757972,0,train,True
71,-1.10979322198637,1,train,True
710,-1.12701783696625,1,validation,True
711,-1.75152718703939,0,train,True
712,-1.75556835348661,0,train,True
713,-1.57981673598745,0,train,True
714,-1.4963335252486,0,test,True
715,-0.942289852981169,1,train,True
716,-1.44539114335628,0,train,True
717,-1.73835568192462,0,test,True
718,-1.88950144486438,0,validation,True
719,-1.18646058001877,1,train,True
72,-0.505815298136716,3,train,True
720,-1.96340441278757,0,test,True
721,-1.33016504779209,0,test,True
722,-1.59833409024325,0,train,True
723,-0.582605830760246,3,train,True
724,-0.902026969847943,2,train,True
725,-1.57448081006132,0,train,True
726,-1.57769485964477,0,test,True
727,-1.29924332815549,0,train,True
728,-1.57684853393861,0,train,True
729,-1.71028625606256,0,train,True
73,-1.16301499726002,1,train,True
730,-0.788248154631413,2,train,True
731,-1.57379976837426,0,validation,True
732,-1.37412955827071,0,train,True
733,-1.57542286418588,0,train,True
734,-1.75822203552842,0,train,True
735,-1.05326877736729,1,train,True
736,-1.57838993710916,0,validation,True
737,-1.18202440768641,1,test,True
738,-1.15617106163672,1,train,True
739,-1.32249800075856,0,train,True
74,-1.38639050407704,0,train,True
740,-1.12358781729501,1,train,True
741,-1.72839380741527,0,test,True
742,-1.21287064795816,1,train,True
743,-1.96757263080992,0,train,True
744,-0.514679766966374,3,test,True
745,-1.26312813993345,0,test,True
746,-1.92990029553248,0,train,True
747,-1.57316766281444,0,train,True
748,-1.36644051861769,0,test,True
749,-1.34840406184951,0,test,True
75,-1.10197376222228,1,train,True
750,-1.65302150833265,0,train,True
751,-1.40593645484265,0,train,True
752,-0.81433024998258,2,validation,True
753,-1.15284460614396,1,validation,True
754,-1.2656800630186,0,train,True
755,-0.930691364455338,1,train,True
756,-1.83158876547743,0,test,True
757,-0.951928191352581,1,train,True
758,-1.8286814708661,0,train,True
759,-1.10688320304703,1,train,True
76,0.611873033719794,7,validation,True
760,-0.870202103669973,2,train,True
761,-1.8084946982777,0,test,True
762,-1.76351075484247,0,train,True
763,-1.09796313499696,1,train,True
764,-1.83216667588078,0,train,True
765,-1.82542397538295,0,train,True
766,-0.929320861225942,1,train,True
767,-1.58641127337336,0,train,True
768,-1.9776820479839,0,test,True
769,-0.375434860420747,3,train,True
77,-1.00078035781748,1,train,True
770,-1.54016676222463,0,train,True
771,-0.998486997160863,1,test,True
772,-1.42161239109656,0,train,True
773,-1.27602774788085,0,train,True
774,-1.76929209266939,0,test,True
775,-1.05780802483431,1,validation,True
776,-1.49026449397195,0,train,True
777,-1.19837341566712,1,train,True
778,-1.45866706016419,0,train,True
779,-1.30745588296097,0,train,True
78,-0.673600923424183,2,test,True
780,-1.60394821906935,0,test,True
781,-1.31728262800501,0,train,True
782,-1.35173401491958,0,test,True
783,-1.38209283982956,0,test,True
784,-1.41563889925059,0,validation,True
785,-1.38779966728454,0,test,True
786,-0.155582301270328,4,train,True
787,-1.73371035560479,0,train,True
788,-1.48060351534358,0,train,True
789,-1.29721538717411,0,train,True
79,-1.01411481962109,1,test,True
790,-0.644449565127864,2,test,True
791,0.191390559946359,6,train,True
792,0.889449574726986,8,train,True
793,-0.459143705987587,3,test,True
794,-0.676119358158096,2,train,True
795,0.240502048036059,6,validation,True
796,1.04183229573052,8,test,True
797,-0.782942648222235,2,train,True
798,-0.83321668001523,2,test,True
799,-0.195098651235288,4,train,True
8,-1.21733608390728,1,train,True
80,-0.312436893242014,4,train,True
800,-0.891408186297773,2,test,True
801,-0.245348107320411,4,train,True
802,-0.0906773474619243,5,train,True
803,0.485542670686836,6,train,True
804,-0.490224590659465,3,train,True
805,0.309949364325511,6,validation,True
806,1.04625864461528,8,train,True
807,-0.376797832681029,3,test,True
808,-0.122961903111852,4,train,True
809,0.705008030429699,7,test,True
81,-0.470361059741368,3,train,True
810,-0.76507943994225,2,train,True
811,-0.38358256664993,3,validation,True
812,0.063547306431854,5,test,True
813,-0.263127190820016,4,test,True
814,-0.172532149789643,4,train,True
815,-1.30294282725646,0,validation,True
816,0.43843499317441,6,train,True
817,-0.69968469201401,2,train,True
818,-0.794152163851302,2,test,True
819,-0.303487948512678,4,train,True
82,-0.87236737159185,2,train,True
820,0.466072735400415,6,test,True
821,0.472782463601291,6,train,True
822,-0.162442162048305,4,test,True
823,-1.50697564706865,0,train,True
824,-0.538158188717842,3,train,True
825,-0.975447146293864,1,train,True
826,-1.09818124838644,1,train,True
827,0.372426156778914,6,train,True
828,-1.53433014288804,0,validation,True
829,-0.933659058734079,1,train,True
83,-1.63149461539894,0,train,True
830,-0.926105700526164,1,test,True
831,-0.552280175649679,3,train,True
832,-0.390662418589675,3,test,True
833,-0.986295967240064,1,train,True
834,-0.472118104095085,3,train,True
835,0.147724193941569,5,train,True
836,0.252920511350722,6,train,True
837,-0.693304645801987,2,train,True
838,-1.00545741144362,1,train,True
839,-0.0399574179696675,5,train,True
84,-1.1264485033535,1,train,True
840,0.349310055688956,6,test,True
841,-1.45030679392498,0,train,True
842,-0.370983899873144,3,train,True
843,-0.29385028591421,4,validation,True
844,0.0135580901716602,5,train,True
845,-0.373011609840087,3,train,True
846,-0.31022596619912,4,validation,True
847,-0.909551458277592,1,validation,True
848,-0.198617290646084,4,train,True
849,-0.523369842738446,3,train,True
85,-0.750134340833104,2,validation,True
850,-0.305416880256606,4,train,True
851,-0.203885840498842,4,train,True
852,-0.417452232828949,3,train,True
853,0.475034569930188,6,train,True
854,-0.210845798631369,4,train,True
855,-0.727585079224457,2,train,True
856,-0.151876250819794,4,train,True
857,-1.2272147746743,0,train,True
858,-0.887092468011726,2,train,True
859,-0.326291750584493,4,validation,True
86,-1.1882285075496,1,train,True
860,-0.799976970158319,2,train,True
861,0.147845345174395,5,validation,True
862,-1.41104179083096,0,train,True
863,0.25288414097805,6,train,True
864,-1.2577811408478,0,train,True
865,-0.737900969106987,2,train,True
866,-0.880151654415384,2,train,True
867,-0.0733433082471223,5,train,True
868,-0.645676151628847,2,train,True
869,-0.454982514203979,3,test,True
87,-0.622365702936542,2,test,True
870,-0.66300709020292,2,test,True
871,-0.108207984444984,4,train,True
872,-0.282317249011782,4,validation,True
873,-1.17441531412644,1,train,True
874,-1.15278456621235,1,train,True
875,-0.407315612005567,3,validation,True
876,1.4885939855854,9,validation,True
877,-0.213000763653472,4,train,True
878,-0.828349477919422,2,validation,True
879,-0.0046003078662164,5,train,True
88,-0.519203392113473,3,train,True
880,-1.11622964938952,1,train,True
881,-1.01490905616561,1,train,True
882,-0.411701407795849,3,train,True
883,-0.442008819951318,3,train,True
884,-0.90333675460991,1,train,True
885,0.5163245273992,7,train,True
886,-0.735439679412231,2,train,True
887,-1.14001204696317,1,train,True
888,-0.480213051567642,3,train,True
889,-0.904106963202953,1,train,True
89,-0.759390595044602,2,test,True
890,-0.718979538562474,2,train,True
891,-0.677320063161517,2,test,True
892,-0.789385051016978,2,train,True
893,0.1000827883314,5,validation,True
894,-0.908587548573824,1,test,True
895,-0.248548528575704,4,validation,True
896,-0.319728181988291,4,test,True
897,-0.676329960341587,2,train,True
898,-0.4542294244862,3,train,True
899,-0.774998056422166,2,train,True
9,-1.38033476711824,0,validation,True
90,-1.34034614902023,0,train,True
900,-0.321395655541102,4,train,True
901,-1.2901772718837,0,train,True
902,-0.835943709275834,2,train,True
903,-1.26013579677663,0,train,True
904,-1.20905109736639,1,train,True
905,0.119633588417145,5,train,True
906,-0.12476857713588,4,train,True
907,-0.931533951172142,1,train,True
908,-0.984007444687523,1,train,True
909,-1.01218614616928,1,train,True
91,-0.912504520036136,1,train,True
910,0.033012410341405,5,train,True
911,-1.28562156258016,0,train,True
912,-1.22187721424485,0,test,True
913,0.224751581383091,6,train,True
914,0.424557817918712,6,train,True
915,-1.04078193717767,1,train,True
916,-0.789335104525891,2,train,True
917,-0.0680905782873906,5,train,True
918,-0.975963295070402,1,train,True
919,-0.224076347001087,4,test,True
92,-0.503135454987747,3,test,True
920,0.0751252811526305,5,train,True
921,-0.191002538245646,4,train,True
922,-0.587300800712962,3,validation,True
923,1.63038311361657,9,train,True
924,0.444673501690878,6,train,True
925,-0.26562372774576,4,train,True
926,-0.435056457552116,3,test,True
927,-0.0459070244027013,5,train,True
928,-0.394229762634948,3,train,True
929,-0.133265728013327,4,test,True
93,-1.03738815606515,1,train,True
930,-0.0873265661415378,5,train,True
931,-0.43703554775018,3,test,True
932,-0.526075475211636,3,train,True
933,0.302184614467368,6,train,True
934,0.0163312339914698,5,test,True
935,-0.386248884522039,3,train,True
936,-0.0811643872128812,5,train,True
937,-0.21223973595983,4,train,True
938,-0.414441543695965,3,train,True
939,-0.399707311526599,3,train,True
94,-0.783419713417364,2,train,True
940,0.14176582574655,5,test,True
941,-0.187334296809892,4,train,True
942,-0.17099474668314,4,train,True
943,-0.0677411978928045,5,test,True
944,-0.278647555573366,4,train,True
945,-0.209982165488908,4,validation,True
946,0.181330710743225,5,train,True
947,0.488053208703873,6,train,True
948,0.438228681055043,6,train,True
949,-0.252373086990348,4,train,True
95,-0.569899493719517,3,validation,True
950,-0.377631967155841,3,train,True
951,-1.74795136747065,0,train,True
952,-1.60376750947718,0,train,True
953,-1.12370504893603,1,train,True
954,-1.73344902527859,0,train,True
955,-0.71595442561566,2,train,True
956,-1.02712947184028,1,test,True
957,-1.16833656078145,1,train,True
958,-0.234318869808896,4,validation,True
959,-0.726479295126186,2,train,True
96,-0.618185519087367,3,train,True
960,-1.14159505706756,1,train,True
961,-1.07163267472279,1,train,True
962,-1.1320693062972,1,train,True
963,-1.04040151574224,1,test,True
964,-0.734055079168292,2,train,True
965,-0.328612010311975,4,test,True
966,-1.39703860055321,0,train,True
967,-0.345912635066598,4,train,True
968,0.398414701263411,6,train,True
969,-0.901854284135498,2,train,True
97,-1.25661919830793,0,test,True
970,-0.199990195427208,4,train,True
971,-1.13620042642662,1,validation,True
972,-1.49436866944713,0,train,True
973,-1.60170529225501,0,test,True
974,-1.37309411148777,0,train,True
975,-0.427552179536301,3,train,True
976,-1.27296691143822,0,test,True
977,0.32009124133737,6,test,True
978,-1.06716139847596,1,validation,True
979,1.19693551652564,8,test,True
98,-0.676667048982547,2,train,True
980,-1.19250537511609,1,train,True
981,-1.15851832242578,1,train,True
982,-1.14591327194321,1,test,True
983,-0.904255161045883,1,train,True
984,-1.1062554400528,1,train,True
985,-1.16902614416128,1,train,True
986,-0.900066123294116,2,test,True
987,-0.292377560357881,4,train,True
988,-1.284785539546,0,train,True
989,-0.713126650262237,2,validation,True
99,-0.975405346511914,1,test,True
990,0.258139721721591,6,test,True
991,-0.306497562325691,4,train,True
992,0.0648267465292949,5,train,True
993,-0.887177990760276,2,train,True
994,-0.635357344366577,2,validation,True
995,-1.08930984098068,1,train,True
996,-0.748972877388314,2,train,True
997,-1.27210184799512,0,train,True
998,-0.410186638651403,3,test,True
999,-0.816259244337998,2,test,True
