condition,step,rmse_mean,rmse_sd,rmse_min,rmse_max,distinct_items_mean,n_rep
FIWL,1,1.3872049090674283,0.012739389271383916,1.3727727361156263,1.3968860162176453,191.0,3
FIWL,2,0.9364118230345125,0.020751436173907893,0.9164950450723488,0.9579076974428516,191.0,3
FIWL,3,0.8054828180574246,0.009050108751420486,0.7950588865467224,0.8113356483130242,191.0,3
FIWL,4,0.7186272009252147,0.002504505920542622,0.7157741240219748,0.7204630241727684,191.0,3
FIWL,5,0.6375997951923394,0.002475451392048901,0.6349668835327168,0.639879937557734,191.0,3
FIWL,6,0.5777180905220018,0.011349825221243547,0.5709466404907199,0.5908212807888369,191.0,3
FIWL,7,0.5314513670475693,0.010175950311354175,0.52045147100664,0.540529258619253,191.0,3
FIWL,8,0.4893690909209892,0.008976698489127242,0.4833632643562056,0.4996883319174739,191.0,3
FIWL,9,0.45390872768164564,0.009295545269616037,0.446739581893786,0.4644113691907159,191.0,3
FIWL,10,0.42716530949537007,0.011186087306893546,0.4170063881922914,0.4391531554651901,191.0,3
FIWL,11,0.4064401971881298,0.011009747329750352,0.3954469818286356,0.4174664023495911,191.0,3
FIWL,12,0.38931129533650116,0.007079455542497648,0.3813415772704195,0.3948713960140461,191.0,3
FIWL,13,0.37324518430927006,0.006520668690432832,0.3669573211727089,0.3799760648669144,191.0,3
FIWL,14,0.3595270801248713,0.006594566901497827,0.3520187865858777,0.3643800711588393,191.0,3
FIWL,15,0.34817067497601784,0.007152877299257254,0.3399472704570276,0.3529497356444788,191.0,3
FIWL,16,0.33663021399270393,0.00700450656875628,0.3285422711403375,0.3407188797629567,191.0,3
FIWL,17,0.32571480201597375,0.0069166057835028435,0.317798326103872,0.3305876395643157,191.0,3
FIWL,18,0.31793042411083244,0.006884060597731584,0.3099910580004612,0.3222394294867644,191.0,3
FIWL,19,0.30788345108415516,0.006707010397088037,0.3001521690702565,0.3121420899063941,191.0,3
FIWL,20,0.30115188071180704,0.007340357150633114,0.292700384252441,0.3059344042973057,191.0,3
FIWL,21,0.2943370499103957,0.007225831053435547,0.2860006915305298,0.2988076875844592,191.0,3
FIWL,22,0.288080038812692,0.007033137765986523,0.2799649552617558,0.2924097773117617,191.0,3
FIWL,23,0.2818126925088737,0.00628259261968223,0.2747273225740343,0.2867041249284657,191.0,3
FIWL,24,0.2751679122536341,0.005286491661118468,0.2691148962664932,0.2788783370386626,191.0,3
FIWL,25,0.2713200552137997,0.005422438336355974,0.2651748995215043,0.2754321683646245,191.0,3
FIWL,26,0.2663868037415189,0.004111327440992275,0.2617919366100817,0.2697178766836085,191.0,3
FIWL,27,0.26191163733564204,0.003189478354786663,0.2587376469233362,0.2651163812313619,191.0,3
FIWL,28,0.25660455143979927,0.003085803386459475,0.2539204684311032,0.2599761141541145,191.0,3
FIWL,29,0.25364936026193513,0.002731434753618359,0.2513790648382666,0.256680570955378,191.0,3
FIWL,30,0.25035255889370445,0.0017847924228282502,0.2485810843422969,0.2521503775407078,191.0,3
FIWL,31,0.24725552952124716,0.0031356785403989142,0.2436746671267937,0.2495102325060188,191.0,3
FIWL,32,0.24347839109180092,0.0031998752254728566,0.2399175258698265,0.24611286153087,191.0,3
FIWL,33,0.2397719642106181,0.0027048933323165427,0.2370647651508075,0.2424745459039084,191.0,3
FIWL,34,0.23689459014364048,0.001749520267115055,0.235404387470201,0.2388209167590864,191.0,3
FIWL,35,0.23325660298799522,0.0018040550821407637,0.2321907426540552,0.235339556074408,191.0,3
FIWL,36,0.23050557770834912,0.0011773529312548393,0.2291650362806867,0.2313717347036678,191.0,3
FIWL,37,0.22866598193326668,0.000612802646708365,0.227977947762777,0.2291531207114574,191.0,3
FIWL,38,0.22620958028531726,0.0011686472220331751,0.2249582982232699,0.2272727784331437,191.0,3
FIWL,39,0.22304033678529941,0.001099515247651092,0.222033633953142,0.2242136477789736,191.0,3
FIWL,40,0.22039001717653026,0.0008280191497950272,0.2194531696507618,0.2210238291116743,191.0,3
MEPV,1,1.3030119717255229,0.012997867574713582,1.2910502643155664,1.3168434768919235,184.0,3
MEPV,2,0.9546584508726368,0.024774656946183714,0.931893023226406,0.9810440012563584,184.0,3
MEPV,3,0.766802912912555,0.013729704418399678,0.7532867170639667,0.7807366028510021,184.0,3
MEPV,4,0.6675737952978249,0.004873683159263323,0.6629900080116536,0.6726931362212746,184.0,3
MEPV,5,0.5966251483634767,0.004230448333402684,0.5919655619196058,0.6002249351801442,184.0,3
MEPV,6,0.5417176380888363,0.0030570083078000363,0.538217567541205,0.5438644471208076,184.0,3
MEPV,7,0.5009975375326697,0.004915056210640735,0.4955921261048275,0.5051982162188344,184.0,3
MEPV,8,0.46722773866780676,0.0036114500034619876,0.4639123533026515,0.4710760331028468,184.0,3
MEPV,9,0.43956413699475044,0.0012714998354821198,0.4383315690620429,0.4408712856729522,184.0,3
MEPV,10,0.41515951782390975,0.004507287181621985,0.4103771029931177,0.4193289319278769,184.0,3
MEPV,11,0.39633326665873386,0.0021047083486581937,0.3939772943587895,0.3980278214143457,184.0,3
MEPV,12,0.38197161369300875,0.0015568323415554417,0.380499183444773,0.3836009630807026,184.0,3
MEPV,13,0.3659855040750937,0.0031732999345652256,0.3630972359520783,0.3693823959075222,184.0,3
MEPV,14,0.3519994824866765,0.0020035048613688444,0.3500521363766993,0.3540547812049591,184.0,3
MEPV,15,0.3424576485186918,0.0004587640066992759,0.341928596349294,0.3427454611957652,184.0,3
MEPV,16,0.330964299379568,0.0015691528596132084,0.3291599956440503,0.3320100016542578,184.0,3
MEPV,17,0.3219058738638929,0.0016833138303364585,0.3202279992444822,0.3235945746833791,184.0,3
MEPV,18,0.31498305171351976,0.000740210257747076,0.3143379484668152,0.3157911881147352,184.0,3
MEPV,19,0.3064758464287842,0.0017117672923784909,0.304715547574817,0.3081345574922476,184.0,3
MEPV,20,0.2992738230344542,0.003362890446683205,0.2967548629347214,0.303092631544749,184.0,3
MEPV,21,0.29193824987352324,0.0028564934889995282,0.2897272295613353,0.2951634526811627,184.0,3
MEPV,22,0.2859174963743881,0.0021129522695299066,0.284448708613876,0.2883390666470937,184.0,3
MEPV,23,0.2794655256957061,0.0009962957438512934,0.2785559064911209,0.2805302942197332,184.0,3
MEPV,24,0.27261088108530523,0.0021933201738046993,0.2702738752139671,0.2746246390433297,184.0,3
MEPV,25,0.2683250336817632,0.0019576261802133495,0.266971446531386,0.2705696766219123,184.0,3
MEPV,26,0.26374651670060967,0.0019652693067309006,0.2620868088711519,0.2659166358460321,184.0,3
MEPV,27,0.25917018381855805,0.001127856466622237,0.258109805811592,0.2603551697913824,184.0,3
MEPV,28,0.25439890572684615,0.0006163898587369688,0.2537563586175294,0.254985295043362,184.0,3
MEPV,29,0.25119836410969215,0.0014166738076367906,0.2502085511118809,0.2528211745713832,184.0,3
MEPV,30,0.24769900179686144,0.001216088109374087,0.2466007739763498,0.2490059362864444,184.0,3
MEPV,31,0.24405234561395828,0.001368152756680053,0.2430522704282814,0.2456115003782448,184.0,3
MEPV,32,0.24091429301687875,0.0007191549978840525,0.2403919115519154,0.2417345205234448,184.0,3
MEPV,33,0.23658389518470635,0.0003702825102132563,0.2361652511321989,0.236868463508842,184.0,3
MEPV,34,0.23422366696997576,0.001360685230789023,0.2328096223784544,0.2355238357208209,184.0,3
MEPV,35,0.2309731542126957,0.001340814350869051,0.2294759184834419,0.23206308864853,184.0,3
MEPV,36,0.22872236196939263,0.0019689625111645958,0.2270653809906073,0.2308990452852494,184.0,3
MEPV,37,0.22708706224556804,0.0015775881856329819,0.2255709400713573,0.2287196601518518,184.0,3
MEPV,38,0.22426772838377085,0.0014483035346508047,0.2227158809479781,0.2255834764068811,184.0,3
MEPV,39,0.22145820770900063,0.0013538145225032133,0.2200590573899402,0.2227616020052311,184.0,3
MEPV,40,0.21844813319561426,0.001317821069025664,0.2172451042764921,0.2198566132274179,184.0,3
MFI,1,1.2601142849456723,0.015874014243124273,1.2425764086089954,1.2734985777472414,199.33333333333334,3
MFI,2,0.9459422731040931,0.023302597662697128,0.9278010794045586,0.972222863451724,199.33333333333334,3
MFI,3,0.7671564207063944,0.014448527787012375,0.7510331457137839,0.7789315414525022,199.33333333333334,3
MFI,4,0.6835290265579953,0.013782332388150855,0.6676812243001575,0.6927131097193314,199.33333333333334,3
MFI,5,0.6226476414683725,0.008745590107337824,0.612762795960218,0.6293796782270616,199.33333333333334,3
MFI,6,0.5703738441815717,0.0008064922620806429,0.5697313073903592,0.5712788844699149,199.33333333333334,3
MFI,7,0.5278293310356047,0.005760837993682875,0.52412559955908,0.534466490312597,199.33333333333334,3
MFI,8,0.4883728786263409,0.006017666172365061,0.4834888864741737,0.4950953269746971,199.33333333333334,3
MFI,9,0.45563353174669574,0.006514450587666765,0.4508396140928668,0.4630506331617627,199.33333333333334,3
MFI,10,0.4287960438542339,0.005932256922435122,0.4237196844314683,0.4353172630396809,199.33333333333334,3
MFI,11,0.4077869482658321,0.0055547709366042435,0.4026771089691441,0.413699342698841,199.33333333333334,3
MFI,12,0.3890277637902464,0.004600960781084731,0.3845885105403202,0.3937749609970815,199.33333333333334,3
MFI,13,0.3731196510508516,0.0019006163637750302,0.3710901000186207,0.3748576378209775,199.33333333333334,3
MFI,14,0.35848115221995114,0.0033504639097414785,0.3551846325889488,0.3618830731065525,199.33333333333334,3
MFI,15,0.3466092512574432,0.003688899216320718,0.3439497443931079,0.3508205398459271,199.33333333333334,3
MFI,16,0.3335444600428927,0.002694416103776381,0.331462589000798,0.3365877036979082,199.33333333333334,3
MFI,17,0.32418330262049166,0.0038030659110765866,0.3208514452884103,0.3283265999234099,199.33333333333334,3
MFI,18,0.3159674163079275,0.004481000917956832,0.3125269881372137,0.3210345632770377,199.33333333333334,3
MFI,19,0.3077975677577757,0.004693346056303313,0.3048458578412649,0.3132095443644049,199.33333333333334,3
MFI,20,0.3011103001189321,0.005861744375533433,0.2967130892388377,0.3077651875833896,199.33333333333334,3
MFI,21,0.29339867382521556,0.004811184701334036,0.2889474022569585,0.2985030479266578,199.33333333333334,3
MFI,22,0.28652300807237613,0.004805619443846725,0.2816542764482266,0.2912629253408453,199.33333333333334,3
MFI,23,0.27956314056139814,0.0037784275445308297,0.277129633177971,0.2839159819544322,199.33333333333334,3
MFI,24,0.2725844608176355,0.0034559722757109266,0.2696015090396202,0.2763716377734219,199.33333333333334,3
MFI,25,0.26861776374628993,0.003906379465300802,0.2660187333051534,0.2731100177756959,199.33333333333334,3
MFI,26,0.2641305763900242,0.0036434569333105376,0.2609603744343541,0.2681109107792594,199.33333333333334,3
MFI,27,0.2602667198262907,0.0036219944792464844,0.2565341798310123,0.263766988873938,199.33333333333334,3
MFI,28,0.25571159650643277,0.0037516864736441254,0.2518996645572124,0.2593999856932485,199.33333333333334,3
MFI,29,0.25283123824062687,0.003116588387495512,0.249579900398947,0.2557928431092268,199.33333333333334,3
MFI,30,0.24913080613076052,0.0030948648014940366,0.2455922414211948,0.2513326482926092,199.33333333333334,3
MFI,31,0.24492343153397012,0.002089433734350067,0.2435622587950821,0.2473291671466453,199.33333333333334,3
MFI,32,0.2417335681777839,0.002287139723761294,0.2395105919917313,0.2440798804579677,199.33333333333334,3
MFI,33,0.2381053690237878,0.0017049115326480393,0.2366875360154186,0.2399970938406082,199.33333333333334,3
MFI,34,0.23576117841275182,0.0018544838168086573,0.2342345534388039,0.2378249417325119,199.33333333333334,3
MFI,35,0.23246886421247193,0.0019138998736135642,0.2305197437570909,0.2343454830934824,199.33333333333334,3
MFI,36,0.23009054577063404,0.0014386588321343727,0.2284726590857108,0.2312259416231784,199.33333333333334,3
MFI,37,0.22816576835716515,0.0010383108493433164,0.2269902802261716,0.2289578654512277,199.33333333333334,3
MFI,38,0.22550580216389385,0.0016726851031933095,0.2235921608630155,0.2266892462533773,199.33333333333334,3
MFI,39,0.22281415847860342,0.0018773751104342517,0.2207000152580354,0.2242863639678623,199.33333333333334,3
MFI,40,0.22035744305020202,0.0016469452088658779,0.2184557147501825,0.2213090982026831,199.33333333333334,3
MPWI,1,1.3030119717255229,0.012997867574713582,1.2910502643155664,1.3168434768919235,183.66666666666666,3
MPWI,2,0.9546584508726368,0.024774656946183714,0.931893023226406,0.9810440012563584,183.66666666666666,3
MPWI,3,0.766802912912555,0.013729704418399678,0.7532867170639667,0.7807366028510021,183.66666666666666,3
MPWI,4,0.6675737952978249,0.004873683159263323,0.6629900080116536,0.6726931362212746,183.66666666666666,3
MPWI,5,0.5942764756527893,0.003779054142273301,0.5904416197276291,0.5979971396607003,183.66666666666666,3
MPWI,6,0.5425425574853465,0.001334636012760246,0.5410439606442915,0.5436031578775051,183.66666666666666,3
MPWI,7,0.5013945897090474,0.0047783508474286696,0.4964543264126563,0.5059926277797321,183.66666666666666,3
MPWI,8,0.46734519579615114,0.0038406186504034777,0.4650239012268416,0.4717783108437789,183.66666666666666,3
MPWI,9,0.43916204401711223,0.0001112739363080476,0.4390336658577194,0.4392308347318076,183.66666666666666,3
MPWI,10,0.4172309388798701,0.003271090539061126,0.4134680101502724,0.4193957914002285,183.66666666666666,3
MPWI,11,0.39900430402516357,0.0009606465863236925,0.3980449498594307,0.3999662378366856,183.66666666666666,3
MPWI,12,0.3844143728894429,0.0026826360698637593,0.38194614889629,0.3872694225847149,183.66666666666666,3
MPWI,13,0.3684312469617152,0.0018476215376965505,0.3666709006875243,0.3703552549002839,183.66666666666666,3
MPWI,14,0.35527265353482457,0.0004331430648649241,0.3547975578479389,0.3556455748648428,183.66666666666666,3
MPWI,15,0.34546482606839907,0.0007879207927365335,0.3446664462365921,0.3462418537917669,183.66666666666666,3
MPWI,16,0.33256987339076177,0.0015616899099237806,0.3314676874813734,0.3343569942741926,183.66666666666666,3
MPWI,17,0.32293911404720493,0.001756639324424525,0.3214095730734474,0.3248576436178236,183.66666666666666,3
MPWI,18,0.31597539128422986,0.0010309300706247621,0.3148547581047524,0.3168834905191783,183.66666666666666,3
MPWI,19,0.3075207121300812,0.0018452445791645707,0.3054613553059536,0.3090239036466369,183.66666666666666,3
MPWI,20,0.30047535996096547,0.001687095044594163,0.2994301664632093,0.3024216728345258,183.66666666666666,3
MPWI,21,0.292398462860117,0.002653025642769175,0.2902980242213792,0.2953799157761447,183.66666666666666,3
MPWI,22,0.2870308623372317,0.0024038690648752565,0.2856137154262554,0.2898064039723484,183.66666666666666,3
MPWI,23,0.28141560277899264,0.002101620990935285,0.2796033602096859,0.2837194520207372,183.66666666666666,3
MPWI,24,0.27353432823299584,0.0022694100783728897,0.2709442804560334,0.2751742600637015,183.66666666666666,3
MPWI,25,0.2692008606243849,0.0022540438687056025,0.2667804566871576,0.2712398854616142,183.66666666666666,3
MPWI,26,0.26452299354576336,0.002779495971402391,0.2614547234604374,0.2668725345411042,183.66666666666666,3
MPWI,27,0.2606755959218315,0.0026255545683104508,0.257650666540987,0.2623638117768407,183.66666666666666,3
MPWI,28,0.2553148053314491,0.0022949237146244255,0.2526772591525482,0.2568553609079659,183.66666666666666,3
MPWI,29,0.252106788750898,0.001749549144186124,0.250157867822148,0.2535419037691771,183.66666666666666,3
MPWI,30,0.2487352108814481,0.0019115237085532805,0.2465788089858352,0.2502212978878654,183.66666666666666,3
MPWI,31,0.24475371175995864,0.002065837295799331,0.2433382557936677,0.2471242828019446,183.66666666666666,3
MPWI,32,0.24201858645638843,0.002377456926941874,0.2406404984654982,0.2447638299938253,183.66666666666666,3
MPWI,33,0.23816321319356534,0.0018295567638559093,0.2362835322381734,0.2399381450325048,183.66666666666666,3
MPWI,34,0.23565507116182152,0.0018939752461134584,0.2334980326456099,0.2370458897356089,183.66666666666666,3
MPWI,35,0.23219095010552712,0.001830536421916989,0.2301243094570744,0.2336084720885043,183.66666666666666,3
MPWI,36,0.22972435809107053,0.0026624750499302714,0.2270231215242104,0.2323463001526525,183.66666666666666,3
MPWI,37,0.2280662160853678,0.002500661520846135,0.225300296416321,0.2301672109678697,183.66666666666666,3
MPWI,38,0.22544736895241946,0.0027663062931901875,0.2225882128142874,0.2281103853624981,183.66666666666666,3
MPWI,39,0.22278134597693944,0.003306166513808718,0.2192701049525932,0.2258347056265131,183.66666666666666,3
MPWI,40,0.21945294352943737,0.0037653306782891686,0.2153540044413432,0.2227580957089206,183.66666666666666,3
err_reduction_ref_g0.0,1,1.4646293150295173,0.05570963219654225,1.4188570712389743,1.5266592664929128,73.0,3
err_reduction_ref_g0.0,2,1.1614376103675204,0.06584795178161423,1.085605970774602,1.20416223264704,73.0,3
err_reduction_ref_g0.0,3,0.9925700633036351,0.057543596497565935,0.944847760362478,1.056471217888212,73.0,3
err_reduction_ref_g0.0,4,0.8895100896724477,0.06232485884448439,0.8276651533610386,0.952304032840508,73.0,3
err_reduction_ref_g0.0,5,0.7903047844645679,0.04739210538036573,0.7458850700232934,0.8401945690532532,73.0,3
err_reduction_ref_g0.0,6,0.7300533550631944,0.054786645842474654,0.6713820384326251,0.7798788649224838,73.0,3
err_reduction_ref_g0.0,7,0.6887081604707133,0.0569387490483992,0.6281688141826424,0.7411873317283117,73.0,3
err_reduction_ref_g0.0,8,0.6444769593820099,0.06076165566990971,0.581323485286124,0.7025245829274593,73.0,3
err_reduction_ref_g0.0,9,0.617246184041051,0.06032168829276918,0.5522975147006168,0.671514069171673,73.0,3
err_reduction_ref_g0.0,10,0.5905757624239006,0.05232824167522253,0.5329662690216935,0.6351635563363727,73.0,3
err_reduction_ref_g0.0,11,0.5669856393247059,0.044235602772605534,0.5193635873349707,0.6067933423454737,73.0,3
err_reduction_ref_g0.0,12,0.5528278439169182,0.0399940894699796,0.5091653585948188,0.587686662106662,73.0,3
err_reduction_ref_g0.0,13,0.5358059049848705,0.0369132622484013,0.4939796831120237,0.5638263573864126,73.0,3
err_reduction_ref_g0.0,14,0.52120440046166,0.03438229722503043,0.4818813826313541,0.5456006283767559,73.0,3
err_reduction_ref_g0.0,15,0.5102921456361029,0.0315563218512484,0.4739644211628283,0.5309103458129919,73.0,3
err_reduction_ref_g0.0,16,0.49549276880015086,0.031669304242752196,0.4589874077975368,0.5156065765866318,73.0,3
err_reduction_ref_g0.0,17,0.48232139991553674,0.03434741803729349,0.4428243021011643,0.505189175331012,73.0,3
err_reduction_ref_g0.0,18,0.47392884047228295,0.030394643578763803,0.439368466361541,0.496502397368715,73.0,3
err_reduction_ref_g0.0,19,0.46282923707648266,0.02402870426218044,0.4356919269530364,0.4814032320834296,73.0,3
err_reduction_ref_g0.0,20,0.4551513850994599,0.02417214231741117,0.4276048486504445,0.472821281540834,73.0,3
err_reduction_ref_g0.0,21,0.44524969330953496,0.024166215371812284,0.4177308575941724,0.4630142611082273,73.0,3
err_reduction_ref_g0.0,22,0.43664125409220284,0.020924658955791223,0.4130321873705375,0.4528955434929931,73.0,3
err_reduction_ref_g0.0,23,0.42902561689852187,0.01896291697094595,0.4079491111703394,0.4447046770692925,73.0,3
err_reduction_ref_g0.0,24,0.4208513850055769,0.01721923927040807,0.4019536914978391,0.435653743328245,73.0,3
err_reduction_ref_g0.0,25,0.41418165484276454,0.015609923761172755,0.3966416157819843,0.4265475041994053,73.0,3
err_reduction_ref_g0.0,26,0.4064473109245473,0.011239732515875967,0.3936321790502111,0.4146327641784396,73.0,3
err_reduction_ref_g0.0,27,0.40073040443940355,0.00934485722001489,0.3902771757832132,0.4082751784812619,73.0,3
err_reduction_ref_g0.0,28,0.3924062854126063,0.012351224878299653,0.3782998061815322,0.4012783677293642,73.0,3
err_reduction_ref_g0.0,29,0.3865942549523585,0.01402380270290264,0.3710443202784599,0.3982828767168287,73.0,3
err_reduction_ref_g0.0,30,0.382073786063237,0.01065772357091573,0.3704984772040501,0.3914803132903843,73.0,3
err_reduction_ref_g0.0,31,0.37529479077894895,0.01508137282992169,0.3587160925435569,0.3882001858290375,73.0,3
err_reduction_ref_g0.0,32,0.36752379483788467,0.01697958076876626,0.3495431766509306,0.3832838299445981,73.0,3
err_reduction_ref_g0.0,33,0.3630109757443177,0.01475778983121818,0.3472865202230425,0.3765607763283999,73.0,3
err_reduction_ref_g0.0,34,0.3585120796160492,0.011679328279012826,0.3461471656550535,0.3693569808162487,73.0,3
err_reduction_ref_g0.0,35,0.35365795685325313,0.013324344540902944,0.3389600139668631,0.3649459654409802,73.0,3
err_reduction_ref_g0.0,36,0.3496734690067122,0.014046658349927537,0.3342427380381182,0.3617164224023919,73.0,3
err_reduction_ref_g0.0,37,0.34719696184507837,0.012778070561326998,0.3324771238835194,0.3554365768297919,73.0,3
err_reduction_ref_g0.0,38,0.34370234149786677,0.014414450528015413,0.3273067112110568,0.3543828698039798,73.0,3
err_reduction_ref_g0.0,39,0.3388609115207133,0.013093265871356277,0.3240070838492844,0.3487284121319067,73.0,3
err_reduction_ref_g0.0,40,0.3341449243137912,0.014293089950374871,0.3177171433150454,0.3437330160074737,73.0,3
err_reduction_ref_g0.5,1,1.449426588129885,0.016435300628674033,1.4319903437963453,1.4646333268218257,83.0,3
err_reduction_ref_g0.5,2,1.3087822771461393,0.09119254545612993,1.2167005805127742,1.399058871252952,83.0,3
err_reduction_ref_g0.5,3,1.1540223445808067,0.1393491088529988,1.051350177455706,1.312652387486376,83.0,3
err_reduction_ref_g0.5,4,1.0381457027097774,0.12435596677126971,0.9516882313894116,1.180663086821247,83.0,3
err_reduction_ref_g0.5,5,0.9154841215395031,0.07194119612931318,0.8507036911197804,0.9929094072666058,83.0,3
err_reduction_ref_g0.5,6,0.8475756651292502,0.053335728611041515,0.7901725244401735,0.8955997489164861,83.0,3
err_reduction_ref_g0.5,7,0.78523501552352,0.04061058808013762,0.7448902012696892,0.8261062592441315,83.0,3
err_reduction_ref_g0.5,8,0.7485030562945308,0.054622244702853553,0.6952441659985606,0.8043935261974655,83.0,3
err_reduction_ref_g0.5,9,0.7080034151135691,0.056233842500913046,0.6507154163141898,0.7631202106932854,83.0,3
err_reduction_ref_g0.5,10,0.658551459359101,0.04193991083602175,0.6124767026077595,0.694503701793754,83.0,3
err_reduction_ref_g0.5,11,0.6203893784162263,0.03658316602230746,0.5783918131347743,0.645322804501833,83.0,3
err_reduction_ref_g0.5,12,0.5914950915262455,0.024464305899593308,0.5634429139340564,0.608403672716274,83.0,3
err_reduction_ref_g0.5,13,0.5681546376862462,0.02626909520559253,0.5400390685909839,0.5920715014889414,83.0,3
err_reduction_ref_g0.5,14,0.5441906424592736,0.02105122937785319,0.5210624383825924,0.5622330845982517,83.0,3
err_reduction_ref_g0.5,15,0.5225249112814608,0.019992066053654646,0.501942010301776,0.5418684800614637,83.0,3
err_reduction_ref_g0.5,16,0.5050202637229788,0.01967488935669523,0.4892759038073243,0.5270765058398967,83.0,3
err_reduction_ref_g0.5,17,0.49159102518844405,0.017999486601807717,0.479179085809271,0.5122344232696956,83.0,3
err_reduction_ref_g0.5,18,0.4813786958112844,0.020584984754436427,0.4651264887283108,0.5045261481949853,83.0,3
err_reduction_ref_g0.5,19,0.4715628194120955,0.018021343563592453,0.4558803014486459,0.4912494486531915,83.0,3
err_reduction_ref_g0.5,20,0.4614485480704678,0.014908812172334722,0.4464844327651223,0.476301434729175,83.0,3
err_reduction_ref_g0.5,21,0.4537055358424464,0.014434707236224325,0.437802480954369,0.4659791469177451,83.0,3
err_reduction_ref_g0.5,22,0.4412640768363916,0.009435431876228565,0.4304090231707136,0.4474998314387286,83.0,3
err_reduction_ref_g0.5,23,0.4343222062327423,0.005981769319944873,0.4288149349110848,0.4406861100469456,83.0,3
err_reduction_ref_g0.5,24,0.423628622394116,0.005592041329969401,0.4194920810229645,0.4299908068363536,83.0,3
err_reduction_ref_g0.5,25,0.4148536623318932,0.004348522118196668,0.4111885175426811,0.4196585536643034,83.0,3
err_reduction_ref_g0.5,26,0.4063687972291041,0.005362601739301472,0.4025689435243026,0.4125029101049264,83.0,3
err_reduction_ref_g0.5,27,0.4015766995367864,0.0033899421867621053,0.3991971705092063,0.4054581343934615,83.0,3
err_reduction_ref_g0.5,28,0.3947035551942717,0.006315172452092898,0.390020666397197,0.4018859000757096,83.0,3
err_reduction_ref_g0.5,29,0.38900280587715247,0.006659730543379754,0.382692649614789,0.3959642545721182,83.0,3
err_reduction_ref_g0.5,30,0.3829748352923461,0.004743616336484896,0.37847475098502,0.387929286229456,83.0,3
err_reduction_ref_g0.5,31,0.3781330420112842,0.0046136733042561676,0.3748958379233626,0.3834158443265544,83.0,3
err_reduction_ref_g0.5,32,0.37248301565636593,0.006306468710063435,0.3670390929452486,0.3793935718511929,83.0,3
err_reduction_ref_g0.5,33,0.36676040595428927,0.007346148475272505,0.3593261606006254,0.3740151683014231,83.0,3
err_reduction_ref_g0.5,34,0.36339018898204506,0.009318732511838802,0.3537953092845681,0.3724057431393828,83.0,3
err_reduction_ref_g0.5,35,0.35730726928526346,0.010130475977321675,0.3468768546690106,0.367108475037228,83.0,3
err_reduction_ref_g0.5,36,0.3523886474762335,0.009857599923106721,0.3422714324827526,0.3619643056507722,83.0,3
err_reduction_ref_g0.5,37,0.34925690289953143,0.011807758839315686,0.3375559619065057,0.3611686565700707,83.0,3
err_reduction_ref_g0.5,38,0.3440890759496582,0.011402636443026394,0.3337841468727626,0.3563391770941846,83.0,3
err_reduction_ref_g0.5,39,0.3382065720666396,0.012209703830752094,0.3265692578925045,0.350917729189546,83.0,3
err_reduction_ref_g0.5,40,0.3334939735375866,0.011676795965107241,0.3229319159707174,0.3460330853307663,83.0,3
err_reduction_ref_g0.9,1,1.5338750480139032,0.06724278375209138,1.457242940576053,1.5830184767127515,98.66666666666667,3
err_reduction_ref_g0.9,2,1.6744230080826057,0.24089205495683835,1.4064944754671769,1.873115229705128,98.66666666666667,3
err_reduction_ref_g0.9,3,1.6047725039057898,0.055597297443012596,1.5405909564280489,1.6381306392697164,98.66666666666667,3
err_reduction_ref_g0.9,4,1.4903056537288497,0.11939118521439955,1.3715983330329042,1.6103691494973829,98.66666666666667,3
err_reduction_ref_g0.9,5,1.2773472393980716,0.07401703438059146,1.1948209144427857,1.337860743314987,98.66666666666667,3
err_reduction_ref_g0.9,6,1.0854277970795645,0.0661611467619753,1.012009204020964,1.1404286213151926,98.66666666666667,3
err_reduction_ref_g0.9,7,1.0074111173719833,0.09341597368461785,0.934883972010268,1.112822387257489,98.66666666666667,3
err_reduction_ref_g0.9,8,0.9384762013530525,0.09769847775381811,0.8501945344996217,1.0434426299564548,98.66666666666667,3
err_reduction_ref_g0.9,9,0.8597732958151632,0.08491251880069244,0.7731181876499821,0.9428287370897316,98.66666666666667,3
err_reduction_ref_g0.9,10,0.8128208079280599,0.08627911695757355,0.729305006522999,0.9016203838742664,98.66666666666667,3
err_reduction_ref_g0.9,11,0.7725345707395773,0.08373005957852074,0.6835664983643853,0.8497941229475898,98.66666666666667,3
err_reduction_ref_g0.9,12,0.72715137501363,0.061821141619623286,0.6584106524095746,0.7781917196107228,98.66666666666667,3
err_reduction_ref_g0.9,13,0.6729982895130157,0.043292729049617285,0.6289994747071715,0.7155485754938563,98.66666666666667,3
err_reduction_ref_g0.9,14,0.6511431908387818,0.040352202140790064,0.6100007951985534,0.6906558162278088,98.66666666666667,3
err_reduction_ref_g0.9,15,0.6206649491678212,0.030297556642457084,0.5991193834471047,0.6553078679061675,98.66666666666667,3
err_reduction_ref_g0.9,16,0.6026019587726442,0.02837795146514948,0.5825043499480462,0.6350644357757629,98.66666666666667,3
err_reduction_ref_g0.9,17,0.5831357684870121,0.029310318031482478,0.5636514603061399,0.6168438576549962,98.66666666666667,3
err_reduction_ref_g0.9,18,0.559915017950498,0.027728771527514448,0.5375624129096367,0.5909446717331348,98.66666666666667,3
err_reduction_ref_g0.9,19,0.5343519623670591,0.031177998136388267,0.5037876391381795,0.5661093835230981,98.66666666666667,3
err_reduction_ref_g0.9,20,0.5139497753586578,0.021371877084119997,0.4914466682732314,0.5339742850009481,98.66666666666667,3
err_reduction_ref_g0.9,21,0.4995104068179819,0.014674024080873661,0.4846674615600697,0.5140094648246658,98.66666666666667,3
err_reduction_ref_g0.9,22,0.4856360505346852,0.017408290633890666,0.4706769805337553,0.504743923822475,98.66666666666667,3
err_reduction_ref_g0.9,23,0.474608837123003,0.017181180983000272,0.4631602908031492,0.4943648981355961,98.66666666666667,3
err_reduction_ref_g0.9,24,0.46326477861023285,0.020597465553346534,0.4511251504051529,0.4870469516043242,98.66666666666667,3
err_reduction_ref_g0.9,25,0.45278847029634545,0.02034961298304393,0.4407978367987371,0.4762845093103647,98.66666666666667,3
err_reduction_ref_g0.9,26,0.44497384954007213,0.017481491328272005,0.4327370985224369,0.464995425488348,98.66666666666667,3
err_reduction_ref_g0.9,27,0.43863029032296125,0.016846857988334185,0.4274177179780081,0.4580033949418325,98.66666666666667,3
err_reduction_ref_g0.9,28,0.42874479795445025,0.02048428233274803,0.4113939338930794,0.4513420279987043,98.66666666666667,3
err_reduction_ref_g0.9,29,0.42369006903362266,0.021829744730944182,0.404535387969536,0.4474575963163055,98.66666666666667,3
err_reduction_ref_g0.9,30,0.41733546088767753,0.027436809783174636,0.3920589777109604,0.4465146540732375,98.66666666666667,3
err_reduction_ref_g0.9,31,0.4081497066536146,0.02361413297144468,0.3840130436891961,0.4312040930100552,98.66666666666667,3
err_reduction_ref_g0.9,32,0.40449872774215545,0.02361864845479813,0.3792888758126313,0.4261140964873773,98.66666666666667,3
err_reduction_ref_g0.9,33,0.39750991758243087,0.023470290241490572,0.3728845224043894,0.4196229701784795,98.66666666666667,3
err_reduction_ref_g0.9,34,0.39015415072972953,0.02214408333984806,0.3659837447849496,0.4094645896367134,98.66666666666667,3
err_reduction_ref_g0.9,35,0.3849198801153831,0.021256556245092352,0.3611991807561914,0.4022426010597235,98.66666666666667,3
err_reduction_ref_g0.9,36,0.38009931907497946,0.02176910441173442,0.3565190976483696,0.3994309001351751,98.66666666666667,3
err_reduction_ref_g0.9,37,0.37321540850778784,0.018025095561492094,0.35344699415373,0.3887397766262822,98.66666666666667,3
err_reduction_ref_g0.9,38,0.36838641342066486,0.015319216815828006,0.3512893362884841,0.380865075267588,98.66666666666667,3
err_reduction_ref_g0.9,39,0.3611990821086813,0.014578434027814249,0.3458353890387656,0.3748389853858497,98.66666666666667,3
err_reduction_ref_g0.9,40,0.3561470833647704,0.013110642891259489,0.34238514998529,0.3684911855339025,98.66666666666667,3
err_reduction_ref_g1.0,1,1.5535727946463804,0.15327264659932144,1.3993216345632666,1.705847818500388,124.66666666666667,3
err_reduction_ref_g1.0,2,1.8593223103593035,0.41433256954749087,1.412975662222827,2.231668287621167,124.66666666666667,3
err_reduction_ref_g1.0,3,1.8929668061306766,0.48746745839551436,1.5004309323405474,2.438607343318677,124.66666666666667,3
err_reduction_ref_g1.0,4,1.7336123618523631,0.3710482828519843,1.4356936503698705,2.149236599456341,124.66666666666667,3
err_reduction_ref_g1.0,5,1.695465882974947,0.3451410779939385,1.448293029787341,2.0897948980252794,124.66666666666667,3
err_reduction_ref_g1.0,6,1.5783097681595144,0.30276443275022297,1.3682010937789015,1.9253497670140616,124.66666666666667,3
err_reduction_ref_g1.0,7,1.480284270379715,0.18052621016651907,1.3453254697815449,1.6853474784575997,124.66666666666667,3
err_reduction_ref_g1.0,8,1.363650441633044,0.10247177856450508,1.2679274655076551,1.4717472954159416,124.66666666666667,3
err_reduction_ref_g1.0,9,1.3128074367845428,0.07818822880289762,1.2398324867568895,1.395331762523418,124.66666666666667,3
err_reduction_ref_g1.0,10,1.2520550581741055,0.0646902346300857,1.1929594234075966,1.3211706139328734,124.66666666666667,3
err_reduction_ref_g1.0,11,1.207121737991991,0.05545500311641693,1.1457297686514347,1.2535824600850098,124.66666666666667,3
err_reduction_ref_g1.0,12,1.1663959489761717,0.05191017202806603,1.108779012372804,1.2095181317613863,124.66666666666667,3
err_reduction_ref_g1.0,13,1.1269759952390155,0.05451185587945635,1.064416396080646,1.1642778248978929,124.66666666666667,3
err_reduction_ref_g1.0,14,1.0825514221602677,0.07355610824418388,0.9987154228834332,1.1362653947967485,124.66666666666667,3
err_reduction_ref_g1.0,15,1.0297423562791062,0.06542694384251148,0.9579199143872694,1.0859473597973164,124.66666666666667,3
err_reduction_ref_g1.0,16,0.9919598562137084,0.06533388088199889,0.9232493220741268,1.053290350155451,124.66666666666667,3
err_reduction_ref_g1.0,17,0.9528380136546378,0.06967063618222684,0.9090596944853012,1.0331787910446928,124.66666666666667,3
err_reduction_ref_g1.0,18,0.8928900110664326,0.09357174445903743,0.8331444162855197,1.000727667780264,124.66666666666667,3
err_reduction_ref_g1.0,19,0.8622907983080322,0.10444244589880505,0.7969197032934486,0.982744161429993,124.66666666666667,3
err_reduction_ref_g1.0,20,0.8402308574690456,0.11228120066189759,0.7663091478940901,0.9694346180120028,124.66666666666667,3
err_reduction_ref_g1.0,21,0.8103738916868667,0.11461600717287594,0.7356631448078129,0.9423366502812176,124.66666666666667,3
err_reduction_ref_g1.0,22,0.7714834844239385,0.1231440623191587,0.6934745040217241,0.9134462638344146,124.66666666666667,3
err_reduction_ref_g1.0,23,0.7441757218001023,0.13762610337967837,0.6596303079934086,0.902981681831752,124.66666666666667,3
err_reduction_ref_g1.0,24,0.7194730776886601,0.12473640205293893,0.636334261559946,0.8629008331608232,124.66666666666667,3
err_reduction_ref_g1.0,25,0.6922728314031988,0.10893795429157466,0.6171504879266808,0.8172122213550392,124.66666666666667,3
err_reduction_ref_g1.0,26,0.6750682385547209,0.10383521982249287,0.5998224519524465,0.7935323748852621,124.66666666666667,3
err_reduction_ref_g1.0,27,0.6536269704780836,0.0846142054131197,0.5894218909501545,0.7495091667149615,124.66666666666667,3
err_reduction_ref_g1.0,28,0.6332951671539281,0.08371956169941769,0.5622642836418296,0.725599033802385,124.66666666666667,3
err_reduction_ref_g1.0,29,0.6200107585799142,0.0806332947461533,0.5490973492400859,0.7077187264256741,124.66666666666667,3
err_reduction_ref_g1.0,30,0.6021141294861245,0.07790943641530435,0.5375131078545475,0.6886355890732849,124.66666666666667,3
err_reduction_ref_g1.0,31,0.5800443170381849,0.06874896392936966,0.5220157968790479,0.6559727346554013,124.66666666666667,3
err_reduction_ref_g1.0,32,0.558520416845019,0.06337496699391879,0.5079223615797919,0.6296044206599247,124.66666666666667,3
err_reduction_ref_g1.0,33,0.5452921952637891,0.0629792441605668,0.4998535480457616,0.6171834844556735,124.66666666666667,3
err_reduction_ref_g1.0,34,0.5333145146207076,0.06376944318468798,0.4924846221510983,0.6067976414798304,124.66666666666667,3
err_reduction_ref_g1.0,35,0.5151018513675111,0.07159465284235715,0.4728868288981915,0.5977659481479415,124.66666666666667,3
err_reduction_ref_g1.0,36,0.49974244699468134,0.06575904991129734,0.4586420169206155,0.5755856871888858,124.66666666666667,3
err_reduction_ref_g1.0,37,0.48264315576102196,0.05362063869614313,0.451403545531104,0.5445580789630365,124.66666666666667,3
err_reduction_ref_g1.0,38,0.4732370796627073,0.04834312382783465,0.4414394307737483,0.5288692624510799,124.66666666666667,3
err_reduction_ref_g1.0,39,0.46547307202248916,0.04389863792515886,0.4351616202468392,0.515814055194062,124.66666666666667,3
err_reduction_ref_g1.0,40,0.45943165556671434,0.04684462652477749,0.4260148039942532,0.5129762667890614,124.66666666666667,3
fi_hat_post_g0.0,1,1.3351988055489554,0.018680743728019856,1.320194923983745,1.356122103927378,194.33333333333334,3
fi_hat_post_g0.0,2,0.9735676167383106,0.03119960208228091,0.9492681402647666,1.0087513896287517,194.33333333333334,3
fi_hat_post_g0.0,3,0.7720549697956254,0.023066558801033643,0.7518425849773887,0.7971831713876452,194.33333333333334,3
fi_hat_post_g0.0,4,0.6710813612257271,0.016487119586682832,0.6543062882127227,0.6872645892552349,194.33333333333334,3
fi_hat_post_g0.0,5,0.6088666395224158,0.012024393935219401,0.5981958034669072,0.6218953008790064,194.33333333333334,3
fi_hat_post_g0.0,6,0.5628560470564911,0.005662924379020235,0.5563888687291417,0.5669265447481422,194.33333333333334,3
fi_hat_post_g0.0,7,0.5210143821678237,0.0042446993148489345,0.5162660086307599,0.5244407969714615,194.33333333333334,3
fi_hat_post_g0.0,8,0.4789884240963773,0.001797510056705092,0.4773900624556346,0.4809343273997443,194.33333333333334,3
fi_hat_post_g0.0,9,0.44661814307653347,0.002384697845933359,0.4443176694359382,0.4490789712092142,194.33333333333334,3
fi_hat_post_g0.0,10,0.4217254466699063,0.004793099858800787,0.4172277921570794,0.4267675039864602,194.33333333333334,3
fi_hat_post_g0.0,11,0.4050307587600169,0.0064501612808801085,0.400620944949812,0.4124337169508282,194.33333333333334,3
fi_hat_post_g0.0,12,0.38764334118097926,0.001894351779794804,0.3862611885894749,0.3898026849339613,194.33333333333334,3
fi_hat_post_g0.0,13,0.371475947598712,0.0024438260347204414,0.3691720893445855,0.3740390689687554,194.33333333333334,3
fi_hat_post_g0.0,14,0.3565483084356553,0.0020556263483463067,0.3552635446695877,0.3589191683292711,194.33333333333334,3
fi_hat_post_g0.0,15,0.34502125150042556,0.0036169693294185053,0.3412514643774223,0.3484630637866471,194.33333333333334,3
fi_hat_post_g0.0,16,0.33268460014842177,0.0028374877426173765,0.3305861989219144,0.3359129911867985,194.33333333333334,3
fi_hat_post_g0.0,17,0.3228496844940151,0.00101794057637543,0.322059010843669,0.3239982340388217,194.33333333333334,3
fi_hat_post_g0.0,18,0.31637875572925933,0.0008876384929286146,0.3154515476110405,0.3172206664407824,194.33333333333334,3
fi_hat_post_g0.0,19,0.3073121689357729,0.0014333679540996292,0.3062511203191014,0.3089427730442297,194.33333333333334,3
fi_hat_post_g0.0,20,0.3003337621754747,0.0013637725720167097,0.2995305848656545,0.3019084046590421,194.33333333333334,3
fi_hat_post_g0.0,21,0.29359332482888983,0.0015407884378790709,0.2925380656805999,0.2953614583763314,194.33333333333334,3
fi_hat_post_g0.0,22,0.286545196692547,0.0013557676985832736,0.2856863490285251,0.2881081511020127,194.33333333333334,3
fi_hat_post_g0.0,23,0.28005503558417394,0.0005093816601200681,0.2795118300446046,0.2805219982321388,194.33333333333334,3
fi_hat_post_g0.0,24,0.2730894813363102,0.001842948783608638,0.2710884280634328,0.2747171439774039,194.33333333333334,3
fi_hat_post_g0.0,25,0.26875317493956874,0.0009034135869734446,0.2677151396102238,0.2693617364504956,194.33333333333334,3
fi_hat_post_g0.0,26,0.26403165713237337,0.0013271084004855033,0.2625022003541494,0.2648787759292873,194.33333333333334,3
fi_hat_post_g0.0,27,0.26004798535357526,0.0019510346494377086,0.2577971453123955,0.2612560221707196,194.33333333333334,3
fi_hat_post_g0.0,28,0.25487921422032805,0.0017573411680813329,0.2528603196233418,0.2560655695054364,194.33333333333334,3
fi_hat_post_g0.0,29,0.2518063149612488,0.0026472693382885784,0.2488730090182231,0.2540178317679024,194.33333333333334,3
fi_hat_post_g0.0,30,0.2478910235448778,0.0026400544871001187,0.2449720339615541,0.2501117755560084,194.33333333333334,3
fi_hat_post_g0.0,31,0.24454648430205136,0.002171746246974378,0.2422021860269845,0.2464897890395685,194.33333333333334,3
fi_hat_post_g0.0,32,0.24142535894350856,0.002514107573880452,0.2393591350360562,0.2442244765501836,194.33333333333334,3
fi_hat_post_g0.0,33,0.2376916236126426,0.0021130462378718736,0.2357385118154383,0.2399346628842507,194.33333333333334,3
fi_hat_post_g0.0,34,0.2344475772037499,0.0011900986617022495,0.233441680463406,0.2357613668872561,194.33333333333334,3
fi_hat_post_g0.0,35,0.23156368584246764,0.0013702466255140842,0.2300193209548123,0.2326338257246414,194.33333333333334,3
fi_hat_post_g0.0,36,0.22882230980874577,0.0016320104687238839,0.2270969023614337,0.2303412795040889,194.33333333333334,3
fi_hat_post_g0.0,37,0.22712771200563084,0.001581778046896564,0.2253558391438451,0.2283975386693955,194.33333333333334,3
fi_hat_post_g0.0,38,0.22443320408436532,0.0014283657374148085,0.2228288120203904,0.2255665696478789,194.33333333333334,3
fi_hat_post_g0.0,39,0.2216949932790927,0.001332306792980481,0.2201652168526217,0.2226008760113073,194.33333333333334,3
fi_hat_post_g0.0,40,0.2186088997677297,0.0010659158165051855,0.2174769935526451,0.2195935028102601,194.33333333333334,3
fi_hat_post_g0.5,1,1.3791282048190379,0.05447880338238749,1.334755397621379,1.4399310622170756,187.33333333333334,3
fi_hat_post_g0.5,2,0.9809018457091127,0.021563136721949726,0.9618944684232094,1.004334230336362,187.33333333333334,3
fi_hat_post_g0.5,3,0.7803573424485521,0.010060050465448576,0.7728207240019818,0.7917809865541585,187.33333333333334,3
fi_hat_post_g0.5,4,0.6778138713222384,0.002604075115705421,0.6759526576640861,0.680789745859285,187.33333333333334,3
fi_hat_post_g0.5,5,0.6182433173956389,0.0052406780631048975,0.6135211878003777,0.6238817020777601,187.33333333333334,3
fi_hat_post_g0.5,6,0.5680529513097455,0.010506193794005865,0.5596414356888737,0.5798293703698398,187.33333333333334,3
fi_hat_post_g0.5,7,0.5272180345057905,0.004540726588221915,0.5232222950724444,0.5321559293472862,187.33333333333334,3
fi_hat_post_g0.5,8,0.48758992453346833,0.004336112479742206,0.482625719370907,0.4906371569803332,187.33333333333334,3
fi_hat_post_g0.5,9,0.4546739428681656,0.005159056460249329,0.4501925151996919,0.4603136959930284,187.33333333333334,3
fi_hat_post_g0.5,10,0.42569483791502744,0.006258729920334177,0.4215033065957022,0.4328891326875836,187.33333333333334,3
fi_hat_post_g0.5,11,0.40745609639752517,0.009185352514820479,0.3988567276978217,0.4171324752985337,187.33333333333334,3
fi_hat_post_g0.5,12,0.38997224221595156,0.005543659997308565,0.3843008204471218,0.3953786334589082,187.33333333333334,3
fi_hat_post_g0.5,13,0.37358890856948723,0.005423753221726108,0.3690970242126949,0.3796143123767517,187.33333333333334,3
fi_hat_post_g0.5,14,0.3587472644814553,0.004188987559572762,0.3551820211593653,0.3633608571446434,187.33333333333334,3
fi_hat_post_g0.5,15,0.34726564061195647,0.005319968600088973,0.3425972910591323,0.3530576977237607,187.33333333333334,3
fi_hat_post_g0.5,16,0.3348766604718389,0.0028283105622346452,0.3324289252307303,0.3379729021945759,187.33333333333334,3
fi_hat_post_g0.5,17,0.325602935231899,0.0019444526777611729,0.3244471803132693,0.3278478667221619,187.33333333333334,3
fi_hat_post_g0.5,18,0.3179038503951272,0.0009759004050456947,0.3172615134924425,0.3190268505483593,187.33333333333334,3
fi_hat_post_g0.5,19,0.3075200486257848,0.0019737299802957907,0.3056746303787165,0.3096009605187678,187.33333333333334,3
fi_hat_post_g0.5,20,0.2999460139237946,0.003247757727225839,0.2977762867567393,0.3036798666107657,187.33333333333334,3
fi_hat_post_g0.5,21,0.2925803941594573,0.0033921272314652823,0.2900079656185283,0.2964246322190623,187.33333333333334,3
fi_hat_post_g0.5,22,0.28681400517654326,0.003468892594620014,0.2842064686860315,0.2907509807666538,187.33333333333334,3
fi_hat_post_g0.5,23,0.28061126755112037,0.002755809282965171,0.2787673771334432,0.2837792171900026,187.33333333333334,3
fi_hat_post_g0.5,24,0.27351680735143846,0.00285615905838513,0.271160178824649,0.2766932134687871,187.33333333333334,3
fi_hat_post_g0.5,25,0.2697326996346585,0.0029940287715157104,0.267374893949289,0.2731012993849524,187.33333333333334,3
fi_hat_post_g0.5,26,0.2650891658486321,0.002495137231027911,0.2628988275839458,0.2678052987425535,187.33333333333334,3
fi_hat_post_g0.5,27,0.26090321037995073,0.0016322941888895378,0.2592334582389491,0.2624952721342821,187.33333333333334,3
fi_hat_post_g0.5,28,0.25602525174988705,0.0007982625753173842,0.2552890260636026,0.2568736790143135,187.33333333333334,3
fi_hat_post_g0.5,29,0.2535576916981129,0.001248705725396178,0.2523243601531184,0.2548212237347856,187.33333333333334,3
fi_hat_post_g0.5,30,0.2506276768503927,0.0019347888411929183,0.248570110465998,0.2524102659130642,187.33333333333334,3
fi_hat_post_g0.5,31,0.24755837301757247,0.0005291322177088924,0.2472419807686427,0.2481692311157334,187.33333333333334,3
fi_hat_post_g0.5,32,0.24476978556265194,0.00039759544603726603,0.2443208427865353,0.2450774430465381,187.33333333333334,3
fi_hat_post_g0.5,33,0.24149849645488372,0.0006543310296739051,0.2407732292014864,0.2420445412447002,187.33333333333334,3
fi_hat_post_g0.5,34,0.23898614421640949,0.0006957542080389357,0.2383450401799753,0.2397259969964369,187.33333333333334,3
fi_hat_post_g0.5,35,0.23566146842401356,0.0010764048379274694,0.2344331080867072,0.2364399517770945,187.33333333333334,3
fi_hat_post_g0.5,36,0.23271984286759087,0.0020180533855849625,0.2306252257223079,0.2346514442243745,187.33333333333334,3
fi_hat_post_g0.5,37,0.23061794722161888,0.0020909459272489624,0.2283051072831855,0.2323744783764251,187.33333333333334,3
fi_hat_post_g0.5,38,0.22780964326312855,0.0009863471233975754,0.2268158566659301,0.2287883786491965,187.33333333333334,3
fi_hat_post_g0.5,39,0.22465703065730894,0.0005936304995471233,0.2239763571764112,0.225067437928614,187.33333333333334,3
fi_hat_post_g0.5,40,0.22233325953433813,0.0014215055068521967,0.2208669797685901,0.2237053013208167,187.33333333333334,3
fi_hat_post_g0.9,1,1.4986680007616526,0.02702057351712812,1.4714858721364117,1.5255240681178148,172.33333333333334,3
fi_hat_post_g0.9,2,1.1115448416857416,0.02946136089136159,1.0786768729089145,1.1355777902756223,172.33333333333334,3
fi_hat_post_g0.9,3,0.9326802578273289,0.026068707944603597,0.9050343839482944,0.956816136975519,172.33333333333334,3
fi_hat_post_g0.9,4,0.8048897634165296,0.02958860569463968,0.7732486016239173,0.8318733746927622,172.33333333333334,3
fi_hat_post_g0.9,5,0.7072925318146016,0.01528934864864808,0.6960673004068023,0.7247059871912082,172.33333333333334,3
fi_hat_post_g0.9,6,0.6355496333077048,0.007347170637094366,0.627081916411883,0.6402354257106837,172.33333333333334,3
fi_hat_post_g0.9,7,0.5820372549875341,0.005195027767002525,0.5763936840248673,0.5866199758998063,172.33333333333334,3
fi_hat_post_g0.9,8,0.5366550177151709,0.006623504844527693,0.5292661601967791,0.5420595356109794,172.33333333333334,3
fi_hat_post_g0.9,9,0.4983755235179181,0.007146915749713016,0.4907534120112909,0.5049262812383992,172.33333333333334,3
fi_hat_post_g0.9,10,0.4689227138591708,0.008198625162281545,0.4599668595222779,0.4760580757631966,172.33333333333334,3
fi_hat_post_g0.9,11,0.44296185755125245,0.008869587840134984,0.4327678865334572,0.4489142988568651,172.33333333333334,3
fi_hat_post_g0.9,12,0.4207015672767313,0.009837232950906261,0.4112985602962734,0.4309220151338198,172.33333333333334,3
fi_hat_post_g0.9,13,0.40081096140183653,0.007961926492821979,0.3917889075438656,0.4068530603784421,172.33333333333334,3
fi_hat_post_g0.9,14,0.38436412329083475,0.008084201283175378,0.3758393113821191,0.3919204625820498,172.33333333333334,3
fi_hat_post_g0.9,15,0.3710813910247668,0.008291411668162905,0.3616289118553669,0.3771250089207326,172.33333333333334,3
fi_hat_post_g0.9,16,0.35692861811697646,0.007470580849222933,0.348463524593448,0.3625986007740813,172.33333333333334,3
fi_hat_post_g0.9,17,0.3445227606700913,0.00862587338181473,0.3355739809025188,0.3527846559469712,172.33333333333334,3
fi_hat_post_g0.9,18,0.3352636236546241,0.007104856723836707,0.3279644642535705,0.3421567651465703,172.33333333333334,3
fi_hat_post_g0.9,19,0.32419177912617814,0.005917687684619693,0.3177773855594754,0.3294387538168717,172.33333333333334,3
fi_hat_post_g0.9,20,0.3150116497754776,0.007678903845579427,0.3062088314516084,0.3203341216048616,172.33333333333334,3
fi_hat_post_g0.9,21,0.3067672023624372,0.007629653728084414,0.2982011818849096,0.3128332117303107,172.33333333333334,3
fi_hat_post_g0.9,22,0.29931597017961326,0.006411775970692306,0.2922799305938441,0.3048293549288314,172.33333333333334,3
fi_hat_post_g0.9,23,0.292602611334136,0.006815529941274808,0.2854062737539636,0.2989595828454334,172.33333333333334,3
fi_hat_post_g0.9,24,0.2837199383771962,0.00564350185242141,0.2773914099205244,0.2882300884989515,172.33333333333334,3
fi_hat_post_g0.9,25,0.2787633873007761,0.006842501325285116,0.2715697126224758,0.2851900846812736,172.33333333333334,3
fi_hat_post_g0.9,26,0.2720242079436676,0.007013556602800169,0.2651353167164869,0.2791561133151043,172.33333333333334,3
fi_hat_post_g0.9,27,0.2675978080188745,0.0065212404688152,0.2616083279409971,0.2745449110914483,172.33333333333334,3
fi_hat_post_g0.9,28,0.26231786753797154,0.006396155177802462,0.2564966353461966,0.2691649468796688,172.33333333333334,3
fi_hat_post_g0.9,29,0.25933003608372723,0.005006617185106723,0.2547624601215587,0.2646828879303202,172.33333333333334,3
fi_hat_post_g0.9,30,0.25586484754443106,0.004176854012019138,0.2522574670121062,0.2604409399655799,172.33333333333334,3
fi_hat_post_g0.9,31,0.2518779317778583,0.004462263594548759,0.2471358218551103,0.2559942922992035,172.33333333333334,3
fi_hat_post_g0.9,32,0.24759198110337874,0.0043357954752288146,0.242782572669795,0.2512013907996323,172.33333333333334,3
fi_hat_post_g0.9,33,0.24393326389188572,0.003439308079858988,0.2402121750682598,0.2469954586451866,172.33333333333334,3
fi_hat_post_g0.9,34,0.24149919508653847,0.0016337001041458062,0.2399971814555369,0.2432386058273148,172.33333333333334,3
fi_hat_post_g0.9,35,0.23810868270614738,0.0018851970289204935,0.2366084887539691,0.2402248072870954,172.33333333333334,3
fi_hat_post_g0.9,36,0.23551620704191342,0.0013360711829777786,0.234366214501784,0.2369818345904647,172.33333333333334,3
fi_hat_post_g0.9,37,0.2343283403424038,0.0010921044672317138,0.2336303293726735,0.2355868938919415,172.33333333333334,3
fi_hat_post_g0.9,38,0.2313319583128057,0.0018640764383543937,0.230064107126365,0.2334722689812338,172.33333333333334,3
fi_hat_post_g0.9,39,0.22891512529958735,0.0016581031465960129,0.2277808838978664,0.2308180709802705,172.33333333333334,3
fi_hat_post_g0.9,40,0.2265988489991889,0.0011522232425721416,0.2256985977102579,0.2278973726123619,172.33333333333334,3
fi_hat_post_g1.0,1,1.3179145080604109,0.02928356260905658,1.2841562837992004,1.3364710468290248,168.0,3
fi_hat_post_g1.0,2,1.050526544056101,0.07726475879712169,0.9744305275375544,1.1289092787243165,168.0,3
fi_hat_post_g1.0,3,0.868402647442036,0.03855890649989185,0.8250587727202349,0.8988933524913956,168.0,3
fi_hat_post_g1.0,4,0.738237611284131,0.015458632647280108,0.7204894924366712,0.7487616802096168,168.0,3
fi_hat_post_g1.0,5,0.6631550735479402,0.016667528348554082,0.6439927598199445,0.6742889057457582,168.0,3
fi_hat_post_g1.0,6,0.6009118643701769,0.011721224500871001,0.5875171872426704,0.609289700564756,168.0,3
fi_hat_post_g1.0,7,0.5553529927790016,0.015616460841575634,0.5373892522788445,0.5656956972029336,168.0,3
fi_hat_post_g1.0,8,0.5105111347591478,0.010335661535112018,0.4991672300932963,0.5193944372080603,168.0,3
fi_hat_post_g1.0,9,0.476541537123893,0.009935172628177969,0.4661335991573064,0.4859244743547877,168.0,3
fi_hat_post_g1.0,10,0.45118243034490874,0.009145943988926937,0.4434254688351626,0.4612673958174643,168.0,3
fi_hat_post_g1.0,11,0.4281345456360924,0.006625928381576982,0.4225987689073102,0.4354761971037271,168.0,3
fi_hat_post_g1.0,12,0.40978528270562115,0.005062620953869699,0.4057792709958774,0.4154752973153792,168.0,3
fi_hat_post_g1.0,13,0.39311394229441193,0.006942431420937003,0.3889429222792679,0.401128136646707,168.0,3
fi_hat_post_g1.0,14,0.37750051436121573,0.006390797086926783,0.372452109381466,0.3846859927254195,168.0,3
fi_hat_post_g1.0,15,0.3686658501163897,0.00730275071082574,0.3626098046015229,0.3767755460712909,168.0,3
fi_hat_post_g1.0,16,0.3533012837124699,0.004949161156806161,0.3503619290779031,0.3590152915900686,168.0,3
fi_hat_post_g1.0,17,0.3431732591119703,0.0025655199442921476,0.341676739037384,0.346135613396203,168.0,3
fi_hat_post_g1.0,18,0.3342575149798656,0.0001886822753434329,0.3341042205410539,0.334468239088782,168.0,3
fi_hat_post_g1.0,19,0.32470188907658626,0.0007656565670134231,0.3240450829621588,0.3255428194741915,168.0,3
fi_hat_post_g1.0,20,0.3173330927450028,0.0018228613152711658,0.3155981758858637,0.3192327192779442,168.0,3
fi_hat_post_g1.0,21,0.3103504856839256,0.004243711026103304,0.3068581906154589,0.3150735426287966,168.0,3
fi_hat_post_g1.0,22,0.3031779720774279,0.003002305575935918,0.3006250079051546,0.3064856162010723,168.0,3
fi_hat_post_g1.0,23,0.29515564812880624,0.002019793938969142,0.2936998249176603,0.2974615336376213,168.0,3
fi_hat_post_g1.0,24,0.28809283819048853,0.00425012821331839,0.2843164127089004,0.2926953736398333,168.0,3
fi_hat_post_g1.0,25,0.2838750850193961,0.00367232698120916,0.2808006643359113,0.2879415123452341,168.0,3
fi_hat_post_g1.0,26,0.27766005837035257,0.003201305977448476,0.2739643011708037,0.2795742242444299,168.0,3
fi_hat_post_g1.0,27,0.2739005841440883,0.0033877317948543236,0.2707326171397742,0.2774719567648001,168.0,3
fi_hat_post_g1.0,28,0.26789656912903026,0.0028685576203121665,0.2661230079665044,0.2712060513888198,168.0,3
fi_hat_post_g1.0,29,0.2644091390039565,0.0035780651865216346,0.2618899075126173,0.2685047122596713,168.0,3
fi_hat_post_g1.0,30,0.26161029602286695,0.004330534818201652,0.2581973090508085,0.2664817810978386,168.0,3
fi_hat_post_g1.0,31,0.25807305772177697,0.002960821566073374,0.2549767458242432,0.2608766434061397,168.0,3
fi_hat_post_g1.0,32,0.25385647084913004,0.003201344105838774,0.2505312894502943,0.2569176253056274,168.0,3
fi_hat_post_g1.0,33,0.2502648013471012,0.005295379233351191,0.2458145151512122,0.2561213705844594,168.0,3
fi_hat_post_g1.0,34,0.24740758880745983,0.006052092532873202,0.242839978846243,0.2542718444709273,168.0,3
fi_hat_post_g1.0,35,0.24337518542070677,0.006146058654349164,0.2387766778369016,0.2503557139304576,168.0,3
fi_hat_post_g1.0,36,0.24060862793861212,0.007229432717028717,0.2359737359473746,0.2489388128760291,168.0,3
fi_hat_post_g1.0,37,0.23894348397081874,0.006560707586231678,0.2346281157454128,0.2464933922852223,168.0,3
fi_hat_post_g1.0,38,0.23626376743493502,0.0067221288843286155,0.2315313571401374,0.2439582214821878,168.0,3
fi_hat_post_g1.0,39,0.23340000683343234,0.0067392465891694875,0.228484118887619,0.2410822190678076,168.0,3
fi_hat_post_g1.0,40,0.23079283139498652,0.00646116309012106,0.2262046830368255,0.2381818343723694,168.0,3
fi_hat_prev_g0.0,1,1.2603703970773144,0.01669477877200727,1.242022945766001,1.2746670038589103,199.33333333333334,3
fi_hat_prev_g0.0,2,0.9457805284809409,0.0226709239603378,0.9258553370651031,0.97044723427744,199.33333333333334,3
fi_hat_prev_g0.0,3,0.7675235826409507,0.015237280068456099,0.7503363118664573,0.7793765118746858,199.33333333333334,3
fi_hat_prev_g0.0,4,0.6851764289542525,0.013028985711957052,0.6701421067293298,0.6931745631535663,199.33333333333334,3
fi_hat_prev_g0.0,5,0.6263306801848333,0.009284489612419048,0.6167928318082908,0.6353391602015708,199.33333333333334,3
fi_hat_prev_g0.0,6,0.5718866559703369,0.003471295906644002,0.5686434229373345,0.5755481192682692,199.33333333333334,3
fi_hat_prev_g0.0,7,0.5261132112776674,0.005205848128002748,0.5229193208581959,0.5321203892163117,199.33333333333334,3
fi_hat_prev_g0.0,8,0.48669224782013204,0.005486755020290387,0.482520966490643,0.492907632993363,199.33333333333334,3
fi_hat_prev_g0.0,9,0.4532046966043212,0.004813609899551079,0.4491011243118662,0.4585032289826252,199.33333333333334,3
fi_hat_prev_g0.0,10,0.42671320366940835,0.004888062897585534,0.4222842084339554,0.4319577441571292,199.33333333333334,3
fi_hat_prev_g0.0,11,0.4055395321890402,0.005197671955996661,0.4005159667250685,0.4108953677130901,199.33333333333334,3
fi_hat_prev_g0.0,12,0.38718255250557876,0.0027704972681553077,0.3844374901301113,0.3899778027551623,199.33333333333334,3
fi_hat_prev_g0.0,13,0.37150704249385563,0.00037403130872632183,0.3712309958512648,0.3719327255242576,199.33333333333334,3
fi_hat_prev_g0.0,14,0.35824449231511557,0.0012787233588476654,0.357095968859183,0.3596223732513156,199.33333333333334,3
fi_hat_prev_g0.0,15,0.34651427633657716,0.0015999047988039354,0.3453061453960493,0.3483287178178973,199.33333333333334,3
fi_hat_prev_g0.0,16,0.33391810604346484,0.0009363973097954263,0.3331126513658462,0.3349455509132582,199.33333333333334,3
fi_hat_prev_g0.0,17,0.32449632629127795,0.0019240575409835785,0.3228538303155074,0.3266132025623521,199.33333333333334,3
fi_hat_prev_g0.0,18,0.3159265379633762,0.002173745030635207,0.3137008926405966,0.3180443703914365,199.33333333333334,3
fi_hat_prev_g0.0,19,0.3068534286443099,0.0021842870469547192,0.3049733380979801,0.3092495146300564,199.33333333333334,3
fi_hat_prev_g0.0,20,0.2998200984753985,0.0030120803791146918,0.2979273543553926,0.3032934782485644,199.33333333333334,3
fi_hat_prev_g0.0,21,0.2921259321242626,0.0024565736094521707,0.2896019424551697,0.2945090250862676,199.33333333333334,3
fi_hat_prev_g0.0,22,0.2859246092445982,0.002655695868122077,0.2829599603010975,0.288085802647226,199.33333333333334,3
fi_hat_prev_g0.0,23,0.27892376967705435,0.0022219083718516093,0.2776112223183586,0.2814891770306875,199.33333333333334,3
fi_hat_prev_g0.0,24,0.2716875637672763,0.0013271552057606262,0.2702006244327583,0.2727521245458649,199.33333333333334,3
fi_hat_prev_g0.0,25,0.2671507509240147,0.0016584368345910299,0.2660348414150193,0.269056471314715,199.33333333333334,3
fi_hat_prev_g0.0,26,0.26262148102517285,0.0022053954563027414,0.2605611392111974,0.2649478050195191,199.33333333333334,3
fi_hat_prev_g0.0,27,0.2587419233311349,0.0022987979357419206,0.2562708167531134,0.260816938447399,199.33333333333334,3
fi_hat_prev_g0.0,28,0.2532307891740129,0.002975751079095414,0.2500299983255311,0.2559134497889274,199.33333333333334,3
fi_hat_prev_g0.0,29,0.2496993069738209,0.0034262193844449918,0.2460872145427407,0.2529030550432435,199.33333333333334,3
fi_hat_prev_g0.0,30,0.24586937487879737,0.0034983694342239475,0.2421778519462298,0.2491357286606517,199.33333333333334,3
fi_hat_prev_g0.0,31,0.24239575255582688,0.003339520990600508,0.2401510517758266,0.2462335014898461,199.33333333333334,3
fi_hat_prev_g0.0,32,0.23961608445487523,0.003203292703340619,0.2365381578163283,0.242931521767504,199.33333333333334,3
fi_hat_prev_g0.0,33,0.2362234731592515,0.0029835076872037113,0.2333739007196365,0.2393249438464361,199.33333333333334,3
fi_hat_prev_g0.0,34,0.23355551356933724,0.002735689238494268,0.2319086393868346,0.2367134419713173,199.33333333333334,3
fi_hat_prev_g0.0,35,0.23033748658091258,0.0024302137990895273,0.2286951456758907,0.2331291839611903,199.33333333333334,3
fi_hat_prev_g0.0,36,0.22784251846144069,0.0019171107023776785,0.2260682952994171,0.2298761083779108,199.33333333333334,3
fi_hat_prev_g0.0,37,0.22592024726362916,0.0022868675424821613,0.2236349982395501,0.2282087298952968,199.33333333333334,3
fi_hat_prev_g0.0,38,0.2228860040359102,0.0025125210018500494,0.2201047085097089,0.2249915351333298,199.33333333333334,3
fi_hat_prev_g0.0,39,0.21988002963410277,0.0027281315094912573,0.2170120309402089,0.222442585205589,199.33333333333334,3
fi_hat_prev_g0.0,40,0.21747661837570142,0.0025462815513433634,0.2146457696127158,0.2195799898478478,199.33333333333334,3
fi_hat_prev_g0.5,1,1.2565027448523463,0.013229903332148863,1.241341201350456,1.2657040230544414,184.0,3
fi_hat_prev_g0.5,2,0.9406568962914769,0.016455958419872123,0.9256611245176812,0.9582613982885144,184.0,3
fi_hat_prev_g0.5,3,0.7757595186107732,0.011991068702210925,0.764380561597201,0.7882809244871674,184.0,3
fi_hat_prev_g0.5,4,0.6945635224916984,0.015212970434829727,0.6809838566842484,0.7110036909786808,184.0,3
fi_hat_prev_g0.5,5,0.630718115390788,0.012756956327935899,0.616136943462801,0.6398203314654075,184.0,3
fi_hat_prev_g0.5,6,0.5727431108706572,0.0028216306316154694,0.5698006123024403,0.5754259195025905,184.0,3
fi_hat_prev_g0.5,7,0.5286002712825643,0.008899795907487493,0.5195817457666448,0.537376384791835,184.0,3
fi_hat_prev_g0.5,8,0.4887500966030791,0.006470643392507075,0.481473218740812,0.4938563612548725,184.0,3
fi_hat_prev_g0.5,9,0.4545869453220157,0.004266408615308424,0.4502544075978651,0.4587839973149021,184.0,3
fi_hat_prev_g0.5,10,0.4281387565886585,0.001948542260177719,0.4265740878581512,0.4303213322768733,184.0,3
fi_hat_prev_g0.5,11,0.4078521616977446,0.0027414260413110136,0.4058187395294099,0.410969899305774,184.0,3
fi_hat_prev_g0.5,12,0.3906702553082722,0.002717340643682644,0.3876133610165076,0.3928114733253147,184.0,3
fi_hat_prev_g0.5,13,0.3757722618670076,0.001583229019218189,0.374526711497142,0.3775539448715664,184.0,3
fi_hat_prev_g0.5,14,0.359608697311759,0.003787186036601552,0.3554380310481773,0.362832861100055,184.0,3
fi_hat_prev_g0.5,15,0.34876220777872247,0.00395832662868972,0.3456668831277525,0.3532223559287596,184.0,3
fi_hat_prev_g0.5,16,0.33605276564048875,0.00289571505887428,0.3329555229400067,0.3386924788488812,184.0,3
fi_hat_prev_g0.5,17,0.32618030295955486,0.0047629147433818,0.3207270794130717,0.3295250745558074,184.0,3
fi_hat_prev_g0.5,18,0.31843316522350273,0.004378656185652999,0.3136865643273523,0.3223147643627049,184.0,3
fi_hat_prev_g0.5,19,0.30919674574161726,0.004287734084179948,0.304340510789223,0.3124599680866761,184.0,3
fi_hat_prev_g0.5,20,0.3026581773248563,0.004222070582249074,0.2988922651926669,0.3072224221409674,184.0,3
fi_hat_prev_g0.5,21,0.2951816659375454,0.0032288253527050247,0.2921021691222827,0.2985415345834745,184.0,3
fi_hat_prev_g0.5,22,0.28837575816159555,0.004168280994859603,0.2847692404729169,0.2929393320374202,184.0,3
fi_hat_prev_g0.5,23,0.2818117448895492,0.00408986968580979,0.2776594607661438,0.2858362032668928,184.0,3
fi_hat_prev_g0.5,24,0.27470127821765195,0.0040599105086671266,0.2703059652713344,0.278310951481198,184.0,3
fi_hat_prev_g0.5,25,0.27052433815342697,0.003728876124065132,0.2665841897601887,0.2739980546373171,184.0,3
fi_hat_prev_g0.5,26,0.26482435101362073,0.0035016216435843285,0.2607820927213998,0.2669258857506222,184.0,3
fi_hat_prev_g0.5,27,0.26131952015531784,0.004630616675340971,0.2559777714287634,0.2641950923464085,184.0,3
fi_hat_prev_g0.5,28,0.255951302051638,0.005227623003882287,0.250042988090957,0.2599763987488793,184.0,3
fi_hat_prev_g0.5,29,0.2532470176864929,0.004722907688729236,0.2478078269228707,0.256309045417759,184.0,3
fi_hat_prev_g0.5,30,0.24910636768964167,0.004122531921933631,0.2443755033735005,0.2519294695583753,184.0,3
fi_hat_prev_g0.5,31,0.24579771454138488,0.0030852295398267142,0.2425054589219389,0.2486225836355249,184.0,3
fi_hat_prev_g0.5,32,0.24234009473218907,0.0025558825503323927,0.2401090991521424,0.2451287720261667,184.0,3
fi_hat_prev_g0.5,33,0.2389646559749392,0.0034300083650890168,0.2351397109207758,0.2417672430362545,184.0,3
fi_hat_prev_g0.5,34,0.23666342966539725,0.0037530553660106497,0.2323682478662167,0.2393100040961111,184.0,3
fi_hat_prev_g0.5,35,0.23301002924219064,0.003544871396989195,0.2290266957915627,0.2358177254933329,184.0,3
fi_hat_prev_g0.5,36,0.2302117665791704,0.0037044896543911854,0.2259918172899104,0.2329277648178518,184.0,3
fi_hat_prev_g0.5,37,0.2281168265903716,0.0030984914237969833,0.2245508102110841,0.2301514187428061,184.0,3
fi_hat_prev_g0.5,38,0.22533460115845316,0.0029758177322527658,0.2218992618402658,0.2271180279637507,184.0,3
fi_hat_prev_g0.5,39,0.22247108969169851,0.002723343109016581,0.2193325511091491,0.2242100037996186,184.0,3
fi_hat_prev_g0.5,40,0.22009174646851803,0.003045168243606607,0.2165852215368443,0.2220714196442013,184.0,3
fi_hat_prev_g0.9,1,1.3636060899532574,0.09792089349264751,1.260486511976454,1.455331359902465,175.0,3
fi_hat_prev_g0.9,2,0.9739954770558875,0.032264156259849214,0.9501469664568444,1.010707071579607,175.0,3
fi_hat_prev_g0.9,3,0.8401543510599813,0.03721740841445843,0.8024404905766868,0.8768546003503243,175.0,3
fi_hat_prev_g0.9,4,0.744732250449175,0.02179716959722765,0.7195633163020437,0.7574175533959775,175.0,3
fi_hat_prev_g0.9,5,0.6717603391475974,0.014087185601851855,0.656142901324496,0.6835086678192888,175.0,3
fi_hat_prev_g0.9,6,0.6090474022334078,0.010358466063170268,0.5971139578551802,0.615715906536615,175.0,3
fi_hat_prev_g0.9,7,0.5609973011420318,0.01064648357617538,0.5527947244946257,0.5730286534500507,175.0,3
fi_hat_prev_g0.9,8,0.5204795491866389,0.0049568777036687545,0.5169557453413105,0.5261475670079759,175.0,3
fi_hat_prev_g0.9,9,0.4827787050831975,0.0010331440566608893,0.4818920205584566,0.4839132271752812,175.0,3
fi_hat_prev_g0.9,10,0.45157019508095403,0.0020493205871571574,0.4493307117847868,0.4533519418601258,175.0,3
fi_hat_prev_g0.9,11,0.4282532380014501,0.005326394364978477,0.4223814616143988,0.4327741052095449,175.0,3
fi_hat_prev_g0.9,12,0.40776668301982594,0.00329244735854157,0.4040535729082644,0.4103302172714335,175.0,3
fi_hat_prev_g0.9,13,0.3912984692099615,0.006526841461865098,0.384036286684008,0.3966746072310865,175.0,3
fi_hat_prev_g0.9,14,0.37473166814770914,0.00657623378837335,0.3671691277917547,0.3791069403145413,175.0,3
fi_hat_prev_g0.9,15,0.36361482353490815,0.006469457617944477,0.356161543291797,0.3677777457711747,175.0,3
fi_hat_prev_g0.9,16,0.34927177353682054,0.003938510353280711,0.3449156551236165,0.3525812204225616,175.0,3
fi_hat_prev_g0.9,17,0.33707931364951477,0.004859427711493709,0.3324693557221581,0.3421547174207333,175.0,3
fi_hat_prev_g0.9,18,0.32838489429209644,0.004828912711205432,0.3235603520553009,0.3332181656431405,175.0,3
fi_hat_prev_g0.9,19,0.318024784784319,0.0031835383715324754,0.3144562302997227,0.3205732483460906,175.0,3
fi_hat_prev_g0.9,20,0.3103622475033187,0.005015784373058265,0.3045739454604719,0.3134289165603129,175.0,3
fi_hat_prev_g0.9,21,0.30330449284604394,0.003523885105476112,0.2993471872197749,0.3061032464894553,175.0,3
fi_hat_prev_g0.9,22,0.29614677138714873,0.003370900074750824,0.2926213876757415,0.2993383507749777,175.0,3
fi_hat_prev_g0.9,23,0.289371071138609,0.0033504675293640515,0.2855055566447944,0.291441599713828,175.0,3
fi_hat_prev_g0.9,24,0.2827824461347605,0.0023024809770229057,0.2801882187205413,0.2845834514393764,175.0,3
fi_hat_prev_g0.9,25,0.2777864253590485,0.0035023955844544975,0.2745229866766523,0.2814867797102681,175.0,3
fi_hat_prev_g0.9,26,0.2712215401229966,0.003958856675543148,0.2679524542944939,0.2756232755787789,175.0,3
fi_hat_prev_g0.9,27,0.26723642031230416,0.0036735932930938,0.2650243816731293,0.2714769972525395,175.0,3
fi_hat_prev_g0.9,28,0.2616514460647047,0.003959635209049539,0.259205810673954,0.2662198371997725,175.0,3
fi_hat_prev_g0.9,29,0.25801091425607264,0.0038532016803037076,0.2549755975288527,0.2623458944797457,175.0,3
fi_hat_prev_g0.9,30,0.25416533359630417,0.0035596099084366185,0.2510323109964915,0.2580359607227343,175.0,3
fi_hat_prev_g0.9,31,0.2509824284915419,0.004147668968519513,0.2473963113564683,0.2555246652622093,175.0,3
fi_hat_prev_g0.9,32,0.24684742092599946,0.0039302007487137,0.2433261296147799,0.2510873524770511,175.0,3
fi_hat_prev_g0.9,33,0.2427856918195682,0.0030686704624413082,0.2401932133590247,0.2461738273141832,175.0,3
fi_hat_prev_g0.9,34,0.24024018071930955,0.0034621379808378486,0.2372166832591439,0.2440169342462171,175.0,3
fi_hat_prev_g0.9,35,0.23709772411608718,0.0031714849351197278,0.2345871270830957,0.2406619170860264,175.0,3
fi_hat_prev_g0.9,36,0.23360615923542005,0.002235991617507067,0.2319154532324725,0.2361414215309862,175.0,3
fi_hat_prev_g0.9,37,0.2315082213679073,0.0019052947363278653,0.229777497485723,0.2335498461048943,175.0,3
fi_hat_prev_g0.9,38,0.2286906484021334,0.002445836606529874,0.2271973439621924,0.2315132698157773,175.0,3
fi_hat_prev_g0.9,39,0.2254228261915271,0.0026818025917470234,0.2236771608346531,0.2285107332451169,175.0,3
fi_hat_prev_g0.9,40,0.22226943944263752,0.0027453432861617288,0.2201959639394814,0.2253828173320902,175.0,3
fi_hat_prev_g1.0,1,1.3340845548950682,0.08287645984291067,1.284667081304698,1.4297647125161912,178.33333333333334,3
fi_hat_prev_g1.0,2,0.9722364510811662,0.037763686782732474,0.9286318842227358,0.9943168554208468,178.33333333333334,3
fi_hat_prev_g1.0,3,0.8244668301739905,0.035390843557293605,0.785036444188876,0.853479619818129,178.33333333333334,3
fi_hat_prev_g1.0,4,0.7259718693408336,0.030030370285289914,0.6917496212334998,0.7479256621145028,178.33333333333334,3
fi_hat_prev_g1.0,5,0.6570020308678396,0.02217345910024581,0.6389959404598894,0.6817688896851449,178.33333333333334,3
fi_hat_prev_g1.0,6,0.5992062737336984,0.017516287234053275,0.5820474057430315,0.6170593399961108,178.33333333333334,3
fi_hat_prev_g1.0,7,0.5535374211352098,0.017533721425307236,0.535007828540761,0.5698677701873919,178.33333333333334,3
fi_hat_prev_g1.0,8,0.5152368256173542,0.015574745882751926,0.4991987911953944,0.530302742729874,178.33333333333334,3
fi_hat_prev_g1.0,9,0.48021137405340314,0.012339338216669,0.4726472496197791,0.4944503614296412,178.33333333333334,3
fi_hat_prev_g1.0,10,0.4536045907807209,0.009526521354223202,0.4460505214298034,0.4643066984733844,178.33333333333334,3
fi_hat_prev_g1.0,11,0.43051044897470847,0.009467912039996012,0.4217925666747918,0.4405825551451,178.33333333333334,3
fi_hat_prev_g1.0,12,0.4137034725071804,0.004533517635155297,0.4104595616797793,0.4188835965588416,178.33333333333334,3
fi_hat_prev_g1.0,13,0.3965964137541043,0.0008169966631556872,0.3956684496485469,0.3972075199439419,178.33333333333334,3
fi_hat_prev_g1.0,14,0.38066603102773006,0.0029765120166295477,0.377463669026819,0.3833480829716755,178.33333333333334,3
fi_hat_prev_g1.0,15,0.3682877717376057,0.0020103131729889267,0.3660938050326012,0.3700414449914249,178.33333333333334,3
fi_hat_prev_g1.0,16,0.35420405488185386,0.0018017539522717303,0.3521411952997911,0.3554695254023444,178.33333333333334,3
fi_hat_prev_g1.0,17,0.3429916681293408,0.003753225771300665,0.3389813268080154,0.3464197145945655,178.33333333333334,3
fi_hat_prev_g1.0,18,0.3340481040684278,0.003277978328158919,0.3302887171389926,0.336309110207959,178.33333333333334,3
fi_hat_prev_g1.0,19,0.32445264070658664,0.0027888876657653034,0.3212669559674531,0.326453470783562,178.33333333333334,3
fi_hat_prev_g1.0,20,0.3168800476087427,0.0014656597248930527,0.3153044701379164,0.3182029299380645,178.33333333333334,3
fi_hat_prev_g1.0,21,0.3090302380388841,0.002560031618346191,0.3068719899010255,0.3118587150220376,178.33333333333334,3
fi_hat_prev_g1.0,22,0.3016842439160257,0.0012601274609162483,0.3003623061760485,0.3028717882093614,178.33333333333334,3
fi_hat_prev_g1.0,23,0.293523665058329,0.0015244073415750388,0.2917840518700546,0.2946261242033532,178.33333333333334,3
fi_hat_prev_g1.0,24,0.28594273025833716,0.0017234922174386882,0.2839602577096288,0.2870848882633501,178.33333333333334,3
fi_hat_prev_g1.0,25,0.282327094265856,0.0016977567292944683,0.2804019211304518,0.2836100855946076,178.33333333333334,3
fi_hat_prev_g1.0,26,0.2766247141855335,0.002540747322146805,0.2737807685789467,0.2786706877861644,178.33333333333334,3
fi_hat_prev_g1.0,27,0.2730542867312873,0.002341291932197754,0.2703598121592239,0.2745925815928092,178.33333333333334,3
fi_hat_prev_g1.0,28,0.26752240315411835,0.0020807356852723634,0.2651241226878015,0.2688466397326597,178.33333333333334,3
fi_hat_prev_g1.0,29,0.26522999668302766,0.0018432511371721098,0.2631032795086101,0.2663667057965772,178.33333333333334,3
fi_hat_prev_g1.0,30,0.2609748115356916,0.002142732471864469,0.2586927692345951,0.2629437908059459,178.33333333333334,3
fi_hat_prev_g1.0,31,0.25679149188576494,0.0013087579600188782,0.2555924634449348,0.2581876211301866,178.33333333333334,3
fi_hat_prev_g1.0,32,0.2525040691280952,0.0007722675705596951,0.2518308472230027,0.2533471150719443,178.33333333333334,3
fi_hat_prev_g1.0,33,0.248765207435118,0.0008561950884798956,0.2478508226626221,0.2495479691617649,178.33333333333334,3
fi_hat_prev_g1.0,34,0.24580179414643985,0.0001740304008247164,0.2456011524569894,0.2459117982112945,178.33333333333334,3
fi_hat_prev_g1.0,35,0.24321466681498105,0.00030134008874164715,0.242873775657874,0.2434455339404982,178.33333333333334,3
fi_hat_prev_g1.0,36,0.24029082583601313,0.001244009595253929,0.2393323006322815,0.241696631447373,178.33333333333334,3
fi_hat_prev_g1.0,37,0.23805080745147378,0.0015530602039527154,0.2369233123516264,0.2398222644436752,178.33333333333334,3
fi_hat_prev_g1.0,38,0.23543590864150124,0.0018447510403941843,0.2338135851800872,0.2374425436429026,178.33333333333334,3
fi_hat_prev_g1.0,39,0.23285854320771682,0.0013191459390650318,0.2315067722730989,0.2341424438999942,178.33333333333334,3
fi_hat_prev_g1.0,40,0.23037935380671323,0.0011641472205230147,0.2292765028463899,0.2315963832010287,178.33333333333334,3
fi_ref_g0.0,1,1.3085757885422937,0.015185621409667062,1.2910502643155664,1.317833624419391,192.66666666666666,3
fi_ref_g0.0,2,0.9562145461909513,0.02454887441550544,0.931893023226406,0.9809846246881172,192.66666666666666,3
fi_ref_g0.0,3,0.7843660689745581,0.019272616177346397,0.7684972369867945,0.8058122895417532,192.66666666666666,3
fi_ref_g0.0,4,0.6688623560580925,0.009616788103674723,0.6611924307162942,0.6796515834183323,192.66666666666666,3
fi_ref_g0.0,5,0.5979017734332317,0.00628553666907092,0.591635314788081,0.6042062159707607,192.66666666666666,3
fi_ref_g0.0,6,0.5429361857302463,0.007422122575162515,0.5356155479637045,0.5504557921823631,192.66666666666666,3
fi_ref_g0.0,7,0.506535478685238,0.0056022855727003665,0.5002041559340229,0.5108506476958992,192.66666666666666,3
fi_ref_g0.0,8,0.4705510292636032,0.0035786148592618088,0.4675030959198243,0.4744914108543011,192.66666666666666,3
fi_ref_g0.0,9,0.4420210548744996,0.0015191615541646632,0.4404090008333999,0.4434260920402746,192.66666666666666,3
fi_ref_g0.0,10,0.4206768872097512,0.002327193788094722,0.4186699504545635,0.4232279293571067,192.66666666666666,3
fi_ref_g0.0,11,0.40331424804620736,0.0027067039494204016,0.4001893158411064,0.4049251424973771,192.66666666666666,3
fi_ref_g0.0,12,0.38674928780926393,0.0035984615032120695,0.3826963841673265,0.3895690896425077,192.66666666666666,3
fi_ref_g0.0,13,0.36969266218772673,0.0031134028860703594,0.3678425112075335,0.3732871914691182,192.66666666666666,3
fi_ref_g0.0,14,0.3546031193635137,0.0018419834865360284,0.3531622800645983,0.3566784891045604,192.66666666666666,3
fi_ref_g0.0,15,0.34395366741985506,0.0015281939529603013,0.3423494195401473,0.3453923196883828,192.66666666666666,3
fi_ref_g0.0,16,0.3327826811719405,0.0016842800729903495,0.3310229035970881,0.3343796379683849,192.66666666666666,3
fi_ref_g0.0,17,0.32365458209986536,0.0017489616444044066,0.3220728993166992,0.325532886830451,192.66666666666666,3
fi_ref_g0.0,18,0.31646608283752936,0.0016475714102495355,0.3154936131338744,0.3183683750887855,192.66666666666666,3
fi_ref_g0.0,19,0.30799992697171086,0.0015642358585264836,0.3062023021736066,0.3090511947249839,192.66666666666666,3
fi_ref_g0.0,20,0.3012315261309228,0.0010478113804468184,0.3003097649153198,0.3023711378232132,192.66666666666666,3
fi_ref_g0.0,21,0.2938235502223099,0.0019064060969043784,0.2916701072391457,0.2952957419340223,192.66666666666666,3
fi_ref_g0.0,22,0.2872659725581695,0.0018518959251223675,0.2851279442347828,0.2883688198956243,192.66666666666666,3
fi_ref_g0.0,23,0.28049214937330497,0.0012710345431153098,0.2791810963038735,0.2817189759138347,192.66666666666666,3
fi_ref_g0.0,24,0.273042591754102,0.00167321162091385,0.2714140778912581,0.2747571786679499,192.66666666666666,3
fi_ref_g0.0,25,0.2688917270440134,0.003021697021053003,0.2669551506277427,0.2723735599056209,192.66666666666666,3
fi_ref_g0.0,26,0.26385321340255724,0.00214822362723039,0.2623020462547952,0.2663051844949938,192.66666666666666,3
fi_ref_g0.0,27,0.2609041483356355,0.0015174783972381556,0.2598119868960643,0.2626368748444078,192.66666666666666,3
fi_ref_g0.0,28,0.25606035146011813,0.0017306077479661687,0.2544457007331822,0.2578873240419045,192.66666666666666,3
fi_ref_g0.0,29,0.2525699041201792,0.0022651402993314027,0.2499657453028266,0.2540832374428041,192.66666666666666,3
fi_ref_g0.0,30,0.24934190193509723,0.0023488920107152316,0.2467062268185982,0.2512140013341789,192.66666666666666,3
fi_ref_g0.0,31,0.2460622658503894,0.0014571685778991394,0.2450390845691124,0.2477306474460625,192.66666666666666,3
fi_ref_g0.0,32,0.24320846978845365,0.001217796899217509,0.2421098190811525,0.2445178966190491,192.66666666666666,3
fi_ref_g0.0,33,0.23945112162705282,0.0009991818529904715,0.2383692107324555,0.2403391591791325,192.66666666666666,3
fi_ref_g0.0,34,0.23685780090444217,0.0015739460618549898,0.2350536075429863,0.2379495576534178,192.66666666666666,3
fi_ref_g0.0,35,0.23362480873962208,0.0015023587705541332,0.2319049581092452,0.2346813739092528,192.66666666666666,3
fi_ref_g0.0,36,0.23115403573902982,0.002344267854015715,0.228474708804675,0.2328276111040216,192.66666666666666,3
fi_ref_g0.0,37,0.2292717839326707,0.0015496454092420902,0.2274863776353959,0.2302676576179148,192.66666666666666,3
fi_ref_g0.0,38,0.22661109076565197,0.0018394028967571024,0.2245074974502731,0.2279170023367535,192.66666666666666,3
fi_ref_g0.0,39,0.22375762590865791,0.0018654009279941014,0.2216509440786177,0.2251997332990782,192.66666666666666,3
fi_ref_g0.0,40,0.22085805008434323,0.0017919475996199385,0.2187895749185441,0.2219384836209379,192.66666666666666,3
fi_ref_g0.5,1,1.295400760091652,0.0051877403546381675,1.2910502643155664,1.3011421739690785,180.33333333333334,3
fi_ref_g0.5,2,1.0879965802552023,0.17886486191217646,0.9561429469699636,1.2915954832805494,180.33333333333334,3
fi_ref_g0.5,3,0.8525345439833908,0.07098903347490804,0.7928042970274233,0.9310172164805915,180.33333333333334,3
fi_ref_g0.5,4,0.6882703322458635,0.0347575544689215,0.6552217369103045,0.7245159471216769,180.33333333333334,3
fi_ref_g0.5,5,0.6081027135387804,0.022611612984533635,0.5895961514064808,0.6333063993112326,180.33333333333334,3
fi_ref_g0.5,6,0.5468458324535584,0.010703181043262433,0.5397413677889484,0.5591560908657991,180.33333333333334,3
fi_ref_g0.5,7,0.5068271050366729,0.008731737485922179,0.501338122545513,0.5168959763196256,180.33333333333334,3
fi_ref_g0.5,8,0.4709372537959447,0.007037823651250974,0.4652251200326905,0.4787992778936421,180.33333333333334,3
fi_ref_g0.5,9,0.442976501821211,0.004806152324075555,0.4391543864923975,0.4483721937522451,180.33333333333334,3
fi_ref_g0.5,10,0.42092726425627897,0.005967391185234554,0.4169361286397105,0.4277872832078305,180.33333333333334,3
fi_ref_g0.5,11,0.40348851145200637,0.003919146343338072,0.3993511138535894,0.407145027587989,180.33333333333334,3
fi_ref_g0.5,12,0.3872960694094813,0.0064486662030668555,0.3800768454060106,0.3924859976420266,180.33333333333334,3
fi_ref_g0.5,13,0.3719910330573188,0.00707760836631293,0.3640553639451811,0.3776504370012347,180.33333333333334,3
fi_ref_g0.5,14,0.3562652332687833,0.00658216108391175,0.3487073577906101,0.3607396803369831,180.33333333333334,3
fi_ref_g0.5,15,0.3456081559277738,0.006471826652878587,0.3381937803476684,0.3501245509179688,180.33333333333334,3
fi_ref_g0.5,16,0.33352811263683885,0.005882296057562796,0.3273966521226785,0.33912471248386,180.33333333333334,3
fi_ref_g0.5,17,0.32408243055963243,0.005778872686878197,0.3174111966288625,0.3275459064779881,180.33333333333334,3
fi_ref_g0.5,18,0.31679649530385845,0.00551012519817043,0.3105859644160156,0.3210990323409762,180.33333333333334,3
fi_ref_g0.5,19,0.3078514737853964,0.004090314788398055,0.303185704581943,0.3108196719894229,180.33333333333334,3
fi_ref_g0.5,20,0.3012716025310321,0.003603741380852329,0.2974234708280339,0.3045671142390463,180.33333333333334,3
fi_ref_g0.5,21,0.2938541131942871,0.0026956342675402904,0.2908338336137385,0.2960160793002532,180.33333333333334,3
fi_ref_g0.5,22,0.28745895201661426,0.0023794327276190413,0.285152311915315,0.28990504377471,180.33333333333334,3
fi_ref_g0.5,23,0.2813409402063075,0.003136983439655062,0.2778183671531078,0.2838331675063792,180.33333333333334,3
fi_ref_g0.5,24,0.2738938863616786,0.0027829841024528713,0.2708362415895946,0.2762789253384941,180.33333333333334,3
fi_ref_g0.5,25,0.2684459589922477,0.0032496234612908134,0.2647165939455858,0.2706697096173699,180.33333333333334,3
fi_ref_g0.5,26,0.2634635698942017,0.0034269917845334776,0.2595582205182231,0.2659689265702433,180.33333333333334,3
fi_ref_g0.5,27,0.25991870931998706,0.0041353105621065285,0.2551511905669628,0.2625345616730004,180.33333333333334,3
fi_ref_g0.5,28,0.25502154212338357,0.00507360090246757,0.2491764203915806,0.2582866523621108,180.33333333333334,3
fi_ref_g0.5,29,0.2520532623966582,0.0051797143686838675,0.2463184453100377,0.2563915025681313,180.33333333333334,3
fi_ref_g0.5,30,0.24894318103181504,0.00518446119012268,0.2434457150052295,0.2537442391404062,180.33333333333334,3
fi_ref_g0.5,31,0.24529151663682466,0.004029975816925774,0.2406667406777063,0.2480503243527053,180.33333333333334,3
fi_ref_g0.5,32,0.24266535582654428,0.004248652228641333,0.2377599162641487,0.2451775969039484,180.33333333333334,3
fi_ref_g0.5,33,0.23960134057050245,0.004909579568201612,0.233951048401065,0.2428260117939774,180.33333333333334,3
fi_ref_g0.5,34,0.23715339477387423,0.005455865097672811,0.2309006370810462,0.2409459041556109,180.33333333333334,3
fi_ref_g0.5,35,0.23344869906041346,0.005636770529446464,0.2269855559003804,0.2373466169252732,180.33333333333334,3
fi_ref_g0.5,36,0.23052755981009923,0.006275547002396895,0.2234100627823921,0.235264619498782,180.33333333333334,3
fi_ref_g0.5,37,0.22867221538885477,0.0053421578645999465,0.2228386599960063,0.2333256203507662,180.33333333333334,3
fi_ref_g0.5,38,0.225915595381024,0.0052540047416216006,0.2200595656584461,0.2302164732147888,180.33333333333334,3
fi_ref_g0.5,39,0.2232012350912207,0.005299661160975916,0.2173898422523677,0.2277674113736846,180.33333333333334,3
fi_ref_g0.5,40,0.22045732982417432,0.005159979928346688,0.2149871785579083,0.2252377603663798,180.33333333333334,3
fi_ref_g0.9,1,1.3981029580722817,0.021946656575069622,1.384255401577636,1.4234071503293526,166.0,3
fi_ref_g0.9,2,1.0791349686301361,0.056064869727252456,1.0326026499809082,1.1413796747257474,166.0,3
fi_ref_g0.9,3,0.8963254268360785,0.023042224167196416,0.8700694935466037,0.9131834832780348,166.0,3
fi_ref_g0.9,4,0.7531934248712586,0.03099292767132159,0.7288871357681556,0.788094422028431,166.0,3
fi_ref_g0.9,5,0.663779918289921,0.03705621647573622,0.6311408900976009,0.7040615599730113,166.0,3
fi_ref_g0.9,6,0.6025992948898077,0.03240500376940819,0.5768227525481255,0.6389771737196958,166.0,3
fi_ref_g0.9,7,0.5568155213053197,0.02623927884220996,0.5387669777490675,0.5869155448086584,166.0,3
fi_ref_g0.9,8,0.5102632207405274,0.012918502365054364,0.5025307491869005,0.5251768257114151,166.0,3
fi_ref_g0.9,9,0.47654908094156,0.010856344855495307,0.4678412807810489,0.4887126472051355,166.0,3
fi_ref_g0.9,10,0.4489070903204781,0.00823479397800454,0.4403119779721925,0.4567267005331674,166.0,3
fi_ref_g0.9,11,0.4267532549393629,0.0075066007491058325,0.4182457431280257,0.4324442780058075,166.0,3
fi_ref_g0.9,12,0.4089115043316173,0.006286164851792831,0.4016636812514155,0.4128784377259577,166.0,3
fi_ref_g0.9,13,0.39182339942621064,0.005681369456040013,0.3853062997511581,0.3957327316890501,166.0,3
fi_ref_g0.9,14,0.3752294879365698,0.005857110008665902,0.3685783782087842,0.3796170184100371,166.0,3
fi_ref_g0.9,15,0.36305339214167853,0.0045823083095340505,0.357919078975448,0.3667281003836018,166.0,3
fi_ref_g0.9,16,0.3485509219371313,0.0027574946268717577,0.3468535781012037,0.3517326271905204,166.0,3
fi_ref_g0.9,17,0.3381388524216585,0.00385240073675492,0.335644454833801,0.3425757968076083,166.0,3
fi_ref_g0.9,18,0.33008873136680467,0.0016723075056337584,0.3289276550527721,0.3320055100478822,166.0,3
fi_ref_g0.9,19,0.319063107964564,0.0015238472453505657,0.3174094930197899,0.3204107595959634,166.0,3
fi_ref_g0.9,20,0.3098699096173763,0.001834421117026457,0.3084880330746956,0.3119511405737957,166.0,3
fi_ref_g0.9,21,0.3009553342130298,0.003406258627567494,0.2981081434170848,0.3047289777523161,166.0,3
fi_ref_g0.9,22,0.2940156833029904,0.0027309013208683935,0.2922847054280483,0.2971638480215715,166.0,3
fi_ref_g0.9,23,0.28724544066994734,0.001527562804430751,0.2857271484980156,0.288782108319581,166.0,3
fi_ref_g0.9,24,0.2804338377044875,0.00207504234969524,0.2780529948676961,0.2818576928241842,166.0,3
fi_ref_g0.9,25,0.27520576198916474,0.002932510689600727,0.2727868313129204,0.2784673481161943,166.0,3
fi_ref_g0.9,26,0.2688465751209131,0.004490165843987995,0.2656513168368841,0.2739803508492945,166.0,3
fi_ref_g0.9,27,0.2651457745501959,0.005237999145694367,0.2617924463827246,0.271181684864787,166.0,3
fi_ref_g0.9,28,0.2598628758854016,0.004930784378040707,0.257003243523998,0.2655564359199178,166.0,3
fi_ref_g0.9,29,0.2559108457502242,0.004908861985014324,0.252141910274674,0.2614618200028951,166.0,3
fi_ref_g0.9,30,0.25252858273551604,0.004919543080980337,0.2488830600211404,0.2581242113352463,166.0,3
fi_ref_g0.9,31,0.24889305121501135,0.0036006884982944442,0.2462352880399813,0.2529908999097417,166.0,3
fi_ref_g0.9,32,0.2451210377563718,0.0032630085596411936,0.2424506217934473,0.2487581761883495,166.0,3
fi_ref_g0.9,33,0.24119714616552224,0.0029018403077572703,0.2393814911938044,0.2445438719558379,166.0,3
fi_ref_g0.9,34,0.2390046977366311,0.0030541752142444843,0.2363008933480292,0.2423174843259024,166.0,3
fi_ref_g0.9,35,0.23538076994647975,0.002777323028801109,0.2327536697762402,0.2382872047505778,166.0,3
fi_ref_g0.9,36,0.23275385389123446,0.003065812552487826,0.230326935409098,0.2361992980376706,166.0,3
fi_ref_g0.9,37,0.23102073624956723,0.0027838490645085484,0.2281904502307956,0.2337556998539297,166.0,3
fi_ref_g0.9,38,0.22754812180145165,0.0026893465333871843,0.2248710557262821,0.2302495828263211,166.0,3
fi_ref_g0.9,39,0.22475788920690007,0.002273175730462686,0.2225128537514399,0.2270581971342666,166.0,3
fi_ref_g0.9,40,0.22233101535012503,0.002391070546526,0.2198586470386053,0.2246315136313239,166.0,3
fi_ref_g1.0,1,1.3171840012582612,0.014570198489475774,1.3011421739690785,1.3295964427623506,158.0,3
fi_ref_g1.0,2,1.0522085119966316,0.08879483869973671,0.9888673869525296,1.1537034956643164,158.0,3
fi_ref_g1.0,3,0.8796975414842173,0.05805997758401364,0.8241579547938122,0.9399862021182784,158.0,3
fi_ref_g1.0,4,0.7496139037607298,0.049277349088793145,0.6927487128949638,0.7797842230119394,158.0,3
fi_ref_g1.0,5,0.6569702067737745,0.04133885683637904,0.6162902178490577,0.6989378446665284,158.0,3
fi_ref_g1.0,6,0.5931137433929843,0.04040415172346796,0.5635396636264143,0.6391501965661767,158.0,3
fi_ref_g1.0,7,0.5380102015590457,0.01708109205010043,0.5210442377503387,0.5552041397630966,158.0,3
fi_ref_g1.0,8,0.49530411387559764,0.012557979088551226,0.4834823623753709,0.5084873676679098,158.0,3
fi_ref_g1.0,9,0.46293997329669595,0.015137641503178421,0.4534789930753597,0.4803989975027485,158.0,3
fi_ref_g1.0,10,0.43791388206269627,0.013270663668338036,0.4285761959145875,0.4531049030124431,158.0,3
fi_ref_g1.0,11,0.41777531818752234,0.009919815250879765,0.4080197976469141,0.4278516454572903,158.0,3
fi_ref_g1.0,12,0.40268800249930486,0.006490480919526292,0.3976208595720646,0.4100037690115323,158.0,3
fi_ref_g1.0,13,0.38637014247441187,0.0060146852608772595,0.3821341612552221,0.3932545558642916,158.0,3
fi_ref_g1.0,14,0.3715549894388819,0.0029974979623028273,0.3687791552130025,0.3747334518030892,158.0,3
fi_ref_g1.0,15,0.3605754864864929,0.0041793713050714675,0.3559880435963699,0.3641667711489159,158.0,3
fi_ref_g1.0,16,0.34897092421172965,0.004620707423587748,0.3439848218839185,0.3531086713283408,158.0,3
fi_ref_g1.0,17,0.3376967115035883,0.005540206598230665,0.3314026001669866,0.3418347318599202,158.0,3
fi_ref_g1.0,18,0.3297589652528528,0.0029094549599995283,0.3266244720722862,0.332373180104356,158.0,3
fi_ref_g1.0,19,0.321948683173892,0.00527177650200707,0.3180143963334327,0.3279385952650566,158.0,3
fi_ref_g1.0,20,0.31497933927771066,0.006403882752535412,0.3105052025375423,0.3223150633167851,158.0,3
fi_ref_g1.0,21,0.3070892402656579,0.006249716236646465,0.3017538020304463,0.3139651391759157,158.0,3
fi_ref_g1.0,22,0.30114553161566127,0.007801277940770224,0.2930884640284222,0.3086630027733136,158.0,3
fi_ref_g1.0,23,0.2950358189859325,0.008039762058528051,0.2862188895269544,0.3019610455524456,158.0,3
fi_ref_g1.0,24,0.28890242647774006,0.007659103474677065,0.2800862340839449,0.2939170948405843,158.0,3
fi_ref_g1.0,25,0.2837227081147737,0.007059020238807715,0.2759013223888206,0.2896206630959143,158.0,3
fi_ref_g1.0,26,0.27780385672036595,0.0070740178350463334,0.2698377357052862,0.2833513389454686,158.0,3
fi_ref_g1.0,27,0.274085201387231,0.004762415026458565,0.2687682883658325,0.2779595624280643,158.0,3
fi_ref_g1.0,28,0.2681874626615662,0.004778520931011515,0.2633617216901209,0.2729173204898311,158.0,3
fi_ref_g1.0,29,0.26467158589833795,0.005993247873176649,0.2589367836271565,0.2708935439722106,158.0,3
fi_ref_g1.0,30,0.2617880024353061,0.006634932948008883,0.2551429239673427,0.2684127431078029,158.0,3
fi_ref_g1.0,31,0.2568381058260576,0.00616832485237506,0.2512824092222578,0.2634758644791604,158.0,3
fi_ref_g1.0,32,0.253325459898544,0.005657710313943043,0.2478274478793614,0.2591303755720799,158.0,3
fi_ref_g1.0,33,0.2501130429486328,0.005673559979399678,0.2438458870898902,0.2548993007990768,158.0,3
fi_ref_g1.0,34,0.247216327054555,0.004706695637512286,0.2419062810136626,0.2508741172996746,158.0,3
fi_ref_g1.0,35,0.24349505024863924,0.0046261694782440245,0.2382302175313377,0.2469101519754681,158.0,3
fi_ref_g1.0,36,0.240628761870588,0.003969226526460551,0.2360885134084752,0.24344144222323,158.0,3
fi_ref_g1.0,37,0.23820164756198367,0.0043244813233774045,0.2334795574872452,0.2419689421187421,158.0,3
fi_ref_g1.0,38,0.2349915333567173,0.004191793569161698,0.2305504483108721,0.238879021001155,158.0,3
fi_ref_g1.0,39,0.23307662740773286,0.004352741934402073,0.2283373208215341,0.23689562267532,158.0,3
fi_ref_g1.0,40,0.23081190228174972,0.004578629243218612,0.2257198119339123,0.2345895349125518,158.0,3
neg_sq_err_ref_g0.0,1,1.382612621065437,0.026643485875705374,1.3546919227904206,1.4077623086769362,88.0,3
neg_sq_err_ref_g0.0,2,1.168988506200695,0.11891619979561265,1.0717610094554249,1.3015735174036367,88.0,3
neg_sq_err_ref_g0.0,3,0.9612282655418998,0.04890424565091459,0.9196565815647704,1.015112016243316,88.0,3
neg_sq_err_ref_g0.0,4,0.8811282769450961,0.03692673211679195,0.8450914118598923,0.9188847897121886,88.0,3
neg_sq_err_ref_g0.0,5,0.8025769105791047,0.03073828652070349,0.7740464323176554,0.8351274201715585,88.0,3
neg_sq_err_ref_g0.0,6,0.7522153136433003,0.015327247805531163,0.739732778583246,0.7693223192590741,88.0,3
neg_sq_err_ref_g0.0,7,0.6971180309514503,0.020510241863986183,0.6839036017262445,0.7207459437432769,88.0,3
neg_sq_err_ref_g0.0,8,0.6593653702452792,0.024598107710422652,0.6357311461922435,0.6848255938300793,88.0,3
neg_sq_err_ref_g0.0,9,0.6271781742530829,0.025186347686591382,0.6012383584962327,0.6515365227036569,88.0,3
neg_sq_err_ref_g0.0,10,0.5988063019274582,0.022361014811168065,0.5767190920008622,0.6214314159301317,88.0,3
neg_sq_err_ref_g0.0,11,0.5715186075661629,0.0175866192643123,0.5544059579292673,0.5895436753820482,88.0,3
neg_sq_err_ref_g0.0,12,0.5529840855038981,0.013113027670295246,0.5417092220795633,0.5673742074170195,88.0,3
neg_sq_err_ref_g0.0,13,0.5354516637777099,0.010460159654417916,0.52920429224178,0.5475275951670233,88.0,3
neg_sq_err_ref_g0.0,14,0.5186151961258892,0.009835631271685418,0.5116632624244056,0.529868862242493,88.0,3
neg_sq_err_ref_g0.0,15,0.5062884413623615,0.012128338564359359,0.4987256162052809,0.5202776623768149,88.0,3
neg_sq_err_ref_g0.0,16,0.4925693441078416,0.011760383510072308,0.4855550768020216,0.5061465651946252,88.0,3
neg_sq_err_ref_g0.0,17,0.48171727314367024,0.011558187292947662,0.4746658016645482,0.4950562273146738,88.0,3
neg_sq_err_ref_g0.0,18,0.471313319845683,0.011105962142400528,0.4627861122802124,0.4838719488520068,88.0,3
neg_sq_err_ref_g0.0,19,0.4622186186120241,0.009913790158182334,0.4539137986255939,0.473194203016407,88.0,3
neg_sq_err_ref_g0.0,20,0.4515348169489741,0.009898887570626047,0.4441423272780069,0.4627809821472415,88.0,3
neg_sq_err_ref_g0.0,21,0.441070066882327,0.009180812427529876,0.4351555740395612,0.4516464600826571,88.0,3
neg_sq_err_ref_g0.0,22,0.43293639081897145,0.007966089117955015,0.4274077670861908,0.4420673592295145,88.0,3
neg_sq_err_ref_g0.0,23,0.4248380304934851,0.005920466877205143,0.4202806510180545,0.4315297291006427,88.0,3
neg_sq_err_ref_g0.0,24,0.41588758039353446,0.0024784322619831574,0.4140001617984378,0.4186943153920331,88.0,3
neg_sq_err_ref_g0.0,25,0.4089004658527289,0.003548781619270153,0.4055684069680593,0.4126321401515408,88.0,3
neg_sq_err_ref_g0.0,26,0.40078268851837656,0.0023071463902874694,0.3990547921158772,0.4034026848348238,88.0,3
neg_sq_err_ref_g0.0,27,0.3948967959772795,0.002351414563370071,0.3926817487578439,0.3973642184106536,88.0,3
neg_sq_err_ref_g0.0,28,0.38614932455367673,0.002875570314981573,0.3844515241571339,0.3894694612838341,88.0,3
neg_sq_err_ref_g0.0,29,0.38190157606660846,0.005430686257457388,0.3767757136604305,0.3875928461534559,88.0,3
neg_sq_err_ref_g0.0,30,0.37807746477538046,0.005454004477951239,0.373287364107606,0.3840133294986352,88.0,3
neg_sq_err_ref_g0.0,31,0.3733571117044025,0.007101218642112823,0.3689010748111702,0.3815462632318771,88.0,3
neg_sq_err_ref_g0.0,32,0.3672517179482961,0.006245800053717122,0.3627573074663154,0.374383616027696,88.0,3
neg_sq_err_ref_g0.0,33,0.36465289879670615,0.0068779338385658185,0.3587014099691117,0.372182851093215,88.0,3
neg_sq_err_ref_g0.0,34,0.361200439794864,0.003919145016348047,0.3576586621697004,0.3654109097394403,88.0,3
neg_sq_err_ref_g0.0,35,0.35712603307654306,0.0055668679028978854,0.3523447772283412,0.3632375093761951,88.0,3
neg_sq_err_ref_g0.0,36,0.35346388072554163,0.004986102396505883,0.348248816474256,0.3581841233731594,88.0,3
neg_sq_err_ref_g0.0,37,0.35107302096467996,0.006165515234359493,0.3441825461217946,0.3560689341855056,88.0,3
neg_sq_err_ref_g0.0,38,0.34710550241286314,0.006300387521423044,0.340381959733442,0.3528735911253666,88.0,3
neg_sq_err_ref_g0.0,39,0.3429708904442433,0.006547369983185363,0.3354578702329251,0.3474581188095348,88.0,3
neg_sq_err_ref_g0.0,40,0.3389598755744248,0.00728702909937668,0.3306264863741154,0.3441349160588313,88.0,3
neg_sq_err_ref_g0.5,1,1.347205187654425,0.07373153838869012,1.27167716342206,1.4189982743955418,110.33333333333333,3
neg_sq_err_ref_g0.5,2,1.1112351578936759,0.08872599269483307,1.019872468827857,1.1970655505433272,110.33333333333333,3
neg_sq_err_ref_g0.5,3,0.9480663344984289,0.05993338876066153,0.8796895578578702,0.9914999053762322,110.33333333333333,3
neg_sq_err_ref_g0.5,4,0.8642527845270553,0.0414773898103112,0.8199544251309778,0.902169506252578,110.33333333333333,3
neg_sq_err_ref_g0.5,5,0.7825775107210752,0.028510327501596152,0.7510956406982702,0.8066555716850274,110.33333333333333,3
neg_sq_err_ref_g0.5,6,0.7246242761310877,0.022133662131831877,0.6995538428787982,0.7414611240493075,110.33333333333333,3
neg_sq_err_ref_g0.5,7,0.6867737814957459,0.020653744592386714,0.6654720649899187,0.7067119871157268,110.33333333333333,3
neg_sq_err_ref_g0.5,8,0.645141137689465,0.016479343529842802,0.6265177822302154,0.6578361180590258,110.33333333333333,3
neg_sq_err_ref_g0.5,9,0.6178010586601879,0.020757177973309948,0.5938366270561818,0.6301573745000806,110.33333333333333,3
neg_sq_err_ref_g0.5,10,0.598365263683484,0.021267652187955174,0.5743746902124031,0.6149050325660173,110.33333333333333,3
neg_sq_err_ref_g0.5,11,0.5763517047664438,0.02216358410186352,0.5518611345040966,0.5950299858100327,110.33333333333333,3
neg_sq_err_ref_g0.5,12,0.5605554319591386,0.018427438515844698,0.5408296189733875,0.5773277318257929,110.33333333333333,3
neg_sq_err_ref_g0.5,13,0.5424468698085013,0.017099411098138218,0.523824903485378,0.5574417457908749,110.33333333333333,3
neg_sq_err_ref_g0.5,14,0.5251650966755924,0.01715140597821903,0.5062091036620746,0.539610333229227,110.33333333333333,3
neg_sq_err_ref_g0.5,15,0.5095917433744098,0.016715713018633067,0.4906331458003882,0.5222085165025149,110.33333333333333,3
neg_sq_err_ref_g0.5,16,0.48980010182766676,0.012766903128753834,0.4759600781730558,0.5011171722660032,110.33333333333333,3
neg_sq_err_ref_g0.5,17,0.4785899380059808,0.008261529553774247,0.4694654741850301,0.4855627695416545,110.33333333333333,3
neg_sq_err_ref_g0.5,18,0.46902623386506076,0.008602698571458369,0.4594567610855836,0.4761186348217384,110.33333333333333,3
neg_sq_err_ref_g0.5,19,0.45879797055093313,0.008099524733996577,0.4495099832974312,0.4643918433809049,110.33333333333333,3
neg_sq_err_ref_g0.5,20,0.45139611093182425,0.0077377756012737674,0.4426548106515655,0.4573684549607567,110.33333333333333,3
neg_sq_err_ref_g0.5,21,0.43992209468712223,0.006838625234697607,0.433034388837051,0.446710559128136,110.33333333333333,3
neg_sq_err_ref_g0.5,22,0.4292938526681896,0.005272886172944034,0.4243601075334036,0.43485053879008,110.33333333333333,3
neg_sq_err_ref_g0.5,23,0.4213233694208955,0.002478536900091943,0.41852427013326,0.4232395693802908,110.33333333333333,3
neg_sq_err_ref_g0.5,24,0.4141844998229391,0.0008089256090024774,0.4132882612743482,0.4148604962328029,110.33333333333333,3
neg_sq_err_ref_g0.5,25,0.4082227300063115,0.0008676432541286188,0.4075962526671365,0.4092130576095407,110.33333333333333,3
neg_sq_err_ref_g0.5,26,0.39996216505448373,0.0013026051792999953,0.3987926224583995,0.4013660259935894,110.33333333333333,3
neg_sq_err_ref_g0.5,27,0.39430277240256223,0.0027411308147876697,0.3921928820723474,0.3974010164297131,110.33333333333333,3
neg_sq_err_ref_g0.5,28,0.38649685716310206,0.004111534875012854,0.383207755647542,0.3911063830377596,110.33333333333333,3
neg_sq_err_ref_g0.5,29,0.3814370001514183,0.004366948636043172,0.3786094735636107,0.3864665704695243,110.33333333333333,3
neg_sq_err_ref_g0.5,30,0.37497188834602696,0.004763927769878531,0.3715064255032518,0.3804043404677686,110.33333333333333,3
neg_sq_err_ref_g0.5,31,0.37141987768295026,0.004061731217462147,0.3677546406417951,0.3757866999358695,110.33333333333333,3
neg_sq_err_ref_g0.5,32,0.3660448876274782,0.005727185790384871,0.3615836125856186,0.3725032226101769,110.33333333333333,3
neg_sq_err_ref_g0.5,33,0.3601951012083611,0.005486836439408988,0.3544777882154931,0.3654179961062709,110.33333333333333,3
neg_sq_err_ref_g0.5,34,0.35692255709716814,0.004587118939015898,0.3517079061649362,0.3603343835899507,110.33333333333333,3
neg_sq_err_ref_g0.5,35,0.352956285195543,0.005573157768050949,0.3465215043184698,0.3562463654244641,110.33333333333333,3
neg_sq_err_ref_g0.5,36,0.3484219430175027,0.0037424631938486564,0.3441118274369964,0.3508475715366234,110.33333333333333,3
neg_sq_err_ref_g0.5,37,0.34320476814116385,0.003753671944838169,0.340124109351642,0.3473855916443014,110.33333333333333,3
neg_sq_err_ref_g0.5,38,0.3388271795403855,0.00206880810623732,0.3373850513461756,0.3411975364204832,110.33333333333333,3
neg_sq_err_ref_g0.5,39,0.3332004921174483,0.0029757567137727774,0.3303010025270903,0.3362470612943669,110.33333333333333,3
neg_sq_err_ref_g0.5,40,0.32912328812808095,0.003111136164675329,0.3258726142114752,0.3320730145876541,110.33333333333333,3
neg_sq_err_ref_g0.9,1,1.3817064647553774,0.016943955165703916,1.3651290036753023,1.3989945538704096,168.66666666666666,3
neg_sq_err_ref_g0.9,2,1.0467077995540484,0.03734414868127736,1.0205690214498566,1.0894783443099922,168.66666666666666,3
neg_sq_err_ref_g0.9,3,0.8946459186037944,0.04171662952301793,0.853678471941506,0.9370733976353685,168.66666666666666,3
neg_sq_err_ref_g0.9,4,0.8088644131874462,0.023685206597347967,0.7854745971392576,0.8328343523920704,168.66666666666666,3
neg_sq_err_ref_g0.9,5,0.746155174150775,0.018534011912138146,0.7266817789885223,0.7635795084429031,168.66666666666666,3
neg_sq_err_ref_g0.9,6,0.6978414783898153,0.009470491862379095,0.6876884494717125,0.7064361200433433,168.66666666666666,3
neg_sq_err_ref_g0.9,7,0.6550444096685011,0.015663242409957596,0.6417806418106241,0.6723248385427528,168.66666666666666,3
neg_sq_err_ref_g0.9,8,0.6173265599513879,0.012875962977123337,0.6072506503095844,0.631832748834453,168.66666666666666,3
neg_sq_err_ref_g0.9,9,0.5829727091209443,0.01174218987018076,0.5748651913168693,0.5964381702728317,168.66666666666666,3
neg_sq_err_ref_g0.9,10,0.5550796745521985,0.009098751665481795,0.5477704415653316,0.565270239081524,168.66666666666666,3
neg_sq_err_ref_g0.9,11,0.5291060071718675,0.010216573342001095,0.5196117020905385,0.5399171517243568,168.66666666666666,3
neg_sq_err_ref_g0.9,12,0.5067206598188897,0.011300381376947877,0.4966338258435966,0.5189327903961997,168.66666666666666,3
neg_sq_err_ref_g0.9,13,0.48329736517712546,0.005037317194380956,0.4792061325995491,0.4889236136047879,168.66666666666666,3
neg_sq_err_ref_g0.9,14,0.461904155670839,0.005613767206140365,0.4559365988563418,0.4670800977339418,168.66666666666666,3
neg_sq_err_ref_g0.9,15,0.4448041291274009,0.004744777300432369,0.4402468129246701,0.4497164279411536,168.66666666666666,3
neg_sq_err_ref_g0.9,16,0.4285810247211124,0.003462317362407875,0.4248405979656666,0.4316737548812926,168.66666666666666,3
neg_sq_err_ref_g0.9,17,0.4170655231743106,0.001251998367339933,0.4156880065404833,0.418134197079834,168.66666666666666,3
neg_sq_err_ref_g0.9,18,0.4077550255911906,0.0013828774329261865,0.4061870997970274,0.4088008214932482,168.66666666666666,3
neg_sq_err_ref_g0.9,19,0.3998671758493945,0.001307834475399619,0.3988516371421822,0.401342902777308,168.66666666666666,3
neg_sq_err_ref_g0.9,20,0.3913286429016109,0.002598495784662699,0.3891683162910787,0.3942121148451249,168.66666666666666,3
neg_sq_err_ref_g0.9,21,0.38268660103427926,0.003796957876606706,0.3788499226857919,0.3864425510363132,168.66666666666666,3
neg_sq_err_ref_g0.9,22,0.374478404848323,0.0015515996267645292,0.3735424616982001,0.3762694294142277,168.66666666666666,3
neg_sq_err_ref_g0.9,23,0.3675205372544385,0.001375897893951525,0.3663703241507635,0.3690447762399653,168.66666666666666,3
neg_sq_err_ref_g0.9,24,0.35883748345450406,0.0023763744549216924,0.3572319084613084,0.3615673807704747,168.66666666666666,3
neg_sq_err_ref_g0.9,25,0.35281162664657356,0.003435277977977964,0.3497115517809915,0.3565048595106821,168.66666666666666,3
neg_sq_err_ref_g0.9,26,0.34823786864635814,0.0053464566822732165,0.3437638404676736,0.3541588891075294,168.66666666666666,3
neg_sq_err_ref_g0.9,27,0.343634933466537,0.0029859052627689412,0.3410086518833422,0.3468826579401084,168.66666666666666,3
neg_sq_err_ref_g0.9,28,0.3380672105405756,0.00160073352017326,0.3363936384417634,0.3395834928189369,168.66666666666666,3
neg_sq_err_ref_g0.9,29,0.3344028602952703,0.001573283723593148,0.3325889630609404,0.3353967243448444,168.66666666666666,3
neg_sq_err_ref_g0.9,30,0.33034802130387136,0.002071461156338095,0.3280218978535656,0.3319935906379496,168.66666666666666,3
neg_sq_err_ref_g0.9,31,0.32611443176657245,0.004596109315083264,0.3208679447153166,0.3294304963744063,168.66666666666666,3
neg_sq_err_ref_g0.9,32,0.32166983329308185,0.005765748109693994,0.3150584071959184,0.3256542472962446,168.66666666666666,3
neg_sq_err_ref_g0.9,33,0.3171783906605767,0.004376266006630364,0.3125929065603371,0.3213100742093924,168.66666666666666,3
neg_sq_err_ref_g0.9,34,0.3142877864904538,0.004651949900842281,0.3102659267765635,0.3193824026497465,168.66666666666666,3
neg_sq_err_ref_g0.9,35,0.30944534509463295,0.003908686188255454,0.3066586804184682,0.3139133648485709,168.66666666666666,3
neg_sq_err_ref_g0.9,36,0.3066477051471013,0.0032966722530769375,0.3038006260043874,0.3102595438777484,168.66666666666666,3
neg_sq_err_ref_g0.9,37,0.3033346684122306,0.003198364416517165,0.2999974649752117,0.306373248180128,168.66666666666666,3
neg_sq_err_ref_g0.9,38,0.3000691960707267,0.0023345180463263102,0.2976196578724051,0.3022685401900094,168.66666666666666,3
neg_sq_err_ref_g0.9,39,0.2953281406896045,0.0017660578434541107,0.2934367217511033,0.2969340479365968,168.66666666666666,3
neg_sq_err_ref_g0.9,40,0.2913645995648238,0.0024624966644550767,0.2885234191730431,0.2928834766289782,168.66666666666666,3
neg_sq_err_ref_g1.0,1,1.285534859308334,0.008083550680075633,1.277909921583638,1.294009841990311,145.66666666666666,3
neg_sq_err_ref_g1.0,2,0.9629099239258503,0.031656135776388115,0.9379482444866044,0.9985164388133978,145.66666666666666,3
neg_sq_err_ref_g1.0,3,0.7869842640018946,0.010543719624165204,0.7779140412899198,0.7985527471296134,145.66666666666666,3
neg_sq_err_ref_g1.0,4,0.6914564713189518,0.014598152797945883,0.6816570783870095,0.70823408800423,145.66666666666666,3
neg_sq_err_ref_g1.0,5,0.6402376012842583,0.013931488429092982,0.6296905551160711,0.6560304509957814,145.66666666666666,3
neg_sq_err_ref_g1.0,6,0.5978989894851297,0.020729062035079304,0.5794271291258015,0.6203177415934734,145.66666666666666,3
neg_sq_err_ref_g1.0,7,0.5659122279813208,0.021323754939413478,0.5473136590103138,0.5891855043406298,145.66666666666666,3
neg_sq_err_ref_g1.0,8,0.5343874612544104,0.023546821948776123,0.5154107801688786,0.5607389867016028,145.66666666666666,3
neg_sq_err_ref_g1.0,9,0.5069838129440417,0.024422812226528413,0.4922950906791474,0.5351765513687594,145.66666666666666,3
neg_sq_err_ref_g1.0,10,0.484562670421568,0.022171088590683393,0.4717618451524724,0.5101636383506507,145.66666666666666,3
neg_sq_err_ref_g1.0,11,0.4674431478564875,0.02237147787150248,0.4535196502699546,0.4932486007276014,145.66666666666666,3
neg_sq_err_ref_g1.0,12,0.4519173505917206,0.01817355658372737,0.4401974425248033,0.4728524820728644,145.66666666666666,3
neg_sq_err_ref_g1.0,13,0.43925206653591675,0.019988470951324652,0.4239196988466646,0.4618590618294947,145.66666666666666,3
neg_sq_err_ref_g1.0,14,0.4264785068655188,0.01938919548028122,0.4129595942777588,0.4486933878771455,145.66666666666666,3
neg_sq_err_ref_g1.0,15,0.4152364127098358,0.0218925017582503,0.4004054291857944,0.4403807814531321,145.66666666666666,3
neg_sq_err_ref_g1.0,16,0.4053105716324008,0.017810762250803927,0.393348194029698,0.4257796655108304,145.66666666666666,3
neg_sq_err_ref_g1.0,17,0.39551000843249673,0.015981737694182468,0.3857304605730204,0.4139528732449012,145.66666666666666,3
neg_sq_err_ref_g1.0,18,0.3871731767800526,0.01744565615997411,0.3753050690037073,0.4072037526580223,145.66666666666666,3
neg_sq_err_ref_g1.0,19,0.38011257715949925,0.013830691469596553,0.369301888885436,0.3956980387225699,145.66666666666666,3
neg_sq_err_ref_g1.0,20,0.37365063801085574,0.013391309923637993,0.3626042675019287,0.3885445465781461,145.66666666666666,3
neg_sq_err_ref_g1.0,21,0.3660643152774809,0.013383468654885938,0.3535344493281451,0.3801630900749756,145.66666666666666,3
neg_sq_err_ref_g1.0,22,0.3599007209341683,0.009715442226297513,0.3507038377802016,0.370062688627001,145.66666666666666,3
neg_sq_err_ref_g1.0,23,0.3540665036275832,0.011423975914576124,0.343877181325135,0.3664165427124121,145.66666666666666,3
neg_sq_err_ref_g1.0,24,0.3470604888033781,0.013491012946541949,0.3362516475291711,0.3621800596223116,145.66666666666666,3
neg_sq_err_ref_g1.0,25,0.34250600658410263,0.015661061870707996,0.32856685067549,0.3594527488817826,145.66666666666666,3
neg_sq_err_ref_g1.0,26,0.33616813598674633,0.015825468883743074,0.3219277523671839,0.3532056899037662,145.66666666666666,3
neg_sq_err_ref_g1.0,27,0.3322331139781452,0.016943275265704077,0.3174495992079836,0.3507226344265523,145.66666666666666,3
neg_sq_err_ref_g1.0,28,0.3274946661871886,0.01836597717136775,0.3121575128725578,0.3478474027935047,145.66666666666666,3
neg_sq_err_ref_g1.0,29,0.324165264711976,0.01775092430186492,0.3094949393994333,0.3438972608344461,145.66666666666666,3
neg_sq_err_ref_g1.0,30,0.3195231629724006,0.01622208315476017,0.306505993904347,0.3376966934544477,145.66666666666666,3
neg_sq_err_ref_g1.0,31,0.31600121181353796,0.01685698196658727,0.3018626555718983,0.3346564193995903,145.66666666666666,3
neg_sq_err_ref_g1.0,32,0.3117896730268665,0.015862071926568265,0.2974580431021094,0.328832664386297,145.66666666666666,3
neg_sq_err_ref_g1.0,33,0.3075904781235366,0.01536280692519271,0.2947453995972734,0.3246087148559879,145.66666666666666,3
neg_sq_err_ref_g1.0,34,0.30386944995229276,0.014598676427616707,0.2927188688229609,0.3203932453827791,145.66666666666666,3
neg_sq_err_ref_g1.0,35,0.29963819291053817,0.014548365605824246,0.2897808888493456,0.3163473419291493,145.66666666666666,3
neg_sq_err_ref_g1.0,36,0.29607888763645007,0.014910840823052184,0.2873526780696359,0.3132959071541873,145.66666666666666,3
neg_sq_err_ref_g1.0,37,0.2941792575207981,0.01411043973737847,0.2857651114336919,0.3104696297330723,145.66666666666666,3
neg_sq_err_ref_g1.0,38,0.2916940774999471,0.0139316893641969,0.2835563113354372,0.3077806367273349,145.66666666666666,3
neg_sq_err_ref_g1.0,39,0.288118124043998,0.013439862446370274,0.2798639856780998,0.3036263971375538,145.66666666666666,3
neg_sq_err_ref_g1.0,40,0.2851214379149443,0.013926862611143882,0.2758298953708373,0.3011341758031608,145.66666666666666,3
prec_gain_g0.0,1,1.3030119717255229,0.012997867574713582,1.2910502643155664,1.3168434768919235,170.0,3
prec_gain_g0.0,2,0.9616821640542456,0.026182076999400523,0.931893023226406,0.9810440012563584,170.0,3
prec_gain_g0.0,3,0.7671454593333507,0.012213343436758547,0.7532867170639667,0.7763369544560912,170.0,3
prec_gain_g0.0,4,0.6608030904117869,0.010481129827592561,0.6488160158524973,0.6682411397527779,170.0,3
prec_gain_g0.0,5,0.5943542349092179,0.004880289047255751,0.5888494088255696,0.5981506252143735,170.0,3
prec_gain_g0.0,6,0.5438406270333688,0.002212376022693954,0.5420052654719381,0.5462972014491052,170.0,3
prec_gain_g0.0,7,0.505865795285794,0.003629478329087999,0.5027546324003686,0.5098531686740858,170.0,3
prec_gain_g0.0,8,0.46846429593521616,0.004102921846470427,0.4653466000718332,0.4731124717963816,170.0,3
prec_gain_g0.0,9,0.4399341352868511,0.0005727105101861159,0.4394437384961854,0.4405635609186681,170.0,3
prec_gain_g0.0,10,0.4164718177751355,0.003682839626309226,0.4133901598608934,0.4205505289375224,170.0,3
prec_gain_g0.0,11,0.39963156473224176,0.001187529184703051,0.3984533888814444,0.4008282313051996,170.0,3
prec_gain_g0.0,12,0.38496868509435717,0.005484848836709893,0.3793758209602678,0.3903387274358549,170.0,3
prec_gain_g0.0,13,0.36957614672511635,0.005345952001650184,0.3655833630537528,0.3756496038925309,170.0,3
prec_gain_g0.0,14,0.355306641922914,0.0037521242726473495,0.3517857680451537,0.359253633665605,170.0,3
prec_gain_g0.0,15,0.3445090302309189,0.0014031721487938143,0.3431858989274693,0.3459804629979932,170.0,3
prec_gain_g0.0,16,0.3319107834301837,0.0033194863455166044,0.3290625792016043,0.3355563240654093,170.0,3
prec_gain_g0.0,17,0.32234061042042517,0.0032347271358133542,0.3204219807575929,0.3260752819506897,170.0,3
prec_gain_g0.0,18,0.3149691382404843,0.00204317522116261,0.3129428957979879,0.3170288353823147,170.0,3
prec_gain_g0.0,19,0.3066785077726386,0.0012835626839239002,0.3052991489330993,0.3078378254121056,170.0,3
prec_gain_g0.0,20,0.29992434597071194,0.0011446321901071432,0.2991116299903885,0.3012333680191615,170.0,3
prec_gain_g0.0,21,0.29253514510196754,0.0006095574461333446,0.2918859742456564,0.2930953004340238,170.0,3
prec_gain_g0.0,22,0.28711432472037696,0.0009303078322788663,0.2860633489772139,0.2878323227300333,170.0,3
prec_gain_g0.0,23,0.28067993583406153,0.0006128381414026538,0.2800835529683913,0.2813080002662602,170.0,3
prec_gain_g0.0,24,0.27360464107842386,0.0019574934736412454,0.2717602747341933,0.2756584228059245,170.0,3
prec_gain_g0.0,25,0.2698752451270457,0.0012003198463756278,0.2685385467496107,0.2708609203616925,170.0,3
prec_gain_g0.0,26,0.2641786870189033,0.001698575887035364,0.2622935500386258,0.2655901413887726,170.0,3
prec_gain_g0.0,27,0.2611567245152775,0.0017134068893486002,0.2594156595070761,0.2628410645189626,170.0,3
prec_gain_g0.0,28,0.25633689289256084,0.0019044799759272545,0.2544441811181469,0.258252926861893,170.0,3
prec_gain_g0.0,29,0.2540005789629198,0.002926530484478358,0.2513010363308933,0.257110728891614,170.0,3
prec_gain_g0.0,30,0.25061517931852706,0.003160809658628184,0.2475956968659688,0.2539005224109622,170.0,3
prec_gain_g0.0,31,0.2472220289429132,0.0016484044416595514,0.2455703847334554,0.2488671744009687,170.0,3
prec_gain_g0.0,32,0.24386677088373077,0.0011065798417103688,0.2426146976003748,0.2447136090559954,170.0,3
prec_gain_g0.0,33,0.23997555259914058,0.002024211387504464,0.2376911461330718,0.2415461797631594,170.0,3
prec_gain_g0.0,34,0.23761063600276291,0.0025097924244872932,0.235053770645656,0.240070545584702,170.0,3
prec_gain_g0.0,35,0.2348873249442168,0.0022171103668734227,0.2326917200206817,0.2371253324944263,170.0,3
prec_gain_g0.0,36,0.23254484383158616,0.003004396470491054,0.2299996707181937,0.2358589907031022,170.0,3
prec_gain_g0.0,37,0.23080740588851847,0.0023885276710473528,0.2284652047512048,0.2332397101717408,170.0,3
prec_gain_g0.0,38,0.2283110914775576,0.0021949092716123967,0.2265758942437079,0.2307785165320501,170.0,3
prec_gain_g0.0,39,0.22568950674756838,0.002229183721504952,0.2237551783015072,0.2281273987364658,170.0,3
prec_gain_g0.0,40,0.22332505024517743,0.002590386432396662,0.2214858463234616,0.2262874685389208,170.0,3
prec_gain_g0.5,1,1.3030119717255229,0.012997867574713582,1.2910502643155664,1.3168434768919235,166.66666666666666,3
prec_gain_g0.5,2,0.9637986983488581,0.02766133665309616,0.931893023226406,0.9810440012563584,166.66666666666666,3
prec_gain_g0.5,3,0.7903734626220794,0.013484567165440543,0.7794349576772049,0.8054393490782369,166.66666666666666,3
prec_gain_g0.5,4,0.6701552114539524,0.009002440544263936,0.6600684730888956,0.6773750956534692,166.66666666666666,3
prec_gain_g0.5,5,0.6000734332799412,0.0074959065103241225,0.5956884179287149,0.6087287069801487,166.66666666666666,3
prec_gain_g0.5,6,0.5462070642910973,0.004288670194645502,0.5434908128390885,0.5511511592829398,166.66666666666666,3
prec_gain_g0.5,7,0.5073834773837588,0.004235779199749883,0.5047748439833041,0.5122708234259756,166.66666666666666,3
prec_gain_g0.5,8,0.4722338560589998,0.006655444275492441,0.4657795639725769,0.4790736913708225,166.66666666666666,3
prec_gain_g0.5,9,0.442395151119704,0.004003682485135918,0.437887546454302,0.4455381095563139,166.66666666666666,3
prec_gain_g0.5,10,0.41875891257273085,0.005656031115456468,0.4128172548049241,0.4240777651376707,166.66666666666666,3
prec_gain_g0.5,11,0.4004497841512811,0.005237083025712533,0.3944466841830726,0.4040831028406704,166.66666666666666,3
prec_gain_g0.5,12,0.3848772113069767,0.005965740995641889,0.3780248138553397,0.3889145994475277,166.66666666666666,3
prec_gain_g0.5,13,0.3706130859824069,0.00480950858991555,0.36618255459178,0.3757282079800177,166.66666666666666,3
prec_gain_g0.5,14,0.3565269738529053,0.004382992751383656,0.3516582560577772,0.3601581266893885,166.66666666666666,3
prec_gain_g0.5,15,0.34469497531515786,0.004202500756928595,0.3400300884218591,0.3481850608984508,166.66666666666666,3
prec_gain_g0.5,16,0.3313431388312355,0.004656450771392733,0.3260659805312024,0.3348740374272453,166.66666666666666,3
prec_gain_g0.5,17,0.32235712807903666,0.003972369616585754,0.3177882884777853,0.324993682646906,166.66666666666666,3
prec_gain_g0.5,18,0.31566530901363254,0.0025950608237326517,0.3126772064590866,0.3173537131182815,166.66666666666666,3
prec_gain_g0.5,19,0.307284848775024,0.001126381840691049,0.3063574911857236,0.3085383009404672,166.66666666666666,3
prec_gain_g0.5,20,0.30028472418082325,0.0006502294659799485,0.2995644052997784,0.3008283335890108,166.66666666666666,3
prec_gain_g0.5,21,0.29456844457532566,0.0007976486035290659,0.2937461892669163,0.2953389681818675,166.66666666666666,3
prec_gain_g0.5,22,0.28785129823169964,0.002174849385359811,0.286548544922896,0.2903620014338872,166.66666666666666,3
prec_gain_g0.5,23,0.28147715128437395,0.0013527901536740034,0.2801049863581784,0.2828096962455073,166.66666666666666,3
prec_gain_g0.5,24,0.2737902460704539,0.0020229152734513984,0.2718922016417119,0.2759183597628087,166.66666666666666,3
prec_gain_g0.5,25,0.2701061682481946,0.0011853778217011215,0.2691282785394412,0.271424522150217,166.66666666666666,3
prec_gain_g0.5,26,0.26451238219150147,0.0013468288502363457,0.2635673876099303,0.2660545461978718,166.66666666666666,3
prec_gain_g0.5,27,0.26141354898223507,0.0016202604345945699,0.2601881826394975,0.263250610310252,166.66666666666666,3
prec_gain_g0.5,28,0.2557444975964016,0.0019194526496186383,0.2539150259857334,0.2577427802135751,166.66666666666666,3
prec_gain_g0.5,29,0.2537373430292641,0.0027706171336444427,0.2517130528079239,0.2568949498911859,166.66666666666666,3
prec_gain_g0.5,30,0.25092261519603276,0.003614506186283037,0.2485822373179034,0.2550855668238769,166.66666666666666,3
prec_gain_g0.5,31,0.24792498229029866,0.002919771388609143,0.2461914584632107,0.2512959878655955,166.66666666666666,3
prec_gain_g0.5,32,0.24470988661873638,0.002881935402036564,0.2423442942481165,0.2479196340154869,166.66666666666666,3
prec_gain_g0.5,33,0.24079735265327087,0.003932780699573108,0.2383681866593053,0.2453347550045454,166.66666666666666,3
prec_gain_g0.5,34,0.23882807074098591,0.0037049932741066477,0.2361385517061608,0.2430541217539193,166.66666666666666,3
prec_gain_g0.5,35,0.23575526698930316,0.0032817516574385796,0.2333413532075583,0.2394919786374253,166.66666666666666,3
prec_gain_g0.5,36,0.23237455475762628,0.004245351941318009,0.2285289989680828,0.2369301616646554,166.66666666666666,3
prec_gain_g0.5,37,0.23073645245616928,0.004062449657008008,0.2273346903666529,0.2352345657455706,166.66666666666666,3
prec_gain_g0.5,38,0.22762018733269498,0.0033587380757090363,0.2242730200164,0.2309903778040914,166.66666666666666,3
prec_gain_g0.5,39,0.22502612291488955,0.0033385104326592967,0.2219520856714847,0.2285776819751523,166.66666666666666,3
prec_gain_g0.5,40,0.22210538817033676,0.003178729899169942,0.2191782450225767,0.2254868227519074,166.66666666666666,3
prec_gain_g0.9,1,1.4106515394461507,0.1045736839751617,1.3168434768919235,1.5234015343809073,158.33333333333334,3
prec_gain_g0.9,2,1.205061167135335,0.20315370654631498,1.0691086787952278,1.4385944080439923,158.33333333333334,3
prec_gain_g0.9,3,0.9013778489586927,0.03821837941816508,0.8792351800539586,0.945508541929977,158.33333333333334,3
prec_gain_g0.9,4,0.7479908122734465,0.024352844039685306,0.7269823152441682,0.7746828124000095,158.33333333333334,3
prec_gain_g0.9,5,0.6651243394375151,0.01049514788103369,0.6533279691824384,0.6734271795608109,158.33333333333334,3
prec_gain_g0.9,6,0.6027219456454777,0.008779409660456601,0.5942451749777513,0.6117755467866748,158.33333333333334,3
prec_gain_g0.9,7,0.5543629160937545,0.004773858105866098,0.5492766521517644,0.558746472078191,158.33333333333334,3
prec_gain_g0.9,8,0.5093987054362764,0.0063526846365003515,0.5041926205082168,0.516477137479125,158.33333333333334,3
prec_gain_g0.9,9,0.475409934025524,0.00737543084430061,0.4705232915799983,0.4838937456543922,158.33333333333334,3
prec_gain_g0.9,10,0.4512139397240071,0.007787466048379384,0.4455124544037253,0.4600866775943437,158.33333333333334,3
prec_gain_g0.9,11,0.42832993066324115,0.006110228880072088,0.4234692375764007,0.4351891759415077,158.33333333333334,3
prec_gain_g0.9,12,0.41071553848289827,0.004869098638386133,0.4078177277552631,0.4163369899867167,158.33333333333334,3
prec_gain_g0.9,13,0.3938877896333361,0.0021978061375328164,0.3921799986124324,0.3963673970462686,158.33333333333334,3
prec_gain_g0.9,14,0.3780764303271211,0.0032579852098436777,0.3746011053905867,0.3810615121581877,158.33333333333334,3
prec_gain_g0.9,15,0.3665175039403936,0.0054355091161744,0.3604934726822967,0.3710553127740141,158.33333333333334,3
prec_gain_g0.9,16,0.3501996225157134,0.004679041072025658,0.3452474443959418,0.3545466402905011,158.33333333333334,3
prec_gain_g0.9,17,0.33914752689658584,0.003686808849019784,0.3351217188872976,0.3423592686273103,158.33333333333334,3
prec_gain_g0.9,18,0.32978444686397895,0.0034334926389242024,0.3258791411906014,0.332328971645991,158.33333333333334,3
prec_gain_g0.9,19,0.32029765569622887,0.003042948036838858,0.3168258839683829,0.3225021923439971,158.33333333333334,3
prec_gain_g0.9,20,0.31147085315492534,0.004943458006189772,0.3058576333019023,0.3151755717720655,158.33333333333334,3
prec_gain_g0.9,21,0.3030097729568175,0.004128682081425028,0.2983205951456173,0.3060991600368856,158.33333333333334,3
prec_gain_g0.9,22,0.29544148066023757,0.002454921399596123,0.2927269004502991,0.2975058278994278,158.33333333333334,3
prec_gain_g0.9,23,0.28944097667489244,0.002059966034065866,0.2871001354363861,0.2909771933897864,158.33333333333334,3
prec_gain_g0.9,24,0.2808009905278532,0.0024738140589286597,0.2788757776924064,0.283591142472185,158.33333333333334,3
prec_gain_g0.9,25,0.2767417979981934,0.003494893044345282,0.2737920246448752,0.2806017224658431,158.33333333333334,3
prec_gain_g0.9,26,0.2711472713707459,0.0038493360614644287,0.2686442707327877,0.2755797509365728,158.33333333333334,3
prec_gain_g0.9,27,0.266234065841586,0.004114864606772066,0.263318527530791,0.2709409638034146,158.33333333333334,3
prec_gain_g0.9,28,0.2609122366598156,0.003863169644259224,0.2577569229164458,0.2652206582753044,158.33333333333334,3
prec_gain_g0.9,29,0.2570921599717079,0.004027207681307428,0.2528731045416983,0.2608952284058162,158.33333333333334,3
prec_gain_g0.9,30,0.2536321433027619,0.004532264024548729,0.2487093632230306,0.2576317447725582,158.33333333333334,3
prec_gain_g0.9,31,0.24956715995760892,0.004226255251804339,0.2455333977901996,0.2539626552462629,158.33333333333334,3
prec_gain_g0.9,32,0.24658288106703163,0.004622146708776529,0.2423051933717839,0.2514858307707866,158.33333333333334,3
prec_gain_g0.9,33,0.24291231171027783,0.0047146107006889645,0.2379629714889144,0.2473505442948693,158.33333333333334,3
prec_gain_g0.9,34,0.23979025124413114,0.004217585861553365,0.234967330536551,0.2427870383322079,158.33333333333334,3
prec_gain_g0.9,35,0.2363296863266907,0.004560163989744112,0.2310711463079391,0.2391954161989393,158.33333333333334,3
prec_gain_g0.9,36,0.23321681910024536,0.00452564483452279,0.2280003612384886,0.2360950234015376,158.33333333333334,3
prec_gain_g0.9,37,0.23120440454741653,0.005079511334815497,0.2253391371708081,0.2341573938538335,158.33333333333334,3
prec_gain_g0.9,38,0.22835036516458865,0.004695942172643737,0.2229625086049635,0.2315735610123591,158.33333333333334,3
prec_gain_g0.9,39,0.2258285658605914,0.0043645986244231745,0.220790303969791,0.2284556736187695,158.33333333333334,3
prec_gain_g0.9,40,0.22341826807700707,0.004370245132060787,0.2183760779757889,0.2261162296074368,158.33333333333334,3
prec_gain_g1.0,1,1.3695826624338074,0.05929854994153543,1.3011421739690785,1.4056036507348155,156.0,3
prec_gain_g1.0,2,1.2648932991287913,0.11611295072761774,1.136852687581676,1.363358033663104,156.0,3
prec_gain_g1.0,3,1.0254579494076355,0.13204643696327598,0.9233864797767264,1.1745871235054204,156.0,3
prec_gain_g1.0,4,0.8446867185318814,0.07460429530518489,0.792380937558208,0.9301175968011473,156.0,3
prec_gain_g1.0,5,0.7177183889727052,0.06245018020640513,0.6751000139168092,0.7894039656974655,156.0,3
prec_gain_g1.0,6,0.6434283748271729,0.053486475415102146,0.6099530712052816,0.7051143979979017,156.0,3
prec_gain_g1.0,7,0.5904000974537836,0.04882584350124056,0.5590452881305991,0.6466560671816481,156.0,3
prec_gain_g1.0,8,0.5428404486356087,0.042550312567442974,0.5073652359691434,0.5900171627047917,156.0,3
prec_gain_g1.0,9,0.5098324574313085,0.041465452760333726,0.4757620940390341,0.5560016660780449,156.0,3
prec_gain_g1.0,10,0.4826815895057585,0.03908816927530265,0.4518958546555165,0.5266587861095162,156.0,3
prec_gain_g1.0,11,0.45982381849847725,0.034214375375470736,0.4310967649736923,0.4976754439317227,156.0,3
prec_gain_g1.0,12,0.43921264448752817,0.02637812712839325,0.4184521507181761,0.4688946274247254,156.0,3
prec_gain_g1.0,13,0.42075545538970155,0.025954447827582276,0.4030908088883052,0.4505545037070433,156.0,3
prec_gain_g1.0,14,0.40412268774899446,0.027129027188822326,0.384684082118499,0.4351161432986853,156.0,3
prec_gain_g1.0,15,0.39145430064297004,0.025454665349164567,0.3740206041040056,0.4206647980940508,156.0,3
prec_gain_g1.0,16,0.37820862355761947,0.02457917351666499,0.3600962506838981,0.4061881350835016,156.0,3
prec_gain_g1.0,17,0.36699588447556647,0.023218480648132468,0.3483934155091737,0.3930171355518616,156.0,3
prec_gain_g1.0,18,0.3565560422636696,0.020664403623726617,0.3401843948565713,0.3797749776879346,156.0,3
prec_gain_g1.0,19,0.34503814957446094,0.01864214925002974,0.3326073411217633,0.3664731457654335,156.0,3
prec_gain_g1.0,20,0.3369431144347124,0.019813823818201508,0.3224664568692737,0.3595244352202485,156.0,3
prec_gain_g1.0,21,0.32844735906057,0.02034026396159512,0.312067157005797,0.3512146022465201,156.0,3
prec_gain_g1.0,22,0.3216025161802281,0.021123250967756916,0.3048559477491219,0.3453334065172948,156.0,3
prec_gain_g1.0,23,0.31333229844003624,0.018557254774167066,0.2974868693387285,0.3337475502509875,156.0,3
prec_gain_g1.0,24,0.305042688577991,0.016296322574594554,0.2914467817978909,0.3231071240532068,156.0,3
prec_gain_g1.0,25,0.29964976017389566,0.017376082048842043,0.2857195645556646,0.3191204753166918,156.0,3
prec_gain_g1.0,26,0.29187352449607956,0.015994726712140726,0.2797102653934821,0.3099914586546229,156.0,3
prec_gain_g1.0,27,0.28668318695837813,0.015137071186062568,0.2747404666116149,0.3037071258865654,156.0,3
prec_gain_g1.0,28,0.27971901801245064,0.012928304988698482,0.2691791494889319,0.2941445215361953,156.0,3
prec_gain_g1.0,29,0.27590708063429237,0.012099335881904308,0.2662227084251908,0.2894701399732058,156.0,3
prec_gain_g1.0,30,0.27054261949258174,0.01165929970733125,0.2607178382444815,0.2834264920827162,156.0,3
prec_gain_g1.0,31,0.26634524994328596,0.012727388265660361,0.2555935076885176,0.280397897023185,156.0,3
prec_gain_g1.0,32,0.26311819270119036,0.012028622121674418,0.2521286688542943,0.2759689402390828,156.0,3
prec_gain_g1.0,33,0.2605439283281407,0.012693337603362536,0.2503414640441689,0.2747585084506246,156.0,3
prec_gain_g1.0,34,0.2577162255343857,0.011093017603252082,0.2484865666124043,0.2700229394643462,156.0,3
prec_gain_g1.0,35,0.25339181936160304,0.00997211928426851,0.2452184706394547,0.2645027688467948,156.0,3
prec_gain_g1.0,36,0.2491339344690394,0.008516233345526729,0.2418388459947939,0.2584922136422417,156.0,3
prec_gain_g1.0,37,0.24648920845742417,0.007844894718080964,0.2397713126463903,0.2551107393828891,156.0,3
prec_gain_g1.0,38,0.2430442469571397,0.00726123726995365,0.236304321139465,0.2507334246869538,156.0,3
prec_gain_g1.0,39,0.2405525483850612,0.006833240711243239,0.2339514503943918,0.2475963990788938,156.0,3
prec_gain_g1.0,40,0.23759007852322042,0.006528000300601166,0.2315451608142239,0.2445124111376299,156.0,3
var_reduction_g0.0,1,1.2956268964886275,0.019338778699311717,1.2789869482583929,1.3168434768919235,159.33333333333334,3
var_reduction_g0.0,2,0.965419129490793,0.029056760104346997,0.931893023226406,0.9833203639896148,159.33333333333334,3
var_reduction_g0.0,3,0.7793819539621891,0.02374637572360372,0.7549872507672211,0.802422008268344,159.33333333333334,3
var_reduction_g0.0,4,0.6680165277062149,0.014086898613776015,0.6542084091144067,0.6823665663380241,159.33333333333334,3
var_reduction_g0.0,5,0.598473345258993,0.009742431114266276,0.5882639864398204,0.6076696879480123,159.33333333333334,3
var_reduction_g0.0,6,0.5456492975636751,0.0014529087187153441,0.544194056448729,0.5470998625989242,159.33333333333334,3
var_reduction_g0.0,7,0.5065649192111223,0.003918685943444244,0.5022466336942306,0.5098947058818232,159.33333333333334,3
var_reduction_g0.0,8,0.46981489699931805,0.00789788675640272,0.4622978887479122,0.4780452637602306,159.33333333333334,3
var_reduction_g0.0,9,0.4387477358784546,0.005855641681312941,0.4345247483121742,0.4454323381789176,159.33333333333334,3
var_reduction_g0.0,10,0.41787512989807624,0.0034994785662991646,0.4152040820929522,0.4218365780099489,159.33333333333334,3
var_reduction_g0.0,11,0.40099888887062024,0.0035021107288459134,0.3975145366422607,0.4045184919786994,159.33333333333334,3
var_reduction_g0.0,12,0.38765228550364234,0.004256802346287529,0.3840023994405713,0.3923283888271132,159.33333333333334,3
var_reduction_g0.0,13,0.3726859737209536,0.002475623664085833,0.3700789860693085,0.3750050580470809,159.33333333333334,3
var_reduction_g0.0,14,0.3594309793355241,0.004006659289282326,0.3559539760109007,0.3638126144736199,159.33333333333334,3
var_reduction_g0.0,15,0.3481911980757355,0.0044682743392967725,0.3436871824853501,0.3526228522281136,159.33333333333334,3
var_reduction_g0.0,16,0.33543257265022436,0.0051863354765598665,0.3295130828842412,0.3391783241223988,159.33333333333334,3
var_reduction_g0.0,17,0.32621413693459234,0.0054013297411145324,0.3200664929968149,0.330198573247196,159.33333333333334,3
var_reduction_g0.0,18,0.3184308879368563,0.0029738360871932644,0.315332518127562,0.3212621724737993,159.33333333333334,3
var_reduction_g0.0,19,0.30988533845990124,0.0024799230193885166,0.3081954174187585,0.3127323337799005,159.33333333333334,3
var_reduction_g0.0,20,0.3033237412474685,0.0006272467647815428,0.3026199734853479,0.3038238536908194,159.33333333333334,3
var_reduction_g0.0,21,0.2960724164287607,0.0004629174531383645,0.2957795172402426,0.2966060999541831,159.33333333333334,3
var_reduction_g0.0,22,0.29052704869275153,0.0016970623153048908,0.2886782110364342,0.2920139352910671,159.33333333333334,3
var_reduction_g0.0,23,0.28517016347940605,0.0009527368311845697,0.2841112320610484,0.285957903573507,159.33333333333334,3
var_reduction_g0.0,24,0.27905050420399563,0.0018048088119533969,0.2773927991372578,0.2809731324371716,159.33333333333334,3
var_reduction_g0.0,25,0.2757079976823485,0.0009444357738518446,0.2749394310212594,0.2767623092932872,159.33333333333334,3
var_reduction_g0.0,26,0.2704456577792182,0.001242483066685314,0.2691075646812596,0.2715629166851183,159.33333333333334,3
var_reduction_g0.0,27,0.2673808161949324,0.0007439650178495941,0.2665679980950398,0.2680280135339402,159.33333333333334,3
var_reduction_g0.0,28,0.2630845092146981,0.0005300364154522654,0.2626005803052729,0.2636509705255933,159.33333333333334,3
var_reduction_g0.0,29,0.2601365038791035,0.001365706016165888,0.2592466680844131,0.2617089398989006,159.33333333333334,3
var_reduction_g0.0,30,0.257899062196312,0.0008027641491188022,0.2572989077552867,0.2588109328985639,159.33333333333334,3
var_reduction_g0.0,31,0.25379534965647393,0.0012488673825311913,0.2523537712278652,0.2545486729264393,159.33333333333334,3
var_reduction_g0.0,32,0.2500184434653725,0.0012521771164873017,0.2487002999307532,0.2511921226050161,159.33333333333334,3
var_reduction_g0.0,33,0.24665297811168116,0.00015970915079870668,0.2465178040419716,0.2468292067178034,159.33333333333334,3
var_reduction_g0.0,34,0.24463074025320672,0.000517784064924324,0.2442507974586722,0.2452205027741255,159.33333333333334,3
var_reduction_g0.0,35,0.24218918625730165,0.0006910177184620187,0.2416098446280623,0.2429540180390695,159.33333333333334,3
var_reduction_g0.0,36,0.2396137647336908,0.0006705112025592282,0.2388717956052477,0.240176312948132,159.33333333333334,3
var_reduction_g0.0,37,0.23807220662003292,0.0009113470032006254,0.2370320424301677,0.2387304813480336,159.33333333333334,3
var_reduction_g0.0,38,0.2353938313300703,0.0014645383549777386,0.2343178342433243,0.2370616729135097,159.33333333333334,3
var_reduction_g0.0,39,0.23289441398163005,0.0018484101071094506,0.2310501884264643,0.2347469804121799,159.33333333333334,3
var_reduction_g0.0,40,0.2310215875914594,0.0022099411359268553,0.2288013276264562,0.2332210632904875,159.33333333333334,3
var_reduction_g0.5,1,1.3030119717255229,0.012997867574713582,1.2910502643155664,1.3168434768919235,169.0,3
var_reduction_g0.5,2,0.9597803025075242,0.03313476033444766,0.931893023226406,0.9964095561610204,169.0,3
var_reduction_g0.5,3,0.815284557955508,0.025116764450521353,0.7919715489059671,0.8418819313725147,169.0,3
var_reduction_g0.5,4,0.6905724178470255,0.017400794946320106,0.6729898965449225,0.7077856066181513,169.0,3
var_reduction_g0.5,5,0.6108140669961394,0.00914332913675768,0.6024292168619364,0.620562676354038,169.0,3
var_reduction_g0.5,6,0.5548715656532179,0.008095079804464573,0.5472358508865011,0.5633587069261741,169.0,3
var_reduction_g0.5,7,0.5156575454186769,0.009219679253146386,0.5068235304624658,0.5252197079329283,169.0,3
var_reduction_g0.5,8,0.477744444669111,0.007830337633331496,0.4721716206683394,0.4866970477097003,169.0,3
var_reduction_g0.5,9,0.4500948803677612,0.0037059206756323887,0.4474971103571288,0.4543386832468005,169.0,3
var_reduction_g0.5,10,0.42619399214468356,0.0055690690381289916,0.4229225920666488,0.4326242710075939,169.0,3
var_reduction_g0.5,11,0.40908909033309704,0.0037650788561492186,0.406458644330974,0.4134020431694603,169.0,3
var_reduction_g0.5,12,0.3934223148033081,0.006220538281455759,0.3878425580743411,0.4001294412637407,169.0,3
var_reduction_g0.5,13,0.37850931650255104,0.005879527936471361,0.3742819417032236,0.3852236370635585,169.0,3
var_reduction_g0.5,14,0.36203979722359864,0.004471315828753669,0.359312455871897,0.3672000284618449,169.0,3
var_reduction_g0.5,15,0.35240128673151855,0.002876590043814563,0.3497268570618718,0.3554444733529662,169.0,3
var_reduction_g0.5,16,0.3400029924297488,0.0035243854045459767,0.3363408357327091,0.3433711943011263,169.0,3
var_reduction_g0.5,17,0.33156501744875616,0.0024499054663671364,0.3298040905195522,0.3343628721245195,169.0,3
var_reduction_g0.5,18,0.32365095742206473,0.0003218641644300765,0.3234311652014285,0.3240204013606441,169.0,3
var_reduction_g0.5,19,0.3148091131925898,0.00038951682371998314,0.3143594994295153,0.315044358177469,169.0,3
var_reduction_g0.5,20,0.30932289290669984,0.0012805636959537757,0.3078450113935405,0.3101035835637719,169.0,3
var_reduction_g0.5,21,0.3019503522561018,0.0015153652569330598,0.3002903948210474,0.303259640734927,169.0,3
var_reduction_g0.5,22,0.29572006266575435,0.000869529262872942,0.2950923566973084,0.2967125687659912,169.0,3
var_reduction_g0.5,23,0.2889150952552824,0.0006419694552042423,0.2883415139086762,0.2896085530043788,169.0,3
var_reduction_g0.5,24,0.2825072905679837,0.0015927798413405175,0.2811279684750896,0.2842505409775231,169.0,3
var_reduction_g0.5,25,0.27876796398171594,0.0013666446926869677,0.2774180708142621,0.2801507658072795,169.0,3
var_reduction_g0.5,26,0.27347539456450803,0.0018414215086059896,0.271352761227407,0.2746446647393799,169.0,3
var_reduction_g0.5,27,0.2698070657570857,0.002465075151814185,0.2669835717549838,0.2715310734171424,169.0,3
var_reduction_g0.5,28,0.26452691443587256,0.0020890405835848557,0.2622972574363066,0.2664389648671649,169.0,3
var_reduction_g0.5,29,0.26218976948435774,0.0022321575757837104,0.260277073327635,0.2646423536744917,169.0,3
var_reduction_g0.5,30,0.25904960038069136,0.0032912575942326415,0.2565030908360339,0.2627659768048869,169.0,3
var_reduction_g0.5,31,0.25497546022821177,0.0013281803412055185,0.2540324347238459,0.2564943937136015,169.0,3
var_reduction_g0.5,32,0.25252509629784886,0.001504096048067495,0.2514237349401418,0.2542387719429961,169.0,3
var_reduction_g0.5,33,0.24963240299788794,0.001922799759028404,0.2482577323573625,0.2518296619539276,169.0,3
var_reduction_g0.5,34,0.2476345520128814,0.002505998742049663,0.245459040254116,0.250374697415276,169.0,3
var_reduction_g0.5,35,0.24401147630434625,0.0029952405860717824,0.2417614252754084,0.2474112367360821,169.0,3
var_reduction_g0.5,36,0.2411899378358239,0.0042967169823298875,0.2382574048705221,0.2461220324492115,169.0,3
var_reduction_g0.5,37,0.23948129819352168,0.004042391773460767,0.2364650763695951,0.244074491872899,169.0,3
var_reduction_g0.5,38,0.2374053715886343,0.004763977621925259,0.2339515767692194,0.2428402278426713,169.0,3
var_reduction_g0.5,39,0.23439174924692605,0.004704077658531785,0.2307666682131487,0.2397074936176332,169.0,3
var_reduction_g0.5,40,0.23237840503500906,0.0042630562520528815,0.2293739445117529,0.2372575512463335,169.0,3
var_reduction_g0.9,1,1.3650381058302508,0.0608963860827316,1.3123882842019878,1.431728435629216,156.66666666666666,3
var_reduction_g0.9,2,1.2056614993658548,0.0510946545159362,1.1470325266615928,1.2406896876558775,156.66666666666666,3
var_reduction_g0.9,3,0.9513288331911555,0.06722977836157691,0.874956773481812,1.0015699229942934,156.66666666666666,3
var_reduction_g0.9,4,0.7963350456666345,0.05664327564816248,0.7314958425869524,0.8361956810155328,156.66666666666666,3
var_reduction_g0.9,5,0.6917921396960987,0.039244373792688345,0.64647725059557,0.7146532843576469,156.66666666666666,3
var_reduction_g0.9,6,0.6124786358011948,0.020103093181837044,0.5892670913732758,0.6243135573784075,156.66666666666666,3
var_reduction_g0.9,7,0.5609691030934312,0.015046161027150385,0.5440049906042782,0.572699409212396,156.66666666666666,3
var_reduction_g0.9,8,0.513900011340856,0.010718011771329942,0.5020910994119412,0.5230119547365774,156.66666666666666,3
var_reduction_g0.9,9,0.481932492354205,0.006439520816151762,0.4745466018984984,0.4863696787888443,156.66666666666666,3
var_reduction_g0.9,10,0.4566748550179453,0.003616472807215967,0.4525132517535371,0.4590551049221146,156.66666666666666,3
var_reduction_g0.9,11,0.4360253199770801,0.0017020387998010697,0.4341525315063182,0.4374778862611659,156.66666666666666,3
var_reduction_g0.9,12,0.42080952894256934,0.0039300240839410935,0.4167569375133933,0.4246042890564269,156.66666666666666,3
var_reduction_g0.9,13,0.40459388167046023,0.0026389154123567177,0.4015705751552733,0.4064350616189222,156.66666666666666,3
var_reduction_g0.9,14,0.38835813611059516,0.0018652784635759603,0.3867833678787837,0.3904180541194634,156.66666666666666,3
var_reduction_g0.9,15,0.37691577237226004,0.0032473748063456464,0.3740653845110263,0.3804509212581513,156.66666666666666,3
var_reduction_g0.9,16,0.36250606141230457,0.003837913205050761,0.3588931347128135,0.3665350567117825,156.66666666666666,3
var_reduction_g0.9,17,0.35110487312295197,0.0055270929655967665,0.3473492390609782,0.3574514893488855,156.66666666666666,3
var_reduction_g0.9,18,0.342078423799419,0.005832358829966615,0.3364499215046888,0.3480952334490057,156.66666666666666,3
var_reduction_g0.9,19,0.33119108400630176,0.0054469607331181225,0.3279013225791862,0.3374784299639543,156.66666666666666,3
var_reduction_g0.9,20,0.32426883700361736,0.005383534216350548,0.319218771193847,0.3299331480335432,156.66666666666666,3
var_reduction_g0.9,21,0.3178137921266779,0.0024696441427704283,0.3155187658762146,0.320427178054776,156.66666666666666,3
var_reduction_g0.9,22,0.31057249145768656,0.00039681013407832954,0.3101952475152622,0.3109863322967481,156.66666666666666,3
var_reduction_g0.9,23,0.3048715116324017,0.0005831569643915207,0.304411541752993,0.3055273989407845,156.66666666666666,3
var_reduction_g0.9,24,0.2977045989022589,0.001137780182492951,0.2965186960661411,0.2987872130523483,156.66666666666666,3
var_reduction_g0.9,25,0.29211213411529463,0.002714274879600949,0.2898810429645654,0.2951339751373007,156.66666666666666,3
var_reduction_g0.9,26,0.2868190391320166,0.003006366659449313,0.284470158413475,0.2902071438783606,156.66666666666666,3
var_reduction_g0.9,27,0.28327860425415996,0.002497107321481983,0.281114212075287,0.2860106790806629,156.66666666666666,3
var_reduction_g0.9,28,0.27780008779887866,0.0025148388073295363,0.2755345332344304,0.2805060342117055,156.66666666666666,3
var_reduction_g0.9,29,0.2742485360839016,0.002121520887315875,0.2727944010593247,0.2766829317348446,156.66666666666666,3
var_reduction_g0.9,30,0.26990348883749316,0.0019808256225454612,0.2687525593353403,0.2721907336876881,156.66666666666666,3
var_reduction_g0.9,31,0.26549436510614915,0.004226654914567953,0.2613653734069037,0.2698123432449219,156.66666666666666,3
var_reduction_g0.9,32,0.2603091335053497,0.004000622070374546,0.2557936380429208,0.2634110983274573,156.66666666666666,3
var_reduction_g0.9,33,0.25659927391107806,0.0037617042100332393,0.2524652217829334,0.2598206951913215,156.66666666666666,3
var_reduction_g0.9,34,0.25383499728000986,0.0028076778119387287,0.2507092067851056,0.2561429630154883,156.66666666666666,3
var_reduction_g0.9,35,0.2505241869254315,0.0024557866874771487,0.2477103834100257,0.2522356713269397,156.66666666666666,3
var_reduction_g0.9,36,0.24760154120729583,0.0022017867412265834,0.2451108969443345,0.2492888850807469,156.66666666666666,3
var_reduction_g0.9,37,0.24544180462450607,0.0018895614232463064,0.2442327028937302,0.2476192499954781,156.66666666666666,3
var_reduction_g0.9,38,0.24261982945649507,0.0007729041753806501,0.2421675646748783,0.2435122750542885,156.66666666666666,3
var_reduction_g0.9,39,0.24067092260629633,0.0007916163017907785,0.2401684447884788,0.2415834431505254,156.66666666666666,3
var_reduction_g0.9,40,0.23915667197523385,0.0011165219319374648,0.2382408227554707,0.2404004314147659,156.66666666666666,3
var_reduction_g1.0,1,1.529874634011308,0.16141631492889083,1.3572494433448634,1.67706115139456,137.66666666666666,3
var_reduction_g1.0,2,1.7369691199746313,0.31971054859212245,1.370278560725367,1.9573057526317232,137.66666666666666,3
var_reduction_g1.0,3,1.6966197412150736,0.25072236982081425,1.446441484380451,1.9478827044158191,137.66666666666666,3
var_reduction_g1.0,4,1.3941987631322723,0.43024686298302084,1.0695859062139346,1.8822078672777431,137.66666666666666,3
var_reduction_g1.0,5,1.196738238621857,0.43378964750793236,0.8308549073178411,1.6759407676872815,137.66666666666666,3
var_reduction_g1.0,6,0.9638637430685191,0.2477578264136829,0.7045149176145212,1.1981210444578438,137.66666666666666,3
var_reduction_g1.0,7,0.8050025088971778,0.14188296996746166,0.6420535898835906,0.90119140046964,137.66666666666666,3
var_reduction_g1.0,8,0.6969202430201795,0.09783890116050893,0.5852419039757174,0.767538181824677,137.66666666666666,3
var_reduction_g1.0,9,0.6259653659390333,0.06762286538966684,0.5482343287902072,0.6712547712913131,137.66666666666666,3
var_reduction_g1.0,10,0.566670582363627,0.04485192947532829,0.5153845897264897,0.5985590408010021,137.66666666666666,3
var_reduction_g1.0,11,0.5323311185585053,0.04349650576805639,0.4833689087777948,0.5665061660973826,137.66666666666666,3
var_reduction_g1.0,12,0.5053849404600836,0.03440064554234893,0.4663137983705357,0.5311244461913367,137.66666666666666,3
var_reduction_g1.0,13,0.4784609341789763,0.02329669168566817,0.4518579829109649,0.4952190094963328,137.66666666666666,3
var_reduction_g1.0,14,0.45371006203008596,0.019652028631312286,0.4316783533842891,0.4694328357208893,137.66666666666666,3
var_reduction_g1.0,15,0.43351253795149985,0.02003935790169471,0.4123722247197534,0.4522307760875807,137.66666666666666,3
var_reduction_g1.0,16,0.4139125763958728,0.014645312407592282,0.3994323460969177,0.4287175691638511,137.66666666666666,3
var_reduction_g1.0,17,0.4019619846282514,0.012588753286283274,0.3888554477009703,0.4139595828608599,137.66666666666666,3
var_reduction_g1.0,18,0.3895085969498673,0.010260770115219668,0.3790630552355413,0.3995740320611462,137.66666666666666,3
var_reduction_g1.0,19,0.3781150453119424,0.009528403538685644,0.3684511033407584,0.3875018646132556,137.66666666666666,3
var_reduction_g1.0,20,0.36878943462445085,0.007373427808760318,0.3604431450661912,0.3744192968120937,137.66666666666666,3
var_reduction_g1.0,21,0.35882437235273645,0.005372534216535946,0.3533733222876085,0.364114787986954,137.66666666666666,3
var_reduction_g1.0,22,0.3481955796047416,0.003360412598787277,0.3460739108110482,0.3520699996110001,137.66666666666666,3
var_reduction_g1.0,23,0.3407603779618879,0.0029331846629752386,0.3383882387526903,0.3440400781323349,137.66666666666666,3
var_reduction_g1.0,24,0.334077225189932,0.00651705752703966,0.3273175382235906,0.3403209843315239,137.66666666666666,3
var_reduction_g1.0,25,0.32838630203758695,0.005157765440890164,0.3226842947712363,0.3327265602474227,137.66666666666666,3
var_reduction_g1.0,26,0.3211914057063843,0.006992893205320134,0.3136793151767427,0.3275120030347951,137.66666666666666,3
var_reduction_g1.0,27,0.3153537208015303,0.007583803794138885,0.3075011873110639,0.3226366776313294,137.66666666666666,3
var_reduction_g1.0,28,0.3102524802111593,0.007781500721517989,0.3027747679232941,0.3183058024499775,137.66666666666666,3
var_reduction_g1.0,29,0.30647058213490236,0.008274718094384856,0.2979306035740153,0.3144517079227021,137.66666666666666,3
var_reduction_g1.0,30,0.3021272512138488,0.00817296713748816,0.2928125622854676,0.3080979194980019,137.66666666666666,3
var_reduction_g1.0,31,0.29655867160427934,0.008198652666309973,0.2877496815933698,0.3039663610395976,137.66666666666666,3
var_reduction_g1.0,32,0.2921490159802687,0.007923447926867005,0.2835684773098859,0.2991891569750693,137.66666666666666,3
var_reduction_g1.0,33,0.2880423759011353,0.007865365496521368,0.2791118504714223,0.2939388133278301,137.66666666666666,3
var_reduction_g1.0,34,0.2843411290434233,0.008079453238958853,0.2751671615938922,0.2903965492042427,137.66666666666666,3
var_reduction_g1.0,35,0.2810112626902079,0.006718631289126815,0.2734064815993396,0.2861423687127903,137.66666666666666,3
var_reduction_g1.0,36,0.27745392546940845,0.007857668873073403,0.2686411503854827,0.2837295927146179,137.66666666666666,3
var_reduction_g1.0,37,0.2739958520144189,0.008090970289694892,0.265002615824615,0.2806845187754153,137.66666666666666,3
var_reduction_g1.0,38,0.2700694385044307,0.007558617475225911,0.2616588312378974,0.2762943862134923,137.66666666666666,3
var_reduction_g1.0,39,0.26695954759596635,0.007657346065580318,0.2586245266568187,0.2736825459301241,137.66666666666666,3
var_reduction_g1.0,40,0.2654097435893899,0.007141861672612721,0.2583644339921228,0.2726443921460633,137.66666666666666,3
