rep,condition,step,rmse,distinct_items,reference,grad_steps,best_val_return
1,MFI,1,1.2734985777472414,203,0.2155675546151828,,
1,MFI,2,0.9278010794045586,203,0.2155675546151828,,
1,MFI,3,0.7510331457137839,203,0.2155675546151828,,
1,MFI,4,0.6676812243001575,203,0.2155675546151828,,
1,MFI,5,0.612762795960218,203,0.2155675546151828,,
1,MFI,6,0.570111340684441,203,0.2155675546151828,,
1,MFI,7,0.524895903235137,203,0.2155675546151828,,
1,MFI,8,0.4834888864741737,203,0.2155675546151828,,
1,MFI,9,0.4530103479854577,203,0.2155675546151828,,
1,MFI,10,0.4273511840915524,203,0.2155675546151828,,
1,MFI,11,0.4069843931295114,203,0.2155675546151828,,
1,MFI,12,0.3845885105403202,203,0.2155675546151828,,
1,MFI,13,0.3710901000186207,203,0.2155675546151828,,
1,MFI,14,0.3551846325889488,203,0.2155675546151828,,
1,MFI,15,0.3439497443931079,203,0.2155675546151828,,
1,MFI,16,0.331462589000798,203,0.2155675546151828,,
1,MFI,17,0.3208514452884103,203,0.2155675546151828,,
1,MFI,18,0.3125269881372137,203,0.2155675546151828,,
1,MFI,19,0.3048458578412649,203,0.2155675546151828,,
1,MFI,20,0.298852623534569,203,0.2155675546151828,,
1,MFI,21,0.2927455712920304,203,0.2155675546151828,,
1,MFI,22,0.2866518224280564,203,0.2155675546151828,,
1,MFI,23,0.277129633177971,203,0.2155675546151828,,
1,MFI,24,0.2696015090396202,203,0.2155675546151828,,
1,MFI,25,0.2660187333051534,203,0.2155675546151828,,
1,MFI,26,0.2609603744343541,203,0.2155675546151828,,
1,MFI,27,0.2565341798310123,203,0.2155675546151828,,
1,MFI,28,0.2518996645572124,203,0.2155675546151828,,
1,MFI,29,0.249579900398947,203,0.2155675546151828,,
1,MFI,30,0.2455922414211948,203,0.2155675546151828,,
1,MFI,31,0.2438788686601829,203,0.2155675546151828,,
1,MFI,32,0.2416102320836527,203,0.2155675546151828,,
1,MFI,33,0.2376314772153366,203,0.2155675546151828,,
1,MFI,34,0.2342345534388039,203,0.2155675546151828,,
1,MFI,35,0.2305197437570909,203,0.2155675546151828,,
1,MFI,36,0.2284726590857108,203,0.2155675546151828,,
1,MFI,37,0.2269902802261716,203,0.2155675546151828,,
1,MFI,38,0.2235921608630155,203,0.2155675546151828,,
1,MFI,39,0.2207000152580354,203,0.2155675546151828,,
1,MFI,40,0.2184557147501825,203,0.2155675546151828,,
1,FIWL,1,1.3919559748690138,195,0.2155675546151828,,
1,FIWL,2,0.9164950450723488,195,0.2155675546151828,,
1,FIWL,3,0.7950588865467224,195,0.2155675546151828,,
1,FIWL,4,0.7157741240219748,195,0.2155675546151828,,
1,FIWL,5,0.6349668835327168,195,0.2155675546151828,,
1,FIWL,6,0.5908212807888369,195,0.2155675546151828,,
1,FIWL,7,0.540529258619253,195,0.2155675546151828,,
1,FIWL,8,0.4996883319174739,195,0.2155675546151828,,
1,FIWL,9,0.4644113691907159,195,0.2155675546151828,,
1,FIWL,10,0.4391531554651901,195,0.2155675546151828,,
1,FIWL,11,0.4174664023495911,195,0.2155675546151828,,
1,FIWL,12,0.3948713960140461,195,0.2155675546151828,,
1,FIWL,13,0.3799760648669144,195,0.2155675546151828,,
1,FIWL,14,0.3643800711588393,195,0.2155675546151828,,
1,FIWL,15,0.3529497356444788,195,0.2155675546151828,,
1,FIWL,16,0.3406294910748175,195,0.2155675546151828,,
1,FIWL,17,0.3287584403797337,195,0.2155675546151828,,
1,FIWL,18,0.3222394294867644,195,0.2155675546151828,,
1,FIWL,19,0.3121420899063941,195,0.2155675546151828,,
1,FIWL,20,0.3048208535856744,195,0.2155675546151828,,
1,FIWL,21,0.2988076875844592,195,0.2155675546151828,,
1,FIWL,22,0.2918653838645585,195,0.2155675546151828,,
1,FIWL,23,0.284006630024121,195,0.2155675546151828,,
1,FIWL,24,0.2775105034557463,195,0.2155675546151828,,
1,FIWL,25,0.2733530977552703,195,0.2155675546151828,,
1,FIWL,26,0.2676505979308665,195,0.2155675546151828,,
1,FIWL,27,0.2618808838522281,195,0.2155675546151828,,
1,FIWL,28,0.2559170717341802,195,0.2155675546151828,,
1,FIWL,29,0.2528884449921608,195,0.2155675546151828,,
1,FIWL,30,0.2503262147981087,195,0.2155675546151828,,
1,FIWL,31,0.2485816889309289,195,0.2155675546151828,,
1,FIWL,32,0.2444047858747062,195,0.2155675546151828,,
1,FIWL,33,0.2397765815771385,195,0.2155675546151828,,
1,FIWL,34,0.2364584662016341,195,0.2155675546151828,,
1,FIWL,35,0.2321907426540552,195,0.2155675546151828,,
1,FIWL,36,0.2291650362806867,195,0.2155675546151828,,
1,FIWL,37,0.227977947762777,195,0.2155675546151828,,
1,FIWL,38,0.2249582982232699,195,0.2155675546151828,,
1,FIWL,39,0.222033633953142,195,0.2155675546151828,,
1,FIWL,40,0.2194531696507618,195,0.2155675546151828,,
1,MPWI,1,1.3168434768919235,183,0.2155675546151828,,
1,MPWI,2,0.931893023226406,183,0.2155675546151828,,
1,MPWI,3,0.7532867170639667,183,0.2155675546151828,,
1,MPWI,4,0.6629900080116536,183,0.2155675546151828,,
1,MPWI,5,0.5904416197276291,183,0.2155675546151828,,
1,MPWI,6,0.5429805539342432,183,0.2155675546151828,,
1,MPWI,7,0.5017368149347537,183,0.2155675546151828,,
1,MPWI,8,0.4652333753178329,183,0.2155675546151828,,
1,MPWI,9,0.4392308347318076,183,0.2155675546151828,,
1,MPWI,10,0.4193957914002285,183,0.2155675546151828,,
1,MPWI,11,0.3999662378366856,183,0.2155675546151828,,
1,MPWI,12,0.38194614889629,183,0.2155675546151828,,
1,MPWI,13,0.3682675852973373,183,0.2155675546151828,,
1,MPWI,14,0.3547975578479389,183,0.2155675546151828,,
1,MPWI,15,0.3446664462365921,183,0.2155675546151828,,
1,MPWI,16,0.3318849384167193,183,0.2155675546151828,,
1,MPWI,17,0.3225501254503437,183,0.2155675546151828,,
1,MPWI,18,0.3161879252287588,183,0.2155675546151828,,
1,MPWI,19,0.3090239036466369,183,0.2155675546151828,,
1,MPWI,20,0.3024216728345258,183,0.2155675546151828,,
1,MPWI,21,0.2953799157761447,183,0.2155675546151828,,
1,MPWI,22,0.2898064039723484,183,0.2155675546151828,,
1,MPWI,23,0.2837194520207372,183,0.2155675546151828,,
1,MPWI,24,0.2751742600637015,183,0.2155675546151828,,
1,MPWI,25,0.2712398854616142,183,0.2155675546151828,,
1,MPWI,26,0.2668725345411042,183,0.2155675546151828,,
1,MPWI,27,0.2623638117768407,183,0.2155675546151828,,
1,MPWI,28,0.2568553609079659,183,0.2155675546151828,,
1,MPWI,29,0.2526205946613688,183,0.2155675546151828,,
1,MPWI,30,0.2494055257706437,183,0.2155675546151828,,
1,MPWI,31,0.2471242828019446,183,0.2155675546151828,,
1,MPWI,32,0.2447638299938253,183,0.2155675546151828,,
1,MPWI,33,0.2399381450325048,183,0.2155675546151828,,
1,MPWI,34,0.2364212911042458,183,0.2155675546151828,,
1,MPWI,35,0.2328400687710026,183,0.2155675546151828,,
1,MPWI,36,0.2298036525963487,183,0.2155675546151828,,
1,MPWI,37,0.2287311408719127,183,0.2155675546151828,,
1,MPWI,38,0.2256435086804729,183,0.2155675546151828,,
1,MPWI,39,0.223239227351712,183,0.2155675546151828,,
1,MPWI,40,0.2202467304380483,183,0.2155675546151828,,
1,MEPV,1,1.3168434768919235,184,0.2155675546151828,,
1,MEPV,2,0.931893023226406,184,0.2155675546151828,,
1,MEPV,3,0.7532867170639667,184,0.2155675546151828,,
1,MEPV,4,0.6629900080116536,184,0.2155675546151828,,
1,MEPV,5,0.5919655619196058,184,0.2155675546151828,,
1,MEPV,6,0.5438644471208076,184,0.2155675546151828,,
1,MEPV,7,0.5022022702743474,184,0.2155675546151828,,
1,MEPV,8,0.466694829597922,184,0.2155675546151828,,
1,MEPV,9,0.4408712856729522,184,0.2155675546151828,,
1,MEPV,10,0.4157725185507346,184,0.2155675546151828,,
1,MEPV,11,0.3969946842030666,184,0.2155675546151828,,
1,MEPV,12,0.380499183444773,184,0.2155675546151828,,
1,MEPV,13,0.3654768803656807,184,0.2155675546151828,,
1,MEPV,14,0.3500521363766993,184,0.2155675546151828,,
1,MEPV,15,0.3427454611957652,184,0.2155675546151828,,
1,MEPV,16,0.3320100016542578,184,0.2155675546151828,,
1,MEPV,17,0.3218950476638174,184,0.2155675546151828,,
1,MEPV,18,0.314820018559009,184,0.2155675546151828,,
1,MEPV,19,0.3081345574922476,184,0.2155675546151828,,
1,MEPV,20,0.303092631544749,184,0.2155675546151828,,
1,MEPV,21,0.2951634526811627,184,0.2155675546151828,,
1,MEPV,22,0.2883390666470937,184,0.2155675546151828,,
1,MEPV,23,0.2805302942197332,184,0.2155675546151828,,
1,MEPV,24,0.2746246390433297,184,0.2155675546151828,,
1,MEPV,25,0.2705696766219123,184,0.2155675546151828,,
1,MEPV,26,0.2659166358460321,184,0.2155675546151828,,
1,MEPV,27,0.2603551697913824,184,0.2155675546151828,,
1,MEPV,28,0.2544550635196472,184,0.2155675546151828,,
1,MEPV,29,0.2505653666458124,184,0.2155675546151828,,
1,MEPV,30,0.2474902951277901,184,0.2155675546151828,,
1,MEPV,31,0.2456115003782448,184,0.2155675546151828,,
1,MEPV,32,0.2417345205234448,184,0.2155675546151828,,
1,MEPV,33,0.2361652511321989,184,0.2155675546151828,,
1,MEPV,34,0.2328096223784544,184,0.2155675546151828,,
1,MEPV,35,0.2294759184834419,184,0.2155675546151828,,
1,MEPV,36,0.2270653809906073,184,0.2155675546151828,,
1,MEPV,37,0.2255709400713573,184,0.2155675546151828,,
1,MEPV,38,0.2227158809479781,184,0.2155675546151828,,
1,MEPV,39,0.2200590573899402,184,0.2155675546151828,,
1,MEPV,40,0.2172451042764921,184,0.2155675546151828,,
1,prec_gain_g0.0,1,1.3168434768919235,174,0.2155675546151828,24997.0,21.23018573798649
1,prec_gain_g0.0,2,0.931893023226406,174,0.2155675546151828,24997.0,21.23018573798649
1,prec_gain_g0.0,3,0.7532867170639667,174,0.2155675546151828,24997.0,21.23018573798649
1,prec_gain_g0.0,4,0.6488160158524973,174,0.2155675546151828,24997.0,21.23018573798649
1,prec_gain_g0.0,5,0.5888494088255696,174,0.2155675546151828,24997.0,21.23018573798649
1,prec_gain_g0.0,6,0.5420052654719381,174,0.2155675546151828,24997.0,21.23018573798649
1,prec_gain_g0.0,7,0.5027546324003686,174,0.2155675546151828,24997.0,21.23018573798649
1,prec_gain_g0.0,8,0.4653466000718332,174,0.2155675546151828,24997.0,21.23018573798649
1,prec_gain_g0.0,9,0.4397951064456999,174,0.2155675546151828,24997.0,21.23018573798649
1,prec_gain_g0.0,10,0.4154747645269906,174,0.2155675546151828,24997.0,21.23018573798649
1,prec_gain_g0.0,11,0.3984533888814444,174,0.2155675546151828,24997.0,21.23018573798649
1,prec_gain_g0.0,12,0.3793758209602678,174,0.2155675546151828,24997.0,21.23018573798649
1,prec_gain_g0.0,13,0.3655833630537528,174,0.2155675546151828,24997.0,21.23018573798649
1,prec_gain_g0.0,14,0.3517857680451537,174,0.2155675546151828,24997.0,21.23018573798649
1,prec_gain_g0.0,15,0.3431858989274693,174,0.2155675546151828,24997.0,21.23018573798649
1,prec_gain_g0.0,16,0.3290625792016043,174,0.2155675546151828,24997.0,21.23018573798649
1,prec_gain_g0.0,17,0.320524568552993,174,0.2155675546151828,24997.0,21.23018573798649
1,prec_gain_g0.0,18,0.3129428957979879,174,0.2155675546151828,24997.0,21.23018573798649
1,prec_gain_g0.0,19,0.3068985489727109,174,0.2155675546151828,24997.0,21.23018573798649
1,prec_gain_g0.0,20,0.3012333680191615,174,0.2155675546151828,24997.0,21.23018573798649
1,prec_gain_g0.0,21,0.2930953004340238,174,0.2155675546151828,24997.0,21.23018573798649
1,prec_gain_g0.0,22,0.2874473024538836,174,0.2155675546151828,24997.0,21.23018573798649
1,prec_gain_g0.0,23,0.2800835529683913,174,0.2155675546151828,24997.0,21.23018573798649
1,prec_gain_g0.0,24,0.2733952256951538,174,0.2155675546151828,24997.0,21.23018573798649
1,prec_gain_g0.0,25,0.270226268269834,174,0.2155675546151828,24997.0,21.23018573798649
1,prec_gain_g0.0,26,0.2646523696293113,174,0.2155675546151828,24997.0,21.23018573798649
1,prec_gain_g0.0,27,0.2612134495197938,174,0.2155675546151828,24997.0,21.23018573798649
1,prec_gain_g0.0,28,0.2563135706976426,174,0.2155675546151828,24997.0,21.23018573798649
1,prec_gain_g0.0,29,0.2535899716662519,174,0.2155675546151828,24997.0,21.23018573798649
1,prec_gain_g0.0,30,0.2503493186786501,174,0.2155675546151828,24997.0,21.23018573798649
1,prec_gain_g0.0,31,0.2472285276943155,174,0.2155675546151828,24997.0,21.23018573798649
1,prec_gain_g0.0,32,0.2447136090559954,174,0.2155675546151828,24997.0,21.23018573798649
1,prec_gain_g0.0,33,0.2406893319011905,174,0.2155675546151828,24997.0,21.23018573798649
1,prec_gain_g0.0,34,0.2377075917779308,174,0.2155675546151828,24997.0,21.23018573798649
1,prec_gain_g0.0,35,0.2348449223175423,174,0.2155675546151828,24997.0,21.23018573798649
1,prec_gain_g0.0,36,0.2317758700734626,174,0.2155675546151828,24997.0,21.23018573798649
1,prec_gain_g0.0,37,0.2307173027426098,174,0.2155675546151828,24997.0,21.23018573798649
1,prec_gain_g0.0,38,0.2275788636569149,174,0.2155675546151828,24997.0,21.23018573798649
1,prec_gain_g0.0,39,0.2251859432047321,174,0.2155675546151828,24997.0,21.23018573798649
1,prec_gain_g0.0,40,0.2222018358731499,174,0.2155675546151828,24997.0,21.23018573798649
1,prec_gain_g0.5,1,1.3168434768919235,165,0.2155675546151828,24997.0,21.21380920295977
1,prec_gain_g0.5,2,0.931893023226406,165,0.2155675546151828,24997.0,21.21380920295977
1,prec_gain_g0.5,3,0.7794349576772049,165,0.2155675546151828,24997.0,21.21380920295977
1,prec_gain_g0.5,4,0.6600684730888956,165,0.2155675546151828,24997.0,21.21380920295977
1,prec_gain_g0.5,5,0.59580317493096,165,0.2155675546151828,24997.0,21.21380920295977
1,prec_gain_g0.5,6,0.5439792207512636,165,0.2155675546151828,24997.0,21.21380920295977
1,prec_gain_g0.5,7,0.5051047647419965,165,0.2155675546151828,24997.0,21.21380920295977
1,prec_gain_g0.5,8,0.4657795639725769,165,0.2155675546151828,24997.0,21.21380920295977
1,prec_gain_g0.5,9,0.437887546454302,165,0.2155675546151828,24997.0,21.21380920295977
1,prec_gain_g0.5,10,0.4128172548049241,165,0.2155675546151828,24997.0,21.21380920295977
1,prec_gain_g0.5,11,0.3944466841830726,165,0.2155675546151828,24997.0,21.21380920295977
1,prec_gain_g0.5,12,0.3780248138553397,165,0.2155675546151828,24997.0,21.21380920295977
1,prec_gain_g0.5,13,0.36618255459178,165,0.2155675546151828,24997.0,21.21380920295977
1,prec_gain_g0.5,14,0.3516582560577772,165,0.2155675546151828,24997.0,21.21380920295977
1,prec_gain_g0.5,15,0.3400300884218591,165,0.2155675546151828,24997.0,21.21380920295977
1,prec_gain_g0.5,16,0.3260659805312024,165,0.2155675546151828,24997.0,21.21380920295977
1,prec_gain_g0.5,17,0.3177882884777853,165,0.2155675546151828,24997.0,21.21380920295977
1,prec_gain_g0.5,18,0.3126772064590866,165,0.2155675546151828,24997.0,21.21380920295977
1,prec_gain_g0.5,19,0.3063574911857236,165,0.2155675546151828,24997.0,21.21380920295977
1,prec_gain_g0.5,20,0.2995644052997784,165,0.2155675546151828,24997.0,21.21380920295977
1,prec_gain_g0.5,21,0.2946201762771931,165,0.2155675546151828,24997.0,21.21380920295977
1,prec_gain_g0.5,22,0.2866433483383157,165,0.2155675546151828,24997.0,21.21380920295977
1,prec_gain_g0.5,23,0.2801049863581784,165,0.2155675546151828,24997.0,21.21380920295977
1,prec_gain_g0.5,24,0.273560176806841,165,0.2155675546151828,24997.0,21.21380920295977
1,prec_gain_g0.5,25,0.2697657040549256,165,0.2155675546151828,24997.0,21.21380920295977
1,prec_gain_g0.5,26,0.2639152127667024,165,0.2155675546151828,24997.0,21.21380920295977
1,prec_gain_g0.5,27,0.2601881826394975,165,0.2155675546151828,24997.0,21.21380920295977
1,prec_gain_g0.5,28,0.2539150259857334,165,0.2155675546151828,24997.0,21.21380920295977
1,prec_gain_g0.5,29,0.2517130528079239,165,0.2155675546151828,24997.0,21.21380920295977
1,prec_gain_g0.5,30,0.2485822373179034,165,0.2155675546151828,24997.0,21.21380920295977
1,prec_gain_g0.5,31,0.2462875005420898,165,0.2155675546151828,24997.0,21.21380920295977
1,prec_gain_g0.5,32,0.2438657315926058,165,0.2155675546151828,24997.0,21.21380920295977
1,prec_gain_g0.5,33,0.2383681866593053,165,0.2155675546151828,24997.0,21.21380920295977
1,prec_gain_g0.5,34,0.2361385517061608,165,0.2155675546151828,24997.0,21.21380920295977
1,prec_gain_g0.5,35,0.2333413532075583,165,0.2155675546151828,24997.0,21.21380920295977
1,prec_gain_g0.5,36,0.2285289989680828,165,0.2155675546151828,24997.0,21.21380920295977
1,prec_gain_g0.5,37,0.2273346903666529,165,0.2155675546151828,24997.0,21.21380920295977
1,prec_gain_g0.5,38,0.2242730200164,165,0.2155675546151828,24997.0,21.21380920295977
1,prec_gain_g0.5,39,0.2219520856714847,165,0.2155675546151828,24997.0,21.21380920295977
1,prec_gain_g0.5,40,0.2191782450225767,165,0.2155675546151828,24997.0,21.21380920295977
1,prec_gain_g0.9,1,1.3168434768919235,152,0.2155675546151828,24997.0,20.432493743774465
1,prec_gain_g0.9,2,1.0691086787952278,152,0.2155675546151828,24997.0,20.432493743774465
1,prec_gain_g0.9,3,0.8793898248921421,152,0.2155675546151828,24997.0,20.432493743774465
1,prec_gain_g0.9,4,0.7269823152441682,152,0.2155675546151828,24997.0,20.432493743774465
1,prec_gain_g0.9,5,0.6533279691824384,152,0.2155675546151828,24997.0,20.432493743774465
1,prec_gain_g0.9,6,0.6021451151720066,152,0.2155675546151828,24997.0,20.432493743774465
1,prec_gain_g0.9,7,0.5492766521517644,152,0.2155675546151828,24997.0,20.432493743774465
1,prec_gain_g0.9,8,0.5041926205082168,152,0.2155675546151828,24997.0,20.432493743774465
1,prec_gain_g0.9,9,0.4705232915799983,152,0.2155675546151828,24997.0,20.432493743774465
1,prec_gain_g0.9,10,0.4480426871739523,152,0.2155675546151828,24997.0,20.432493743774465
1,prec_gain_g0.9,11,0.4263313784718152,152,0.2155675546151828,24997.0,20.432493743774465
1,prec_gain_g0.9,12,0.4079918977067152,152,0.2155675546151828,24997.0,20.432493743774465
1,prec_gain_g0.9,13,0.3931159732413071,152,0.2155675546151828,24997.0,20.432493743774465
1,prec_gain_g0.9,14,0.378566673432589,152,0.2155675546151828,24997.0,20.432493743774465
1,prec_gain_g0.9,15,0.3680037263648701,152,0.2155675546151828,24997.0,20.432493743774465
1,prec_gain_g0.9,16,0.3508047828606975,152,0.2155675546151828,24997.0,20.432493743774465
1,prec_gain_g0.9,17,0.3399615931751497,152,0.2155675546151828,24997.0,20.432493743774465
1,prec_gain_g0.9,18,0.3311452277553444,152,0.2155675546151828,24997.0,20.432493743774465
1,prec_gain_g0.9,19,0.3215648907763065,152,0.2155675546151828,24997.0,20.432493743774465
1,prec_gain_g0.9,20,0.3133793543908083,152,0.2155675546151828,24997.0,20.432493743774465
1,prec_gain_g0.9,21,0.3060991600368856,152,0.2155675546151828,24997.0,20.432493743774465
1,prec_gain_g0.9,22,0.2975058278994278,152,0.2155675546151828,24997.0,20.432493743774465
1,prec_gain_g0.9,23,0.2909771933897864,152,0.2155675546151828,24997.0,20.432493743774465
1,prec_gain_g0.9,24,0.283591142472185,152,0.2155675546151828,24997.0,20.432493743774465
1,prec_gain_g0.9,25,0.2806017224658431,152,0.2155675546151828,24997.0,20.432493743774465
1,prec_gain_g0.9,26,0.2755797509365728,152,0.2155675546151828,24997.0,20.432493743774465
1,prec_gain_g0.9,27,0.2709409638034146,152,0.2155675546151828,24997.0,20.432493743774465
1,prec_gain_g0.9,28,0.2652206582753044,152,0.2155675546151828,24997.0,20.432493743774465
1,prec_gain_g0.9,29,0.2608952284058162,152,0.2155675546151828,24997.0,20.432493743774465
1,prec_gain_g0.9,30,0.2576317447725582,152,0.2155675546151828,24997.0,20.432493743774465
1,prec_gain_g0.9,31,0.2539626552462629,152,0.2155675546151828,24997.0,20.432493743774465
1,prec_gain_g0.9,32,0.2514858307707866,152,0.2155675546151828,24997.0,20.432493743774465
1,prec_gain_g0.9,33,0.2473505442948693,152,0.2155675546151828,24997.0,20.432493743774465
1,prec_gain_g0.9,34,0.2427870383322079,152,0.2155675546151828,24997.0,20.432493743774465
1,prec_gain_g0.9,35,0.2391954161989393,152,0.2155675546151828,24997.0,20.432493743774465
1,prec_gain_g0.9,36,0.2355550726607098,152,0.2155675546151828,24997.0,20.432493743774465
1,prec_gain_g0.9,37,0.2341573938538335,152,0.2155675546151828,24997.0,20.432493743774465
1,prec_gain_g0.9,38,0.2305150258764434,152,0.2155675546151828,24997.0,20.432493743774465
1,prec_gain_g0.9,39,0.2284556736187695,152,0.2155675546151828,24997.0,20.432493743774465
1,prec_gain_g0.9,40,0.2257624966477955,152,0.2155675546151828,24997.0,20.432493743774465
1,prec_gain_g1.0,1,1.4056036507348155,160,0.2155675546151828,24997.0,18.239195289341193
1,prec_gain_g1.0,2,1.294469176141594,160,0.2155675546151828,24997.0,18.239195289341193
1,prec_gain_g1.0,3,1.1745871235054204,160,0.2155675546151828,24997.0,18.239195289341193
1,prec_gain_g1.0,4,0.9301175968011473,160,0.2155675546151828,24997.0,18.239195289341193
1,prec_gain_g1.0,5,0.7894039656974655,160,0.2155675546151828,24997.0,18.239195289341193
1,prec_gain_g1.0,6,0.7051143979979017,160,0.2155675546151828,24997.0,18.239195289341193
1,prec_gain_g1.0,7,0.6466560671816481,160,0.2155675546151828,24997.0,18.239195289341193
1,prec_gain_g1.0,8,0.5900171627047917,160,0.2155675546151828,24997.0,18.239195289341193
1,prec_gain_g1.0,9,0.5560016660780449,160,0.2155675546151828,24997.0,18.239195289341193
1,prec_gain_g1.0,10,0.5266587861095162,160,0.2155675546151828,24997.0,18.239195289341193
1,prec_gain_g1.0,11,0.4976754439317227,160,0.2155675546151828,24997.0,18.239195289341193
1,prec_gain_g1.0,12,0.4688946274247254,160,0.2155675546151828,24997.0,18.239195289341193
1,prec_gain_g1.0,13,0.4505545037070433,160,0.2155675546151828,24997.0,18.239195289341193
1,prec_gain_g1.0,14,0.4351161432986853,160,0.2155675546151828,24997.0,18.239195289341193
1,prec_gain_g1.0,15,0.4206647980940508,160,0.2155675546151828,24997.0,18.239195289341193
1,prec_gain_g1.0,16,0.4061881350835016,160,0.2155675546151828,24997.0,18.239195289341193
1,prec_gain_g1.0,17,0.3930171355518616,160,0.2155675546151828,24997.0,18.239195289341193
1,prec_gain_g1.0,18,0.3797749776879346,160,0.2155675546151828,24997.0,18.239195289341193
1,prec_gain_g1.0,19,0.3664731457654335,160,0.2155675546151828,24997.0,18.239195289341193
1,prec_gain_g1.0,20,0.3595244352202485,160,0.2155675546151828,24997.0,18.239195289341193
1,prec_gain_g1.0,21,0.3512146022465201,160,0.2155675546151828,24997.0,18.239195289341193
1,prec_gain_g1.0,22,0.3453334065172948,160,0.2155675546151828,24997.0,18.239195289341193
1,prec_gain_g1.0,23,0.3337475502509875,160,0.2155675546151828,24997.0,18.239195289341193
1,prec_gain_g1.0,24,0.3231071240532068,160,0.2155675546151828,24997.0,18.239195289341193
1,prec_gain_g1.0,25,0.3191204753166918,160,0.2155675546151828,24997.0,18.239195289341193
1,prec_gain_g1.0,26,0.3099914586546229,160,0.2155675546151828,24997.0,18.239195289341193
1,prec_gain_g1.0,27,0.3037071258865654,160,0.2155675546151828,24997.0,18.239195289341193
1,prec_gain_g1.0,28,0.2941445215361953,160,0.2155675546151828,24997.0,18.239195289341193
1,prec_gain_g1.0,29,0.2894701399732058,160,0.2155675546151828,24997.0,18.239195289341193
1,prec_gain_g1.0,30,0.2834264920827162,160,0.2155675546151828,24997.0,18.239195289341193
1,prec_gain_g1.0,31,0.280397897023185,160,0.2155675546151828,24997.0,18.239195289341193
1,prec_gain_g1.0,32,0.2759689402390828,160,0.2155675546151828,24997.0,18.239195289341193
1,prec_gain_g1.0,33,0.2747585084506246,160,0.2155675546151828,24997.0,18.239195289341193
1,prec_gain_g1.0,34,0.2700229394643462,160,0.2155675546151828,24997.0,18.239195289341193
1,prec_gain_g1.0,35,0.2645027688467948,160,0.2155675546151828,24997.0,18.239195289341193
1,prec_gain_g1.0,36,0.2584922136422417,160,0.2155675546151828,24997.0,18.239195289341193
1,prec_gain_g1.0,37,0.2551107393828891,160,0.2155675546151828,24997.0,18.239195289341193
1,prec_gain_g1.0,38,0.2507334246869538,160,0.2155675546151828,24997.0,18.239195289341193
1,prec_gain_g1.0,39,0.2475963990788938,160,0.2155675546151828,24997.0,18.239195289341193
1,prec_gain_g1.0,40,0.2445124111376299,160,0.2155675546151828,24997.0,18.239195289341193
1,var_reduction_g0.0,1,1.3168434768919235,162,0.2155675546151828,24997.0,3.005733258713205
1,var_reduction_g0.0,2,0.931893023226406,162,0.2155675546151828,24997.0,3.005733258713205
1,var_reduction_g0.0,3,0.7549872507672211,162,0.2155675546151828,24997.0,3.005733258713205
1,var_reduction_g0.0,4,0.6542084091144067,162,0.2155675546151828,24997.0,3.005733258713205
1,var_reduction_g0.0,5,0.5882639864398204,162,0.2155675546151828,24997.0,3.005733258713205
1,var_reduction_g0.0,6,0.544194056448729,162,0.2155675546151828,24997.0,3.005733258713205
1,var_reduction_g0.0,7,0.5022466336942306,162,0.2155675546151828,24997.0,3.005733258713205
1,var_reduction_g0.0,8,0.4622978887479122,162,0.2155675546151828,24997.0,3.005733258713205
1,var_reduction_g0.0,9,0.4345247483121742,162,0.2155675546151828,24997.0,3.005733258713205
1,var_reduction_g0.0,10,0.4165847295913276,162,0.2155675546151828,24997.0,3.005733258713205
1,var_reduction_g0.0,11,0.4009636379909006,162,0.2155675546151828,24997.0,3.005733258713205
1,var_reduction_g0.0,12,0.3840023994405713,162,0.2155675546151828,24997.0,3.005733258713205
1,var_reduction_g0.0,13,0.3700789860693085,162,0.2155675546151828,24997.0,3.005733258713205
1,var_reduction_g0.0,14,0.3559539760109007,162,0.2155675546151828,24997.0,3.005733258713205
1,var_reduction_g0.0,15,0.3436871824853501,162,0.2155675546151828,24997.0,3.005733258713205
1,var_reduction_g0.0,16,0.3295130828842412,162,0.2155675546151828,24997.0,3.005733258713205
1,var_reduction_g0.0,17,0.3200664929968149,162,0.2155675546151828,24997.0,3.005733258713205
1,var_reduction_g0.0,18,0.315332518127562,162,0.2155675546151828,24997.0,3.005733258713205
1,var_reduction_g0.0,19,0.3087282641810447,162,0.2155675546151828,24997.0,3.005733258713205
1,var_reduction_g0.0,20,0.3038238536908194,162,0.2155675546151828,24997.0,3.005733258713205
1,var_reduction_g0.0,21,0.2966060999541831,162,0.2155675546151828,24997.0,3.005733258713205
1,var_reduction_g0.0,22,0.2908889997507533,162,0.2155675546151828,24997.0,3.005733258713205
1,var_reduction_g0.0,23,0.2854413548036628,162,0.2155675546151828,24997.0,3.005733258713205
1,var_reduction_g0.0,24,0.2787855810375576,162,0.2155675546151828,24997.0,3.005733258713205
1,var_reduction_g0.0,25,0.2767623092932872,162,0.2155675546151828,24997.0,3.005733258713205
1,var_reduction_g0.0,26,0.2715629166851183,162,0.2155675546151828,24997.0,3.005733258713205
1,var_reduction_g0.0,27,0.2675464369558173,162,0.2155675546151828,24997.0,3.005733258713205
1,var_reduction_g0.0,28,0.2626005803052729,162,0.2155675546151828,24997.0,3.005733258713205
1,var_reduction_g0.0,29,0.2592466680844131,162,0.2155675546151828,24997.0,3.005733258713205
1,var_reduction_g0.0,30,0.2572989077552867,162,0.2155675546151828,24997.0,3.005733258713205
1,var_reduction_g0.0,31,0.2545486729264393,162,0.2155675546151828,24997.0,3.005733258713205
1,var_reduction_g0.0,32,0.2511921226050161,162,0.2155675546151828,24997.0,3.005733258713205
1,var_reduction_g0.0,33,0.2468292067178034,162,0.2155675546151828,24997.0,3.005733258713205
1,var_reduction_g0.0,34,0.2442507974586722,162,0.2155675546151828,24997.0,3.005733258713205
1,var_reduction_g0.0,35,0.2420036961047732,162,0.2155675546151828,24997.0,3.005733258713205
1,var_reduction_g0.0,36,0.2388717956052477,162,0.2155675546151828,24997.0,3.005733258713205
1,var_reduction_g0.0,37,0.2384540960818975,162,0.2155675546151828,24997.0,3.005733258713205
1,var_reduction_g0.0,38,0.2348019868333769,162,0.2155675546151828,24997.0,3.005733258713205
1,var_reduction_g0.0,39,0.232886073106246,162,0.2155675546151828,24997.0,3.005733258713205
1,var_reduction_g0.0,40,0.2310423718574345,162,0.2155675546151828,24997.0,3.005733258713205
1,var_reduction_g0.5,1,1.3168434768919235,170,0.2155675546151828,24997.0,3.021293780149702
1,var_reduction_g0.5,2,0.931893023226406,170,0.2155675546151828,24997.0,3.021293780149702
1,var_reduction_g0.5,3,0.7919715489059671,170,0.2155675546151828,24997.0,3.021293780149702
1,var_reduction_g0.5,4,0.6729898965449225,170,0.2155675546151828,24997.0,3.021293780149702
1,var_reduction_g0.5,5,0.6024292168619364,170,0.2155675546151828,24997.0,3.021293780149702
1,var_reduction_g0.5,6,0.5540201391469787,170,0.2155675546151828,24997.0,3.021293780149702
1,var_reduction_g0.5,7,0.5149293978606366,170,0.2155675546151828,24997.0,3.021293780149702
1,var_reduction_g0.5,8,0.4743646656292933,170,0.2155675546151828,24997.0,3.021293780149702
1,var_reduction_g0.5,9,0.4474971103571288,170,0.2155675546151828,24997.0,3.021293780149702
1,var_reduction_g0.5,10,0.4229225920666488,170,0.2155675546151828,24997.0,3.021293780149702
1,var_reduction_g0.5,11,0.406458644330974,170,0.2155675546151828,24997.0,3.021293780149702
1,var_reduction_g0.5,12,0.3878425580743411,170,0.2155675546151828,24997.0,3.021293780149702
1,var_reduction_g0.5,13,0.3742819417032236,170,0.2155675546151828,24997.0,3.021293780149702
1,var_reduction_g0.5,14,0.3596069073370539,170,0.2155675546151828,24997.0,3.021293780149702
1,var_reduction_g0.5,15,0.3520325297797178,170,0.2155675546151828,24997.0,3.021293780149702
1,var_reduction_g0.5,16,0.3402969472554111,170,0.2155675546151828,24997.0,3.021293780149702
1,var_reduction_g0.5,17,0.3298040905195522,170,0.2155675546151828,24997.0,3.021293780149702
1,var_reduction_g0.5,18,0.3234311652014285,170,0.2155675546151828,24997.0,3.021293780149702
1,var_reduction_g0.5,19,0.3143594994295153,170,0.2155675546151828,24997.0,3.021293780149702
1,var_reduction_g0.5,20,0.3100200837627873,170,0.2155675546151828,24997.0,3.021293780149702
1,var_reduction_g0.5,21,0.303259640734927,170,0.2155675546151828,24997.0,3.021293780149702
1,var_reduction_g0.5,22,0.2967125687659912,170,0.2155675546151828,24997.0,3.021293780149702
1,var_reduction_g0.5,23,0.2887952188527923,170,0.2155675546151828,24997.0,3.021293780149702
1,var_reduction_g0.5,24,0.2811279684750896,170,0.2155675546151828,24997.0,3.021293780149702
1,var_reduction_g0.5,25,0.2774180708142621,170,0.2155675546151828,24997.0,3.021293780149702
1,var_reduction_g0.5,26,0.271352761227407,170,0.2155675546151828,24997.0,3.021293780149702
1,var_reduction_g0.5,27,0.2669835717549838,170,0.2155675546151828,24997.0,3.021293780149702
1,var_reduction_g0.5,28,0.2622972574363066,170,0.2155675546151828,24997.0,3.021293780149702
1,var_reduction_g0.5,29,0.260277073327635,170,0.2155675546151828,24997.0,3.021293780149702
1,var_reduction_g0.5,30,0.2565030908360339,170,0.2155675546151828,24997.0,3.021293780149702
1,var_reduction_g0.5,31,0.2540324347238459,170,0.2155675546151828,24997.0,3.021293780149702
1,var_reduction_g0.5,32,0.2519127820104087,170,0.2155675546151828,24997.0,3.021293780149702
1,var_reduction_g0.5,33,0.2482577323573625,170,0.2155675546151828,24997.0,3.021293780149702
1,var_reduction_g0.5,34,0.245459040254116,170,0.2155675546151828,24997.0,3.021293780149702
1,var_reduction_g0.5,35,0.2417614252754084,170,0.2155675546151828,24997.0,3.021293780149702
1,var_reduction_g0.5,36,0.2382574048705221,170,0.2155675546151828,24997.0,3.021293780149702
1,var_reduction_g0.5,37,0.2379043263380709,170,0.2155675546151828,24997.0,3.021293780149702
1,var_reduction_g0.5,38,0.2354243101540122,170,0.2155675546151828,24997.0,3.021293780149702
1,var_reduction_g0.5,39,0.2327010859099962,170,0.2155675546151828,24997.0,3.021293780149702
1,var_reduction_g0.5,40,0.2305037193469408,170,0.2155675546151828,24997.0,3.021293780149702
1,var_reduction_g0.9,1,1.3123882842019878,158,0.2155675546151828,24997.0,2.926384206608203
1,var_reduction_g0.9,2,1.1470325266615928,158,0.2155675546151828,24997.0,2.926384206608203
1,var_reduction_g0.9,3,0.874956773481812,158,0.2155675546151828,24997.0,2.926384206608203
1,var_reduction_g0.9,4,0.7314958425869524,158,0.2155675546151828,24997.0,2.926384206608203
1,var_reduction_g0.9,5,0.64647725059557,158,0.2155675546151828,24997.0,2.926384206608203
1,var_reduction_g0.9,6,0.5892670913732758,158,0.2155675546151828,24997.0,2.926384206608203
1,var_reduction_g0.9,7,0.5440049906042782,158,0.2155675546151828,24997.0,2.926384206608203
1,var_reduction_g0.9,8,0.5020910994119412,158,0.2155675546151828,24997.0,2.926384206608203
1,var_reduction_g0.9,9,0.4745466018984984,158,0.2155675546151828,24997.0,2.926384206608203
1,var_reduction_g0.9,10,0.4525132517535371,158,0.2155675546151828,24997.0,2.926384206608203
1,var_reduction_g0.9,11,0.4341525315063182,158,0.2155675546151828,24997.0,2.926384206608203
1,var_reduction_g0.9,12,0.4167569375133933,158,0.2155675546151828,24997.0,2.926384206608203
1,var_reduction_g0.9,13,0.4015705751552733,158,0.2155675546151828,24997.0,2.926384206608203
1,var_reduction_g0.9,14,0.3867833678787837,158,0.2155675546151828,24997.0,2.926384206608203
1,var_reduction_g0.9,15,0.3740653845110263,158,0.2155675546151828,24997.0,2.926384206608203
1,var_reduction_g0.9,16,0.3588931347128135,158,0.2155675546151828,24997.0,2.926384206608203
1,var_reduction_g0.9,17,0.3473492390609782,158,0.2155675546151828,24997.0,2.926384206608203
1,var_reduction_g0.9,18,0.3364499215046888,158,0.2155675546151828,24997.0,2.926384206608203
1,var_reduction_g0.9,19,0.3279013225791862,158,0.2155675546151828,24997.0,2.926384206608203
1,var_reduction_g0.9,20,0.323654591783462,158,0.2155675546151828,24997.0,2.926384206608203
1,var_reduction_g0.9,21,0.317495432449043,158,0.2155675546151828,24997.0,2.926384206608203
1,var_reduction_g0.9,22,0.3105358945610494,158,0.2155675546151828,24997.0,2.926384206608203
1,var_reduction_g0.9,23,0.3055273989407845,158,0.2155675546151828,24997.0,2.926384206608203
1,var_reduction_g0.9,24,0.2987872130523483,158,0.2155675546151828,24997.0,2.926384206608203
1,var_reduction_g0.9,25,0.2951339751373007,158,0.2155675546151828,24997.0,2.926384206608203
1,var_reduction_g0.9,26,0.2902071438783606,158,0.2155675546151828,24997.0,2.926384206608203
1,var_reduction_g0.9,27,0.2860106790806629,158,0.2155675546151828,24997.0,2.926384206608203
1,var_reduction_g0.9,28,0.2805060342117055,158,0.2155675546151828,24997.0,2.926384206608203
1,var_reduction_g0.9,29,0.2766829317348446,158,0.2155675546151828,24997.0,2.926384206608203
1,var_reduction_g0.9,30,0.2721907336876881,158,0.2155675546151828,24997.0,2.926384206608203
1,var_reduction_g0.9,31,0.2698123432449219,158,0.2155675546151828,24997.0,2.926384206608203
1,var_reduction_g0.9,32,0.2634110983274573,158,0.2155675546151828,24997.0,2.926384206608203
1,var_reduction_g0.9,33,0.2598206951913215,158,0.2155675546151828,24997.0,2.926384206608203
1,var_reduction_g0.9,34,0.2561429630154883,158,0.2155675546151828,24997.0,2.926384206608203
1,var_reduction_g0.9,35,0.2522356713269397,158,0.2155675546151828,24997.0,2.926384206608203
1,var_reduction_g0.9,36,0.2492888850807469,158,0.2155675546151828,24997.0,2.926384206608203
1,var_reduction_g0.9,37,0.2476192499954781,158,0.2155675546151828,24997.0,2.926384206608203
1,var_reduction_g0.9,38,0.2435122750542885,158,0.2155675546151828,24997.0,2.926384206608203
1,var_reduction_g0.9,39,0.2415834431505254,158,0.2155675546151828,24997.0,2.926384206608203
1,var_reduction_g0.9,40,0.2404004314147659,158,0.2155675546151828,24997.0,2.926384206608203
1,var_reduction_g1.0,1,1.67706115139456,127,0.2155675546151828,24997.0,2.7766831361802944
1,var_reduction_g1.0,2,1.883323046566804,127,0.2155675546151828,24997.0,2.7766831361802944
1,var_reduction_g1.0,3,1.695535034848951,127,0.2155675546151828,24997.0,2.7766831361802944
1,var_reduction_g1.0,4,1.2308025159051392,127,0.2155675546151828,24997.0,2.7766831361802944
1,var_reduction_g1.0,5,1.0834190408604487,127,0.2155675546151828,24997.0,2.7766831361802944
1,var_reduction_g1.0,6,0.988955267133192,127,0.2155675546151828,24997.0,2.7766831361802944
1,var_reduction_g1.0,7,0.8717625363383029,127,0.2155675546151828,24997.0,2.7766831361802944
1,var_reduction_g1.0,8,0.767538181824677,127,0.2155675546151828,24997.0,2.7766831361802944
1,var_reduction_g1.0,9,0.6584069977355799,127,0.2155675546151828,24997.0,2.7766831361802944
1,var_reduction_g1.0,10,0.5860681165633893,127,0.2155675546151828,24997.0,2.7766831361802944
1,var_reduction_g1.0,11,0.5471182808003386,127,0.2155675546151828,24997.0,2.7766831361802944
1,var_reduction_g1.0,12,0.5187165768183786,127,0.2155675546151828,24997.0,2.7766831361802944
1,var_reduction_g1.0,13,0.4952190094963328,127,0.2155675546151828,24997.0,2.7766831361802944
1,var_reduction_g1.0,14,0.4694328357208893,127,0.2155675546151828,24997.0,2.7766831361802944
1,var_reduction_g1.0,15,0.4522307760875807,127,0.2155675546151828,24997.0,2.7766831361802944
1,var_reduction_g1.0,16,0.4287175691638511,127,0.2155675546151828,24997.0,2.7766831361802944
1,var_reduction_g1.0,17,0.4139595828608599,127,0.2155675546151828,24997.0,2.7766831361802944
1,var_reduction_g1.0,18,0.3995740320611462,127,0.2155675546151828,24997.0,2.7766831361802944
1,var_reduction_g1.0,19,0.3875018646132556,127,0.2155675546151828,24997.0,2.7766831361802944
1,var_reduction_g1.0,20,0.3744192968120937,127,0.2155675546151828,24997.0,2.7766831361802944
1,var_reduction_g1.0,21,0.364114787986954,127,0.2155675546151828,24997.0,2.7766831361802944
1,var_reduction_g1.0,22,0.3520699996110001,127,0.2155675546151828,24997.0,2.7766831361802944
1,var_reduction_g1.0,23,0.3440400781323349,127,0.2155675546151828,24997.0,2.7766831361802944
1,var_reduction_g1.0,24,0.3403209843315239,127,0.2155675546151828,24997.0,2.7766831361802944
1,var_reduction_g1.0,25,0.3327265602474227,127,0.2155675546151828,24997.0,2.7766831361802944
1,var_reduction_g1.0,26,0.3275120030347951,127,0.2155675546151828,24997.0,2.7766831361802944
1,var_reduction_g1.0,27,0.3226366776313294,127,0.2155675546151828,24997.0,2.7766831361802944
1,var_reduction_g1.0,28,0.3183058024499775,127,0.2155675546151828,24997.0,2.7766831361802944
1,var_reduction_g1.0,29,0.3144517079227021,127,0.2155675546151828,24997.0,2.7766831361802944
1,var_reduction_g1.0,30,0.3080979194980019,127,0.2155675546151828,24997.0,2.7766831361802944
1,var_reduction_g1.0,31,0.3039663610395976,127,0.2155675546151828,24997.0,2.7766831361802944
1,var_reduction_g1.0,32,0.2991891569750693,127,0.2155675546151828,24997.0,2.7766831361802944
1,var_reduction_g1.0,33,0.2939388133278301,127,0.2155675546151828,24997.0,2.7766831361802944
1,var_reduction_g1.0,34,0.2903965492042427,127,0.2155675546151828,24997.0,2.7766831361802944
1,var_reduction_g1.0,35,0.2861423687127903,127,0.2155675546151828,24997.0,2.7766831361802944
1,var_reduction_g1.0,36,0.2837295927146179,127,0.2155675546151828,24997.0,2.7766831361802944
1,var_reduction_g1.0,37,0.2806845187754153,127,0.2155675546151828,24997.0,2.7766831361802944
1,var_reduction_g1.0,38,0.2762943862134923,127,0.2155675546151828,24997.0,2.7766831361802944
1,var_reduction_g1.0,39,0.2736825459301241,127,0.2155675546151828,24997.0,2.7766831361802944
1,var_reduction_g1.0,40,0.2726443921460633,127,0.2155675546151828,24997.0,2.7766831361802944
1,fi_hat_prev_g0.0,1,1.2746670038589103,208,0.2155675546151828,24997.0,23.01430548333395
1,fi_hat_prev_g0.0,2,0.9258553370651031,208,0.2155675546151828,24997.0,23.01430548333395
1,fi_hat_prev_g0.0,3,0.7503363118664573,208,0.2155675546151828,24997.0,23.01430548333395
1,fi_hat_prev_g0.0,4,0.6701421067293298,208,0.2155675546151828,24997.0,23.01430548333395
1,fi_hat_prev_g0.0,5,0.6167928318082908,208,0.2155675546151828,24997.0,23.01430548333395
1,fi_hat_prev_g0.0,6,0.571468425705407,208,0.2155675546151828,24997.0,23.01430548333395
1,fi_hat_prev_g0.0,7,0.5229193208581959,208,0.2155675546151828,24997.0,23.01430548333395
1,fi_hat_prev_g0.0,8,0.482520966490643,208,0.2155675546151828,24997.0,23.01430548333395
1,fi_hat_prev_g0.0,9,0.4520097365184722,208,0.2155675546151828,24997.0,23.01430548333395
1,fi_hat_prev_g0.0,10,0.4258976584171405,208,0.2155675546151828,24997.0,23.01430548333395
1,fi_hat_prev_g0.0,11,0.405207262128962,208,0.2155675546151828,24997.0,23.01430548333395
1,fi_hat_prev_g0.0,12,0.3844374901301113,208,0.2155675546151828,24997.0,23.01430548333395
1,fi_hat_prev_g0.0,13,0.3713574061060445,208,0.2155675546151828,24997.0,23.01430548333395
1,fi_hat_prev_g0.0,14,0.357095968859183,208,0.2155675546151828,24997.0,23.01430548333395
1,fi_hat_prev_g0.0,15,0.345907965795785,208,0.2155675546151828,24997.0,23.01430548333395
1,fi_hat_prev_g0.0,16,0.3336961158512901,208,0.2155675546151828,24997.0,23.01430548333395
1,fi_hat_prev_g0.0,17,0.3228538303155074,208,0.2155675546151828,24997.0,23.01430548333395
1,fi_hat_prev_g0.0,18,0.3137008926405966,208,0.2155675546151828,24997.0,23.01430548333395
1,fi_hat_prev_g0.0,19,0.3049733380979801,208,0.2155675546151828,24997.0,23.01430548333395
1,fi_hat_prev_g0.0,20,0.2982394628222385,208,0.2155675546151828,24997.0,23.01430548333395
1,fi_hat_prev_g0.0,21,0.2922668288313504,208,0.2155675546151828,24997.0,23.01430548333395
1,fi_hat_prev_g0.0,22,0.2867280647854712,208,0.2155675546151828,24997.0,23.01430548333395
1,fi_hat_prev_g0.0,23,0.2776112223183586,208,0.2155675546151828,24997.0,23.01430548333395
1,fi_hat_prev_g0.0,24,0.2702006244327583,208,0.2155675546151828,24997.0,23.01430548333395
1,fi_hat_prev_g0.0,25,0.2660348414150193,208,0.2155675546151828,24997.0,23.01430548333395
1,fi_hat_prev_g0.0,26,0.2605611392111974,208,0.2155675546151828,24997.0,23.01430548333395
1,fi_hat_prev_g0.0,27,0.2562708167531134,208,0.2155675546151828,24997.0,23.01430548333395
1,fi_hat_prev_g0.0,28,0.2500299983255311,208,0.2155675546151828,24997.0,23.01430548333395
1,fi_hat_prev_g0.0,29,0.2460872145427407,208,0.2155675546151828,24997.0,23.01430548333395
1,fi_hat_prev_g0.0,30,0.2421778519462298,208,0.2155675546151828,24997.0,23.01430548333395
1,fi_hat_prev_g0.0,31,0.2408027044018079,208,0.2155675546151828,24997.0,23.01430548333395
1,fi_hat_prev_g0.0,32,0.2393785737807934,208,0.2155675546151828,24997.0,23.01430548333395
1,fi_hat_prev_g0.0,33,0.2359715749116818,208,0.2155675546151828,24997.0,23.01430548333395
1,fi_hat_prev_g0.0,34,0.2320444593498598,208,0.2155675546151828,24997.0,23.01430548333395
1,fi_hat_prev_g0.0,35,0.2286951456758907,208,0.2155675546151828,24997.0,23.01430548333395
1,fi_hat_prev_g0.0,36,0.2260682952994171,208,0.2155675546151828,24997.0,23.01430548333395
1,fi_hat_prev_g0.0,37,0.2236349982395501,208,0.2155675546151828,24997.0,23.01430548333395
1,fi_hat_prev_g0.0,38,0.2201047085097089,208,0.2155675546151828,24997.0,23.01430548333395
1,fi_hat_prev_g0.0,39,0.2170120309402089,208,0.2155675546151828,24997.0,23.01430548333395
1,fi_hat_prev_g0.0,40,0.2146457696127158,208,0.2155675546151828,24997.0,23.01430548333395
1,fi_hat_prev_g0.5,1,1.2657040230544414,185,0.2155675546151828,24997.0,23.063096448662712
1,fi_hat_prev_g0.5,2,0.9256611245176812,185,0.2155675546151828,24997.0,23.063096448662712
1,fi_hat_prev_g0.5,3,0.764380561597201,185,0.2155675546151828,24997.0,23.063096448662712
1,fi_hat_prev_g0.5,4,0.6809838566842484,185,0.2155675546151828,24997.0,23.063096448662712
1,fi_hat_prev_g0.5,5,0.616136943462801,185,0.2155675546151828,24997.0,23.063096448662712
1,fi_hat_prev_g0.5,6,0.5698006123024403,185,0.2155675546151828,24997.0,23.063096448662712
1,fi_hat_prev_g0.5,7,0.5195817457666448,185,0.2155675546151828,24997.0,23.063096448662712
1,fi_hat_prev_g0.5,8,0.481473218740812,185,0.2155675546151828,24997.0,23.063096448662712
1,fi_hat_prev_g0.5,9,0.4502544075978651,185,0.2155675546151828,24997.0,23.063096448662712
1,fi_hat_prev_g0.5,10,0.4265740878581512,185,0.2155675546151828,24997.0,23.063096448662712
1,fi_hat_prev_g0.5,11,0.4067678462580498,185,0.2155675546151828,24997.0,23.063096448662712
1,fi_hat_prev_g0.5,12,0.3876133610165076,185,0.2155675546151828,24997.0,23.063096448662712
1,fi_hat_prev_g0.5,13,0.374526711497142,185,0.2155675546151828,24997.0,23.063096448662712
1,fi_hat_prev_g0.5,14,0.3554380310481773,185,0.2155675546151828,24997.0,23.063096448662712
1,fi_hat_prev_g0.5,15,0.3456668831277525,185,0.2155675546151828,24997.0,23.063096448662712
1,fi_hat_prev_g0.5,16,0.3329555229400067,185,0.2155675546151828,24997.0,23.063096448662712
1,fi_hat_prev_g0.5,17,0.3207270794130717,185,0.2155675546151828,24997.0,23.063096448662712
1,fi_hat_prev_g0.5,18,0.3136865643273523,185,0.2155675546151828,24997.0,23.063096448662712
1,fi_hat_prev_g0.5,19,0.304340510789223,185,0.2155675546151828,24997.0,23.063096448662712
1,fi_hat_prev_g0.5,20,0.2988922651926669,185,0.2155675546151828,24997.0,23.063096448662712
1,fi_hat_prev_g0.5,21,0.2921021691222827,185,0.2155675546151828,24997.0,23.063096448662712
1,fi_hat_prev_g0.5,22,0.2847692404729169,185,0.2155675546151828,24997.0,23.063096448662712
1,fi_hat_prev_g0.5,23,0.2776594607661438,185,0.2155675546151828,24997.0,23.063096448662712
1,fi_hat_prev_g0.5,24,0.2703059652713344,185,0.2155675546151828,24997.0,23.063096448662712
1,fi_hat_prev_g0.5,25,0.2665841897601887,185,0.2155675546151828,24997.0,23.063096448662712
1,fi_hat_prev_g0.5,26,0.2607820927213998,185,0.2155675546151828,24997.0,23.063096448662712
1,fi_hat_prev_g0.5,27,0.2559777714287634,185,0.2155675546151828,24997.0,23.063096448662712
1,fi_hat_prev_g0.5,28,0.250042988090957,185,0.2155675546151828,24997.0,23.063096448662712
1,fi_hat_prev_g0.5,29,0.2478078269228707,185,0.2155675546151828,24997.0,23.063096448662712
1,fi_hat_prev_g0.5,30,0.2443755033735005,185,0.2155675546151828,24997.0,23.063096448662712
1,fi_hat_prev_g0.5,31,0.2425054589219389,185,0.2155675546151828,24997.0,23.063096448662712
1,fi_hat_prev_g0.5,32,0.2401090991521424,185,0.2155675546151828,24997.0,23.063096448662712
1,fi_hat_prev_g0.5,33,0.2351397109207758,185,0.2155675546151828,24997.0,23.063096448662712
1,fi_hat_prev_g0.5,34,0.2323682478662167,185,0.2155675546151828,24997.0,23.063096448662712
1,fi_hat_prev_g0.5,35,0.2290266957915627,185,0.2155675546151828,24997.0,23.063096448662712
1,fi_hat_prev_g0.5,36,0.2259918172899104,185,0.2155675546151828,24997.0,23.063096448662712
1,fi_hat_prev_g0.5,37,0.2245508102110841,185,0.2155675546151828,24997.0,23.063096448662712
1,fi_hat_prev_g0.5,38,0.2218992618402658,185,0.2155675546151828,24997.0,23.063096448662712
1,fi_hat_prev_g0.5,39,0.2193325511091491,185,0.2155675546151828,24997.0,23.063096448662712
1,fi_hat_prev_g0.5,40,0.2165852215368443,185,0.2155675546151828,24997.0,23.063096448662712
1,fi_hat_prev_g0.9,1,1.3750003979808538,179,0.2155675546151828,24997.0,22.24072173159437
1,fi_hat_prev_g0.9,2,0.9501469664568444,179,0.2155675546151828,24997.0,22.24072173159437
1,fi_hat_prev_g0.9,3,0.8411679622529329,179,0.2155675546151828,24997.0,22.24072173159437
1,fi_hat_prev_g0.9,4,0.7574175533959775,179,0.2155675546151828,24997.0,22.24072173159437
1,fi_hat_prev_g0.9,5,0.6756294482990071,179,0.2155675546151828,24997.0,22.24072173159437
1,fi_hat_prev_g0.9,6,0.615715906536615,179,0.2155675546151828,24997.0,22.24072173159437
1,fi_hat_prev_g0.9,7,0.5571685254814192,179,0.2155675546151828,24997.0,22.24072173159437
1,fi_hat_prev_g0.9,8,0.5183353352106302,179,0.2155675546151828,24997.0,22.24072173159437
1,fi_hat_prev_g0.9,9,0.4825308675158545,179,0.2155675546151828,24997.0,22.24072173159437
1,fi_hat_prev_g0.9,10,0.4533519418601258,179,0.2155675546151828,24997.0,22.24072173159437
1,fi_hat_prev_g0.9,11,0.4327741052095449,179,0.2155675546151828,24997.0,22.24072173159437
1,fi_hat_prev_g0.9,12,0.4103302172714335,179,0.2155675546151828,24997.0,22.24072173159437
1,fi_hat_prev_g0.9,13,0.3966746072310865,179,0.2155675546151828,24997.0,22.24072173159437
1,fi_hat_prev_g0.9,14,0.3791069403145413,179,0.2155675546151828,24997.0,22.24072173159437
1,fi_hat_prev_g0.9,15,0.3677777457711747,179,0.2155675546151828,24997.0,22.24072173159437
1,fi_hat_prev_g0.9,16,0.3503184450642836,179,0.2155675546151828,24997.0,22.24072173159437
1,fi_hat_prev_g0.9,17,0.3366138678056531,179,0.2155675546151828,24997.0,22.24072173159437
1,fi_hat_prev_g0.9,18,0.328376165177848,179,0.2155675546151828,24997.0,22.24072173159437
1,fi_hat_prev_g0.9,19,0.3190448757071437,179,0.2155675546151828,24997.0,22.24072173159437
1,fi_hat_prev_g0.9,20,0.3134289165603129,179,0.2155675546151828,24997.0,22.24072173159437
1,fi_hat_prev_g0.9,21,0.3061032464894553,179,0.2155675546151828,24997.0,22.24072173159437
1,fi_hat_prev_g0.9,22,0.2993383507749777,179,0.2155675546151828,24997.0,22.24072173159437
1,fi_hat_prev_g0.9,23,0.291441599713828,179,0.2155675546151828,24997.0,22.24072173159437
1,fi_hat_prev_g0.9,24,0.2835756682443638,179,0.2155675546151828,24997.0,22.24072173159437
1,fi_hat_prev_g0.9,25,0.2773495096902252,179,0.2155675546151828,24997.0,22.24072173159437
1,fi_hat_prev_g0.9,26,0.270088890495717,179,0.2155675546151828,24997.0,22.24072173159437
1,fi_hat_prev_g0.9,27,0.2652078820112437,179,0.2155675546151828,24997.0,22.24072173159437
1,fi_hat_prev_g0.9,28,0.259205810673954,179,0.2155675546151828,24997.0,22.24072173159437
1,fi_hat_prev_g0.9,29,0.2549755975288527,179,0.2155675546151828,24997.0,22.24072173159437
1,fi_hat_prev_g0.9,30,0.2510323109964915,179,0.2155675546151828,24997.0,22.24072173159437
1,fi_hat_prev_g0.9,31,0.250026308855948,179,0.2155675546151828,24997.0,22.24072173159437
1,fi_hat_prev_g0.9,32,0.2461287806861674,179,0.2155675546151828,24997.0,22.24072173159437
1,fi_hat_prev_g0.9,33,0.2419900347854967,179,0.2155675546151828,24997.0,22.24072173159437
1,fi_hat_prev_g0.9,34,0.2394869246525677,179,0.2155675546151828,24997.0,22.24072173159437
1,fi_hat_prev_g0.9,35,0.2360441281791394,179,0.2155675546151828,24997.0,22.24072173159437
1,fi_hat_prev_g0.9,36,0.2327616029428015,179,0.2155675546151828,24997.0,22.24072173159437
1,fi_hat_prev_g0.9,37,0.2311973205131047,179,0.2155675546151828,24997.0,22.24072173159437
1,fi_hat_prev_g0.9,38,0.2271973439621924,179,0.2155675546151828,24997.0,22.24072173159437
1,fi_hat_prev_g0.9,39,0.2240805844948113,179,0.2155675546151828,24997.0,22.24072173159437
1,fi_hat_prev_g0.9,40,0.221229537056341,179,0.2155675546151828,24997.0,22.24072173159437
1,fi_hat_prev_g1.0,1,1.287821870864315,187,0.2155675546151828,24997.0,20.28550721857096
1,fi_hat_prev_g1.0,2,0.9286318842227358,187,0.2155675546151828,24997.0,20.28550721857096
1,fi_hat_prev_g1.0,3,0.785036444188876,187,0.2155675546151828,24997.0,20.28550721857096
1,fi_hat_prev_g1.0,4,0.6917496212334998,187,0.2155675546151828,24997.0,20.28550721857096
1,fi_hat_prev_g1.0,5,0.6389959404598894,187,0.2155675546151828,24997.0,20.28550721857096
1,fi_hat_prev_g1.0,6,0.5820474057430315,187,0.2155675546151828,24997.0,20.28550721857096
1,fi_hat_prev_g1.0,7,0.535007828540761,187,0.2155675546151828,24997.0,20.28550721857096
1,fi_hat_prev_g1.0,8,0.4991987911953944,187,0.2155675546151828,24997.0,20.28550721857096
1,fi_hat_prev_g1.0,9,0.4726472496197791,187,0.2155675546151828,24997.0,20.28550721857096
1,fi_hat_prev_g1.0,10,0.4504565524389749,187,0.2155675546151828,24997.0,20.28550721857096
1,fi_hat_prev_g1.0,11,0.4291562251042337,187,0.2155675546151828,24997.0,20.28550721857096
1,fi_hat_prev_g1.0,12,0.4104595616797793,187,0.2155675546151828,24997.0,20.28550721857096
1,fi_hat_prev_g1.0,13,0.3969132716698241,187,0.2155675546151828,24997.0,20.28550721857096
1,fi_hat_prev_g1.0,14,0.377463669026819,187,0.2155675546151828,24997.0,20.28550721857096
1,fi_hat_prev_g1.0,15,0.3660938050326012,187,0.2155675546151828,24997.0,20.28550721857096
1,fi_hat_prev_g1.0,16,0.3521411952997911,187,0.2155675546151828,24997.0,20.28550721857096
1,fi_hat_prev_g1.0,17,0.3389813268080154,187,0.2155675546151828,24997.0,20.28550721857096
1,fi_hat_prev_g1.0,18,0.3302887171389926,187,0.2155675546151828,24997.0,20.28550721857096
1,fi_hat_prev_g1.0,19,0.3212669559674531,187,0.2155675546151828,24997.0,20.28550721857096
1,fi_hat_prev_g1.0,20,0.3182029299380645,187,0.2155675546151828,24997.0,20.28550721857096
1,fi_hat_prev_g1.0,21,0.3118587150220376,187,0.2155675546151828,24997.0,20.28550721857096
1,fi_hat_prev_g1.0,22,0.3028717882093614,187,0.2155675546151828,24997.0,20.28550721857096
1,fi_hat_prev_g1.0,23,0.2941608191015791,187,0.2155675546151828,24997.0,20.28550721857096
1,fi_hat_prev_g1.0,24,0.2867830448020326,187,0.2155675546151828,24997.0,20.28550721857096
1,fi_hat_prev_g1.0,25,0.2836100855946076,187,0.2155675546151828,24997.0,20.28550721857096
1,fi_hat_prev_g1.0,26,0.2786706877861644,187,0.2155675546151828,24997.0,20.28550721857096
1,fi_hat_prev_g1.0,27,0.2745925815928092,187,0.2155675546151828,24997.0,20.28550721857096
1,fi_hat_prev_g1.0,28,0.2688466397326597,187,0.2155675546151828,24997.0,20.28550721857096
1,fi_hat_prev_g1.0,29,0.2662200047438956,187,0.2155675546151828,24997.0,20.28550721857096
1,fi_hat_prev_g1.0,30,0.2612878745665338,187,0.2155675546151828,24997.0,20.28550721857096
1,fi_hat_prev_g1.0,31,0.2581876211301866,187,0.2155675546151828,24997.0,20.28550721857096
1,fi_hat_prev_g1.0,32,0.2533471150719443,187,0.2155675546151828,24997.0,20.28550721857096
1,fi_hat_prev_g1.0,33,0.2488968304809671,187,0.2155675546151828,24997.0,20.28550721857096
1,fi_hat_prev_g1.0,34,0.2456011524569894,187,0.2155675546151828,24997.0,20.28550721857096
1,fi_hat_prev_g1.0,35,0.242873775657874,187,0.2155675546151828,24997.0,20.28550721857096
1,fi_hat_prev_g1.0,36,0.2393323006322815,187,0.2155675546151828,24997.0,20.28550721857096
1,fi_hat_prev_g1.0,37,0.2374068455591198,187,0.2155675546151828,24997.0,20.28550721857096
1,fi_hat_prev_g1.0,38,0.2338135851800872,187,0.2155675546151828,24997.0,20.28550721857096
1,fi_hat_prev_g1.0,39,0.2315067722730989,187,0.2155675546151828,24997.0,20.28550721857096
1,fi_hat_prev_g1.0,40,0.2292765028463899,187,0.2155675546151828,24997.0,20.28550721857096
1,fi_hat_post_g0.0,1,1.3292793887357433,197,0.2155675546151828,24997.0,21.985182426484705
1,fi_hat_post_g0.0,2,0.9492681402647666,197,0.2155675546151828,24997.0,21.985182426484705
1,fi_hat_post_g0.0,3,0.7518425849773887,197,0.2155675546151828,24997.0,21.985182426484705
1,fi_hat_post_g0.0,4,0.6543062882127227,197,0.2155675546151828,24997.0,21.985182426484705
1,fi_hat_post_g0.0,5,0.5981958034669072,197,0.2155675546151828,24997.0,21.985182426484705
1,fi_hat_post_g0.0,6,0.5669265447481422,197,0.2155675546151828,24997.0,21.985182426484705
1,fi_hat_post_g0.0,7,0.5244407969714615,197,0.2155675546151828,24997.0,21.985182426484705
1,fi_hat_post_g0.0,8,0.4773900624556346,197,0.2155675546151828,24997.0,21.985182426484705
1,fi_hat_post_g0.0,9,0.4490789712092142,197,0.2155675546151828,24997.0,21.985182426484705
1,fi_hat_post_g0.0,10,0.4267675039864602,197,0.2155675546151828,24997.0,21.985182426484705
1,fi_hat_post_g0.0,11,0.4124337169508282,197,0.2155675546151828,24997.0,21.985182426484705
1,fi_hat_post_g0.0,12,0.3898026849339613,197,0.2155675546151828,24997.0,21.985182426484705
1,fi_hat_post_g0.0,13,0.3740390689687554,197,0.2155675546151828,24997.0,21.985182426484705
1,fi_hat_post_g0.0,14,0.3589191683292711,197,0.2155675546151828,24997.0,21.985182426484705
1,fi_hat_post_g0.0,15,0.3484630637866471,197,0.2155675546151828,24997.0,21.985182426484705
1,fi_hat_post_g0.0,16,0.3359129911867985,197,0.2155675546151828,24997.0,21.985182426484705
1,fi_hat_post_g0.0,17,0.3239982340388217,197,0.2155675546151828,24997.0,21.985182426484705
1,fi_hat_post_g0.0,18,0.3172206664407824,197,0.2155675546151828,24997.0,21.985182426484705
1,fi_hat_post_g0.0,19,0.3089427730442297,197,0.2155675546151828,24997.0,21.985182426484705
1,fi_hat_post_g0.0,20,0.3019084046590421,197,0.2155675546151828,24997.0,21.985182426484705
1,fi_hat_post_g0.0,21,0.2953614583763314,197,0.2155675546151828,24997.0,21.985182426484705
1,fi_hat_post_g0.0,22,0.2881081511020127,197,0.2155675546151828,24997.0,21.985182426484705
1,fi_hat_post_g0.0,23,0.2805219982321388,197,0.2155675546151828,24997.0,21.985182426484705
1,fi_hat_post_g0.0,24,0.2734628719680939,197,0.2155675546151828,24997.0,21.985182426484705
1,fi_hat_post_g0.0,25,0.2691826487579868,197,0.2155675546151828,24997.0,21.985182426484705
1,fi_hat_post_g0.0,26,0.2647139951136834,197,0.2155675546151828,24997.0,21.985182426484705
1,fi_hat_post_g0.0,27,0.2612560221707196,197,0.2155675546151828,24997.0,21.985182426484705
1,fi_hat_post_g0.0,28,0.2560655695054364,197,0.2155675546151828,24997.0,21.985182426484705
1,fi_hat_post_g0.0,29,0.2525281040976208,197,0.2155675546151828,24997.0,21.985182426484705
1,fi_hat_post_g0.0,30,0.2485892611170709,197,0.2155675546151828,24997.0,21.985182426484705
1,fi_hat_post_g0.0,31,0.2464897890395685,197,0.2155675546151828,24997.0,21.985182426484705
1,fi_hat_post_g0.0,32,0.2442244765501836,197,0.2155675546151828,24997.0,21.985182426484705
1,fi_hat_post_g0.0,33,0.2399346628842507,197,0.2155675546151828,24997.0,21.985182426484705
1,fi_hat_post_g0.0,34,0.2357613668872561,197,0.2155675546151828,24997.0,21.985182426484705
1,fi_hat_post_g0.0,35,0.2326338257246414,197,0.2155675546151828,24997.0,21.985182426484705
1,fi_hat_post_g0.0,36,0.2290287475607147,197,0.2155675546151828,24997.0,21.985182426484705
1,fi_hat_post_g0.0,37,0.2276297582036519,197,0.2155675546151828,24997.0,21.985182426484705
1,fi_hat_post_g0.0,38,0.2249042305848267,197,0.2155675546151828,24997.0,21.985182426484705
1,fi_hat_post_g0.0,39,0.2223188869733491,197,0.2155675546151828,24997.0,21.985182426484705
1,fi_hat_post_g0.0,40,0.218756202940284,197,0.2155675546151828,24997.0,21.985182426484705
1,fi_hat_post_g0.5,1,1.4399310622170756,197,0.2155675546151828,24997.0,21.95836883625199
1,fi_hat_post_g0.5,2,0.9764768383677666,197,0.2155675546151828,24997.0,21.95836883625199
1,fi_hat_post_g0.5,3,0.7764703167895162,197,0.2155675546151828,24997.0,21.95836883625199
1,fi_hat_post_g0.5,4,0.676699210443344,197,0.2155675546151828,24997.0,21.95836883625199
1,fi_hat_post_g0.5,5,0.6238817020777601,197,0.2155675546151828,24997.0,21.95836883625199
1,fi_hat_post_g0.5,6,0.5798293703698398,197,0.2155675546151828,24997.0,21.95836883625199
1,fi_hat_post_g0.5,7,0.5321559293472862,197,0.2155675546151828,24997.0,21.95836883625199
1,fi_hat_post_g0.5,8,0.4906371569803332,197,0.2155675546151828,24997.0,21.95836883625199
1,fi_hat_post_g0.5,9,0.4603136959930284,197,0.2155675546151828,24997.0,21.95836883625199
1,fi_hat_post_g0.5,10,0.4328891326875836,197,0.2155675546151828,24997.0,21.95836883625199
1,fi_hat_post_g0.5,11,0.4171324752985337,197,0.2155675546151828,24997.0,21.95836883625199
1,fi_hat_post_g0.5,12,0.3953786334589082,197,0.2155675546151828,24997.0,21.95836883625199
1,fi_hat_post_g0.5,13,0.3796143123767517,197,0.2155675546151828,24997.0,21.95836883625199
1,fi_hat_post_g0.5,14,0.3633608571446434,197,0.2155675546151828,24997.0,21.95836883625199
1,fi_hat_post_g0.5,15,0.3530576977237607,197,0.2155675546151828,24997.0,21.95836883625199
1,fi_hat_post_g0.5,16,0.3379729021945759,197,0.2155675546151828,24997.0,21.95836883625199
1,fi_hat_post_g0.5,17,0.3278478667221619,197,0.2155675546151828,24997.0,21.95836883625199
1,fi_hat_post_g0.5,18,0.3190268505483593,197,0.2155675546151828,24997.0,21.95836883625199
1,fi_hat_post_g0.5,19,0.3096009605187678,197,0.2155675546151828,24997.0,21.95836883625199
1,fi_hat_post_g0.5,20,0.3036798666107657,197,0.2155675546151828,24997.0,21.95836883625199
1,fi_hat_post_g0.5,21,0.2964246322190623,197,0.2155675546151828,24997.0,21.95836883625199
1,fi_hat_post_g0.5,22,0.2907509807666538,197,0.2155675546151828,24997.0,21.95836883625199
1,fi_hat_post_g0.5,23,0.2837792171900026,197,0.2155675546151828,24997.0,21.95836883625199
1,fi_hat_post_g0.5,24,0.2766932134687871,197,0.2155675546151828,24997.0,21.95836883625199
1,fi_hat_post_g0.5,25,0.2731012993849524,197,0.2155675546151828,24997.0,21.95836883625199
1,fi_hat_post_g0.5,26,0.2678052987425535,197,0.2155675546151828,24997.0,21.95836883625199
1,fi_hat_post_g0.5,27,0.2624952721342821,197,0.2155675546151828,24997.0,21.95836883625199
1,fi_hat_post_g0.5,28,0.2568736790143135,197,0.2155675546151828,24997.0,21.95836883625199
1,fi_hat_post_g0.5,29,0.2535274912064347,197,0.2155675546151828,24997.0,21.95836883625199
1,fi_hat_post_g0.5,30,0.250902654172116,197,0.2155675546151828,24997.0,21.95836883625199
1,fi_hat_post_g0.5,31,0.2481692311157334,197,0.2155675546151828,24997.0,21.95836883625199
1,fi_hat_post_g0.5,32,0.2449110708548824,197,0.2155675546151828,24997.0,21.95836883625199
1,fi_hat_post_g0.5,33,0.2420445412447002,197,0.2155675546151828,24997.0,21.95836883625199
1,fi_hat_post_g0.5,34,0.2388873954728162,197,0.2155675546151828,24997.0,21.95836883625199
1,fi_hat_post_g0.5,35,0.236111345408239,197,0.2155675546151828,24997.0,21.95836883625199
1,fi_hat_post_g0.5,36,0.2328828586560903,197,0.2155675546151828,24997.0,21.95836883625199
1,fi_hat_post_g0.5,37,0.231174256005246,197,0.2155675546151828,24997.0,21.95836883625199
1,fi_hat_post_g0.5,38,0.2278246944742591,197,0.2155675546151828,24997.0,21.95836883625199
1,fi_hat_post_g0.5,39,0.2249272968669017,197,0.2155675546151828,24997.0,21.95836883625199
1,fi_hat_post_g0.5,40,0.2237053013208167,197,0.2155675546151828,24997.0,21.95836883625199
1,fi_hat_post_g0.9,1,1.4714858721364117,176,0.2155675546151828,24997.0,21.306922444220756
1,fi_hat_post_g0.9,2,1.1203798618726883,176,0.2155675546151828,24997.0,21.306922444220756
1,fi_hat_post_g0.9,3,0.9050343839482944,176,0.2155675546151828,24997.0,21.306922444220756
1,fi_hat_post_g0.9,4,0.7732486016239173,176,0.2155675546151828,24997.0,21.306922444220756
1,fi_hat_post_g0.9,5,0.6960673004068023,176,0.2155675546151828,24997.0,21.306922444220756
1,fi_hat_post_g0.9,6,0.6402354257106837,176,0.2155675546151828,24997.0,21.306922444220756
1,fi_hat_post_g0.9,7,0.5866199758998063,176,0.2155675546151828,24997.0,21.306922444220756
1,fi_hat_post_g0.9,8,0.5420595356109794,176,0.2155675546151828,24997.0,21.306922444220756
1,fi_hat_post_g0.9,9,0.5049262812383992,176,0.2155675546151828,24997.0,21.306922444220756
1,fi_hat_post_g0.9,10,0.4760580757631966,176,0.2155675546151828,24997.0,21.306922444220756
1,fi_hat_post_g0.9,11,0.4472033872634351,176,0.2155675546151828,24997.0,21.306922444220756
1,fi_hat_post_g0.9,12,0.4198841264001007,176,0.2155675546151828,24997.0,21.306922444220756
1,fi_hat_post_g0.9,13,0.4037909162832021,176,0.2155675546151828,24997.0,21.306922444220756
1,fi_hat_post_g0.9,14,0.3853325959083353,176,0.2155675546151828,24997.0,21.306922444220756
1,fi_hat_post_g0.9,15,0.3744902522982009,176,0.2155675546151828,24997.0,21.306922444220756
1,fi_hat_post_g0.9,16,0.3597237289834002,176,0.2155675546151828,24997.0,21.306922444220756
1,fi_hat_post_g0.9,17,0.3452096451607838,176,0.2155675546151828,24997.0,21.306922444220756
1,fi_hat_post_g0.9,18,0.3356696415637316,176,0.2155675546151828,24997.0,21.306922444220756
1,fi_hat_post_g0.9,19,0.3253591980021874,176,0.2155675546151828,24997.0,21.306922444220756
1,fi_hat_post_g0.9,20,0.3184919962699628,176,0.2155675546151828,24997.0,21.306922444220756
1,fi_hat_post_g0.9,21,0.3092672134720913,176,0.2155675546151828,24997.0,21.306922444220756
1,fi_hat_post_g0.9,22,0.3008386250161643,176,0.2155675546151828,24997.0,21.306922444220756
1,fi_hat_post_g0.9,23,0.2934419774030111,176,0.2155675546151828,24997.0,21.306922444220756
1,fi_hat_post_g0.9,24,0.2855383167121127,176,0.2155675546151828,24997.0,21.306922444220756
1,fi_hat_post_g0.9,25,0.2795303645985789,176,0.2155675546151828,24997.0,21.306922444220756
1,fi_hat_post_g0.9,26,0.2717811937994115,176,0.2155675546151828,24997.0,21.306922444220756
1,fi_hat_post_g0.9,27,0.2666401850241781,176,0.2155675546151828,24997.0,21.306922444220756
1,fi_hat_post_g0.9,28,0.2612920203880491,176,0.2155675546151828,24997.0,21.306922444220756
1,fi_hat_post_g0.9,29,0.2585447601993029,176,0.2155675546151828,24997.0,21.306922444220756
1,fi_hat_post_g0.9,30,0.2548961356556071,176,0.2155675546151828,24997.0,21.306922444220756
1,fi_hat_post_g0.9,31,0.252503681179261,176,0.2155675546151828,24997.0,21.306922444220756
1,fi_hat_post_g0.9,32,0.2487919798407089,176,0.2155675546151828,24997.0,21.306922444220756
1,fi_hat_post_g0.9,33,0.2445921579622107,176,0.2155675546151828,24997.0,21.306922444220756
1,fi_hat_post_g0.9,34,0.2412617979767637,176,0.2155675546151828,24997.0,21.306922444220756
1,fi_hat_post_g0.9,35,0.2374927520773777,176,0.2155675546151828,24997.0,21.306922444220756
1,fi_hat_post_g0.9,36,0.234366214501784,176,0.2155675546151828,24997.0,21.306922444220756
1,fi_hat_post_g0.9,37,0.2337677977625964,176,0.2155675546151828,24997.0,21.306922444220756
1,fi_hat_post_g0.9,38,0.230064107126365,176,0.2155675546151828,24997.0,21.306922444220756
1,fi_hat_post_g0.9,39,0.2281464210206252,176,0.2155675546151828,24997.0,21.306922444220756
1,fi_hat_post_g0.9,40,0.2256985977102579,176,0.2155675546151828,24997.0,21.306922444220756
1,fi_hat_post_g1.0,1,1.3364710468290248,162,0.2155675546151828,24997.0,19.80530614454329
1,fi_hat_post_g1.0,2,1.1289092787243165,162,0.2155675546151828,24997.0,19.80530614454329
1,fi_hat_post_g1.0,3,0.8988933524913956,162,0.2155675546151828,24997.0,19.80530614454329
1,fi_hat_post_g1.0,4,0.7454616612061051,162,0.2155675546151828,24997.0,19.80530614454329
1,fi_hat_post_g1.0,5,0.6711835550781181,162,0.2155675546151828,24997.0,19.80530614454329
1,fi_hat_post_g1.0,6,0.609289700564756,162,0.2155675546151828,24997.0,19.80530614454329
1,fi_hat_post_g1.0,7,0.5656956972029336,162,0.2155675546151828,24997.0,19.80530614454329
1,fi_hat_post_g1.0,8,0.5193944372080603,162,0.2155675546151828,24997.0,19.80530614454329
1,fi_hat_post_g1.0,9,0.4859244743547877,162,0.2155675546151828,24997.0,19.80530614454329
1,fi_hat_post_g1.0,10,0.4612673958174643,162,0.2155675546151828,24997.0,19.80530614454329
1,fi_hat_post_g1.0,11,0.4354761971037271,162,0.2155675546151828,24997.0,19.80530614454329
1,fi_hat_post_g1.0,12,0.4154752973153792,162,0.2155675546151828,24997.0,19.80530614454329
1,fi_hat_post_g1.0,13,0.401128136646707,162,0.2155675546151828,24997.0,19.80530614454329
1,fi_hat_post_g1.0,14,0.3846859927254195,162,0.2155675546151828,24997.0,19.80530614454329
1,fi_hat_post_g1.0,15,0.3767755460712909,162,0.2155675546151828,24997.0,19.80530614454329
1,fi_hat_post_g1.0,16,0.3590152915900686,162,0.2155675546151828,24997.0,19.80530614454329
1,fi_hat_post_g1.0,17,0.346135613396203,162,0.2155675546151828,24997.0,19.80530614454329
1,fi_hat_post_g1.0,18,0.3342000853097608,162,0.2155675546151828,24997.0,19.80530614454329
1,fi_hat_post_g1.0,19,0.3245177647934085,162,0.2155675546151828,24997.0,19.80530614454329
1,fi_hat_post_g1.0,20,0.3192327192779442,162,0.2155675546151828,24997.0,19.80530614454329
1,fi_hat_post_g1.0,21,0.3150735426287966,162,0.2155675546151828,24997.0,19.80530614454329
1,fi_hat_post_g1.0,22,0.3064856162010723,162,0.2155675546151828,24997.0,19.80530614454329
1,fi_hat_post_g1.0,23,0.2974615336376213,162,0.2155675546151828,24997.0,19.80530614454329
1,fi_hat_post_g1.0,24,0.2926953736398333,162,0.2155675546151828,24997.0,19.80530614454329
1,fi_hat_post_g1.0,25,0.2879415123452341,162,0.2155675546151828,24997.0,19.80530614454329
1,fi_hat_post_g1.0,26,0.2795742242444299,162,0.2155675546151828,24997.0,19.80530614454329
1,fi_hat_post_g1.0,27,0.2734971785276907,162,0.2155675546151828,24997.0,19.80530614454329
1,fi_hat_post_g1.0,28,0.2663606480317665,162,0.2155675546151828,24997.0,19.80530614454329
1,fi_hat_post_g1.0,29,0.262832797239581,162,0.2155675546151828,24997.0,19.80530614454329
1,fi_hat_post_g1.0,30,0.2601517979199537,162,0.2155675546151828,24997.0,19.80530614454329
1,fi_hat_post_g1.0,31,0.258365783934948,162,0.2155675546151828,24997.0,19.80530614454329
1,fi_hat_post_g1.0,32,0.2541204977914685,162,0.2155675546151828,24997.0,19.80530614454329
1,fi_hat_post_g1.0,33,0.2488585183056321,162,0.2155675546151828,24997.0,19.80530614454329
1,fi_hat_post_g1.0,34,0.2451109431052092,162,0.2155675546151828,24997.0,19.80530614454329
1,fi_hat_post_g1.0,35,0.2409931644947611,162,0.2155675546151828,24997.0,19.80530614454329
1,fi_hat_post_g1.0,36,0.2369133349924326,162,0.2155675546151828,24997.0,19.80530614454329
1,fi_hat_post_g1.0,37,0.2357089438818211,162,0.2155675546151828,24997.0,19.80530614454329
1,fi_hat_post_g1.0,38,0.2333017236824798,162,0.2155675546151828,24997.0,19.80530614454329
1,fi_hat_post_g1.0,39,0.2306336825448705,162,0.2155675546151828,24997.0,19.80530614454329
1,fi_hat_post_g1.0,40,0.2279919767757646,162,0.2155675546151828,24997.0,19.80530614454329
1,err_reduction_ref_g0.0,1,1.4188570712389743,72,0.2155675546151828,24961.0,1.2121778258528424
1,err_reduction_ref_g0.0,2,1.20416223264704,72,0.2155675546151828,24961.0,1.2121778258528424
1,err_reduction_ref_g0.0,3,0.9763912116602153,72,0.2155675546151828,24961.0,1.2121778258528424
1,err_reduction_ref_g0.0,4,0.8885610828157964,72,0.2155675546151828,24961.0,1.2121778258528424
1,err_reduction_ref_g0.0,5,0.7848347143171571,72,0.2155675546151828,24961.0,1.2121778258528424
1,err_reduction_ref_g0.0,6,0.7388991618344742,72,0.2155675546151828,24961.0,1.2121778258528424
1,err_reduction_ref_g0.0,7,0.6967683355011859,72,0.2155675546151828,24961.0,1.2121778258528424
1,err_reduction_ref_g0.0,8,0.6495828099324463,72,0.2155675546151828,24961.0,1.2121778258528424
1,err_reduction_ref_g0.0,9,0.6279269682508632,72,0.2155675546151828,24961.0,1.2121778258528424
1,err_reduction_ref_g0.0,10,0.6035974619136356,72,0.2155675546151828,24961.0,1.2121778258528424
1,err_reduction_ref_g0.0,11,0.5747999882936733,72,0.2155675546151828,24961.0,1.2121778258528424
1,err_reduction_ref_g0.0,12,0.5616315110492736,72,0.2155675546151828,24961.0,1.2121778258528424
1,err_reduction_ref_g0.0,13,0.549611674456175,72,0.2155675546151828,24961.0,1.2121778258528424
1,err_reduction_ref_g0.0,14,0.5361311903768698,72,0.2155675546151828,24961.0,1.2121778258528424
1,err_reduction_ref_g0.0,15,0.5260016699324885,72,0.2155675546151828,24961.0,1.2121778258528424
1,err_reduction_ref_g0.0,16,0.511884322016284,72,0.2155675546151828,24961.0,1.2121778258528424
1,err_reduction_ref_g0.0,17,0.4989507223144341,72,0.2155675546151828,24961.0,1.2121778258528424
1,err_reduction_ref_g0.0,18,0.4859156576865929,72,0.2155675546151828,24961.0,1.2121778258528424
1,err_reduction_ref_g0.0,19,0.471392552192982,72,0.2155675546151828,24961.0,1.2121778258528424
1,err_reduction_ref_g0.0,20,0.4650280251071011,72,0.2155675546151828,24961.0,1.2121778258528424
1,err_reduction_ref_g0.0,21,0.4550039612262052,72,0.2155675546151828,24961.0,1.2121778258528424
1,err_reduction_ref_g0.0,22,0.443996031413078,72,0.2155675546151828,24961.0,1.2121778258528424
1,err_reduction_ref_g0.0,23,0.4344230624559337,72,0.2155675546151828,24961.0,1.2121778258528424
1,err_reduction_ref_g0.0,24,0.4249467201906466,72,0.2155675546151828,24961.0,1.2121778258528424
1,err_reduction_ref_g0.0,25,0.4193558445469039,72,0.2155675546151828,24961.0,1.2121778258528424
1,err_reduction_ref_g0.0,26,0.4110769895449912,72,0.2155675546151828,24961.0,1.2121778258528424
1,err_reduction_ref_g0.0,27,0.4036388590537357,72,0.2155675546151828,24961.0,1.2121778258528424
1,err_reduction_ref_g0.0,28,0.3976406823269225,72,0.2155675546151828,24961.0,1.2121778258528424
1,err_reduction_ref_g0.0,29,0.3904555678617869,72,0.2155675546151828,24961.0,1.2121778258528424
1,err_reduction_ref_g0.0,30,0.3842425676952764,72,0.2155675546151828,24961.0,1.2121778258528424
1,err_reduction_ref_g0.0,31,0.3789680939642523,72,0.2155675546151828,24961.0,1.2121778258528424
1,err_reduction_ref_g0.0,32,0.3697443779181253,72,0.2155675546151828,24961.0,1.2121778258528424
1,err_reduction_ref_g0.0,33,0.3651856306815106,72,0.2155675546151828,24961.0,1.2121778258528424
1,err_reduction_ref_g0.0,34,0.3600320923768453,72,0.2155675546151828,24961.0,1.2121778258528424
1,err_reduction_ref_g0.0,35,0.357067891151916,72,0.2155675546151828,24961.0,1.2121778258528424
1,err_reduction_ref_g0.0,36,0.3530612465796264,72,0.2155675546151828,24961.0,1.2121778258528424
1,err_reduction_ref_g0.0,37,0.3536771848219238,72,0.2155675546151828,24961.0,1.2121778258528424
1,err_reduction_ref_g0.0,38,0.3494174434785636,72,0.2155675546151828,24961.0,1.2121778258528424
1,err_reduction_ref_g0.0,39,0.3438472385809488,72,0.2155675546151828,24961.0,1.2121778258528424
1,err_reduction_ref_g0.0,40,0.3409846136188545,72,0.2155675546151828,24961.0,1.2121778258528424
1,err_reduction_ref_g0.5,1,1.4319903437963453,98,0.2155675546151828,24961.0,1.2155273014183772
1,err_reduction_ref_g0.5,2,1.399058871252952,98,0.2155675546151828,24961.0,1.2155273014183772
1,err_reduction_ref_g0.5,3,1.051350177455706,98,0.2155675546151828,24961.0,1.2155273014183772
1,err_reduction_ref_g0.5,4,0.9820857899186732,98,0.2155675546151828,24961.0,1.2155273014183772
1,err_reduction_ref_g0.5,5,0.9028392662321229,98,0.2155675546151828,24961.0,1.2155273014183772
1,err_reduction_ref_g0.5,6,0.8569547220310909,98,0.2155675546151828,24961.0,1.2155273014183772
1,err_reduction_ref_g0.5,7,0.7847085860567393,98,0.2155675546151828,24961.0,1.2155273014183772
1,err_reduction_ref_g0.5,8,0.7458714766875664,98,0.2155675546151828,24961.0,1.2155273014183772
1,err_reduction_ref_g0.5,9,0.7101746183332321,98,0.2155675546151828,24961.0,1.2155273014183772
1,err_reduction_ref_g0.5,10,0.6686739736757893,98,0.2155675546151828,24961.0,1.2155273014183772
1,err_reduction_ref_g0.5,11,0.6374535176120716,98,0.2155675546151828,24961.0,1.2155273014183772
1,err_reduction_ref_g0.5,12,0.6026386879284061,98,0.2155675546151828,24961.0,1.2155273014183772
1,err_reduction_ref_g0.5,13,0.5723533429788131,98,0.2155675546151828,24961.0,1.2155273014183772
1,err_reduction_ref_g0.5,14,0.5492764043969767,98,0.2155675546151828,24961.0,1.2155273014183772
1,err_reduction_ref_g0.5,15,0.5237642434811429,98,0.2155675546151828,24961.0,1.2155273014183772
1,err_reduction_ref_g0.5,16,0.4987083815217154,98,0.2155675546151828,24961.0,1.2155273014183772
1,err_reduction_ref_g0.5,17,0.4833595664863655,98,0.2155675546151828,24961.0,1.2155273014183772
1,err_reduction_ref_g0.5,18,0.4744834505105571,98,0.2155675546151828,24961.0,1.2155273014183772
1,err_reduction_ref_g0.5,19,0.4675587081344491,98,0.2155675546151828,24961.0,1.2155273014183772
1,err_reduction_ref_g0.5,20,0.4615597767171063,98,0.2155675546151828,24961.0,1.2155273014183772
1,err_reduction_ref_g0.5,21,0.457334979655225,98,0.2155675546151828,24961.0,1.2155273014183772
1,err_reduction_ref_g0.5,22,0.4458833758997327,98,0.2155675546151828,24961.0,1.2155273014183772
1,err_reduction_ref_g0.5,23,0.4334655737401965,98,0.2155675546151828,24961.0,1.2155273014183772
1,err_reduction_ref_g0.5,24,0.4214029793230299,98,0.2155675546151828,24961.0,1.2155273014183772
1,err_reduction_ref_g0.5,25,0.413713915788695,98,0.2155675546151828,24961.0,1.2155273014183772
1,err_reduction_ref_g0.5,26,0.4025689435243026,98,0.2155675546151828,24961.0,1.2155273014183772
1,err_reduction_ref_g0.5,27,0.3991971705092063,98,0.2155675546151828,24961.0,1.2155273014183772
1,err_reduction_ref_g0.5,28,0.390020666397197,98,0.2155675546151828,24961.0,1.2155273014183772
1,err_reduction_ref_g0.5,29,0.382692649614789,98,0.2155675546151828,24961.0,1.2155273014183772
1,err_reduction_ref_g0.5,30,0.37847475098502,98,0.2155675546151828,24961.0,1.2155273014183772
1,err_reduction_ref_g0.5,31,0.3760874437839356,98,0.2155675546151828,24961.0,1.2155273014183772
1,err_reduction_ref_g0.5,32,0.3710163821726563,98,0.2155675546151828,24961.0,1.2155273014183772
1,err_reduction_ref_g0.5,33,0.3669398889608193,98,0.2155675546151828,24961.0,1.2155273014183772
1,err_reduction_ref_g0.5,34,0.3639695145221843,98,0.2155675546151828,24961.0,1.2155273014183772
1,err_reduction_ref_g0.5,35,0.3579364781495519,98,0.2155675546151828,24961.0,1.2155273014183772
1,err_reduction_ref_g0.5,36,0.3529302042951757,98,0.2155675546151828,24961.0,1.2155273014183772
1,err_reduction_ref_g0.5,37,0.3490460902220179,98,0.2155675546151828,24961.0,1.2155273014183772
1,err_reduction_ref_g0.5,38,0.3421439038820275,98,0.2155675546151828,24961.0,1.2155273014183772
1,err_reduction_ref_g0.5,39,0.3371327291178684,98,0.2155675546151828,24961.0,1.2155273014183772
1,err_reduction_ref_g0.5,40,0.3315169193112761,98,0.2155675546151828,24961.0,1.2155273014183772
1,err_reduction_ref_g0.9,1,1.457242940576053,82,0.2155675546151828,24961.0,1.2654863423957328
1,err_reduction_ref_g0.9,2,1.7436593190755123,82,0.2155675546151828,24961.0,1.2654863423957328
1,err_reduction_ref_g0.9,3,1.6355959160196047,82,0.2155675546151828,24961.0,1.2654863423957328
1,err_reduction_ref_g0.9,4,1.4889494786562618,82,0.2155675546151828,24961.0,1.2654863423957328
1,err_reduction_ref_g0.9,5,1.337860743314987,82,0.2155675546151828,24961.0,1.2654863423957328
1,err_reduction_ref_g0.9,6,1.1404286213151926,82,0.2155675546151828,24961.0,1.2654863423957328
1,err_reduction_ref_g0.9,7,1.112822387257489,82,0.2155675546151828,24961.0,1.2654863423957328
1,err_reduction_ref_g0.9,8,1.0434426299564548,82,0.2155675546151828,24961.0,1.2654863423957328
1,err_reduction_ref_g0.9,9,0.9428287370897316,82,0.2155675546151828,24961.0,1.2654863423957328
1,err_reduction_ref_g0.9,10,0.9016203838742664,82,0.2155675546151828,24961.0,1.2654863423957328
1,err_reduction_ref_g0.9,11,0.8497941229475898,82,0.2155675546151828,24961.0,1.2654863423957328
1,err_reduction_ref_g0.9,12,0.7781917196107228,82,0.2155675546151828,24961.0,1.2654863423957328
1,err_reduction_ref_g0.9,13,0.6744468183380192,82,0.2155675546151828,24961.0,1.2654863423957328
1,err_reduction_ref_g0.9,14,0.6527729610899832,82,0.2155675546151828,24961.0,1.2654863423957328
1,err_reduction_ref_g0.9,15,0.6075675961501913,82,0.2155675546151828,24961.0,1.2654863423957328
1,err_reduction_ref_g0.9,16,0.5902370905941237,82,0.2155675546151828,24961.0,1.2654863423957328
1,err_reduction_ref_g0.9,17,0.5636514603061399,82,0.2155675546151828,24961.0,1.2654863423957328
1,err_reduction_ref_g0.9,18,0.5375624129096367,82,0.2155675546151828,24961.0,1.2654863423957328
1,err_reduction_ref_g0.9,19,0.5037876391381795,82,0.2155675546151828,24961.0,1.2654863423957328
1,err_reduction_ref_g0.9,20,0.4914466682732314,82,0.2155675546151828,24961.0,1.2654863423957328
1,err_reduction_ref_g0.9,21,0.4846674615600697,82,0.2155675546151828,24961.0,1.2654863423957328
1,err_reduction_ref_g0.9,22,0.4706769805337553,82,0.2155675546151828,24961.0,1.2654863423957328
1,err_reduction_ref_g0.9,23,0.4631602908031492,82,0.2155675546151828,24961.0,1.2654863423957328
1,err_reduction_ref_g0.9,24,0.4511251504051529,82,0.2155675546151828,24961.0,1.2654863423957328
1,err_reduction_ref_g0.9,25,0.4412830647799347,82,0.2155675546151828,24961.0,1.2654863423957328
1,err_reduction_ref_g0.9,26,0.4371890246094315,82,0.2155675546151828,24961.0,1.2654863423957328
1,err_reduction_ref_g0.9,27,0.430469758049043,82,0.2155675546151828,24961.0,1.2654863423957328
1,err_reduction_ref_g0.9,28,0.423498431971567,82,0.2155675546151828,24961.0,1.2654863423957328
1,err_reduction_ref_g0.9,29,0.4190772228150265,82,0.2155675546151828,24961.0,1.2654863423957328
1,err_reduction_ref_g0.9,30,0.4134327508788347,82,0.2155675546151828,24961.0,1.2654863423957328
1,err_reduction_ref_g0.9,31,0.4092319832615925,82,0.2155675546151828,24961.0,1.2654863423957328
1,err_reduction_ref_g0.9,32,0.4080932109264577,82,0.2155675546151828,24961.0,1.2654863423957328
1,err_reduction_ref_g0.9,33,0.4000222601644237,82,0.2155675546151828,24961.0,1.2654863423957328
1,err_reduction_ref_g0.9,34,0.3950141177675256,82,0.2155675546151828,24961.0,1.2654863423957328
1,err_reduction_ref_g0.9,35,0.3913178585302344,82,0.2155675546151828,24961.0,1.2654863423957328
1,err_reduction_ref_g0.9,36,0.3843479594413935,82,0.2155675546151828,24961.0,1.2654863423957328
1,err_reduction_ref_g0.9,37,0.3774594547433513,82,0.2155675546151828,24961.0,1.2654863423957328
1,err_reduction_ref_g0.9,38,0.3730048287059224,82,0.2155675546151828,24961.0,1.2654863423957328
1,err_reduction_ref_g0.9,39,0.3629228719014286,82,0.2155675546151828,24961.0,1.2654863423957328
1,err_reduction_ref_g0.9,40,0.3575649145751187,82,0.2155675546151828,24961.0,1.2654863423957328
1,err_reduction_ref_g1.0,1,1.555548930875486,111,0.2155675546151828,24961.0,1.4113785959933642
1,err_reduction_ref_g1.0,2,1.9333229812339172,111,0.2155675546151828,24961.0,1.4113785959933642
1,err_reduction_ref_g1.0,3,1.7398621427328056,111,0.2155675546151828,24961.0,1.4113785959933642
1,err_reduction_ref_g1.0,4,1.6159068357308777,111,0.2155675546151828,24961.0,1.4113785959933642
1,err_reduction_ref_g1.0,5,1.5483097211122208,111,0.2155675546151828,24961.0,1.4113785959933642
1,err_reduction_ref_g1.0,6,1.4413784436855794,111,0.2155675546151828,24961.0,1.4113785959933642
1,err_reduction_ref_g1.0,7,1.4101798629000002,111,0.2155675546151828,24961.0,1.4113785959933642
1,err_reduction_ref_g1.0,8,1.3512765639755353,111,0.2155675546151828,24961.0,1.4113785959933642
1,err_reduction_ref_g1.0,9,1.303258061073321,111,0.2155675546151828,24961.0,1.4113785959933642
1,err_reduction_ref_g1.0,10,1.2420351371818463,111,0.2155675546151828,24961.0,1.4113785959933642
1,err_reduction_ref_g1.0,11,1.2220529852395283,111,0.2155675546151828,24961.0,1.4113785959933642
1,err_reduction_ref_g1.0,12,1.180890702794325,111,0.2155675546151828,24961.0,1.4113785959933642
1,err_reduction_ref_g1.0,13,1.1642778248978929,111,0.2155675546151828,24961.0,1.4113785959933642
1,err_reduction_ref_g1.0,14,1.1362653947967485,111,0.2155675546151828,24961.0,1.4113785959933642
1,err_reduction_ref_g1.0,15,1.0859473597973164,111,0.2155675546151828,24961.0,1.4113785959933642
1,err_reduction_ref_g1.0,16,1.053290350155451,111,0.2155675546151828,24961.0,1.4113785959933642
1,err_reduction_ref_g1.0,17,1.0331787910446928,111,0.2155675546151828,24961.0,1.4113785959933642
1,err_reduction_ref_g1.0,18,1.000727667780264,111,0.2155675546151828,24961.0,1.4113785959933642
1,err_reduction_ref_g1.0,19,0.982744161429993,111,0.2155675546151828,24961.0,1.4113785959933642
1,err_reduction_ref_g1.0,20,0.9694346180120028,111,0.2155675546151828,24961.0,1.4113785959933642
1,err_reduction_ref_g1.0,21,0.9423366502812176,111,0.2155675546151828,24961.0,1.4113785959933642
1,err_reduction_ref_g1.0,22,0.9134462638344146,111,0.2155675546151828,24961.0,1.4113785959933642
1,err_reduction_ref_g1.0,23,0.902981681831752,111,0.2155675546151828,24961.0,1.4113785959933642
1,err_reduction_ref_g1.0,24,0.8629008331608232,111,0.2155675546151828,24961.0,1.4113785959933642
1,err_reduction_ref_g1.0,25,0.8172122213550392,111,0.2155675546151828,24961.0,1.4113785959933642
1,err_reduction_ref_g1.0,26,0.7935323748852621,111,0.2155675546151828,24961.0,1.4113785959933642
1,err_reduction_ref_g1.0,27,0.7495091667149615,111,0.2155675546151828,24961.0,1.4113785959933642
1,err_reduction_ref_g1.0,28,0.725599033802385,111,0.2155675546151828,24961.0,1.4113785959933642
1,err_reduction_ref_g1.0,29,0.7077187264256741,111,0.2155675546151828,24961.0,1.4113785959933642
1,err_reduction_ref_g1.0,30,0.6886355890732849,111,0.2155675546151828,24961.0,1.4113785959933642
1,err_reduction_ref_g1.0,31,0.6559727346554013,111,0.2155675546151828,24961.0,1.4113785959933642
1,err_reduction_ref_g1.0,32,0.6296044206599247,111,0.2155675546151828,24961.0,1.4113785959933642
1,err_reduction_ref_g1.0,33,0.6171834844556735,111,0.2155675546151828,24961.0,1.4113785959933642
1,err_reduction_ref_g1.0,34,0.6067976414798304,111,0.2155675546151828,24961.0,1.4113785959933642
1,err_reduction_ref_g1.0,35,0.5977659481479415,111,0.2155675546151828,24961.0,1.4113785959933642
1,err_reduction_ref_g1.0,36,0.5755856871888858,111,0.2155675546151828,24961.0,1.4113785959933642
1,err_reduction_ref_g1.0,37,0.5445580789630365,111,0.2155675546151828,24961.0,1.4113785959933642
1,err_reduction_ref_g1.0,38,0.5288692624510799,111,0.2155675546151828,24961.0,1.4113785959933642
1,err_reduction_ref_g1.0,39,0.515814055194062,111,0.2155675546151828,24961.0,1.4113785959933642
1,err_reduction_ref_g1.0,40,0.5129762667890614,111,0.2155675546151828,24961.0,1.4113785959933642
1,fi_ref_g0.0,1,1.3168434768919235,197,0.2155675546151828,24961.0,21.621252337395244
1,fi_ref_g0.0,2,0.931893023226406,197,0.2155675546151828,24961.0,21.621252337395244
1,fi_ref_g0.0,3,0.8058122895417532,197,0.2155675546151828,24961.0,21.621252337395244
1,fi_ref_g0.0,4,0.6796515834183323,197,0.2155675546151828,24961.0,21.621252337395244
1,fi_ref_g0.0,5,0.6042062159707607,197,0.2155675546151828,24961.0,21.621252337395244
1,fi_ref_g0.0,6,0.5504557921823631,197,0.2155675546151828,24961.0,21.621252337395244
1,fi_ref_g0.0,7,0.5085516324257918,197,0.2155675546151828,24961.0,21.621252337395244
1,fi_ref_g0.0,8,0.4675030959198243,197,0.2155675546151828,24961.0,21.621252337395244
1,fi_ref_g0.0,9,0.4434260920402746,197,0.2155675546151828,24961.0,21.621252337395244
1,fi_ref_g0.0,10,0.4201327818175834,197,0.2155675546151828,24961.0,21.621252337395244
1,fi_ref_g0.0,11,0.4001893158411064,197,0.2155675546151828,24961.0,21.621252337395244
1,fi_ref_g0.0,12,0.3826963841673265,197,0.2155675546151828,24961.0,21.621252337395244
1,fi_ref_g0.0,13,0.3678425112075335,197,0.2155675546151828,24961.0,21.621252337395244
1,fi_ref_g0.0,14,0.3531622800645983,197,0.2155675546151828,24961.0,21.621252337395244
1,fi_ref_g0.0,15,0.3423494195401473,197,0.2155675546151828,24961.0,21.621252337395244
1,fi_ref_g0.0,16,0.3329455019503485,197,0.2155675546151828,24961.0,21.621252337395244
1,fi_ref_g0.0,17,0.3220728993166992,197,0.2155675546151828,24961.0,21.621252337395244
1,fi_ref_g0.0,18,0.3154936131338744,197,0.2155675546151828,24961.0,21.621252337395244
1,fi_ref_g0.0,19,0.308746284016542,197,0.2155675546151828,24961.0,21.621252337395244
1,fi_ref_g0.0,20,0.3023711378232132,197,0.2155675546151828,24961.0,21.621252337395244
1,fi_ref_g0.0,21,0.2952957419340223,197,0.2155675546151828,24961.0,21.621252337395244
1,fi_ref_g0.0,22,0.2883011535441014,197,0.2155675546151828,24961.0,21.621252337395244
1,fi_ref_g0.0,23,0.2805763759022067,197,0.2155675546151828,24961.0,21.621252337395244
1,fi_ref_g0.0,24,0.2714140778912581,197,0.2155675546151828,24961.0,21.621252337395244
1,fi_ref_g0.0,25,0.2669551506277427,197,0.2155675546151828,24961.0,21.621252337395244
1,fi_ref_g0.0,26,0.2623020462547952,197,0.2155675546151828,24961.0,21.621252337395244
1,fi_ref_g0.0,27,0.2602635832664345,197,0.2155675546151828,24961.0,21.621252337395244
1,fi_ref_g0.0,28,0.2544457007331822,197,0.2155675546151828,24961.0,21.621252337395244
1,fi_ref_g0.0,29,0.2499657453028266,197,0.2155675546151828,24961.0,21.621252337395244
1,fi_ref_g0.0,30,0.2467062268185982,197,0.2155675546151828,24961.0,21.621252337395244
1,fi_ref_g0.0,31,0.2450390845691124,197,0.2155675546151828,24961.0,21.621252337395244
1,fi_ref_g0.0,32,0.2429976936651593,197,0.2155675546151828,24961.0,21.621252337395244
1,fi_ref_g0.0,33,0.2383692107324555,197,0.2155675546151828,24961.0,21.621252337395244
1,fi_ref_g0.0,34,0.2350536075429863,197,0.2155675546151828,24961.0,21.621252337395244
1,fi_ref_g0.0,35,0.2319049581092452,197,0.2155675546151828,24961.0,21.621252337395244
1,fi_ref_g0.0,36,0.228474708804675,197,0.2155675546151828,24961.0,21.621252337395244
1,fi_ref_g0.0,37,0.2274863776353959,197,0.2155675546151828,24961.0,21.621252337395244
1,fi_ref_g0.0,38,0.2245074974502731,197,0.2155675546151828,24961.0,21.621252337395244
1,fi_ref_g0.0,39,0.2216509440786177,197,0.2155675546151828,24961.0,21.621252337395244
1,fi_ref_g0.0,40,0.2187895749185441,197,0.2155675546151828,24961.0,21.621252337395244
1,fi_ref_g0.5,1,1.294009841990311,186,0.2155675546151828,24961.0,21.618779222347925
1,fi_ref_g0.5,2,1.0162513105150934,186,0.2155675546151828,24961.0,21.618779222347925
1,fi_ref_g0.5,3,0.7928042970274233,186,0.2155675546151828,24961.0,21.618779222347925
1,fi_ref_g0.5,4,0.6552217369103045,186,0.2155675546151828,24961.0,21.618779222347925
1,fi_ref_g0.5,5,0.5895961514064808,186,0.2155675546151828,24961.0,21.618779222347925
1,fi_ref_g0.5,6,0.5416400387059277,186,0.2155675546151828,24961.0,21.618779222347925
1,fi_ref_g0.5,7,0.5022472162448803,186,0.2155675546151828,24961.0,21.618779222347925
1,fi_ref_g0.5,8,0.4652251200326905,186,0.2155675546151828,24961.0,21.618779222347925
1,fi_ref_g0.5,9,0.4391543864923975,186,0.2155675546151828,24961.0,21.618779222347925
1,fi_ref_g0.5,10,0.418058380921296,186,0.2155675546151828,24961.0,21.618779222347925
1,fi_ref_g0.5,11,0.3993511138535894,186,0.2155675546151828,24961.0,21.618779222347925
1,fi_ref_g0.5,12,0.3800768454060106,186,0.2155675546151828,24961.0,21.618779222347925
1,fi_ref_g0.5,13,0.3640553639451811,186,0.2155675546151828,24961.0,21.618779222347925
1,fi_ref_g0.5,14,0.3487073577906101,186,0.2155675546151828,24961.0,21.618779222347925
1,fi_ref_g0.5,15,0.3381937803476684,186,0.2155675546151828,24961.0,21.618779222347925
1,fi_ref_g0.5,16,0.3273966521226785,186,0.2155675546151828,24961.0,21.618779222347925
1,fi_ref_g0.5,17,0.3174111966288625,186,0.2155675546151828,24961.0,21.618779222347925
1,fi_ref_g0.5,18,0.3105859644160156,186,0.2155675546151828,24961.0,21.618779222347925
1,fi_ref_g0.5,19,0.303185704581943,186,0.2155675546151828,24961.0,21.618779222347925
1,fi_ref_g0.5,20,0.2974234708280339,186,0.2155675546151828,24961.0,21.618779222347925
1,fi_ref_g0.5,21,0.2908338336137385,186,0.2155675546151828,24961.0,21.618779222347925
1,fi_ref_g0.5,22,0.285152311915315,186,0.2155675546151828,24961.0,21.618779222347925
1,fi_ref_g0.5,23,0.2778183671531078,186,0.2155675546151828,24961.0,21.618779222347925
1,fi_ref_g0.5,24,0.2708362415895946,186,0.2155675546151828,24961.0,21.618779222347925
1,fi_ref_g0.5,25,0.2647165939455858,186,0.2155675546151828,24961.0,21.618779222347925
1,fi_ref_g0.5,26,0.2595582205182231,186,0.2155675546151828,24961.0,21.618779222347925
1,fi_ref_g0.5,27,0.2551511905669628,186,0.2155675546151828,24961.0,21.618779222347925
1,fi_ref_g0.5,28,0.2491764203915806,186,0.2155675546151828,24961.0,21.618779222347925
1,fi_ref_g0.5,29,0.2463184453100377,186,0.2155675546151828,24961.0,21.618779222347925
1,fi_ref_g0.5,30,0.2434457150052295,186,0.2155675546151828,24961.0,21.618779222347925
1,fi_ref_g0.5,31,0.2406667406777063,186,0.2155675546151828,24961.0,21.618779222347925
1,fi_ref_g0.5,32,0.2377599162641487,186,0.2155675546151828,24961.0,21.618779222347925
1,fi_ref_g0.5,33,0.233951048401065,186,0.2155675546151828,24961.0,21.618779222347925
1,fi_ref_g0.5,34,0.2309006370810462,186,0.2155675546151828,24961.0,21.618779222347925
1,fi_ref_g0.5,35,0.2269855559003804,186,0.2155675546151828,24961.0,21.618779222347925
1,fi_ref_g0.5,36,0.2234100627823921,186,0.2155675546151828,24961.0,21.618779222347925
1,fi_ref_g0.5,37,0.2228386599960063,186,0.2155675546151828,24961.0,21.618779222347925
1,fi_ref_g0.5,38,0.2200595656584461,186,0.2155675546151828,24961.0,21.618779222347925
1,fi_ref_g0.5,39,0.2173898422523677,186,0.2155675546151828,24961.0,21.618779222347925
1,fi_ref_g0.5,40,0.2149871785579083,186,0.2155675546151828,24961.0,21.618779222347925
1,fi_ref_g0.9,1,1.384255401577636,166,0.2155675546151828,24961.0,20.65869974953143
1,fi_ref_g0.9,2,1.1413796747257474,166,0.2155675546151828,24961.0,20.65869974953143
1,fi_ref_g0.9,3,0.9131834832780348,166,0.2155675546151828,24961.0,20.65869974953143
1,fi_ref_g0.9,4,0.788094422028431,166,0.2155675546151828,24961.0,20.65869974953143
1,fi_ref_g0.9,5,0.7040615599730113,166,0.2155675546151828,24961.0,20.65869974953143
1,fi_ref_g0.9,6,0.6389771737196958,166,0.2155675546151828,24961.0,20.65869974953143
1,fi_ref_g0.9,7,0.5869155448086584,166,0.2155675546151828,24961.0,20.65869974953143
1,fi_ref_g0.9,8,0.5251768257114151,166,0.2155675546151828,24961.0,20.65869974953143
1,fi_ref_g0.9,9,0.4887126472051355,166,0.2155675546151828,24961.0,20.65869974953143
1,fi_ref_g0.9,10,0.4567267005331674,166,0.2155675546151828,24961.0,20.65869974953143
1,fi_ref_g0.9,11,0.4324442780058075,166,0.2155675546151828,24961.0,20.65869974953143
1,fi_ref_g0.9,12,0.4128784377259577,166,0.2155675546151828,24961.0,20.65869974953143
1,fi_ref_g0.9,13,0.3957327316890501,166,0.2155675546151828,24961.0,20.65869974953143
1,fi_ref_g0.9,14,0.3774930671908881,166,0.2155675546151828,24961.0,20.65869974953143
1,fi_ref_g0.9,15,0.3645129970659859,166,0.2155675546151828,24961.0,20.65869974953143
1,fi_ref_g0.9,16,0.3468535781012037,166,0.2155675546151828,24961.0,20.65869974953143
1,fi_ref_g0.9,17,0.335644454833801,166,0.2155675546151828,24961.0,20.65869974953143
1,fi_ref_g0.9,18,0.3289276550527721,166,0.2155675546151828,24961.0,20.65869974953143
1,fi_ref_g0.9,19,0.3204107595959634,166,0.2155675546151828,24961.0,20.65869974953143
1,fi_ref_g0.9,20,0.3119511405737957,166,0.2155675546151828,24961.0,20.65869974953143
1,fi_ref_g0.9,21,0.3047289777523161,166,0.2155675546151828,24961.0,20.65869974953143
1,fi_ref_g0.9,22,0.2971638480215715,166,0.2155675546151828,24961.0,20.65869974953143
1,fi_ref_g0.9,23,0.288782108319581,166,0.2155675546151828,24961.0,20.65869974953143
1,fi_ref_g0.9,24,0.2813908254215821,166,0.2155675546151828,24961.0,20.65869974953143
1,fi_ref_g0.9,25,0.2743631065383796,166,0.2155675546151828,24961.0,20.65869974953143
1,fi_ref_g0.9,26,0.2669080576765607,166,0.2155675546151828,24961.0,20.65869974953143
1,fi_ref_g0.9,27,0.2624631924030761,166,0.2155675546151828,24961.0,20.65869974953143
1,fi_ref_g0.9,28,0.2570289482122889,166,0.2155675546151828,24961.0,20.65869974953143
1,fi_ref_g0.9,29,0.2541288069731036,166,0.2155675546151828,24961.0,20.65869974953143
1,fi_ref_g0.9,30,0.2505784768501614,166,0.2155675546151828,24961.0,20.65869974953143
1,fi_ref_g0.9,31,0.247452965695311,166,0.2155675546151828,24961.0,20.65869974953143
1,fi_ref_g0.9,32,0.2441543152873186,166,0.2155675546151828,24961.0,20.65869974953143
1,fi_ref_g0.9,33,0.2396660753469244,166,0.2155675546151828,24961.0,20.65869974953143
1,fi_ref_g0.9,34,0.2383957155359617,166,0.2155675546151828,24961.0,20.65869974953143
1,fi_ref_g0.9,35,0.2351014353126212,166,0.2155675546151828,24961.0,20.65869974953143
1,fi_ref_g0.9,36,0.2317353282269347,166,0.2155675546151828,24961.0,20.65869974953143
1,fi_ref_g0.9,37,0.2311160586639764,166,0.2155675546151828,24961.0,20.65869974953143
1,fi_ref_g0.9,38,0.2275237268517517,166,0.2155675546151828,24961.0,20.65869974953143
1,fi_ref_g0.9,39,0.2247026167349937,166,0.2155675546151828,24961.0,20.65869974953143
1,fi_ref_g0.9,40,0.2225028853804459,166,0.2155675546151828,24961.0,20.65869974953143
1,fi_ref_g1.0,1,1.3295964427623506,152,0.2155675546151828,24961.0,19.47068402543959
1,fi_ref_g1.0,2,1.0140546533730488,152,0.2155675546151828,24961.0,19.47068402543959
1,fi_ref_g1.0,3,0.8749484675405613,152,0.2155675546151828,24961.0,19.47068402543959
1,fi_ref_g1.0,4,0.7797842230119394,152,0.2155675546151828,24961.0,19.47068402543959
1,fi_ref_g1.0,5,0.6989378446665284,152,0.2155675546151828,24961.0,19.47068402543959
1,fi_ref_g1.0,6,0.6391501965661767,152,0.2155675546151828,24961.0,19.47068402543959
1,fi_ref_g1.0,7,0.5552041397630966,152,0.2155675546151828,24961.0,19.47068402543959
1,fi_ref_g1.0,8,0.5084873676679098,152,0.2155675546151828,24961.0,19.47068402543959
1,fi_ref_g1.0,9,0.4803989975027485,152,0.2155675546151828,24961.0,19.47068402543959
1,fi_ref_g1.0,10,0.4531049030124431,152,0.2155675546151828,24961.0,19.47068402543959
1,fi_ref_g1.0,11,0.4278516454572903,152,0.2155675546151828,24961.0,19.47068402543959
1,fi_ref_g1.0,12,0.4100037690115323,152,0.2155675546151828,24961.0,19.47068402543959
1,fi_ref_g1.0,13,0.3932545558642916,152,0.2155675546151828,24961.0,19.47068402543959
1,fi_ref_g1.0,14,0.3747334518030892,152,0.2155675546151828,24961.0,19.47068402543959
1,fi_ref_g1.0,15,0.3641667711489159,152,0.2155675546151828,24961.0,19.47068402543959
1,fi_ref_g1.0,16,0.3531086713283408,152,0.2155675546151828,24961.0,19.47068402543959
1,fi_ref_g1.0,17,0.3418347318599202,152,0.2155675546151828,24961.0,19.47068402543959
1,fi_ref_g1.0,18,0.332373180104356,152,0.2155675546151828,24961.0,19.47068402543959
1,fi_ref_g1.0,19,0.3279385952650566,152,0.2155675546151828,24961.0,19.47068402543959
1,fi_ref_g1.0,20,0.3223150633167851,152,0.2155675546151828,24961.0,19.47068402543959
1,fi_ref_g1.0,21,0.3139651391759157,152,0.2155675546151828,24961.0,19.47068402543959
1,fi_ref_g1.0,22,0.3086630027733136,152,0.2155675546151828,24961.0,19.47068402543959
1,fi_ref_g1.0,23,0.3019610455524456,152,0.2155675546151828,24961.0,19.47068402543959
1,fi_ref_g1.0,24,0.2939170948405843,152,0.2155675546151828,24961.0,19.47068402543959
1,fi_ref_g1.0,25,0.2896206630959143,152,0.2155675546151828,24961.0,19.47068402543959
1,fi_ref_g1.0,26,0.2833513389454686,152,0.2155675546151828,24961.0,19.47068402543959
1,fi_ref_g1.0,27,0.2779595624280643,152,0.2155675546151828,24961.0,19.47068402543959
1,fi_ref_g1.0,28,0.2729173204898311,152,0.2155675546151828,24961.0,19.47068402543959
1,fi_ref_g1.0,29,0.2708935439722106,152,0.2155675546151828,24961.0,19.47068402543959
1,fi_ref_g1.0,30,0.2684127431078029,152,0.2155675546151828,24961.0,19.47068402543959
1,fi_ref_g1.0,31,0.2634758644791604,152,0.2155675546151828,24961.0,19.47068402543959
1,fi_ref_g1.0,32,0.2591303755720799,152,0.2155675546151828,24961.0,19.47068402543959
1,fi_ref_g1.0,33,0.2548993007990768,152,0.2155675546151828,24961.0,19.47068402543959
1,fi_ref_g1.0,34,0.2508741172996746,152,0.2155675546151828,24961.0,19.47068402543959
1,fi_ref_g1.0,35,0.2469101519754681,152,0.2155675546151828,24961.0,19.47068402543959
1,fi_ref_g1.0,36,0.2423563299800587,152,0.2155675546151828,24961.0,19.47068402543959
1,fi_ref_g1.0,37,0.2391564430799637,152,0.2155675546151828,24961.0,19.47068402543959
1,fi_ref_g1.0,38,0.2355451307581248,152,0.2155675546151828,24961.0,19.47068402543959
1,fi_ref_g1.0,39,0.2339969387263445,152,0.2155675546151828,24961.0,19.47068402543959
1,fi_ref_g1.0,40,0.232126359998785,152,0.2155675546151828,24961.0,19.47068402543959
1,neg_sq_err_ref_g0.0,1,1.4077623086769362,80,0.21556755461518282,24961.0,-8.929424279379862
1,neg_sq_err_ref_g0.0,2,1.0717610094554249,80,0.21556755461518282,24961.0,-8.929424279379862
1,neg_sq_err_ref_g0.0,3,0.9489161988176127,80,0.21556755461518282,24961.0,-8.929424279379862
1,neg_sq_err_ref_g0.0,4,0.8450914118598923,80,0.21556755461518282,24961.0,-8.929424279379862
1,neg_sq_err_ref_g0.0,5,0.7740464323176554,80,0.21556755461518282,24961.0,-8.929424279379862
1,neg_sq_err_ref_g0.0,6,0.739732778583246,80,0.21556755461518282,24961.0,-8.929424279379862
1,neg_sq_err_ref_g0.0,7,0.6867045473848293,80,0.21556755461518282,24961.0,-8.929424279379862
1,neg_sq_err_ref_g0.0,8,0.6575393707135149,80,0.21556755461518282,24961.0,-8.929424279379862
1,neg_sq_err_ref_g0.0,9,0.6287596415593588,80,0.21556755461518282,24961.0,-8.929424279379862
1,neg_sq_err_ref_g0.0,10,0.5982683978513805,80,0.21556755461518282,24961.0,-8.929424279379862
1,neg_sq_err_ref_g0.0,11,0.5706061893871733,80,0.21556755461518282,24961.0,-8.929424279379862
1,neg_sq_err_ref_g0.0,12,0.5498688270151114,80,0.21556755461518282,24961.0,-8.929424279379862
1,neg_sq_err_ref_g0.0,13,0.5296231039243265,80,0.21556755461518282,24961.0,-8.929424279379862
1,neg_sq_err_ref_g0.0,14,0.5116632624244056,80,0.21556755461518282,24961.0,-8.929424279379862
1,neg_sq_err_ref_g0.0,15,0.4987256162052809,80,0.21556755461518282,24961.0,-8.929424279379862
1,neg_sq_err_ref_g0.0,16,0.4855550768020216,80,0.21556755461518282,24961.0,-8.929424279379862
1,neg_sq_err_ref_g0.0,17,0.4754297904517888,80,0.21556755461518282,24961.0,-8.929424279379862
1,neg_sq_err_ref_g0.0,18,0.4627861122802124,80,0.21556755461518282,24961.0,-8.929424279379862
1,neg_sq_err_ref_g0.0,19,0.45391379862559394,80,0.21556755461518282,24961.0,-8.929424279379862
1,neg_sq_err_ref_g0.0,20,0.44414232727800695,80,0.21556755461518282,24961.0,-8.929424279379862
1,neg_sq_err_ref_g0.0,21,0.4364081665247628,80,0.21556755461518282,24961.0,-8.929424279379862
1,neg_sq_err_ref_g0.0,22,0.4274077670861908,80,0.21556755461518282,24961.0,-8.929424279379862
1,neg_sq_err_ref_g0.0,23,0.4202806510180545,80,0.21556755461518282,24961.0,-8.929424279379862
1,neg_sq_err_ref_g0.0,24,0.4149682639901324,80,0.21556755461518282,24961.0,-8.929424279379862
1,neg_sq_err_ref_g0.0,25,0.4085008504385866,80,0.21556755461518282,24961.0,-8.929424279379862
1,neg_sq_err_ref_g0.0,26,0.3998905886044287,80,0.21556755461518282,24961.0,-8.929424279379862
1,neg_sq_err_ref_g0.0,27,0.39464442076334105,80,0.21556755461518282,24961.0,-8.929424279379862
1,neg_sq_err_ref_g0.0,28,0.3844515241571339,80,0.21556755461518282,24961.0,-8.929424279379862
1,neg_sq_err_ref_g0.0,29,0.37677571366043056,80,0.21556755461518282,24961.0,-8.929424279379862
1,neg_sq_err_ref_g0.0,30,0.37328736410760605,80,0.21556755461518282,24961.0,-8.929424279379862
1,neg_sq_err_ref_g0.0,31,0.3696239970701602,80,0.21556755461518282,24961.0,-8.929424279379862
1,neg_sq_err_ref_g0.0,32,0.3646142303508769,80,0.21556755461518282,24961.0,-8.929424279379862
1,neg_sq_err_ref_g0.0,33,0.36307443532779177,80,0.21556755461518282,24961.0,-8.929424279379862
1,neg_sq_err_ref_g0.0,34,0.36053174747545136,80,0.21556755461518282,24961.0,-8.929424279379862
1,neg_sq_err_ref_g0.0,35,0.35579581262509297,80,0.21556755461518282,24961.0,-8.929424279379862
1,neg_sq_err_ref_g0.0,36,0.35395870232920945,80,0.21556755461518282,24961.0,-8.929424279379862
1,neg_sq_err_ref_g0.0,37,0.3529675825867397,80,0.21556755461518282,24961.0,-8.929424279379862
1,neg_sq_err_ref_g0.0,38,0.3480609563797808,80,0.21556755461518282,24961.0,-8.929424279379862
1,neg_sq_err_ref_g0.0,39,0.34599668229027003,80,0.21556755461518282,24961.0,-8.929424279379862
1,neg_sq_err_ref_g0.0,40,0.34211822429032773,80,0.21556755461518282,24961.0,-8.929424279379862
1,neg_sq_err_ref_g0.5,1,1.3509401251456732,99,0.21556755461518282,24961.0,-9.299567061185892
1,neg_sq_err_ref_g0.5,2,1.1970655505433272,99,0.21556755461518282,24961.0,-9.299567061185892
1,neg_sq_err_ref_g0.5,3,0.9730095402611844,99,0.21556755461518282,24961.0,-9.299567061185892
1,neg_sq_err_ref_g0.5,4,0.8706344221976102,99,0.21556755461518282,24961.0,-9.299567061185892
1,neg_sq_err_ref_g0.5,5,0.7899813197799279,99,0.21556755461518282,24961.0,-9.299567061185892
1,neg_sq_err_ref_g0.5,6,0.7414611240493075,99,0.21556755461518282,24961.0,-9.299567061185892
1,neg_sq_err_ref_g0.5,7,0.7067119871157268,99,0.21556755461518282,24961.0,-9.299567061185892
1,neg_sq_err_ref_g0.5,8,0.6578361180590258,99,0.21556755461518282,24961.0,-9.299567061185892
1,neg_sq_err_ref_g0.5,9,0.6301573745000806,99,0.21556755461518282,24961.0,-9.299567061185892
1,neg_sq_err_ref_g0.5,10,0.6058160682720316,99,0.21556755461518282,24961.0,-9.299567061185892
1,neg_sq_err_ref_g0.5,11,0.5821639939852021,99,0.21556755461518282,24961.0,-9.299567061185892
1,neg_sq_err_ref_g0.5,12,0.5635089450782352,99,0.21556755461518282,24961.0,-9.299567061185892
1,neg_sq_err_ref_g0.5,13,0.5460739601492512,99,0.21556755461518282,24961.0,-9.299567061185892
1,neg_sq_err_ref_g0.5,14,0.5296758531354757,99,0.21556755461518282,24961.0,-9.299567061185892
1,neg_sq_err_ref_g0.5,15,0.5159335678203263,99,0.21556755461518282,24961.0,-9.299567061185892
1,neg_sq_err_ref_g0.5,16,0.49232305504394136,99,0.21556755461518282,24961.0,-9.299567061185892
1,neg_sq_err_ref_g0.5,17,0.4807415702912579,99,0.21556755461518282,24961.0,-9.299567061185892
1,neg_sq_err_ref_g0.5,18,0.4715033056878603,99,0.21556755461518282,24961.0,-9.299567061185892
1,neg_sq_err_ref_g0.5,19,0.4624920849744633,99,0.21556755461518282,24961.0,-9.299567061185892
1,neg_sq_err_ref_g0.5,20,0.4541650671831505,99,0.21556755461518282,24961.0,-9.299567061185892
1,neg_sq_err_ref_g0.5,21,0.4400213360961796,99,0.21556755461518282,24961.0,-9.299567061185892
1,neg_sq_err_ref_g0.5,22,0.42867091168108523,99,0.21556755461518282,24961.0,-9.299567061185892
1,neg_sq_err_ref_g0.5,23,0.42220626874913564,99,0.21556755461518282,24961.0,-9.299567061185892
1,neg_sq_err_ref_g0.5,24,0.4132882612743482,99,0.21556755461518282,24961.0,-9.299567061185892
1,neg_sq_err_ref_g0.5,25,0.4078588797422572,99,0.21556755461518282,24961.0,-9.299567061185892
1,neg_sq_err_ref_g0.5,26,0.39972784671146233,99,0.21556755461518282,24961.0,-9.299567061185892
1,neg_sq_err_ref_g0.5,27,0.3921928820723474,99,0.21556755461518282,24961.0,-9.299567061185892
1,neg_sq_err_ref_g0.5,28,0.383207755647542,99,0.21556755461518282,24961.0,-9.299567061185892
1,neg_sq_err_ref_g0.5,29,0.37923495642111993,99,0.21556755461518282,24961.0,-9.299567061185892
1,neg_sq_err_ref_g0.5,30,0.3715064255032518,99,0.21556755461518282,24961.0,-9.299567061185892
1,neg_sq_err_ref_g0.5,31,0.3677546406417951,99,0.21556755461518282,24961.0,-9.299567061185892
1,neg_sq_err_ref_g0.5,32,0.3615836125856186,99,0.21556755461518282,24961.0,-9.299567061185892
1,neg_sq_err_ref_g0.5,33,0.35447778821549314,99,0.21556755461518282,24961.0,-9.299567061185892
1,neg_sq_err_ref_g0.5,34,0.3517079061649362,99,0.21556755461518282,24961.0,-9.299567061185892
1,neg_sq_err_ref_g0.5,35,0.3465215043184698,99,0.21556755461518282,24961.0,-9.299567061185892
1,neg_sq_err_ref_g0.5,36,0.3441118274369964,99,0.21556755461518282,24961.0,-9.299567061185892
1,neg_sq_err_ref_g0.5,37,0.340124109351642,99,0.21556755461518282,24961.0,-9.299567061185892
1,neg_sq_err_ref_g0.5,38,0.33738505134617564,99,0.21556755461518282,24961.0,-9.299567061185892
1,neg_sq_err_ref_g0.5,39,0.3330534125308877,99,0.21556755461518282,24961.0,-9.299567061185892
1,neg_sq_err_ref_g0.5,40,0.3294242355851136,99,0.21556755461518282,24961.0,-9.299567061185892
1,neg_sq_err_ref_g0.9,1,1.3809958367204198,175,0.21556755461518282,24961.0,-8.00570757440957
1,neg_sq_err_ref_g0.9,2,1.0894783443099922,175,0.21556755461518282,24961.0,-8.00570757440957
1,neg_sq_err_ref_g0.9,3,0.9370733976353683,175,0.21556755461518282,24961.0,-8.00570757440957
1,neg_sq_err_ref_g0.9,4,0.8082842900310107,175,0.21556755461518282,24961.0,-8.00570757440957
1,neg_sq_err_ref_g0.9,5,0.7482042350208996,175,0.21556755461518282,24961.0,-8.00570757440957
1,neg_sq_err_ref_g0.9,6,0.7064361200433433,175,0.21556755461518282,24961.0,-8.00570757440957
1,neg_sq_err_ref_g0.9,7,0.6723248385427528,175,0.21556755461518282,24961.0,-8.00570757440957
1,neg_sq_err_ref_g0.9,8,0.631832748834453,175,0.21556755461518282,24961.0,-8.00570757440957
1,neg_sq_err_ref_g0.9,9,0.5964381702728317,175,0.21556755461518282,24961.0,-8.00570757440957
1,neg_sq_err_ref_g0.9,10,0.565270239081524,175,0.21556755461518282,24961.0,-8.00570757440957
1,neg_sq_err_ref_g0.9,11,0.5399171517243568,175,0.21556755461518282,24961.0,-8.00570757440957
1,neg_sq_err_ref_g0.9,12,0.5189327903961997,175,0.21556755461518282,24961.0,-8.00570757440957
1,neg_sq_err_ref_g0.9,13,0.4889236136047879,175,0.21556755461518282,24961.0,-8.00570757440957
1,neg_sq_err_ref_g0.9,14,0.4670800977339418,175,0.21556755461518282,24961.0,-8.00570757440957
1,neg_sq_err_ref_g0.9,15,0.4497164279411536,175,0.21556755461518282,24961.0,-8.00570757440957
1,neg_sq_err_ref_g0.9,16,0.4316737548812926,175,0.21556755461518282,24961.0,-8.00570757440957
1,neg_sq_err_ref_g0.9,17,0.4173743659026145,175,0.21556755461518282,24961.0,-8.00570757440957
1,neg_sq_err_ref_g0.9,18,0.40827715548329624,175,0.21556755461518282,24961.0,-8.00570757440957
1,neg_sq_err_ref_g0.9,19,0.40134290277730805,175,0.21556755461518282,24961.0,-8.00570757440957
1,neg_sq_err_ref_g0.9,20,0.3942121148451249,175,0.21556755461518282,24961.0,-8.00570757440957
1,neg_sq_err_ref_g0.9,21,0.3864425510363132,175,0.21556755461518282,24961.0,-8.00570757440957
1,neg_sq_err_ref_g0.9,22,0.3762694294142277,175,0.21556755461518282,24961.0,-8.00570757440957
1,neg_sq_err_ref_g0.9,23,0.3690447762399653,175,0.21556755461518282,24961.0,-8.00570757440957
1,neg_sq_err_ref_g0.9,24,0.3615673807704747,175,0.21556755461518282,24961.0,-8.00570757440957
1,neg_sq_err_ref_g0.9,25,0.35650485951068217,175,0.21556755461518282,24961.0,-8.00570757440957
1,neg_sq_err_ref_g0.9,26,0.35415888910752946,175,0.21556755461518282,24961.0,-8.00570757440957
1,neg_sq_err_ref_g0.9,27,0.3468826579401084,175,0.21556755461518282,24961.0,-8.00570757440957
1,neg_sq_err_ref_g0.9,28,0.33958349281893696,175,0.21556755461518282,24961.0,-8.00570757440957
1,neg_sq_err_ref_g0.9,29,0.3353967243448444,175,0.21556755461518282,24961.0,-8.00570757440957
1,neg_sq_err_ref_g0.9,30,0.33199359063794964,175,0.21556755461518282,24961.0,-8.00570757440957
1,neg_sq_err_ref_g0.9,31,0.32943049637440636,175,0.21556755461518282,24961.0,-8.00570757440957
1,neg_sq_err_ref_g0.9,32,0.3256542472962446,175,0.21556755461518282,24961.0,-8.00570757440957
1,neg_sq_err_ref_g0.9,33,0.32131007420939245,175,0.21556755461518282,24961.0,-8.00570757440957
1,neg_sq_err_ref_g0.9,34,0.3193824026497465,175,0.21556755461518282,24961.0,-8.00570757440957
1,neg_sq_err_ref_g0.9,35,0.3139133648485709,175,0.21556755461518282,24961.0,-8.00570757440957
1,neg_sq_err_ref_g0.9,36,0.3102595438777484,175,0.21556755461518282,24961.0,-8.00570757440957
1,neg_sq_err_ref_g0.9,37,0.306373248180128,175,0.21556755461518282,24961.0,-8.00570757440957
1,neg_sq_err_ref_g0.9,38,0.30031939014976555,175,0.21556755461518282,24961.0,-8.00570757440957
1,neg_sq_err_ref_g0.9,39,0.2956136523811135,175,0.21556755461518282,24961.0,-8.00570757440957
1,neg_sq_err_ref_g0.9,40,0.29288347662897823,175,0.21556755461518282,24961.0,-8.00570757440957
1,neg_sq_err_ref_g1.0,1,1.294009841990311,164,0.21556755461518282,24961.0,-6.504517471983338
1,neg_sq_err_ref_g1.0,2,0.9379482444866043,164,0.21556755461518282,24961.0,-6.504517471983338
1,neg_sq_err_ref_g1.0,3,0.7844860035861505,164,0.21556755461518282,24961.0,-6.504517471983338
1,neg_sq_err_ref_g1.0,4,0.6816570783870095,164,0.21556755461518282,24961.0,-6.504517471983338
1,neg_sq_err_ref_g1.0,5,0.6296905551160711,164,0.21556755461518282,24961.0,-6.504517471983338
1,neg_sq_err_ref_g1.0,6,0.5939520977361141,164,0.21556755461518282,24961.0,-6.504517471983338
1,neg_sq_err_ref_g1.0,7,0.5612375205930187,164,0.21556755461518282,24961.0,-6.504517471983338
1,neg_sq_err_ref_g1.0,8,0.5270126168927496,164,0.21556755461518282,24961.0,-6.504517471983338
1,neg_sq_err_ref_g1.0,9,0.4934797967842181,164,0.21556755461518282,24961.0,-6.504517471983338
1,neg_sq_err_ref_g1.0,10,0.4717618451524724,164,0.21556755461518282,24961.0,-6.504517471983338
1,neg_sq_err_ref_g1.0,11,0.4555611925719065,164,0.21556755461518282,24961.0,-6.504517471983338
1,neg_sq_err_ref_g1.0,12,0.44019744252480336,164,0.21556755461518282,24961.0,-6.504517471983338
1,neg_sq_err_ref_g1.0,13,0.4239196988466646,164,0.21556755461518282,24961.0,-6.504517471983338
1,neg_sq_err_ref_g1.0,14,0.4129595942777588,164,0.21556755461518282,24961.0,-6.504517471983338
1,neg_sq_err_ref_g1.0,15,0.40040542918579447,164,0.21556755461518282,24961.0,-6.504517471983338
1,neg_sq_err_ref_g1.0,16,0.39334819402969806,164,0.21556755461518282,24961.0,-6.504517471983338
1,neg_sq_err_ref_g1.0,17,0.38573046057302046,164,0.21556755461518282,24961.0,-6.504517471983338
1,neg_sq_err_ref_g1.0,18,0.3790107086784281,164,0.21556755461518282,24961.0,-6.504517471983338
1,neg_sq_err_ref_g1.0,19,0.3753378038704917,164,0.21556755461518282,24961.0,-6.504517471983338
1,neg_sq_err_ref_g1.0,20,0.36980309995249255,164,0.21556755461518282,24961.0,-6.504517471983338
1,neg_sq_err_ref_g1.0,21,0.3644954064293218,164,0.21556755461518282,24961.0,-6.504517471983338
1,neg_sq_err_ref_g1.0,22,0.35893563639530257,164,0.21556755461518282,24961.0,-6.504517471983338
1,neg_sq_err_ref_g1.0,23,0.3519057868452024,164,0.21556755461518282,24961.0,-6.504517471983338
1,neg_sq_err_ref_g1.0,24,0.3427497592586515,164,0.21556755461518282,24961.0,-6.504517471983338
1,neg_sq_err_ref_g1.0,25,0.3394984201950353,164,0.21556755461518282,24961.0,-6.504517471983338
1,neg_sq_err_ref_g1.0,26,0.33337096568928887,164,0.21556755461518282,24961.0,-6.504517471983338
1,neg_sq_err_ref_g1.0,27,0.3285271082998998,164,0.21556755461518282,24961.0,-6.504517471983338
1,neg_sq_err_ref_g1.0,28,0.3224790828955033,164,0.21556755461518282,24961.0,-6.504517471983338
1,neg_sq_err_ref_g1.0,29,0.3191035939020486,164,0.21556755461518282,24961.0,-6.504517471983338
1,neg_sq_err_ref_g1.0,30,0.314366801558407,164,0.21556755461518282,24961.0,-6.504517471983338
1,neg_sq_err_ref_g1.0,31,0.3114845604691253,164,0.21556755461518282,24961.0,-6.504517471983338
1,neg_sq_err_ref_g1.0,32,0.3090783115921931,164,0.21556755461518282,24961.0,-6.504517471983338
1,neg_sq_err_ref_g1.0,33,0.30341731991734855,164,0.21556755461518282,24961.0,-6.504517471983338
1,neg_sq_err_ref_g1.0,34,0.2984962356511383,164,0.21556755461518282,24961.0,-6.504517471983338
1,neg_sq_err_ref_g1.0,35,0.2927863479531196,164,0.21556755461518282,24961.0,-6.504517471983338
1,neg_sq_err_ref_g1.0,36,0.287588077685527,164,0.21556755461518282,24961.0,-6.504517471983338
1,neg_sq_err_ref_g1.0,37,0.2863030313956301,164,0.21556755461518282,24961.0,-6.504517471983338
1,neg_sq_err_ref_g1.0,38,0.2835563113354372,164,0.21556755461518282,24961.0,-6.504517471983338
1,neg_sq_err_ref_g1.0,39,0.2798639856780998,164,0.21556755461518282,24961.0,-6.504517471983338
1,neg_sq_err_ref_g1.0,40,0.2758298953708373,164,0.21556755461518282,24961.0,-6.504517471983338
