rep,condition,step,rmse,distinct_items,reference,grad_steps,best_val_return
2,MFI,1,1.2642678684807802,194,0.2145721356628146,,
2,MFI,2,0.9378028764559964,194,0.2145721356628146,,
2,MFI,3,0.7715045749528973,194,0.2145721356628146,,
2,MFI,4,0.6901927456544967,194,0.2145721356628146,,
2,MFI,5,0.6293796782270616,194,0.2145721356628146,,
2,MFI,6,0.5712788844699149,194,0.2145721356628146,,
2,MFI,7,0.52412559955908,194,0.2145721356628146,,
2,MFI,8,0.4950953269746971,194,0.2145721356628146,,
2,MFI,9,0.4630506331617627,194,0.2145721356628146,,
2,MFI,10,0.4353172630396809,194,0.2145721356628146,,
2,MFI,11,0.413699342698841,194,0.2145721356628146,,
2,MFI,12,0.3937749609970815,194,0.2145721356628146,,
2,MFI,13,0.3748576378209775,194,0.2145721356628146,,
2,MFI,14,0.3618830731065525,194,0.2145721356628146,,
2,MFI,15,0.3508205398459271,194,0.2145721356628146,,
2,MFI,16,0.3365877036979082,194,0.2145721356628146,,
2,MFI,17,0.3283265999234099,194,0.2145721356628146,,
2,MFI,18,0.3210345632770377,194,0.2145721356628146,,
2,MFI,19,0.3132095443644049,194,0.2145721356628146,,
2,MFI,20,0.3077651875833896,194,0.2145721356628146,,
2,MFI,21,0.2985030479266578,194,0.2145721356628146,,
2,MFI,22,0.2912629253408453,194,0.2145721356628146,,
2,MFI,23,0.2839159819544322,194,0.2145721356628146,,
2,MFI,24,0.2763716377734219,194,0.2145721356628146,,
2,MFI,25,0.2731100177756959,194,0.2145721356628146,,
2,MFI,26,0.2681109107792594,194,0.2145721356628146,,
2,MFI,27,0.263766988873938,194,0.2145721356628146,,
2,MFI,28,0.2593999856932485,194,0.2145721356628146,,
2,MFI,29,0.2557928431092268,194,0.2145721356628146,,
2,MFI,30,0.2513326482926092,194,0.2145721356628146,,
2,MFI,31,0.2473291671466453,194,0.2145721356628146,,
2,MFI,32,0.2440798804579677,194,0.2145721356628146,,
2,MFI,33,0.2399970938406082,194,0.2145721356628146,,
2,MFI,34,0.2378249417325119,194,0.2145721356628146,,
2,MFI,35,0.2343454830934824,194,0.2145721356628146,,
2,MFI,36,0.2312259416231784,194,0.2145721356628146,,
2,MFI,37,0.2289578654512277,194,0.2145721356628146,,
2,MFI,38,0.2266892462533773,194,0.2145721356628146,,
2,MFI,39,0.2242863639678623,194,0.2145721356628146,,
2,MFI,40,0.2213075161977405,194,0.2145721356628146,,
2,FIWL,1,1.3727727361156263,188,0.2145721356628146,,
2,FIWL,2,0.9348327265883368,188,0.2145721356628146,,
2,FIWL,3,0.8100539193125273,188,0.2145721356628146,,
2,FIWL,4,0.7204630241727684,188,0.2145721356628146,,
2,FIWL,5,0.639879937557734,188,0.2145721356628146,,
2,FIWL,6,0.5713863502864488,188,0.2145721356628146,,
2,FIWL,7,0.52045147100664,188,0.2145721356628146,,
2,FIWL,8,0.4850556764892881,188,0.2145721356628146,,
2,FIWL,9,0.450575231960435,188,0.2145721356628146,,
2,FIWL,10,0.4253363848286288,188,0.2145721356628146,,
2,FIWL,11,0.4064072073861628,188,0.2145721356628146,,
2,FIWL,12,0.3917209127250378,188,0.2145721356628146,,
2,FIWL,13,0.3728021668881868,188,0.2145721356628146,,
2,FIWL,14,0.3621823826298968,188,0.2145721356628146,,
2,FIWL,15,0.3516150188265472,188,0.2145721356628146,,
2,FIWL,16,0.3407188797629567,188,0.2145721356628146,,
2,FIWL,17,0.3305876395643157,188,0.2145721356628146,,
2,FIWL,18,0.3215607848452718,188,0.2145721356628146,,
2,FIWL,19,0.3113560942758149,188,0.2145721356628146,,
2,FIWL,20,0.3059344042973057,188,0.2145721356628146,,
2,FIWL,21,0.2982027706161982,188,0.2145721356628146,,
2,FIWL,22,0.2924097773117617,188,0.2145721356628146,,
2,FIWL,23,0.2867041249284657,188,0.2145721356628146,,
2,FIWL,24,0.2788783370386626,188,0.2145721356628146,,
2,FIWL,25,0.2754321683646245,188,0.2145721356628146,,
2,FIWL,26,0.2697178766836085,188,0.2145721356628146,,
2,FIWL,27,0.2651163812313619,188,0.2145721356628146,,
2,FIWL,28,0.2599761141541145,188,0.2145721356628146,,
2,FIWL,29,0.256680570955378,188,0.2145721356628146,,
2,FIWL,30,0.2521503775407078,188,0.2145721356628146,,
2,FIWL,31,0.2495102325060188,188,0.2145721356628146,,
2,FIWL,32,0.24611286153087,188,0.2145721356628146,,
2,FIWL,33,0.2424745459039084,188,0.2145721356628146,,
2,FIWL,34,0.2388209167590864,188,0.2145721356628146,,
2,FIWL,35,0.235339556074408,188,0.2145721356628146,,
2,FIWL,36,0.2313717347036678,188,0.2145721356628146,,
2,FIWL,37,0.2288668773255656,188,0.2145721356628146,,
2,FIWL,38,0.2272727784331437,188,0.2145721356628146,,
2,FIWL,39,0.2242136477789736,188,0.2145721356628146,,
2,FIWL,40,0.2210238291116743,188,0.2145721356628146,,
2,MPWI,1,1.3011421739690785,183,0.2145721356628146,,
2,MPWI,2,0.951038328135146,183,0.2145721356628146,,
2,MPWI,3,0.7663854188226962,183,0.2145721356628146,,
2,MPWI,4,0.6670382416605464,183,0.2145721356628146,,
2,MPWI,5,0.5943906675700384,183,0.2145721356628146,,
2,MPWI,6,0.5410439606442915,183,0.2145721356628146,,
2,MPWI,7,0.4964543264126563,183,0.2145721356628146,,
2,MPWI,8,0.4650239012268416,183,0.2145721356628146,,
2,MPWI,9,0.4392216314618098,183,0.2145721356628146,,
2,MPWI,10,0.4134680101502724,183,0.2145721356628146,,
2,MPWI,11,0.3980449498594307,183,0.2145721356628146,,
2,MPWI,12,0.3840275471873238,183,0.2145721356628146,,
2,MPWI,13,0.3666709006875243,183,0.2145721356628146,,
2,MPWI,14,0.355374827891692,183,0.2145721356628146,,
2,MPWI,15,0.3454861781768383,183,0.2145721356628146,,
2,MPWI,16,0.3314676874813734,183,0.2145721356628146,,
2,MPWI,17,0.3214095730734474,183,0.2145721356628146,,
2,MPWI,18,0.3148547581047524,183,0.2145721356628146,,
2,MPWI,19,0.3054613553059536,183,0.2145721356628146,,
2,MPWI,20,0.2994301664632093,183,0.2145721356628146,,
2,MPWI,21,0.2915174485828271,183,0.2145721356628146,,
2,MPWI,22,0.2856137154262554,183,0.2145721356628146,,
2,MPWI,23,0.2796033602096859,183,0.2145721356628146,,
2,MPWI,24,0.2709442804560334,183,0.2145721356628146,,
2,MPWI,25,0.2667804566871576,183,0.2145721356628146,,
2,MPWI,26,0.2614547234604374,183,0.2145721356628146,,
2,MPWI,27,0.257650666540987,183,0.2145721356628146,,
2,MPWI,28,0.2526772591525482,183,0.2145721356628146,,
2,MPWI,29,0.250157867822148,183,0.2145721356628146,,
2,MPWI,30,0.2465788089858352,183,0.2145721356628146,,
2,MPWI,31,0.2433382557936677,183,0.2145721356628146,,
2,MPWI,32,0.2406404984654982,183,0.2145721356628146,,
2,MPWI,33,0.2362835322381734,183,0.2145721356628146,,
2,MPWI,34,0.2334980326456099,183,0.2145721356628146,,
2,MPWI,35,0.2301243094570744,183,0.2145721356628146,,
2,MPWI,36,0.2270231215242104,183,0.2145721356628146,,
2,MPWI,37,0.225300296416321,183,0.2145721356628146,,
2,MPWI,38,0.2225882128142874,183,0.2145721356628146,,
2,MPWI,39,0.2192701049525932,183,0.2145721356628146,,
2,MPWI,40,0.2153540044413432,183,0.2145721356628146,,
2,MEPV,1,1.3011421739690785,184,0.2145721356628146,,
2,MEPV,2,0.951038328135146,184,0.2145721356628146,,
2,MEPV,3,0.7663854188226962,184,0.2145721356628146,,
2,MEPV,4,0.6670382416605464,184,0.2145721356628146,,
2,MEPV,5,0.5976849479906803,184,0.2145721356628146,,
2,MEPV,6,0.538217567541205,184,0.2145721356628146,,
2,MEPV,7,0.4955921261048275,184,0.2145721356628146,,
2,MEPV,8,0.4639123533026515,184,0.2145721356628146,,
2,MEPV,9,0.4394895562492562,184,0.2145721356628146,,
2,MEPV,10,0.4103771029931177,184,0.2145721356628146,,
2,MEPV,11,0.3939772943587895,184,0.2145721356628146,,
2,MEPV,12,0.3818146945535508,184,0.2145721356628146,,
2,MEPV,13,0.3630972359520783,184,0.2145721356628146,,
2,MEPV,14,0.3518915298783711,184,0.2145721356628146,,
2,MEPV,15,0.3426988880110161,184,0.2145721356628146,,
2,MEPV,16,0.3291599956440503,184,0.2145721356628146,,
2,MEPV,17,0.3202279992444822,184,0.2145721356628146,,
2,MEPV,18,0.3143379484668152,184,0.2145721356628146,,
2,MEPV,19,0.304715547574817,184,0.2145721356628146,,
2,MEPV,20,0.2979739746238922,184,0.2145721356628146,,
2,MEPV,21,0.2909240673780717,184,0.2145721356628146,,
2,MEPV,22,0.284448708613876,184,0.2145721356628146,,
2,MEPV,23,0.2785559064911209,184,0.2145721356628146,,
2,MEPV,24,0.2702738752139671,184,0.2145721356628146,,
2,MEPV,25,0.266971446531386,184,0.2145721356628146,,
2,MEPV,26,0.2620868088711519,184,0.2145721356628146,,
2,MEPV,27,0.258109805811592,184,0.2145721356628146,,
2,MEPV,28,0.2537563586175294,184,0.2145721356628146,,
2,MEPV,29,0.2502085511118809,184,0.2145721356628146,,
2,MEPV,30,0.2466007739763498,184,0.2145721356628146,,
2,MEPV,31,0.2430522704282814,184,0.2145721356628146,,
2,MEPV,32,0.2403919115519154,184,0.2145721356628146,,
2,MEPV,33,0.2367179709130781,184,0.2145721356628146,,
2,MEPV,34,0.234337542810652,184,0.2145721356628146,,
2,MEPV,35,0.2313804555061152,184,0.2145721356628146,,
2,MEPV,36,0.2282026596323212,184,0.2145721356628146,,
2,MEPV,37,0.226970586513495,184,0.2145721356628146,,
2,MEPV,38,0.2245038277964534,184,0.2145721356628146,,
2,MEPV,39,0.2215539637318306,184,0.2145721356628146,,
2,MEPV,40,0.2182426820829328,184,0.2145721356628146,,
2,prec_gain_g0.0,1,1.3011421739690785,170,0.2145721356628146,24997.0,21.286535856340432
2,prec_gain_g0.0,2,0.9721094676799724,170,0.2145721356628146,24997.0,21.286535856340432
2,prec_gain_g0.0,3,0.7763369544560912,170,0.2145721356628146,24997.0,21.286535856340432
2,prec_gain_g0.0,4,0.6682411397527779,170,0.2145721356628146,24997.0,21.286535856340432
2,prec_gain_g0.0,5,0.5960626706877107,170,0.2145721356628146,24997.0,21.286535856340432
2,prec_gain_g0.0,6,0.5432194141790633,170,0.2145721356628146,24997.0,21.286535856340432
2,prec_gain_g0.0,7,0.5049895847829278,170,0.2145721356628146,24997.0,21.286535856340432
2,prec_gain_g0.0,8,0.4669338159374337,170,0.2145721356628146,24997.0,21.286535856340432
2,prec_gain_g0.0,9,0.4394437384961854,170,0.2145721356628146,24997.0,21.286535856340432
2,prec_gain_g0.0,10,0.4133901598608934,170,0.2145721356628146,24997.0,21.286535856340432
2,prec_gain_g0.0,11,0.3996130740100814,170,0.2145721356628146,24997.0,21.286535856340432
2,prec_gain_g0.0,12,0.3851915068869487,170,0.2145721356628146,24997.0,21.286535856340432
2,prec_gain_g0.0,13,0.3674954732290654,170,0.2145721356628146,24997.0,21.286535856340432
2,prec_gain_g0.0,14,0.3548805240579832,170,0.2145721356628146,24997.0,21.286535856340432
2,prec_gain_g0.0,15,0.3443607287672942,170,0.2145721356628146,24997.0,21.286535856340432
2,prec_gain_g0.0,16,0.3311134470235374,170,0.2145721356628146,24997.0,21.286535856340432
2,prec_gain_g0.0,17,0.3204219807575929,170,0.2145721356628146,24997.0,21.286535856340432
2,prec_gain_g0.0,18,0.3149356835411503,170,0.2145721356628146,24997.0,21.286535856340432
2,prec_gain_g0.0,19,0.3052991489330993,170,0.2145721356628146,24997.0,21.286535856340432
2,prec_gain_g0.0,20,0.2994280399025859,170,0.2145721356628146,24997.0,21.286535856340432
2,prec_gain_g0.0,21,0.2918859742456564,170,0.2145721356628146,24997.0,21.286535856340432
2,prec_gain_g0.0,22,0.2860633489772139,170,0.2145721356628146,24997.0,21.286535856340432
2,prec_gain_g0.0,23,0.2806482542675331,170,0.2145721356628146,24997.0,21.286535856340432
2,prec_gain_g0.0,24,0.2717602747341933,170,0.2145721356628146,24997.0,21.286535856340432
2,prec_gain_g0.0,25,0.2685385467496107,170,0.2145721356628146,24997.0,21.286535856340432
2,prec_gain_g0.0,26,0.2622935500386258,170,0.2145721356628146,24997.0,21.286535856340432
2,prec_gain_g0.0,27,0.2594156595070761,170,0.2145721356628146,24997.0,21.286535856340432
2,prec_gain_g0.0,28,0.2544441811181469,170,0.2145721356628146,24997.0,21.286535856340432
2,prec_gain_g0.0,29,0.2513010363308933,170,0.2145721356628146,24997.0,21.286535856340432
2,prec_gain_g0.0,30,0.2475956968659688,170,0.2145721356628146,24997.0,21.286535856340432
2,prec_gain_g0.0,31,0.2455703847334554,170,0.2145721356628146,24997.0,21.286535856340432
2,prec_gain_g0.0,32,0.2426146976003748,170,0.2145721356628146,24997.0,21.286535856340432
2,prec_gain_g0.0,33,0.2376911461330718,170,0.2145721356628146,24997.0,21.286535856340432
2,prec_gain_g0.0,34,0.235053770645656,170,0.2145721356628146,24997.0,21.286535856340432
2,prec_gain_g0.0,35,0.2326917200206817,170,0.2145721356628146,24997.0,21.286535856340432
2,prec_gain_g0.0,36,0.2299996707181937,170,0.2145721356628146,24997.0,21.286535856340432
2,prec_gain_g0.0,37,0.2284652047512048,170,0.2145721356628146,24997.0,21.286535856340432
2,prec_gain_g0.0,38,0.2265758942437079,170,0.2145721356628146,24997.0,21.286535856340432
2,prec_gain_g0.0,39,0.2237551783015072,170,0.2145721356628146,24997.0,21.286535856340432
2,prec_gain_g0.0,40,0.2214858463234616,170,0.2145721356628146,24997.0,21.286535856340432
2,prec_gain_g0.5,1,1.3011421739690785,175,0.2145721356628146,24997.0,21.21185218826508
2,prec_gain_g0.5,2,0.9784590705638102,175,0.2145721356628146,24997.0,21.21185218826508
2,prec_gain_g0.5,3,0.7862460811107965,175,0.2145721356628146,24997.0,21.21185218826508
2,prec_gain_g0.5,4,0.6730220656194922,175,0.2145721356628146,24997.0,21.21185218826508
2,prec_gain_g0.5,5,0.5956884179287149,175,0.2145721356628146,24997.0,21.21185218826508
2,prec_gain_g0.5,6,0.5434908128390885,175,0.2145721356628146,24997.0,21.21185218826508
2,prec_gain_g0.5,7,0.5047748439833041,175,0.2145721356628146,24997.0,21.21185218826508
2,prec_gain_g0.5,8,0.4718483128335999,175,0.2145721356628146,24997.0,21.21185218826508
2,prec_gain_g0.5,9,0.4437597973484963,175,0.2145721356628146,24997.0,21.21185218826508
2,prec_gain_g0.5,10,0.4193817177755977,175,0.2145721356628146,24997.0,21.21185218826508
2,prec_gain_g0.5,11,0.4028195654301003,175,0.2145721356628146,24997.0,21.21185218826508
2,prec_gain_g0.5,12,0.3876922206180627,175,0.2145721356628146,24997.0,21.21185218826508
2,prec_gain_g0.5,13,0.3699284953754229,175,0.2145721356628146,24997.0,21.21185218826508
2,prec_gain_g0.5,14,0.3577645388115503,175,0.2145721356628146,24997.0,21.21185218826508
2,prec_gain_g0.5,15,0.3458697766251636,175,0.2145721356628146,24997.0,21.21185218826508
2,prec_gain_g0.5,16,0.3330893985352587,175,0.2145721356628146,24997.0,21.21185218826508
2,prec_gain_g0.5,17,0.324993682646906,175,0.2145721356628146,24997.0,21.21185218826508
2,prec_gain_g0.5,18,0.3169650074635295,175,0.2145721356628146,24997.0,21.21185218826508
2,prec_gain_g0.5,19,0.3069587541988813,175,0.2145721356628146,24997.0,21.21185218826508
2,prec_gain_g0.5,20,0.3004614336536805,175,0.2145721356628146,24997.0,21.21185218826508
2,prec_gain_g0.5,21,0.2937461892669163,175,0.2145721356628146,24997.0,21.21185218826508
2,prec_gain_g0.5,22,0.286548544922896,175,0.2145721356628146,24997.0,21.21185218826508
2,prec_gain_g0.5,23,0.2815167712494362,175,0.2145721356628146,24997.0,21.21185218826508
2,prec_gain_g0.5,24,0.2718922016417119,175,0.2145721356628146,24997.0,21.21185218826508
2,prec_gain_g0.5,25,0.2691282785394412,175,0.2145721356628146,24997.0,21.21185218826508
2,prec_gain_g0.5,26,0.2635673876099303,175,0.2145721356628146,24997.0,21.21185218826508
2,prec_gain_g0.5,27,0.2608018539969557,175,0.2145721356628146,24997.0,21.21185218826508
2,prec_gain_g0.5,28,0.2555756865898963,175,0.2145721356628146,24997.0,21.21185218826508
2,prec_gain_g0.5,29,0.2526040263886825,175,0.2145721356628146,24997.0,21.21185218826508
2,prec_gain_g0.5,30,0.249100041446318,175,0.2145721356628146,24997.0,21.21185218826508
2,prec_gain_g0.5,31,0.2461914584632107,175,0.2145721356628146,24997.0,21.21185218826508
2,prec_gain_g0.5,32,0.2423442942481165,175,0.2145721356628146,24997.0,21.21185218826508
2,prec_gain_g0.5,33,0.238689116295962,175,0.2145721356628146,24997.0,21.21185218826508
2,prec_gain_g0.5,34,0.2372915387628777,175,0.2145721356628146,24997.0,21.21185218826508
2,prec_gain_g0.5,35,0.2344324691229259,175,0.2145721356628146,24997.0,21.21185218826508
2,prec_gain_g0.5,36,0.2316645036401407,175,0.2145721356628146,24997.0,21.21185218826508
2,prec_gain_g0.5,37,0.2296401012562843,175,0.2145721356628146,24997.0,21.21185218826508
2,prec_gain_g0.5,38,0.2275971641775936,175,0.2145721356628146,24997.0,21.21185218826508
2,prec_gain_g0.5,39,0.2245486010980317,175,0.2145721356628146,24997.0,21.21185218826508
2,prec_gain_g0.5,40,0.2216510967365262,175,0.2145721356628146,24997.0,21.21185218826508
2,prec_gain_g0.9,1,1.5234015343809073,166,0.2145721356628146,24997.0,20.44591900326696
2,prec_gain_g0.9,2,1.4385944080439923,166,0.2145721356628146,24997.0,20.44591900326696
2,prec_gain_g0.9,3,0.945508541929977,166,0.2145721356628146,24997.0,20.44591900326696
2,prec_gain_g0.9,4,0.7746828124000095,166,0.2145721356628146,24997.0,20.44591900326696
2,prec_gain_g0.9,5,0.6734271795608109,166,0.2145721356628146,24997.0,20.44591900326696
2,prec_gain_g0.9,6,0.6117755467866748,166,0.2145721356628146,24997.0,20.44591900326696
2,prec_gain_g0.9,7,0.558746472078191,166,0.2145721356628146,24997.0,20.44591900326696
2,prec_gain_g0.9,8,0.516477137479125,166,0.2145721356628146,24997.0,20.44591900326696
2,prec_gain_g0.9,9,0.4838937456543922,166,0.2145721356628146,24997.0,20.44591900326696
2,prec_gain_g0.9,10,0.4600866775943437,166,0.2145721356628146,24997.0,20.44591900326696
2,prec_gain_g0.9,11,0.4351891759415077,166,0.2145721356628146,24997.0,20.44591900326696
2,prec_gain_g0.9,12,0.4163369899867167,166,0.2145721356628146,24997.0,20.44591900326696
2,prec_gain_g0.9,13,0.3963673970462686,166,0.2145721356628146,24997.0,20.44591900326696
2,prec_gain_g0.9,14,0.3810615121581877,166,0.2145721356628146,24997.0,20.44591900326696
2,prec_gain_g0.9,15,0.3710553127740141,166,0.2145721356628146,24997.0,20.44591900326696
2,prec_gain_g0.9,16,0.3545466402905011,166,0.2145721356628146,24997.0,20.44591900326696
2,prec_gain_g0.9,17,0.3423592686273103,166,0.2145721356628146,24997.0,20.44591900326696
2,prec_gain_g0.9,18,0.332328971645991,166,0.2145721356628146,24997.0,20.44591900326696
2,prec_gain_g0.9,19,0.3225021923439971,166,0.2145721356628146,24997.0,20.44591900326696
2,prec_gain_g0.9,20,0.3151755717720655,166,0.2145721356628146,24997.0,20.44591900326696
2,prec_gain_g0.9,21,0.3046095636879497,166,0.2145721356628146,24997.0,20.44591900326696
2,prec_gain_g0.9,22,0.2960917136309858,166,0.2145721356628146,24997.0,20.44591900326696
2,prec_gain_g0.9,23,0.2902456011985049,166,0.2145721356628146,24997.0,20.44591900326696
2,prec_gain_g0.9,24,0.2799360514189681,166,0.2145721356628146,24997.0,20.44591900326696
2,prec_gain_g0.9,25,0.2758316468838618,166,0.2145721356628146,24997.0,20.44591900326696
2,prec_gain_g0.9,26,0.2686442707327877,166,0.2145721356628146,24997.0,20.44591900326696
2,prec_gain_g0.9,27,0.263318527530791,166,0.2145721356628146,24997.0,20.44591900326696
2,prec_gain_g0.9,28,0.2577569229164458,166,0.2145721356628146,24997.0,20.44591900326696
2,prec_gain_g0.9,29,0.2528731045416983,166,0.2145721356628146,24997.0,20.44591900326696
2,prec_gain_g0.9,30,0.2487093632230306,166,0.2145721356628146,24997.0,20.44591900326696
2,prec_gain_g0.9,31,0.2455333977901996,166,0.2145721356628146,24997.0,20.44591900326696
2,prec_gain_g0.9,32,0.2423051933717839,166,0.2145721356628146,24997.0,20.44591900326696
2,prec_gain_g0.9,33,0.2379629714889144,166,0.2145721356628146,24997.0,20.44591900326696
2,prec_gain_g0.9,34,0.234967330536551,166,0.2145721356628146,24997.0,20.44591900326696
2,prec_gain_g0.9,35,0.2310711463079391,166,0.2145721356628146,24997.0,20.44591900326696
2,prec_gain_g0.9,36,0.2280003612384886,166,0.2145721356628146,24997.0,20.44591900326696
2,prec_gain_g0.9,37,0.2253391371708081,166,0.2145721356628146,24997.0,20.44591900326696
2,prec_gain_g0.9,38,0.2229625086049635,166,0.2145721356628146,24997.0,20.44591900326696
2,prec_gain_g0.9,39,0.220790303969791,166,0.2145721356628146,24997.0,20.44591900326696
2,prec_gain_g0.9,40,0.2183760779757889,166,0.2145721356628146,24997.0,20.44591900326696
2,prec_gain_g1.0,1,1.3011421739690785,154,0.2145721356628146,24997.0,18.610240107953416
2,prec_gain_g1.0,2,1.363358033663104,154,0.2145721356628146,24997.0,18.610240107953416
2,prec_gain_g1.0,3,0.9784002449407596,154,0.2145721356628146,24997.0,18.610240107953416
2,prec_gain_g1.0,4,0.8115616212362889,154,0.2145721356628146,24997.0,18.610240107953416
2,prec_gain_g1.0,5,0.6751000139168092,154,0.2145721356628146,24997.0,18.610240107953416
2,prec_gain_g1.0,6,0.6152176552783354,154,0.2145721356628146,24997.0,18.610240107953416
2,prec_gain_g1.0,7,0.5654989370491037,154,0.2145721356628146,24997.0,18.610240107953416
2,prec_gain_g1.0,8,0.5311389472328909,154,0.2145721356628146,24997.0,18.610240107953416
2,prec_gain_g1.0,9,0.4977336121768463,154,0.2145721356628146,24997.0,18.610240107953416
2,prec_gain_g1.0,10,0.4694901277522428,154,0.2145721356628146,24997.0,18.610240107953416
2,prec_gain_g1.0,11,0.4506992465900168,154,0.2145721356628146,24997.0,18.610240107953416
2,prec_gain_g1.0,12,0.4302911553196829,154,0.2145721356628146,24997.0,18.610240107953416
2,prec_gain_g1.0,13,0.4086210535737562,154,0.2145721356628146,24997.0,18.610240107953416
2,prec_gain_g1.0,14,0.3925678378297989,154,0.2145721356628146,24997.0,18.610240107953416
2,prec_gain_g1.0,15,0.3796774997308538,154,0.2145721356628146,24997.0,18.610240107953416
2,prec_gain_g1.0,16,0.3683414849054588,154,0.2145721356628146,24997.0,18.610240107953416
2,prec_gain_g1.0,17,0.3595771023656641,154,0.2145721356628146,24997.0,18.610240107953416
2,prec_gain_g1.0,18,0.3497087542465029,154,0.2145721356628146,24997.0,18.610240107953416
2,prec_gain_g1.0,19,0.3360339618361859,154,0.2145721356628146,24997.0,18.610240107953416
2,prec_gain_g1.0,20,0.3288384512146151,154,0.2145721356628146,24997.0,18.610240107953416
2,prec_gain_g1.0,21,0.3220603179293928,154,0.2145721356628146,24997.0,18.610240107953416
2,prec_gain_g1.0,22,0.3146181942742677,154,0.2145721356628146,24997.0,18.610240107953416
2,prec_gain_g1.0,23,0.3087624757303928,154,0.2145721356628146,24997.0,18.610240107953416
2,prec_gain_g1.0,24,0.3005741598828753,154,0.2145721356628146,24997.0,18.610240107953416
2,prec_gain_g1.0,25,0.2941092406493306,154,0.2145721356628146,24997.0,18.610240107953416
2,prec_gain_g1.0,26,0.2859188494401338,154,0.2145721356628146,24997.0,18.610240107953416
2,prec_gain_g1.0,27,0.2816019683769541,154,0.2145721356628146,24997.0,18.610240107953416
2,prec_gain_g1.0,28,0.2758333830122246,154,0.2145721356628146,24997.0,18.610240107953416
2,prec_gain_g1.0,29,0.2720283935044805,154,0.2145721356628146,24997.0,18.610240107953416
2,prec_gain_g1.0,30,0.2674835281505475,154,0.2145721356628146,24997.0,18.610240107953416
2,prec_gain_g1.0,31,0.2630443451181554,154,0.2145721356628146,24997.0,18.610240107953416
2,prec_gain_g1.0,32,0.2612569690101941,154,0.2145721356628146,24997.0,18.610240107953416
2,prec_gain_g1.0,33,0.2565318124896286,154,0.2145721356628146,24997.0,18.610240107953416
2,prec_gain_g1.0,34,0.2546391705264068,154,0.2145721356628146,24997.0,18.610240107953416
2,prec_gain_g1.0,35,0.2504542185985596,154,0.2145721356628146,24997.0,18.610240107953416
2,prec_gain_g1.0,36,0.2470707437700826,154,0.2145721356628146,24997.0,18.610240107953416
2,prec_gain_g1.0,37,0.2445855733429932,154,0.2145721356628146,24997.0,18.610240107953416
2,prec_gain_g1.0,38,0.2420949950450003,154,0.2145721356628146,24997.0,18.610240107953416
2,prec_gain_g1.0,39,0.240109795681898,154,0.2145721356628146,24997.0,18.610240107953416
2,prec_gain_g1.0,40,0.2367126636178075,154,0.2145721356628146,24997.0,18.610240107953416
2,var_reduction_g0.0,1,1.2789869482583929,161,0.2145721356628146,24997.0,3.0063065167833853
2,var_reduction_g0.0,2,0.9833203639896148,161,0.2145721356628146,24997.0,3.0063065167833853
2,var_reduction_g0.0,3,0.802422008268344,161,0.2145721356628146,24997.0,3.0063065167833853
2,var_reduction_g0.0,4,0.6823665663380241,161,0.2145721356628146,24997.0,3.0063065167833853
2,var_reduction_g0.0,5,0.6076696879480123,161,0.2145721356628146,24997.0,3.0063065167833853
2,var_reduction_g0.0,6,0.5470998625989242,161,0.2145721356628146,24997.0,3.0063065167833853
2,var_reduction_g0.0,7,0.5075534180573132,161,0.2145721356628146,24997.0,3.0063065167833853
2,var_reduction_g0.0,8,0.4780452637602306,161,0.2145721356628146,24997.0,3.0063065167833853
2,var_reduction_g0.0,9,0.4454323381789176,161,0.2145721356628146,24997.0,3.0063065167833853
2,var_reduction_g0.0,10,0.4218365780099489,161,0.2145721356628146,24997.0,3.0063065167833853
2,var_reduction_g0.0,11,0.4045184919786994,161,0.2145721356628146,24997.0,3.0063065167833853
2,var_reduction_g0.0,12,0.3923283888271132,161,0.2145721356628146,24997.0,3.0063065167833853
2,var_reduction_g0.0,13,0.3750050580470809,161,0.2145721356628146,24997.0,3.0063065167833853
2,var_reduction_g0.0,14,0.3638126144736199,161,0.2145721356628146,24997.0,3.0063065167833853
2,var_reduction_g0.0,15,0.3526228522281136,161,0.2145721356628146,24997.0,3.0063065167833853
2,var_reduction_g0.0,16,0.3376063109440332,161,0.2145721356628146,24997.0,3.0063065167833853
2,var_reduction_g0.0,17,0.3283773445597662,161,0.2145721356628146,24997.0,3.0063065167833853
2,var_reduction_g0.0,18,0.3186979732092076,161,0.2145721356628146,24997.0,3.0063065167833853
2,var_reduction_g0.0,19,0.3081954174187585,161,0.2145721356628146,24997.0,3.0063065167833853
2,var_reduction_g0.0,20,0.3026199734853479,161,0.2145721356628146,24997.0,3.0063065167833853
2,var_reduction_g0.0,21,0.2958316320918565,161,0.2145721356628146,24997.0,3.0063065167833853
2,var_reduction_g0.0,22,0.2886782110364342,161,0.2145721356628146,24997.0,3.0063065167833853
2,var_reduction_g0.0,23,0.2841112320610484,161,0.2145721356628146,24997.0,3.0063065167833853
2,var_reduction_g0.0,24,0.2773927991372578,161,0.2145721356628146,24997.0,3.0063065167833853
2,var_reduction_g0.0,25,0.2749394310212594,161,0.2145721356628146,24997.0,3.0063065167833853
2,var_reduction_g0.0,26,0.2691075646812596,161,0.2145721356628146,24997.0,3.0063065167833853
2,var_reduction_g0.0,27,0.2665679980950398,161,0.2145721356628146,24997.0,3.0063065167833853
2,var_reduction_g0.0,28,0.2630019768132282,161,0.2145721356628146,24997.0,3.0063065167833853
2,var_reduction_g0.0,29,0.2594539036539968,161,0.2145721356628146,24997.0,3.0063065167833853
2,var_reduction_g0.0,30,0.2575873459350853,161,0.2145721356628146,24997.0,3.0063065167833853
2,var_reduction_g0.0,31,0.2544836048151172,161,0.2145721356628146,24997.0,3.0063065167833853
2,var_reduction_g0.0,32,0.2501629078603481,161,0.2145721356628146,24997.0,3.0063065167833853
2,var_reduction_g0.0,33,0.2465178040419716,161,0.2145721356628146,24997.0,3.0063065167833853
2,var_reduction_g0.0,34,0.2452205027741255,161,0.2145721356628146,24997.0,3.0063065167833853
2,var_reduction_g0.0,35,0.2429540180390695,161,0.2145721356628146,24997.0,3.0063065167833853
2,var_reduction_g0.0,36,0.240176312948132,161,0.2145721356628146,24997.0,3.0063065167833853
2,var_reduction_g0.0,37,0.2387304813480336,161,0.2145721356628146,24997.0,3.0063065167833853
2,var_reduction_g0.0,38,0.2370616729135097,161,0.2145721356628146,24997.0,3.0063065167833853
2,var_reduction_g0.0,39,0.2347469804121799,161,0.2145721356628146,24997.0,3.0063065167833853
2,var_reduction_g0.0,40,0.2332210632904875,161,0.2145721356628146,24997.0,3.0063065167833853
2,var_reduction_g0.5,1,1.3011421739690785,177,0.2145721356628146,24997.0,3.022931958128354
2,var_reduction_g0.5,2,0.951038328135146,177,0.2145721356628146,24997.0,3.022931958128354
2,var_reduction_g0.5,3,0.8120001935880423,177,0.2145721356628146,24997.0,3.022931958128354
2,var_reduction_g0.5,4,0.6909417503780027,177,0.2145721356628146,24997.0,3.022931958128354
2,var_reduction_g0.5,5,0.609450307772444,177,0.2145721356628146,24997.0,3.022931958128354
2,var_reduction_g0.5,6,0.5472358508865011,177,0.2145721356628146,24997.0,3.022931958128354
2,var_reduction_g0.5,7,0.5068235304624658,177,0.2145721356628146,24997.0,3.022931958128354
2,var_reduction_g0.5,8,0.4721716206683394,177,0.2145721356628146,24997.0,3.022931958128354
2,var_reduction_g0.5,9,0.4484488474993542,177,0.2145721356628146,24997.0,3.022931958128354
2,var_reduction_g0.5,10,0.423035113359808,177,0.2145721356628146,24997.0,3.022931958128354
2,var_reduction_g0.5,11,0.4074065834988569,177,0.2145721356628146,24997.0,3.022931958128354
2,var_reduction_g0.5,12,0.3922949450718425,177,0.2145721356628146,24997.0,3.022931958128354
2,var_reduction_g0.5,13,0.3760223707408711,177,0.2145721356628146,24997.0,3.022931958128354
2,var_reduction_g0.5,14,0.359312455871897,177,0.2145721356628146,24997.0,3.022931958128354
2,var_reduction_g0.5,15,0.3497268570618718,177,0.2145721356628146,24997.0,3.022931958128354
2,var_reduction_g0.5,16,0.3363408357327091,177,0.2145721356628146,24997.0,3.022931958128354
2,var_reduction_g0.5,17,0.3305280897021969,177,0.2145721356628146,24997.0,3.022931958128354
2,var_reduction_g0.5,18,0.3235013057041216,177,0.2145721356628146,24997.0,3.022931958128354
2,var_reduction_g0.5,19,0.315044358177469,177,0.2145721356628146,24997.0,3.022931958128354
2,var_reduction_g0.5,20,0.3101035835637719,177,0.2145721356628146,24997.0,3.022931958128354
2,var_reduction_g0.5,21,0.3023010212123309,177,0.2145721356628146,24997.0,3.022931958128354
2,var_reduction_g0.5,22,0.2953552625339634,177,0.2145721356628146,24997.0,3.022931958128354
2,var_reduction_g0.5,23,0.2883415139086762,177,0.2145721356628146,24997.0,3.022931958128354
2,var_reduction_g0.5,24,0.2821433622513383,177,0.2145721356628146,24997.0,3.022931958128354
2,var_reduction_g0.5,25,0.2801507658072795,177,0.2145721356628146,24997.0,3.022931958128354
2,var_reduction_g0.5,26,0.2746446647393799,177,0.2145721356628146,24997.0,3.022931958128354
2,var_reduction_g0.5,27,0.2709065520991309,177,0.2145721356628146,24997.0,3.022931958128354
2,var_reduction_g0.5,28,0.2648445210041461,177,0.2145721356628146,24997.0,3.022931958128354
2,var_reduction_g0.5,29,0.2616498814509466,177,0.2145721356628146,24997.0,3.022931958128354
2,var_reduction_g0.5,30,0.2578797335011533,177,0.2145721356628146,24997.0,3.022931958128354
2,var_reduction_g0.5,31,0.2543995522471879,177,0.2145721356628146,24997.0,3.022931958128354
2,var_reduction_g0.5,32,0.2514237349401418,177,0.2145721356628146,24997.0,3.022931958128354
2,var_reduction_g0.5,33,0.2488098146823738,177,0.2145721356628146,24997.0,3.022931958128354
2,var_reduction_g0.5,34,0.2470699183692521,177,0.2145721356628146,24997.0,3.022931958128354
2,var_reduction_g0.5,35,0.2428617669015482,177,0.2145721356628146,24997.0,3.022931958128354
2,var_reduction_g0.5,36,0.2391903761877381,177,0.2145721356628146,24997.0,3.022931958128354
2,var_reduction_g0.5,37,0.2364650763695951,177,0.2145721356628146,24997.0,3.022931958128354
2,var_reduction_g0.5,38,0.2339515767692194,177,0.2145721356628146,24997.0,3.022931958128354
2,var_reduction_g0.5,39,0.2307666682131487,177,0.2145721356628146,24997.0,3.022931958128354
2,var_reduction_g0.5,40,0.2293739445117529,177,0.2145721356628146,24997.0,3.022931958128354
2,var_reduction_g0.9,1,1.431728435629216,156,0.2145721356628146,24997.0,2.956295625801416
2,var_reduction_g0.9,2,1.2406896876558775,156,0.2145721356628146,24997.0,2.956295625801416
2,var_reduction_g0.9,3,1.0015699229942934,156,0.2145721356628146,24997.0,2.956295625801416
2,var_reduction_g0.9,4,0.8361956810155328,156,0.2145721356628146,24997.0,2.956295625801416
2,var_reduction_g0.9,5,0.7146532843576469,156,0.2145721356628146,24997.0,2.956295625801416
2,var_reduction_g0.9,6,0.6243135573784075,156,0.2145721356628146,24997.0,2.956295625801416
2,var_reduction_g0.9,7,0.5662029094636192,156,0.2145721356628146,24997.0,2.956295625801416
2,var_reduction_g0.9,8,0.5165969798740496,156,0.2145721356628146,24997.0,2.956295625801416
2,var_reduction_g0.9,9,0.4863696787888443,156,0.2145721356628146,24997.0,2.956295625801416
2,var_reduction_g0.9,10,0.4590551049221146,156,0.2145721356628146,24997.0,2.956295625801416
2,var_reduction_g0.9,11,0.4374778862611659,156,0.2145721356628146,24997.0,2.956295625801416
2,var_reduction_g0.9,12,0.4210673602578879,156,0.2145721356628146,24997.0,2.956295625801416
2,var_reduction_g0.9,13,0.4057760082371854,156,0.2145721356628146,24997.0,2.956295625801416
2,var_reduction_g0.9,14,0.3904180541194634,156,0.2145721356628146,24997.0,2.956295625801416
2,var_reduction_g0.9,15,0.3804509212581513,156,0.2145721356628146,24997.0,2.956295625801416
2,var_reduction_g0.9,16,0.3665350567117825,156,0.2145721356628146,24997.0,2.956295625801416
2,var_reduction_g0.9,17,0.3574514893488855,156,0.2145721356628146,24997.0,2.956295625801416
2,var_reduction_g0.9,18,0.3480952334490057,156,0.2145721356628146,24997.0,2.956295625801416
2,var_reduction_g0.9,19,0.3374784299639543,156,0.2145721356628146,24997.0,2.956295625801416
2,var_reduction_g0.9,20,0.3299331480335432,156,0.2145721356628146,24997.0,2.956295625801416
2,var_reduction_g0.9,21,0.320427178054776,156,0.2145721356628146,24997.0,2.956295625801416
2,var_reduction_g0.9,22,0.3109863322967481,156,0.2145721356628146,24997.0,2.956295625801416
2,var_reduction_g0.9,23,0.304411541752993,156,0.2145721356628146,24997.0,2.956295625801416
2,var_reduction_g0.9,24,0.2965186960661411,156,0.2145721356628146,24997.0,2.956295625801416
2,var_reduction_g0.9,25,0.2913213842440179,156,0.2145721356628146,24997.0,2.956295625801416
2,var_reduction_g0.9,26,0.2857798151042143,156,0.2145721356628146,24997.0,2.956295625801416
2,var_reduction_g0.9,27,0.28271092160653,156,0.2145721356628146,24997.0,2.956295625801416
2,var_reduction_g0.9,28,0.2773596959505001,156,0.2145721356628146,24997.0,2.956295625801416
2,var_reduction_g0.9,29,0.2727944010593247,156,0.2145721356628146,24997.0,2.956295625801416
2,var_reduction_g0.9,30,0.268767173489451,156,0.2145721356628146,24997.0,2.956295625801416
2,var_reduction_g0.9,31,0.2653053786666218,156,0.2145721356628146,24997.0,2.956295625801416
2,var_reduction_g0.9,32,0.2617226641456709,156,0.2145721356628146,24997.0,2.956295625801416
2,var_reduction_g0.9,33,0.2575119047589793,156,0.2145721356628146,24997.0,2.956295625801416
2,var_reduction_g0.9,34,0.2546528220394357,156,0.2145721356628146,24997.0,2.956295625801416
2,var_reduction_g0.9,35,0.2516265060393291,156,0.2145721356628146,24997.0,2.956295625801416
2,var_reduction_g0.9,36,0.2484048415968061,156,0.2145721356628146,24997.0,2.956295625801416
2,var_reduction_g0.9,37,0.2444734609843099,156,0.2145721356628146,24997.0,2.956295625801416
2,var_reduction_g0.9,38,0.2421675646748783,156,0.2145721356628146,24997.0,2.956295625801416
2,var_reduction_g0.9,39,0.2402608798798848,156,0.2145721356628146,24997.0,2.956295625801416
2,var_reduction_g0.9,40,0.2382408227554707,156,0.2145721356628146,24997.0,2.956295625801416
2,var_reduction_g1.0,1,1.555313307294501,139,0.2145721356628146,24997.0,2.8341496365128203
2,var_reduction_g1.0,2,1.9573057526317232,139,0.2145721356628146,24997.0,2.8341496365128203
2,var_reduction_g1.0,3,1.9478827044158191,139,0.2145721356628146,24997.0,2.8341496365128203
2,var_reduction_g1.0,4,1.8822078672777431,139,0.2145721356628146,24997.0,2.8341496365128203
2,var_reduction_g1.0,5,1.6759407676872815,139,0.2145721356628146,24997.0,2.8341496365128203
2,var_reduction_g1.0,6,1.1981210444578438,139,0.2145721356628146,24997.0,2.8341496365128203
2,var_reduction_g1.0,7,0.90119140046964,139,0.2145721356628146,24997.0,2.8341496365128203
2,var_reduction_g1.0,8,0.737980643260144,139,0.2145721356628146,24997.0,2.8341496365128203
2,var_reduction_g1.0,9,0.6712547712913131,139,0.2145721356628146,24997.0,2.8341496365128203
2,var_reduction_g1.0,10,0.5985590408010021,139,0.2145721356628146,24997.0,2.8341496365128203
2,var_reduction_g1.0,11,0.5665061660973826,139,0.2145721356628146,24997.0,2.8341496365128203
2,var_reduction_g1.0,12,0.5311244461913367,139,0.2145721356628146,24997.0,2.8341496365128203
2,var_reduction_g1.0,13,0.4883058101296311,139,0.2145721356628146,24997.0,2.8341496365128203
2,var_reduction_g1.0,14,0.4600189969850795,139,0.2145721356628146,24997.0,2.8341496365128203
2,var_reduction_g1.0,15,0.4359346130471654,139,0.2145721356628146,24997.0,2.8341496365128203
2,var_reduction_g1.0,16,0.4135878139268495,139,0.2145721356628146,24997.0,2.8341496365128203
2,var_reduction_g1.0,17,0.403070923322924,139,0.2145721356628146,24997.0,2.8341496365128203
2,var_reduction_g1.0,18,0.3898887035529143,139,0.2145721356628146,24997.0,2.8341496365128203
2,var_reduction_g1.0,19,0.3783921679818133,139,0.2145721356628146,24997.0,2.8341496365128203
2,var_reduction_g1.0,20,0.3715058619950675,139,0.2145721356628146,24997.0,2.8341496365128203
2,var_reduction_g1.0,21,0.3589850067836469,139,0.2145721356628146,24997.0,2.8341496365128203
2,var_reduction_g1.0,22,0.3464428283921766,139,0.2145721356628146,24997.0,2.8341496365128203
2,var_reduction_g1.0,23,0.3383882387526903,139,0.2145721356628146,24997.0,2.8341496365128203
2,var_reduction_g1.0,24,0.3273175382235906,139,0.2145721356628146,24997.0,2.8341496365128203
2,var_reduction_g1.0,25,0.3226842947712363,139,0.2145721356628146,24997.0,2.8341496365128203
2,var_reduction_g1.0,26,0.3136793151767427,139,0.2145721356628146,24997.0,2.8341496365128203
2,var_reduction_g1.0,27,0.3075011873110639,139,0.2145721356628146,24997.0,2.8341496365128203
2,var_reduction_g1.0,28,0.3027747679232941,139,0.2145721356628146,24997.0,2.8341496365128203
2,var_reduction_g1.0,29,0.2979306035740153,139,0.2145721356628146,24997.0,2.8341496365128203
2,var_reduction_g1.0,30,0.2928125622854676,139,0.2145721356628146,24997.0,2.8341496365128203
2,var_reduction_g1.0,31,0.2877496815933698,139,0.2145721356628146,24997.0,2.8341496365128203
2,var_reduction_g1.0,32,0.2835684773098859,139,0.2145721356628146,24997.0,2.8341496365128203
2,var_reduction_g1.0,33,0.2791118504714223,139,0.2145721356628146,24997.0,2.8341496365128203
2,var_reduction_g1.0,34,0.2751671615938922,139,0.2145721356628146,24997.0,2.8341496365128203
2,var_reduction_g1.0,35,0.2734064815993396,139,0.2145721356628146,24997.0,2.8341496365128203
2,var_reduction_g1.0,36,0.2686411503854827,139,0.2145721356628146,24997.0,2.8341496365128203
2,var_reduction_g1.0,37,0.265002615824615,139,0.2145721356628146,24997.0,2.8341496365128203
2,var_reduction_g1.0,38,0.2616588312378974,139,0.2145721356628146,24997.0,2.8341496365128203
2,var_reduction_g1.0,39,0.2586245266568187,139,0.2145721356628146,24997.0,2.8341496365128203
2,var_reduction_g1.0,40,0.2583644339921228,139,0.2145721356628146,24997.0,2.8341496365128203
2,fi_hat_prev_g0.0,1,1.264421241607032,198,0.2145721356628146,24997.0,23.10274834362876
2,fi_hat_prev_g0.0,2,0.9410390141002792,198,0.2145721356628146,24997.0,23.10274834362876
2,fi_hat_prev_g0.0,3,0.7728579241817086,198,0.2145721356628146,24997.0,23.10274834362876
2,fi_hat_prev_g0.0,4,0.6931745631535663,198,0.2145721356628146,24997.0,23.10274834362876
2,fi_hat_prev_g0.0,5,0.6353391602015708,198,0.2145721356628146,24997.0,23.10274834362876
2,fi_hat_prev_g0.0,6,0.5755481192682692,198,0.2145721356628146,24997.0,23.10274834362876
2,fi_hat_prev_g0.0,7,0.5232999237584945,198,0.2145721356628146,24997.0,23.10274834362876
2,fi_hat_prev_g0.0,8,0.492907632993363,198,0.2145721356628146,24997.0,23.10274834362876
2,fi_hat_prev_g0.0,9,0.4585032289826252,198,0.2145721356628146,24997.0,23.10274834362876
2,fi_hat_prev_g0.0,10,0.4319577441571292,198,0.2145721356628146,24997.0,23.10274834362876
2,fi_hat_prev_g0.0,11,0.4108953677130901,198,0.2145721356628146,24997.0,23.10274834362876
2,fi_hat_prev_g0.0,12,0.3899778027551623,198,0.2145721356628146,24997.0,23.10274834362876
2,fi_hat_prev_g0.0,13,0.3712309958512648,198,0.2145721356628146,24997.0,23.10274834362876
2,fi_hat_prev_g0.0,14,0.3596223732513156,198,0.2145721356628146,24997.0,23.10274834362876
2,fi_hat_prev_g0.0,15,0.3483287178178973,198,0.2145721356628146,24997.0,23.10274834362876
2,fi_hat_prev_g0.0,16,0.3349455509132582,198,0.2145721356628146,24997.0,23.10274834362876
2,fi_hat_prev_g0.0,17,0.3266132025623521,198,0.2145721356628146,24997.0,23.10274834362876
2,fi_hat_prev_g0.0,18,0.3180443703914365,198,0.2145721356628146,24997.0,23.10274834362876
2,fi_hat_prev_g0.0,19,0.3092495146300564,198,0.2145721356628146,24997.0,23.10274834362876
2,fi_hat_prev_g0.0,20,0.3032934782485644,198,0.2145721356628146,24997.0,23.10274834362876
2,fi_hat_prev_g0.0,21,0.2945090250862676,198,0.2145721356628146,24997.0,23.10274834362876
2,fi_hat_prev_g0.0,22,0.288085802647226,198,0.2145721356628146,24997.0,23.10274834362876
2,fi_hat_prev_g0.0,23,0.2814891770306875,198,0.2145721356628146,24997.0,23.10274834362876
2,fi_hat_prev_g0.0,24,0.2727521245458649,198,0.2145721356628146,24997.0,23.10274834362876
2,fi_hat_prev_g0.0,25,0.269056471314715,198,0.2145721356628146,24997.0,23.10274834362876
2,fi_hat_prev_g0.0,26,0.2649478050195191,198,0.2145721356628146,24997.0,23.10274834362876
2,fi_hat_prev_g0.0,27,0.260816938447399,198,0.2145721356628146,24997.0,23.10274834362876
2,fi_hat_prev_g0.0,28,0.2559134497889274,198,0.2145721356628146,24997.0,23.10274834362876
2,fi_hat_prev_g0.0,29,0.2529030550432435,198,0.2145721356628146,24997.0,23.10274834362876
2,fi_hat_prev_g0.0,30,0.2491357286606517,198,0.2145721356628146,24997.0,23.10274834362876
2,fi_hat_prev_g0.0,31,0.2462335014898461,198,0.2145721356628146,24997.0,23.10274834362876
2,fi_hat_prev_g0.0,32,0.242931521767504,198,0.2145721356628146,24997.0,23.10274834362876
2,fi_hat_prev_g0.0,33,0.2393249438464361,198,0.2145721356628146,24997.0,23.10274834362876
2,fi_hat_prev_g0.0,34,0.2367134419713173,198,0.2145721356628146,24997.0,23.10274834362876
2,fi_hat_prev_g0.0,35,0.2331291839611903,198,0.2145721356628146,24997.0,23.10274834362876
2,fi_hat_prev_g0.0,36,0.2298761083779108,198,0.2145721356628146,24997.0,23.10274834362876
2,fi_hat_prev_g0.0,37,0.2282087298952968,198,0.2145721356628146,24997.0,23.10274834362876
2,fi_hat_prev_g0.0,38,0.2249915351333298,198,0.2145721356628146,24997.0,23.10274834362876
2,fi_hat_prev_g0.0,39,0.222442585205589,198,0.2145721356628146,24997.0,23.10274834362876
2,fi_hat_prev_g0.0,40,0.2195799898478478,198,0.2145721356628146,24997.0,23.10274834362876
2,fi_hat_prev_g0.5,1,1.2624630101521412,184,0.2145721356628146,24997.0,23.10068667925023
2,fi_hat_prev_g0.5,2,0.9380481660682348,184,0.2145721356628146,24997.0,23.10068667925023
2,fi_hat_prev_g0.5,3,0.7882809244871674,184,0.2145721356628146,24997.0,23.10068667925023
2,fi_hat_prev_g0.5,4,0.7110036909786808,184,0.2145721356628146,24997.0,23.10068667925023
2,fi_hat_prev_g0.5,5,0.6398203314654075,184,0.2145721356628146,24997.0,23.10068667925023
2,fi_hat_prev_g0.5,6,0.5754259195025905,184,0.2145721356628146,24997.0,23.10068667925023
2,fi_hat_prev_g0.5,7,0.5288426832892127,184,0.2145721356628146,24997.0,23.10068667925023
2,fi_hat_prev_g0.5,8,0.4938563612548725,184,0.2145721356628146,24997.0,23.10068667925023
2,fi_hat_prev_g0.5,9,0.4587839973149021,184,0.2145721356628146,24997.0,23.10068667925023
2,fi_hat_prev_g0.5,10,0.4303213322768733,184,0.2145721356628146,24997.0,23.10068667925023
2,fi_hat_prev_g0.5,11,0.410969899305774,184,0.2145721356628146,24997.0,23.10068667925023
2,fi_hat_prev_g0.5,12,0.3928114733253147,184,0.2145721356628146,24997.0,23.10068667925023
2,fi_hat_prev_g0.5,13,0.3752361292323143,184,0.2145721356628146,24997.0,23.10068667925023
2,fi_hat_prev_g0.5,14,0.362832861100055,184,0.2145721356628146,24997.0,23.10068667925023
2,fi_hat_prev_g0.5,15,0.3532223559287596,184,0.2145721356628146,24997.0,23.10068667925023
2,fi_hat_prev_g0.5,16,0.3386924788488812,184,0.2145721356628146,24997.0,23.10068667925023
2,fi_hat_prev_g0.5,17,0.3295250745558074,184,0.2145721356628146,24997.0,23.10068667925023
2,fi_hat_prev_g0.5,18,0.3223147643627049,184,0.2145721356628146,24997.0,23.10068667925023
2,fi_hat_prev_g0.5,19,0.3124599680866761,184,0.2145721356628146,24997.0,23.10068667925023
2,fi_hat_prev_g0.5,20,0.3072224221409674,184,0.2145721356628146,24997.0,23.10068667925023
2,fi_hat_prev_g0.5,21,0.2985415345834745,184,0.2145721356628146,24997.0,23.10068667925023
2,fi_hat_prev_g0.5,22,0.2929393320374202,184,0.2145721356628146,24997.0,23.10068667925023
2,fi_hat_prev_g0.5,23,0.2858362032668928,184,0.2145721356628146,24997.0,23.10068667925023
2,fi_hat_prev_g0.5,24,0.278310951481198,184,0.2145721356628146,24997.0,23.10068667925023
2,fi_hat_prev_g0.5,25,0.2739980546373171,184,0.2145721356628146,24997.0,23.10068667925023
2,fi_hat_prev_g0.5,26,0.2667650745688402,184,0.2145721356628146,24997.0,23.10068667925023
2,fi_hat_prev_g0.5,27,0.2641950923464085,184,0.2145721356628146,24997.0,23.10068667925023
2,fi_hat_prev_g0.5,28,0.2599763987488793,184,0.2145721356628146,24997.0,23.10068667925023
2,fi_hat_prev_g0.5,29,0.256309045417759,184,0.2145721356628146,24997.0,23.10068667925023
2,fi_hat_prev_g0.5,30,0.2510141301370492,184,0.2145721356628146,24997.0,23.10068667925023
2,fi_hat_prev_g0.5,31,0.2486225836355249,184,0.2145721356628146,24997.0,23.10068667925023
2,fi_hat_prev_g0.5,32,0.2451287720261667,184,0.2145721356628146,24997.0,23.10068667925023
2,fi_hat_prev_g0.5,33,0.2417672430362545,184,0.2145721356628146,24997.0,23.10068667925023
2,fi_hat_prev_g0.5,34,0.2393100040961111,184,0.2145721356628146,24997.0,23.10068667925023
2,fi_hat_prev_g0.5,35,0.2358177254933329,184,0.2145721356628146,24997.0,23.10068667925023
2,fi_hat_prev_g0.5,36,0.2329277648178518,184,0.2145721356628146,24997.0,23.10068667925023
2,fi_hat_prev_g0.5,37,0.2296482508172246,184,0.2145721356628146,24997.0,23.10068667925023
2,fi_hat_prev_g0.5,38,0.2271180279637507,184,0.2145721356628146,24997.0,23.10068667925023
2,fi_hat_prev_g0.5,39,0.2242100037996186,184,0.2145721356628146,24997.0,23.10068667925023
2,fi_hat_prev_g0.5,40,0.2220714196442013,184,0.2145721356628146,24997.0,23.10068667925023
2,fi_hat_prev_g0.9,1,1.260486511976454,176,0.2145721356628146,24997.0,22.538694058859924
2,fi_hat_prev_g0.9,2,0.961132393131211,176,0.2145721356628146,24997.0,22.538694058859924
2,fi_hat_prev_g0.9,3,0.8024404905766868,176,0.2145721356628146,24997.0,22.538694058859924
2,fi_hat_prev_g0.9,4,0.7195633163020437,176,0.2145721356628146,24997.0,22.538694058859924
2,fi_hat_prev_g0.9,5,0.656142901324496,176,0.2145721356628146,24997.0,22.538694058859924
2,fi_hat_prev_g0.9,6,0.5971139578551802,176,0.2145721356628146,24997.0,22.538694058859924
2,fi_hat_prev_g0.9,7,0.5527947244946257,176,0.2145721356628146,24997.0,22.538694058859924
2,fi_hat_prev_g0.9,8,0.5169557453413105,176,0.2145721356628146,24997.0,22.538694058859924
2,fi_hat_prev_g0.9,9,0.4818920205584566,176,0.2145721356628146,24997.0,22.538694058859924
2,fi_hat_prev_g0.9,10,0.4493307117847868,176,0.2145721356628146,24997.0,22.538694058859924
2,fi_hat_prev_g0.9,11,0.4296041471804065,176,0.2145721356628146,24997.0,22.538694058859924
2,fi_hat_prev_g0.9,12,0.4089162588797799,176,0.2145721356628146,24997.0,22.538694058859924
2,fi_hat_prev_g0.9,13,0.3931845137147898,176,0.2145721356628146,24997.0,22.538694058859924
2,fi_hat_prev_g0.9,14,0.3779189363368315,176,0.2145721356628146,24997.0,22.538694058859924
2,fi_hat_prev_g0.9,15,0.3669051815417527,176,0.2145721356628146,24997.0,22.538694058859924
2,fi_hat_prev_g0.9,16,0.3525812204225616,176,0.2145721356628146,24997.0,22.538694058859924
2,fi_hat_prev_g0.9,17,0.3421547174207333,176,0.2145721356628146,24997.0,22.538694058859924
2,fi_hat_prev_g0.9,18,0.3332181656431405,176,0.2145721356628146,24997.0,22.538694058859924
2,fi_hat_prev_g0.9,19,0.3205732483460906,176,0.2145721356628146,24997.0,22.538694058859924
2,fi_hat_prev_g0.9,20,0.3130838804891713,176,0.2145721356628146,24997.0,22.538694058859924
2,fi_hat_prev_g0.9,21,0.3044630448289016,176,0.2145721356628146,24997.0,22.538694058859924
2,fi_hat_prev_g0.9,22,0.296480575710727,176,0.2145721356628146,24997.0,22.538694058859924
2,fi_hat_prev_g0.9,23,0.2911660570572046,176,0.2145721356628146,24997.0,22.538694058859924
2,fi_hat_prev_g0.9,24,0.2845834514393764,176,0.2145721356628146,24997.0,22.538694058859924
2,fi_hat_prev_g0.9,25,0.2814867797102681,176,0.2145721356628146,24997.0,22.538694058859924
2,fi_hat_prev_g0.9,26,0.2756232755787789,176,0.2145721356628146,24997.0,22.538694058859924
2,fi_hat_prev_g0.9,27,0.2714769972525395,176,0.2145721356628146,24997.0,22.538694058859924
2,fi_hat_prev_g0.9,28,0.2662198371997725,176,0.2145721356628146,24997.0,22.538694058859924
2,fi_hat_prev_g0.9,29,0.2623458944797457,176,0.2145721356628146,24997.0,22.538694058859924
2,fi_hat_prev_g0.9,30,0.2580359607227343,176,0.2145721356628146,24997.0,22.538694058859924
2,fi_hat_prev_g0.9,31,0.2555246652622093,176,0.2145721356628146,24997.0,22.538694058859924
2,fi_hat_prev_g0.9,32,0.2510873524770511,176,0.2145721356628146,24997.0,22.538694058859924
2,fi_hat_prev_g0.9,33,0.2461738273141832,176,0.2145721356628146,24997.0,22.538694058859924
2,fi_hat_prev_g0.9,34,0.2440169342462171,176,0.2145721356628146,24997.0,22.538694058859924
2,fi_hat_prev_g0.9,35,0.2406619170860264,176,0.2145721356628146,24997.0,22.538694058859924
2,fi_hat_prev_g0.9,36,0.2361414215309862,176,0.2145721356628146,24997.0,22.538694058859924
2,fi_hat_prev_g0.9,37,0.2335498461048943,176,0.2145721356628146,24997.0,22.538694058859924
2,fi_hat_prev_g0.9,38,0.2315132698157773,176,0.2145721356628146,24997.0,22.538694058859924
2,fi_hat_prev_g0.9,39,0.2285107332451169,176,0.2145721356628146,24997.0,22.538694058859924
2,fi_hat_prev_g0.9,40,0.2253828173320902,176,0.2145721356628146,24997.0,22.538694058859924
2,fi_hat_prev_g1.0,1,1.4297647125161912,167,0.2145721356628146,24997.0,20.142297945641996
2,fi_hat_prev_g1.0,2,0.9943168554208468,167,0.2145721356628146,24997.0,20.142297945641996
2,fi_hat_prev_g1.0,3,0.8348844265149661,167,0.2145721356628146,24997.0,20.142297945641996
2,fi_hat_prev_g1.0,4,0.7479256621145028,167,0.2145721356628146,24997.0,20.142297945641996
2,fi_hat_prev_g1.0,5,0.6817688896851449,167,0.2145721356628146,24997.0,20.142297945641996
2,fi_hat_prev_g1.0,6,0.6170593399961108,167,0.2145721356628146,24997.0,20.142297945641996
2,fi_hat_prev_g1.0,7,0.5698677701873919,167,0.2145721356628146,24997.0,20.142297945641996
2,fi_hat_prev_g1.0,8,0.530302742729874,167,0.2145721356628146,24997.0,20.142297945641996
2,fi_hat_prev_g1.0,9,0.4944503614296412,167,0.2145721356628146,24997.0,20.142297945641996
2,fi_hat_prev_g1.0,10,0.4643066984733844,167,0.2145721356628146,24997.0,20.142297945641996
2,fi_hat_prev_g1.0,11,0.4405825551451,167,0.2145721356628146,24997.0,20.142297945641996
2,fi_hat_prev_g1.0,12,0.4188835965588416,167,0.2145721356628146,24997.0,20.142297945641996
2,fi_hat_prev_g1.0,13,0.3972075199439419,167,0.2145721356628146,24997.0,20.142297945641996
2,fi_hat_prev_g1.0,14,0.3811863410846957,167,0.2145721356628146,24997.0,20.142297945641996
2,fi_hat_prev_g1.0,15,0.3700414449914249,167,0.2145721356628146,24997.0,20.142297945641996
2,fi_hat_prev_g1.0,16,0.3554695254023444,167,0.2145721356628146,24997.0,20.142297945641996
2,fi_hat_prev_g1.0,17,0.3464197145945655,167,0.2145721356628146,24997.0,20.142297945641996
2,fi_hat_prev_g1.0,18,0.336309110207959,167,0.2145721356628146,24997.0,20.142297945641996
2,fi_hat_prev_g1.0,19,0.3256374953687448,167,0.2145721356628146,24997.0,20.142297945641996
2,fi_hat_prev_g1.0,20,0.3171327427502473,167,0.2145721356628146,24997.0,20.142297945641996
2,fi_hat_prev_g1.0,21,0.3083600091935892,167,0.2145721356628146,24997.0,20.142297945641996
2,fi_hat_prev_g1.0,22,0.3003623061760485,167,0.2145721356628146,24997.0,20.142297945641996
2,fi_hat_prev_g1.0,23,0.2917840518700546,167,0.2145721356628146,24997.0,20.142297945641996
2,fi_hat_prev_g1.0,24,0.2839602577096288,167,0.2145721356628146,24997.0,20.142297945641996
2,fi_hat_prev_g1.0,25,0.2804019211304518,167,0.2145721356628146,24997.0,20.142297945641996
2,fi_hat_prev_g1.0,26,0.2737807685789467,167,0.2145721356628146,24997.0,20.142297945641996
2,fi_hat_prev_g1.0,27,0.2703598121592239,167,0.2145721356628146,24997.0,20.142297945641996
2,fi_hat_prev_g1.0,28,0.2651241226878015,167,0.2145721356628146,24997.0,20.142297945641996
2,fi_hat_prev_g1.0,29,0.2631032795086101,167,0.2145721356628146,24997.0,20.142297945641996
2,fi_hat_prev_g1.0,30,0.2586927692345951,167,0.2145721356628146,24997.0,20.142297945641996
2,fi_hat_prev_g1.0,31,0.2555924634449348,167,0.2145721356628146,24997.0,20.142297945641996
2,fi_hat_prev_g1.0,32,0.2523342450893386,167,0.2145721356628146,24997.0,20.142297945641996
2,fi_hat_prev_g1.0,33,0.2478508226626221,167,0.2145721356628146,24997.0,20.142297945641996
2,fi_hat_prev_g1.0,34,0.2458924317710356,167,0.2145721356628146,24997.0,20.142297945641996
2,fi_hat_prev_g1.0,35,0.243324690846571,167,0.2145721356628146,24997.0,20.142297945641996
2,fi_hat_prev_g1.0,36,0.2398435454283849,167,0.2145721356628146,24997.0,20.142297945641996
2,fi_hat_prev_g1.0,37,0.2369233123516264,167,0.2145721356628146,24997.0,20.142297945641996
2,fi_hat_prev_g1.0,38,0.2350515971015139,167,0.2145721356628146,24997.0,20.142297945641996
2,fi_hat_prev_g1.0,39,0.2329264134500573,167,0.2145721356628146,24997.0,20.142297945641996
2,fi_hat_prev_g1.0,40,0.230265175372721,167,0.2145721356628146,24997.0,20.142297945641996
2,fi_hat_post_g0.0,1,1.320194923983745,197,0.2145721356628146,24997.0,22.031965084008995
2,fi_hat_post_g0.0,2,0.9626833203214136,197,0.2145721356628146,24997.0,22.031965084008995
2,fi_hat_post_g0.0,3,0.7671391530218422,197,0.2145721356628146,24997.0,22.031965084008995
2,fi_hat_post_g0.0,4,0.6716732062092239,197,0.2145721356628146,24997.0,22.031965084008995
2,fi_hat_post_g0.0,5,0.606508814221334,197,0.2145721356628146,24997.0,22.031965084008995
2,fi_hat_post_g0.0,6,0.5563888687291417,197,0.2145721356628146,24997.0,22.031965084008995
2,fi_hat_post_g0.0,7,0.5162660086307599,197,0.2145721356628146,24997.0,22.031965084008995
2,fi_hat_post_g0.0,8,0.4809343273997443,197,0.2145721356628146,24997.0,22.031965084008995
2,fi_hat_post_g0.0,9,0.4443176694359382,197,0.2145721356628146,24997.0,22.031965084008995
2,fi_hat_post_g0.0,10,0.4172277921570794,197,0.2145721356628146,24997.0,22.031965084008995
2,fi_hat_post_g0.0,11,0.4020376143794104,197,0.2145721356628146,24997.0,22.031965084008995
2,fi_hat_post_g0.0,12,0.3868661500195017,197,0.2145721356628146,24997.0,22.031965084008995
2,fi_hat_post_g0.0,13,0.3691720893445855,197,0.2145721356628146,24997.0,22.031965084008995
2,fi_hat_post_g0.0,14,0.3554622123081072,197,0.2145721356628146,24997.0,22.031965084008995
2,fi_hat_post_g0.0,15,0.3453492263372073,197,0.2145721356628146,24997.0,22.031965084008995
2,fi_hat_post_g0.0,16,0.3305861989219144,197,0.2145721356628146,24997.0,22.031965084008995
2,fi_hat_post_g0.0,17,0.322059010843669,197,0.2145721356628146,24997.0,22.031965084008995
2,fi_hat_post_g0.0,18,0.3154515476110405,197,0.2145721356628146,24997.0,22.031965084008995
2,fi_hat_post_g0.0,19,0.3062511203191014,197,0.2145721356628146,24997.0,22.031965084008995
2,fi_hat_post_g0.0,20,0.2995305848656545,197,0.2145721356628146,24997.0,22.031965084008995
2,fi_hat_post_g0.0,21,0.2925380656805999,197,0.2145721356628146,24997.0,22.031965084008995
2,fi_hat_post_g0.0,22,0.2856863490285251,197,0.2145721356628146,24997.0,22.031965084008995
2,fi_hat_post_g0.0,23,0.2795118300446046,197,0.2145721356628146,24997.0,22.031965084008995
2,fi_hat_post_g0.0,24,0.2710884280634328,197,0.2145721356628146,24997.0,22.031965084008995
2,fi_hat_post_g0.0,25,0.2677151396102238,197,0.2145721356628146,24997.0,22.031965084008995
2,fi_hat_post_g0.0,26,0.2625022003541494,197,0.2145721356628146,24997.0,22.031965084008995
2,fi_hat_post_g0.0,27,0.2577971453123955,197,0.2145721356628146,24997.0,22.031965084008995
2,fi_hat_post_g0.0,28,0.2528603196233418,197,0.2145721356628146,24997.0,22.031965084008995
2,fi_hat_post_g0.0,29,0.2488730090182231,197,0.2145721356628146,24997.0,22.031965084008995
2,fi_hat_post_g0.0,30,0.2449720339615541,197,0.2145721356628146,24997.0,22.031965084008995
2,fi_hat_post_g0.0,31,0.2422021860269845,197,0.2145721356628146,24997.0,22.031965084008995
2,fi_hat_post_g0.0,32,0.2393591350360562,197,0.2145721356628146,24997.0,22.031965084008995
2,fi_hat_post_g0.0,33,0.2357385118154383,197,0.2145721356628146,24997.0,22.031965084008995
2,fi_hat_post_g0.0,34,0.233441680463406,197,0.2145721356628146,24997.0,22.031965084008995
2,fi_hat_post_g0.0,35,0.2300193209548123,197,0.2145721356628146,24997.0,22.031965084008995
2,fi_hat_post_g0.0,36,0.2270969023614337,197,0.2145721356628146,24997.0,22.031965084008995
2,fi_hat_post_g0.0,37,0.2253558391438451,197,0.2145721356628146,24997.0,22.031965084008995
2,fi_hat_post_g0.0,38,0.2228288120203904,197,0.2145721356628146,24997.0,22.031965084008995
2,fi_hat_post_g0.0,39,0.2201652168526217,197,0.2145721356628146,24997.0,22.031965084008995
2,fi_hat_post_g0.0,40,0.2174769935526451,197,0.2145721356628146,24997.0,22.031965084008995
2,fi_hat_post_g0.5,1,1.334755397621379,180,0.2145721356628146,24997.0,21.942561169398587
2,fi_hat_post_g0.5,2,0.9618944684232094,180,0.2145721356628146,24997.0,21.942561169398587
2,fi_hat_post_g0.5,3,0.7728207240019818,180,0.2145721356628146,24997.0,21.942561169398587
2,fi_hat_post_g0.5,4,0.6759526576640861,180,0.2145721356628146,24997.0,21.942561169398587
2,fi_hat_post_g0.5,5,0.6173270623087791,180,0.2145721356628146,24997.0,21.942561169398587
2,fi_hat_post_g0.5,6,0.5646880478705233,180,0.2145721356628146,24997.0,21.942561169398587
2,fi_hat_post_g0.5,7,0.5232222950724444,180,0.2145721356628146,24997.0,21.942561169398587
2,fi_hat_post_g0.5,8,0.4895068972491649,180,0.2145721356628146,24997.0,21.942561169398587
2,fi_hat_post_g0.5,9,0.4535156174117764,180,0.2145721356628146,24997.0,21.942561169398587
2,fi_hat_post_g0.5,10,0.4215033065957022,180,0.2145721356628146,24997.0,21.942561169398587
2,fi_hat_post_g0.5,11,0.4063790861962202,180,0.2145721356628146,24997.0,21.942561169398587
2,fi_hat_post_g0.5,12,0.3902372727418247,180,0.2145721356628146,24997.0,21.942561169398587
2,fi_hat_post_g0.5,13,0.3720553891190151,180,0.2145721356628146,24997.0,21.942561169398587
2,fi_hat_post_g0.5,14,0.3576989151403572,180,0.2145721356628146,24997.0,21.942561169398587
2,fi_hat_post_g0.5,15,0.3461419330529764,180,0.2145721356628146,24997.0,21.942561169398587
2,fi_hat_post_g0.5,16,0.3342281539902104,180,0.2145721356628146,24997.0,21.942561169398587
2,fi_hat_post_g0.5,17,0.3244471803132693,180,0.2145721356628146,24997.0,21.942561169398587
2,fi_hat_post_g0.5,18,0.3172615134924425,180,0.2145721356628146,24997.0,21.942561169398587
2,fi_hat_post_g0.5,19,0.3056746303787165,180,0.2145721356628146,24997.0,21.942561169398587
2,fi_hat_post_g0.5,20,0.2983818884038789,180,0.2145721356628146,24997.0,21.942561169398587
2,fi_hat_post_g0.5,21,0.2913085846407812,180,0.2145721356628146,24997.0,21.942561169398587
2,fi_hat_post_g0.5,22,0.2854845660769444,180,0.2145721356628146,24997.0,21.942561169398587
2,fi_hat_post_g0.5,23,0.2792872083299154,180,0.2145721356628146,24997.0,21.942561169398587
2,fi_hat_post_g0.5,24,0.271160178824649,180,0.2145721356628146,24997.0,21.942561169398587
2,fi_hat_post_g0.5,25,0.267374893949289,180,0.2145721356628146,24997.0,21.942561169398587
2,fi_hat_post_g0.5,26,0.2628988275839458,180,0.2145721356628146,24997.0,21.942561169398587
2,fi_hat_post_g0.5,27,0.2592334582389491,180,0.2145721356628146,24997.0,21.942561169398587
2,fi_hat_post_g0.5,28,0.2552890260636026,180,0.2145721356628146,24997.0,21.942561169398587
2,fi_hat_post_g0.5,29,0.2523243601531184,180,0.2145721356628146,24997.0,21.942561169398587
2,fi_hat_post_g0.5,30,0.248570110465998,180,0.2145721356628146,24997.0,21.942561169398587
2,fi_hat_post_g0.5,31,0.2472419807686427,180,0.2145721356628146,24997.0,21.942561169398587
2,fi_hat_post_g0.5,32,0.2450774430465381,180,0.2145721356628146,24997.0,21.942561169398587
2,fi_hat_post_g0.5,33,0.2407732292014864,180,0.2145721356628146,24997.0,21.942561169398587
2,fi_hat_post_g0.5,34,0.2383450401799753,180,0.2145721356628146,24997.0,21.942561169398587
2,fi_hat_post_g0.5,35,0.2344331080867072,180,0.2145721356628146,24997.0,21.942561169398587
2,fi_hat_post_g0.5,36,0.2306252257223079,180,0.2145721356628146,24997.0,21.942561169398587
2,fi_hat_post_g0.5,37,0.2283051072831855,180,0.2145721356628146,24997.0,21.942561169398587
2,fi_hat_post_g0.5,38,0.2268158566659301,180,0.2145721356628146,24997.0,21.942561169398587
2,fi_hat_post_g0.5,39,0.2239763571764112,180,0.2145721356628146,24997.0,21.942561169398587
2,fi_hat_post_g0.5,40,0.2208669797685901,180,0.2145721356628146,24997.0,21.942561169398587
2,fi_hat_post_g0.9,1,1.5255240681178148,171,0.2145721356628146,24997.0,21.11621627168763
2,fi_hat_post_g0.9,2,1.1355777902756223,171,0.2145721356628146,24997.0,21.11621627168763
2,fi_hat_post_g0.9,3,0.956816136975519,171,0.2145721356628146,24997.0,21.11621627168763
2,fi_hat_post_g0.9,4,0.8318733746927622,171,0.2145721356628146,24997.0,21.11621627168763
2,fi_hat_post_g0.9,5,0.7247059871912082,171,0.2145721356628146,24997.0,21.11621627168763
2,fi_hat_post_g0.9,6,0.6393315578005474,171,0.2145721356628146,24997.0,21.11621627168763
2,fi_hat_post_g0.9,7,0.5830981050379287,171,0.2145721356628146,24997.0,21.11621627168763
2,fi_hat_post_g0.9,8,0.5386393573377541,171,0.2145721356628146,24997.0,21.11621627168763
2,fi_hat_post_g0.9,9,0.499446877304064,171,0.2145721356628146,24997.0,21.11621627168763
2,fi_hat_post_g0.9,10,0.4707432062920379,171,0.2145721356628146,24997.0,21.11621627168763
2,fi_hat_post_g0.9,11,0.4489142988568651,171,0.2145721356628146,24997.0,21.11621627168763
2,fi_hat_post_g0.9,12,0.4309220151338198,171,0.2145721356628146,24997.0,21.11621627168763
2,fi_hat_post_g0.9,13,0.4068530603784421,171,0.2145721356628146,24997.0,21.11621627168763
2,fi_hat_post_g0.9,14,0.3919204625820498,171,0.2145721356628146,24997.0,21.11621627168763
2,fi_hat_post_g0.9,15,0.3771250089207326,171,0.2145721356628146,24997.0,21.11621627168763
2,fi_hat_post_g0.9,16,0.3625986007740813,171,0.2145721356628146,24997.0,21.11621627168763
2,fi_hat_post_g0.9,17,0.3527846559469712,171,0.2145721356628146,24997.0,21.11621627168763
2,fi_hat_post_g0.9,18,0.3421567651465703,171,0.2145721356628146,24997.0,21.11621627168763
2,fi_hat_post_g0.9,19,0.3294387538168717,171,0.2145721356628146,24997.0,21.11621627168763
2,fi_hat_post_g0.9,20,0.3203341216048616,171,0.2145721356628146,24997.0,21.11621627168763
2,fi_hat_post_g0.9,21,0.3128332117303107,171,0.2145721356628146,24997.0,21.11621627168763
2,fi_hat_post_g0.9,22,0.3048293549288314,171,0.2145721356628146,24997.0,21.11621627168763
2,fi_hat_post_g0.9,23,0.2989595828454334,171,0.2145721356628146,24997.0,21.11621627168763
2,fi_hat_post_g0.9,24,0.2882300884989515,171,0.2145721356628146,24997.0,21.11621627168763
2,fi_hat_post_g0.9,25,0.2851900846812736,171,0.2145721356628146,24997.0,21.11621627168763
2,fi_hat_post_g0.9,26,0.2791561133151043,171,0.2145721356628146,24997.0,21.11621627168763
2,fi_hat_post_g0.9,27,0.2745449110914483,171,0.2145721356628146,24997.0,21.11621627168763
2,fi_hat_post_g0.9,28,0.2691649468796688,171,0.2145721356628146,24997.0,21.11621627168763
2,fi_hat_post_g0.9,29,0.2646828879303202,171,0.2145721356628146,24997.0,21.11621627168763
2,fi_hat_post_g0.9,30,0.2604409399655799,171,0.2145721356628146,24997.0,21.11621627168763
2,fi_hat_post_g0.9,31,0.2559942922992035,171,0.2145721356628146,24997.0,21.11621627168763
2,fi_hat_post_g0.9,32,0.2512013907996323,171,0.2145721356628146,24997.0,21.11621627168763
2,fi_hat_post_g0.9,33,0.2469954586451866,171,0.2145721356628146,24997.0,21.11621627168763
2,fi_hat_post_g0.9,34,0.2432386058273148,171,0.2145721356628146,24997.0,21.11621627168763
2,fi_hat_post_g0.9,35,0.2402248072870954,171,0.2145721356628146,24997.0,21.11621627168763
2,fi_hat_post_g0.9,36,0.2369818345904647,171,0.2145721356628146,24997.0,21.11621627168763
2,fi_hat_post_g0.9,37,0.2355868938919415,171,0.2145721356628146,24997.0,21.11621627168763
2,fi_hat_post_g0.9,38,0.2334722689812338,171,0.2145721356628146,24997.0,21.11621627168763
2,fi_hat_post_g0.9,39,0.2308180709802705,171,0.2145721356628146,24997.0,21.11621627168763
2,fi_hat_post_g0.9,40,0.2278973726123619,171,0.2145721356628146,24997.0,21.11621627168763
2,fi_hat_post_g1.0,1,1.2841562837992004,175,0.2145721356628146,24997.0,20.121764102350767
2,fi_hat_post_g1.0,2,0.9744305275375544,175,0.2145721356628146,24997.0,20.121764102350767
2,fi_hat_post_g1.0,3,0.8250587727202349,175,0.2145721356628146,24997.0,20.121764102350767
2,fi_hat_post_g1.0,4,0.7204894924366712,175,0.2145721356628146,24997.0,20.121764102350767
2,fi_hat_post_g1.0,5,0.6439927598199445,175,0.2145721356628146,24997.0,20.121764102350767
2,fi_hat_post_g1.0,6,0.5875171872426704,175,0.2145721356628146,24997.0,20.121764102350767
2,fi_hat_post_g1.0,7,0.5373892522788445,175,0.2145721356628146,24997.0,20.121764102350767
2,fi_hat_post_g1.0,8,0.4991672300932963,175,0.2145721356628146,24997.0,20.121764102350767
2,fi_hat_post_g1.0,9,0.4661335991573064,175,0.2145721356628146,24997.0,20.121764102350767
2,fi_hat_post_g1.0,10,0.4434254688351626,175,0.2145721356628146,24997.0,20.121764102350767
2,fi_hat_post_g1.0,11,0.4263286708972399,175,0.2145721356628146,24997.0,20.121764102350767
2,fi_hat_post_g1.0,12,0.4081012798056067,175,0.2145721356628146,24997.0,20.121764102350767
2,fi_hat_post_g1.0,13,0.3889429222792679,175,0.2145721356628146,24997.0,20.121764102350767
2,fi_hat_post_g1.0,14,0.3753634409767616,175,0.2145721356628146,24997.0,20.121764102350767
2,fi_hat_post_g1.0,15,0.3666121996763553,175,0.2145721356628146,24997.0,20.121764102350767
2,fi_hat_post_g1.0,16,0.3505266304694379,175,0.2145721356628146,24997.0,20.121764102350767
2,fi_hat_post_g1.0,17,0.3417074249023238,175,0.2145721356628146,24997.0,20.121764102350767
2,fi_hat_post_g1.0,18,0.3341042205410539,175,0.2145721356628146,24997.0,20.121764102350767
2,fi_hat_post_g1.0,19,0.3240450829621588,175,0.2145721356628146,24997.0,20.121764102350767
2,fi_hat_post_g1.0,20,0.3171683830712005,175,0.2145721356628146,24997.0,20.121764102350767
2,fi_hat_post_g1.0,21,0.3091197238075213,175,0.2145721356628146,24997.0,20.121764102350767
2,fi_hat_post_g1.0,22,0.3006250079051546,175,0.2145721356628146,24997.0,20.121764102350767
2,fi_hat_post_g1.0,23,0.2936998249176603,175,0.2145721356628146,24997.0,20.121764102350767
2,fi_hat_post_g1.0,24,0.2843164127089004,175,0.2145721356628146,24997.0,20.121764102350767
2,fi_hat_post_g1.0,25,0.2808006643359113,175,0.2145721356628146,24997.0,20.121764102350767
2,fi_hat_post_g1.0,26,0.2739643011708037,175,0.2145721356628146,24997.0,20.121764102350767
2,fi_hat_post_g1.0,27,0.2707326171397742,175,0.2145721356628146,24997.0,20.121764102350767
2,fi_hat_post_g1.0,28,0.2661230079665044,175,0.2145721356628146,24997.0,20.121764102350767
2,fi_hat_post_g1.0,29,0.2618899075126173,175,0.2145721356628146,24997.0,20.121764102350767
2,fi_hat_post_g1.0,30,0.2581973090508085,175,0.2145721356628146,24997.0,20.121764102350767
2,fi_hat_post_g1.0,31,0.2549767458242432,175,0.2145721356628146,24997.0,20.121764102350767
2,fi_hat_post_g1.0,32,0.2505312894502943,175,0.2145721356628146,24997.0,20.121764102350767
2,fi_hat_post_g1.0,33,0.2458145151512122,175,0.2145721356628146,24997.0,20.121764102350767
2,fi_hat_post_g1.0,34,0.242839978846243,175,0.2145721356628146,24997.0,20.121764102350767
2,fi_hat_post_g1.0,35,0.2387766778369016,175,0.2145721356628146,24997.0,20.121764102350767
2,fi_hat_post_g1.0,36,0.2359737359473746,175,0.2145721356628146,24997.0,20.121764102350767
2,fi_hat_post_g1.0,37,0.2346281157454128,175,0.2145721356628146,24997.0,20.121764102350767
2,fi_hat_post_g1.0,38,0.2315313571401374,175,0.2145721356628146,24997.0,20.121764102350767
2,fi_hat_post_g1.0,39,0.228484118887619,175,0.2145721356628146,24997.0,20.121764102350767
2,fi_hat_post_g1.0,40,0.2262046830368255,175,0.2145721356628146,24997.0,20.121764102350767
2,err_reduction_ref_g0.0,1,1.4483716073566648,80,0.2145721356628146,24961.0,1.2566956096081072
2,err_reduction_ref_g0.0,2,1.1945446276809193,80,0.2145721356628146,24961.0,1.2566956096081072
2,err_reduction_ref_g0.0,3,1.056471217888212,80,0.2145721356628146,24961.0,1.2566956096081072
2,err_reduction_ref_g0.0,4,0.952304032840508,80,0.2145721356628146,24961.0,1.2566956096081072
2,err_reduction_ref_g0.0,5,0.8401945690532532,80,0.2145721356628146,24961.0,1.2566956096081072
2,err_reduction_ref_g0.0,6,0.7798788649224838,80,0.2145721356628146,24961.0,1.2566956096081072
2,err_reduction_ref_g0.0,7,0.7411873317283117,80,0.2145721356628146,24961.0,1.2566956096081072
2,err_reduction_ref_g0.0,8,0.7025245829274593,80,0.2145721356628146,24961.0,1.2566956096081072
2,err_reduction_ref_g0.0,9,0.671514069171673,80,0.2145721356628146,24961.0,1.2566956096081072
2,err_reduction_ref_g0.0,10,0.6351635563363727,80,0.2145721356628146,24961.0,1.2566956096081072
2,err_reduction_ref_g0.0,11,0.6067933423454737,80,0.2145721356628146,24961.0,1.2566956096081072
2,err_reduction_ref_g0.0,12,0.587686662106662,80,0.2145721356628146,24961.0,1.2566956096081072
2,err_reduction_ref_g0.0,13,0.5638263573864126,80,0.2145721356628146,24961.0,1.2566956096081072
2,err_reduction_ref_g0.0,14,0.5456006283767559,80,0.2145721356628146,24961.0,1.2566956096081072
2,err_reduction_ref_g0.0,15,0.5309103458129919,80,0.2145721356628146,24961.0,1.2566956096081072
2,err_reduction_ref_g0.0,16,0.5156065765866318,80,0.2145721356628146,24961.0,1.2566956096081072
2,err_reduction_ref_g0.0,17,0.505189175331012,80,0.2145721356628146,24961.0,1.2566956096081072
2,err_reduction_ref_g0.0,18,0.496502397368715,80,0.2145721356628146,24961.0,1.2566956096081072
2,err_reduction_ref_g0.0,19,0.4814032320834296,80,0.2145721356628146,24961.0,1.2566956096081072
2,err_reduction_ref_g0.0,20,0.472821281540834,80,0.2145721356628146,24961.0,1.2566956096081072
2,err_reduction_ref_g0.0,21,0.4630142611082273,80,0.2145721356628146,24961.0,1.2566956096081072
2,err_reduction_ref_g0.0,22,0.4528955434929931,80,0.2145721356628146,24961.0,1.2566956096081072
2,err_reduction_ref_g0.0,23,0.4447046770692925,80,0.2145721356628146,24961.0,1.2566956096081072
2,err_reduction_ref_g0.0,24,0.435653743328245,80,0.2145721356628146,24961.0,1.2566956096081072
2,err_reduction_ref_g0.0,25,0.4265475041994053,80,0.2145721356628146,24961.0,1.2566956096081072
2,err_reduction_ref_g0.0,26,0.4146327641784396,80,0.2145721356628146,24961.0,1.2566956096081072
2,err_reduction_ref_g0.0,27,0.4082751784812619,80,0.2145721356628146,24961.0,1.2566956096081072
2,err_reduction_ref_g0.0,28,0.4012783677293642,80,0.2145721356628146,24961.0,1.2566956096081072
2,err_reduction_ref_g0.0,29,0.3982828767168287,80,0.2145721356628146,24961.0,1.2566956096081072
2,err_reduction_ref_g0.0,30,0.3914803132903843,80,0.2145721356628146,24961.0,1.2566956096081072
2,err_reduction_ref_g0.0,31,0.3882001858290375,80,0.2145721356628146,24961.0,1.2566956096081072
2,err_reduction_ref_g0.0,32,0.3832838299445981,80,0.2145721356628146,24961.0,1.2566956096081072
2,err_reduction_ref_g0.0,33,0.3765607763283999,80,0.2145721356628146,24961.0,1.2566956096081072
2,err_reduction_ref_g0.0,34,0.3693569808162487,80,0.2145721356628146,24961.0,1.2566956096081072
2,err_reduction_ref_g0.0,35,0.3649459654409802,80,0.2145721356628146,24961.0,1.2566956096081072
2,err_reduction_ref_g0.0,36,0.3617164224023919,80,0.2145721356628146,24961.0,1.2566956096081072
2,err_reduction_ref_g0.0,37,0.3554365768297919,80,0.2145721356628146,24961.0,1.2566956096081072
2,err_reduction_ref_g0.0,38,0.3543828698039798,80,0.2145721356628146,24961.0,1.2566956096081072
2,err_reduction_ref_g0.0,39,0.3487284121319067,80,0.2145721356628146,24961.0,1.2566956096081072
2,err_reduction_ref_g0.0,40,0.3437330160074737,80,0.2145721356628146,24961.0,1.2566956096081072
2,err_reduction_ref_g0.5,1,1.4646333268218257,78,0.2145721356628146,24961.0,1.231441461519513
2,err_reduction_ref_g0.5,2,1.3105873796726917,78,0.2145721356628146,24961.0,1.231441461519513
2,err_reduction_ref_g0.5,3,1.312652387486376,78,0.2145721356628146,24961.0,1.231441461519513
2,err_reduction_ref_g0.5,4,1.180663086821247,78,0.2145721356628146,24961.0,1.231441461519513
2,err_reduction_ref_g0.5,5,0.9929094072666058,78,0.2145721356628146,24961.0,1.231441461519513
2,err_reduction_ref_g0.5,6,0.8955997489164861,78,0.2145721356628146,24961.0,1.231441461519513
2,err_reduction_ref_g0.5,7,0.8261062592441315,78,0.2145721356628146,24961.0,1.231441461519513
2,err_reduction_ref_g0.5,8,0.8043935261974655,78,0.2145721356628146,24961.0,1.231441461519513
2,err_reduction_ref_g0.5,9,0.7631202106932854,78,0.2145721356628146,24961.0,1.231441461519513
2,err_reduction_ref_g0.5,10,0.694503701793754,78,0.2145721356628146,24961.0,1.231441461519513
2,err_reduction_ref_g0.5,11,0.645322804501833,78,0.2145721356628146,24961.0,1.231441461519513
2,err_reduction_ref_g0.5,12,0.608403672716274,78,0.2145721356628146,24961.0,1.231441461519513
2,err_reduction_ref_g0.5,13,0.5920715014889414,78,0.2145721356628146,24961.0,1.231441461519513
2,err_reduction_ref_g0.5,14,0.5622330845982517,78,0.2145721356628146,24961.0,1.231441461519513
2,err_reduction_ref_g0.5,15,0.5418684800614637,78,0.2145721356628146,24961.0,1.231441461519513
2,err_reduction_ref_g0.5,16,0.5270765058398967,78,0.2145721356628146,24961.0,1.231441461519513
2,err_reduction_ref_g0.5,17,0.5122344232696956,78,0.2145721356628146,24961.0,1.231441461519513
2,err_reduction_ref_g0.5,18,0.5045261481949853,78,0.2145721356628146,24961.0,1.231441461519513
2,err_reduction_ref_g0.5,19,0.4912494486531915,78,0.2145721356628146,24961.0,1.231441461519513
2,err_reduction_ref_g0.5,20,0.476301434729175,78,0.2145721356628146,24961.0,1.231441461519513
2,err_reduction_ref_g0.5,21,0.4659791469177451,78,0.2145721356628146,24961.0,1.231441461519513
2,err_reduction_ref_g0.5,22,0.4474998314387286,78,0.2145721356628146,24961.0,1.231441461519513
2,err_reduction_ref_g0.5,23,0.4406861100469456,78,0.2145721356628146,24961.0,1.231441461519513
2,err_reduction_ref_g0.5,24,0.4299908068363536,78,0.2145721356628146,24961.0,1.231441461519513
2,err_reduction_ref_g0.5,25,0.4196585536643034,78,0.2145721356628146,24961.0,1.231441461519513
2,err_reduction_ref_g0.5,26,0.4125029101049264,78,0.2145721356628146,24961.0,1.231441461519513
2,err_reduction_ref_g0.5,27,0.4054581343934615,78,0.2145721356628146,24961.0,1.231441461519513
2,err_reduction_ref_g0.5,28,0.4018859000757096,78,0.2145721356628146,24961.0,1.231441461519513
2,err_reduction_ref_g0.5,29,0.3959642545721182,78,0.2145721356628146,24961.0,1.231441461519513
2,err_reduction_ref_g0.5,30,0.387929286229456,78,0.2145721356628146,24961.0,1.231441461519513
2,err_reduction_ref_g0.5,31,0.3834158443265544,78,0.2145721356628146,24961.0,1.231441461519513
2,err_reduction_ref_g0.5,32,0.3793935718511929,78,0.2145721356628146,24961.0,1.231441461519513
2,err_reduction_ref_g0.5,33,0.3740151683014231,78,0.2145721356628146,24961.0,1.231441461519513
2,err_reduction_ref_g0.5,34,0.3724057431393828,78,0.2145721356628146,24961.0,1.231441461519513
2,err_reduction_ref_g0.5,35,0.367108475037228,78,0.2145721356628146,24961.0,1.231441461519513
2,err_reduction_ref_g0.5,36,0.3619643056507722,78,0.2145721356628146,24961.0,1.231441461519513
2,err_reduction_ref_g0.5,37,0.3611686565700707,78,0.2145721356628146,24961.0,1.231441461519513
2,err_reduction_ref_g0.5,38,0.3563391770941846,78,0.2145721356628146,24961.0,1.231441461519513
2,err_reduction_ref_g0.5,39,0.350917729189546,78,0.2145721356628146,24961.0,1.231441461519513
2,err_reduction_ref_g0.5,40,0.3460330853307663,78,0.2145721356628146,24961.0,1.231441461519513
2,err_reduction_ref_g0.9,1,1.5830184767127515,124,0.2145721356628146,24961.0,1.273022553879977
2,err_reduction_ref_g0.9,2,1.4064944754671769,124,0.2145721356628146,24961.0,1.273022553879977
2,err_reduction_ref_g0.9,3,1.5405909564280489,124,0.2145721356628146,24961.0,1.273022553879977
2,err_reduction_ref_g0.9,4,1.3715983330329042,124,0.2145721356628146,24961.0,1.273022553879977
2,err_reduction_ref_g0.9,5,1.299360060436442,124,0.2145721356628146,24961.0,1.273022553879977
2,err_reduction_ref_g0.9,6,1.012009204020964,124,0.2145721356628146,24961.0,1.273022553879977
2,err_reduction_ref_g0.9,7,0.934883972010268,124,0.2145721356628146,24961.0,1.273022553879977
2,err_reduction_ref_g0.9,8,0.8501945344996217,124,0.2145721356628146,24961.0,1.273022553879977
2,err_reduction_ref_g0.9,9,0.7731181876499821,124,0.2145721356628146,24961.0,1.273022553879977
2,err_reduction_ref_g0.9,10,0.729305006522999,124,0.2145721356628146,24961.0,1.273022553879977
2,err_reduction_ref_g0.9,11,0.6835664983643853,124,0.2145721356628146,24961.0,1.273022553879977
2,err_reduction_ref_g0.9,12,0.6584106524095746,124,0.2145721356628146,24961.0,1.273022553879977
2,err_reduction_ref_g0.9,13,0.6289994747071715,124,0.2145721356628146,24961.0,1.273022553879977
2,err_reduction_ref_g0.9,14,0.6100007951985534,124,0.2145721356628146,24961.0,1.273022553879977
2,err_reduction_ref_g0.9,15,0.5991193834471047,124,0.2145721356628146,24961.0,1.273022553879977
2,err_reduction_ref_g0.9,16,0.5825043499480462,124,0.2145721356628146,24961.0,1.273022553879977
2,err_reduction_ref_g0.9,17,0.5689119874999,124,0.2145721356628146,24961.0,1.273022553879977
2,err_reduction_ref_g0.9,18,0.5512379692087225,124,0.2145721356628146,24961.0,1.273022553879977
2,err_reduction_ref_g0.9,19,0.5331588644398997,124,0.2145721356628146,24961.0,1.273022553879977
2,err_reduction_ref_g0.9,20,0.5164283728017939,124,0.2145721356628146,24961.0,1.273022553879977
2,err_reduction_ref_g0.9,21,0.4998542940692103,124,0.2145721356628146,24961.0,1.273022553879977
2,err_reduction_ref_g0.9,22,0.4814872472478254,124,0.2145721356628146,24961.0,1.273022553879977
2,err_reduction_ref_g0.9,23,0.4663013224302637,124,0.2145721356628146,24961.0,1.273022553879977
2,err_reduction_ref_g0.9,24,0.4516222338212216,124,0.2145721356628146,24961.0,1.273022553879977
2,err_reduction_ref_g0.9,25,0.4407978367987371,124,0.2145721356628146,24961.0,1.273022553879977
2,err_reduction_ref_g0.9,26,0.4327370985224369,124,0.2145721356628146,24961.0,1.273022553879977
2,err_reduction_ref_g0.9,27,0.4274177179780081,124,0.2145721356628146,24961.0,1.273022553879977
2,err_reduction_ref_g0.9,28,0.4113939338930794,124,0.2145721356628146,24961.0,1.273022553879977
2,err_reduction_ref_g0.9,29,0.404535387969536,124,0.2145721356628146,24961.0,1.273022553879977
2,err_reduction_ref_g0.9,30,0.3920589777109604,124,0.2145721356628146,24961.0,1.273022553879977
2,err_reduction_ref_g0.9,31,0.3840130436891961,124,0.2145721356628146,24961.0,1.273022553879977
2,err_reduction_ref_g0.9,32,0.3792888758126313,124,0.2145721356628146,24961.0,1.273022553879977
2,err_reduction_ref_g0.9,33,0.3728845224043894,124,0.2145721356628146,24961.0,1.273022553879977
2,err_reduction_ref_g0.9,34,0.3659837447849496,124,0.2145721356628146,24961.0,1.273022553879977
2,err_reduction_ref_g0.9,35,0.3611991807561914,124,0.2145721356628146,24961.0,1.273022553879977
2,err_reduction_ref_g0.9,36,0.3565190976483696,124,0.2145721356628146,24961.0,1.273022553879977
2,err_reduction_ref_g0.9,37,0.35344699415373,124,0.2145721356628146,24961.0,1.273022553879977
2,err_reduction_ref_g0.9,38,0.3512893362884841,124,0.2145721356628146,24961.0,1.273022553879977
2,err_reduction_ref_g0.9,39,0.3458353890387656,124,0.2145721356628146,24961.0,1.273022553879977
2,err_reduction_ref_g0.9,40,0.34238514998529,124,0.2145721356628146,24961.0,1.273022553879977
2,err_reduction_ref_g1.0,1,1.3993216345632666,125,0.2145721356628146,24961.0,1.5741000977915849
2,err_reduction_ref_g1.0,2,1.412975662222827,125,0.2145721356628146,24961.0,1.5741000977915849
2,err_reduction_ref_g1.0,3,1.5004309323405474,125,0.2145721356628146,24961.0,1.5741000977915849
2,err_reduction_ref_g1.0,4,1.4356936503698705,125,0.2145721356628146,24961.0,1.5741000977915849
2,err_reduction_ref_g1.0,5,1.448293029787341,125,0.2145721356628146,24961.0,1.5741000977915849
2,err_reduction_ref_g1.0,6,1.3682010937789015,125,0.2145721356628146,24961.0,1.5741000977915849
2,err_reduction_ref_g1.0,7,1.3453254697815449,125,0.2145721356628146,24961.0,1.5741000977915849
2,err_reduction_ref_g1.0,8,1.2679274655076551,125,0.2145721356628146,24961.0,1.5741000977915849
2,err_reduction_ref_g1.0,9,1.2398324867568895,125,0.2145721356628146,24961.0,1.5741000977915849
2,err_reduction_ref_g1.0,10,1.1929594234075966,125,0.2145721356628146,24961.0,1.5741000977915849
2,err_reduction_ref_g1.0,11,1.1457297686514347,125,0.2145721356628146,24961.0,1.5741000977915849
2,err_reduction_ref_g1.0,12,1.108779012372804,125,0.2145721356628146,24961.0,1.5741000977915849
2,err_reduction_ref_g1.0,13,1.064416396080646,125,0.2145721356628146,24961.0,1.5741000977915849
2,err_reduction_ref_g1.0,14,0.9987154228834332,125,0.2145721356628146,24961.0,1.5741000977915849
2,err_reduction_ref_g1.0,15,0.9579199143872694,125,0.2145721356628146,24961.0,1.5741000977915849
2,err_reduction_ref_g1.0,16,0.9232493220741268,125,0.2145721356628146,24961.0,1.5741000977915849
2,err_reduction_ref_g1.0,17,0.9090596944853012,125,0.2145721356628146,24961.0,1.5741000977915849
2,err_reduction_ref_g1.0,18,0.8331444162855197,125,0.2145721356628146,24961.0,1.5741000977915849
2,err_reduction_ref_g1.0,19,0.7969197032934486,125,0.2145721356628146,24961.0,1.5741000977915849
2,err_reduction_ref_g1.0,20,0.7849488065010439,125,0.2145721356628146,24961.0,1.5741000977915849
2,err_reduction_ref_g1.0,21,0.7531218799715695,125,0.2145721356628146,24961.0,1.5741000977915849
2,err_reduction_ref_g1.0,22,0.707529685415677,125,0.2145721356628146,24961.0,1.5741000977915849
2,err_reduction_ref_g1.0,23,0.6699151755751463,125,0.2145721356628146,24961.0,1.5741000977915849
2,err_reduction_ref_g1.0,24,0.6591841383452107,125,0.2145721356628146,24961.0,1.5741000977915849
2,err_reduction_ref_g1.0,25,0.6424557849278765,125,0.2145721356628146,24961.0,1.5741000977915849
2,err_reduction_ref_g1.0,26,0.631849888826454,125,0.2145721356628146,24961.0,1.5741000977915849
2,err_reduction_ref_g1.0,27,0.6219498537691347,125,0.2145721356628146,24961.0,1.5741000977915849
2,err_reduction_ref_g1.0,28,0.6120221840175699,125,0.2145721356628146,24961.0,1.5741000977915849
2,err_reduction_ref_g1.0,29,0.6032162000739825,125,0.2145721356628146,24961.0,1.5741000977915849
2,err_reduction_ref_g1.0,30,0.5801936915305411,125,0.2145721356628146,24961.0,1.5741000977915849
2,err_reduction_ref_g1.0,31,0.5621444195801056,125,0.2145721356628146,24961.0,1.5741000977915849
2,err_reduction_ref_g1.0,32,0.5380344682953401,125,0.2145721356628146,24961.0,1.5741000977915849
2,err_reduction_ref_g1.0,33,0.5188395532899324,125,0.2145721356628146,24961.0,1.5741000977915849
2,err_reduction_ref_g1.0,34,0.5006612802311939,125,0.2145721356628146,24961.0,1.5741000977915849
2,err_reduction_ref_g1.0,35,0.4728868288981915,125,0.2145721356628146,24961.0,1.5741000977915849
2,err_reduction_ref_g1.0,36,0.4586420169206155,125,0.2145721356628146,24961.0,1.5741000977915849
2,err_reduction_ref_g1.0,37,0.4519678427889252,125,0.2145721356628146,24961.0,1.5741000977915849
2,err_reduction_ref_g1.0,38,0.4494025457632937,125,0.2145721356628146,24961.0,1.5741000977915849
2,err_reduction_ref_g1.0,39,0.4454435406265663,125,0.2145721356628146,24961.0,1.5741000977915849
2,err_reduction_ref_g1.0,40,0.4393038959168283,125,0.2145721356628146,24961.0,1.5741000977915849
2,neg_sq_err_ref_g0.0,1,1.3546919227904206,95,0.2145721356628146,24961.0,-9.054299582310344
2,neg_sq_err_ref_g0.0,2,1.1336309917430234,95,0.2145721356628146,24961.0,-9.054299582310344
2,neg_sq_err_ref_g0.0,3,0.9196565815647704,95,0.2145721356628146,24961.0,-9.054299582310344
2,neg_sq_err_ref_g0.0,4,0.8794086292632073,95,0.2145721356628146,24961.0,-9.054299582310344
2,neg_sq_err_ref_g0.0,5,0.7985568792481001,95,0.2145721356628146,24961.0,-9.054299582310344
2,neg_sq_err_ref_g0.0,6,0.7693223192590741,95,0.2145721356628146,24961.0,-9.054299582310344
2,neg_sq_err_ref_g0.0,7,0.7207459437432769,95,0.2145721356628146,24961.0,-9.054299582310344
2,neg_sq_err_ref_g0.0,8,0.6848255938300793,95,0.2145721356628146,24961.0,-9.054299582310344
2,neg_sq_err_ref_g0.0,9,0.6515365227036569,95,0.2145721356628146,24961.0,-9.054299582310344
2,neg_sq_err_ref_g0.0,10,0.6214314159301317,95,0.2145721356628146,24961.0,-9.054299582310344
2,neg_sq_err_ref_g0.0,11,0.5895436753820482,95,0.2145721356628146,24961.0,-9.054299582310344
2,neg_sq_err_ref_g0.0,12,0.5673742074170195,95,0.2145721356628146,24961.0,-9.054299582310344
2,neg_sq_err_ref_g0.0,13,0.5475275951670233,95,0.2145721356628146,24961.0,-9.054299582310344
2,neg_sq_err_ref_g0.0,14,0.529868862242493,95,0.2145721356628146,24961.0,-9.054299582310344
2,neg_sq_err_ref_g0.0,15,0.5202776623768149,95,0.2145721356628146,24961.0,-9.054299582310344
2,neg_sq_err_ref_g0.0,16,0.5061465651946252,95,0.2145721356628146,24961.0,-9.054299582310344
2,neg_sq_err_ref_g0.0,17,0.4950562273146738,95,0.2145721356628146,24961.0,-9.054299582310344
2,neg_sq_err_ref_g0.0,18,0.4838719488520068,95,0.2145721356628146,24961.0,-9.054299582310344
2,neg_sq_err_ref_g0.0,19,0.473194203016407,95,0.2145721356628146,24961.0,-9.054299582310344
2,neg_sq_err_ref_g0.0,20,0.4627809821472415,95,0.2145721356628146,24961.0,-9.054299582310344
2,neg_sq_err_ref_g0.0,21,0.4516464600826571,95,0.2145721356628146,24961.0,-9.054299582310344
2,neg_sq_err_ref_g0.0,22,0.4420673592295145,95,0.2145721356628146,24961.0,-9.054299582310344
2,neg_sq_err_ref_g0.0,23,0.4315297291006427,95,0.2145721356628146,24961.0,-9.054299582310344
2,neg_sq_err_ref_g0.0,24,0.4186943153920331,95,0.2145721356628146,24961.0,-9.054299582310344
2,neg_sq_err_ref_g0.0,25,0.4126321401515408,95,0.2145721356628146,24961.0,-9.054299582310344
2,neg_sq_err_ref_g0.0,26,0.4034026848348238,95,0.2145721356628146,24961.0,-9.054299582310344
2,neg_sq_err_ref_g0.0,27,0.3973642184106536,95,0.2145721356628146,24961.0,-9.054299582310344
2,neg_sq_err_ref_g0.0,28,0.3894694612838341,95,0.2145721356628146,24961.0,-9.054299582310344
2,neg_sq_err_ref_g0.0,29,0.3875928461534559,95,0.2145721356628146,24961.0,-9.054299582310344
2,neg_sq_err_ref_g0.0,30,0.3840133294986352,95,0.2145721356628146,24961.0,-9.054299582310344
2,neg_sq_err_ref_g0.0,31,0.3815462632318771,95,0.2145721356628146,24961.0,-9.054299582310344
2,neg_sq_err_ref_g0.0,32,0.374383616027696,95,0.2145721356628146,24961.0,-9.054299582310344
2,neg_sq_err_ref_g0.0,33,0.372182851093215,95,0.2145721356628146,24961.0,-9.054299582310344
2,neg_sq_err_ref_g0.0,34,0.3654109097394403,95,0.2145721356628146,24961.0,-9.054299582310344
2,neg_sq_err_ref_g0.0,35,0.3632375093761951,95,0.2145721356628146,24961.0,-9.054299582310344
2,neg_sq_err_ref_g0.0,36,0.3581841233731594,95,0.2145721356628146,24961.0,-9.054299582310344
2,neg_sq_err_ref_g0.0,37,0.3560689341855056,95,0.2145721356628146,24961.0,-9.054299582310344
2,neg_sq_err_ref_g0.0,38,0.3528735911253666,95,0.2145721356628146,24961.0,-9.054299582310344
2,neg_sq_err_ref_g0.0,39,0.3474581188095348,95,0.2145721356628146,24961.0,-9.054299582310344
2,neg_sq_err_ref_g0.0,40,0.3441349160588313,95,0.2145721356628146,24961.0,-9.054299582310344
2,neg_sq_err_ref_g0.5,1,1.4189982743955418,100,0.2145721356628146,24961.0,-9.835417240004425
2,neg_sq_err_ref_g0.5,2,1.1167674543098434,100,0.2145721356628146,24961.0,-9.835417240004425
2,neg_sq_err_ref_g0.5,3,0.9914999053762322,100,0.2145721356628146,24961.0,-9.835417240004425
2,neg_sq_err_ref_g0.5,4,0.902169506252578,100,0.2145721356628146,24961.0,-9.835417240004425
2,neg_sq_err_ref_g0.5,5,0.8066555716850274,100,0.2145721356628146,24961.0,-9.835417240004425
2,neg_sq_err_ref_g0.5,6,0.7328578614651573,100,0.2145721356628146,24961.0,-9.835417240004425
2,neg_sq_err_ref_g0.5,7,0.6881372923815918,100,0.2145721356628146,24961.0,-9.835417240004425
2,neg_sq_err_ref_g0.5,8,0.6510695127791541,100,0.2145721356628146,24961.0,-9.835417240004425
2,neg_sq_err_ref_g0.5,9,0.6294091744243012,100,0.2145721356628146,24961.0,-9.835417240004425
2,neg_sq_err_ref_g0.5,10,0.6149050325660173,100,0.2145721356628146,24961.0,-9.835417240004425
2,neg_sq_err_ref_g0.5,11,0.5950299858100327,100,0.2145721356628146,24961.0,-9.835417240004425
2,neg_sq_err_ref_g0.5,12,0.5773277318257929,100,0.2145721356628146,24961.0,-9.835417240004425
2,neg_sq_err_ref_g0.5,13,0.5574417457908749,100,0.2145721356628146,24961.0,-9.835417240004425
2,neg_sq_err_ref_g0.5,14,0.539610333229227,100,0.2145721356628146,24961.0,-9.835417240004425
2,neg_sq_err_ref_g0.5,15,0.5222085165025149,100,0.2145721356628146,24961.0,-9.835417240004425
2,neg_sq_err_ref_g0.5,16,0.5011171722660032,100,0.2145721356628146,24961.0,-9.835417240004425
2,neg_sq_err_ref_g0.5,17,0.4855627695416545,100,0.2145721356628146,24961.0,-9.835417240004425
2,neg_sq_err_ref_g0.5,18,0.4761186348217384,100,0.2145721356628146,24961.0,-9.835417240004425
2,neg_sq_err_ref_g0.5,19,0.4643918433809049,100,0.2145721356628146,24961.0,-9.835417240004425
2,neg_sq_err_ref_g0.5,20,0.4573684549607567,100,0.2145721356628146,24961.0,-9.835417240004425
2,neg_sq_err_ref_g0.5,21,0.446710559128136,100,0.2145721356628146,24961.0,-9.835417240004425
2,neg_sq_err_ref_g0.5,22,0.43485053879008,100,0.2145721356628146,24961.0,-9.835417240004425
2,neg_sq_err_ref_g0.5,23,0.4232395693802908,100,0.2145721356628146,24961.0,-9.835417240004425
2,neg_sq_err_ref_g0.5,24,0.4144047419616661,100,0.2145721356628146,24961.0,-9.835417240004425
2,neg_sq_err_ref_g0.5,25,0.4075962526671365,100,0.2145721356628146,24961.0,-9.835417240004425
2,neg_sq_err_ref_g0.5,26,0.3987926224583995,100,0.2145721356628146,24961.0,-9.835417240004425
2,neg_sq_err_ref_g0.5,27,0.3933144187056261,100,0.2145721356628146,24961.0,-9.835417240004425
2,neg_sq_err_ref_g0.5,28,0.3851764328040047,100,0.2145721356628146,24961.0,-9.835417240004425
2,neg_sq_err_ref_g0.5,29,0.3786094735636107,100,0.2145721356628146,24961.0,-9.835417240004425
2,neg_sq_err_ref_g0.5,30,0.3730048990670605,100,0.2145721356628146,24961.0,-9.835417240004425
2,neg_sq_err_ref_g0.5,31,0.3707182924711861,100,0.2145721356628146,24961.0,-9.835417240004425
2,neg_sq_err_ref_g0.5,32,0.3640478276866392,100,0.2145721356628146,24961.0,-9.835417240004425
2,neg_sq_err_ref_g0.5,33,0.3606895193033195,100,0.2145721356628146,24961.0,-9.835417240004425
2,neg_sq_err_ref_g0.5,34,0.3587253815366176,100,0.2145721356628146,24961.0,-9.835417240004425
2,neg_sq_err_ref_g0.5,35,0.3562463654244641,100,0.2145721356628146,24961.0,-9.835417240004425
2,neg_sq_err_ref_g0.5,36,0.3503064300788882,100,0.2145721356628146,24961.0,-9.835417240004425
2,neg_sq_err_ref_g0.5,37,0.3421046034275481,100,0.2145721356628146,24961.0,-9.835417240004425
2,neg_sq_err_ref_g0.5,38,0.3378989508544978,100,0.2145721356628146,24961.0,-9.835417240004425
2,neg_sq_err_ref_g0.5,39,0.3303010025270903,100,0.2145721356628146,24961.0,-9.835417240004425
2,neg_sq_err_ref_g0.5,40,0.3258726142114752,100,0.2145721356628146,24961.0,-9.835417240004425
2,neg_sq_err_ref_g0.9,1,1.3651290036753023,170,0.2145721356628146,24961.0,-7.666814802986451
2,neg_sq_err_ref_g0.9,2,1.030076032902296,170,0.2145721356628146,24961.0,-7.666814802986451
2,neg_sq_err_ref_g0.9,3,0.8931858862345086,170,0.2145721356628146,24961.0,-7.666814802986451
2,neg_sq_err_ref_g0.9,4,0.8328343523920704,170,0.2145721356628146,24961.0,-7.666814802986451
2,neg_sq_err_ref_g0.9,5,0.7635795084429031,170,0.2145721356628146,24961.0,-7.666814802986451
2,neg_sq_err_ref_g0.9,6,0.6993998656543897,170,0.2145721356628146,24961.0,-7.666814802986451
2,neg_sq_err_ref_g0.9,7,0.6417806418106241,170,0.2145721356628146,24961.0,-7.666814802986451
2,neg_sq_err_ref_g0.9,8,0.6072506503095844,170,0.2145721356628146,24961.0,-7.666814802986451
2,neg_sq_err_ref_g0.9,9,0.5776147657731318,170,0.2145721356628146,24961.0,-7.666814802986451
2,neg_sq_err_ref_g0.9,10,0.5477704415653316,170,0.2145721356628146,24961.0,-7.666814802986451
2,neg_sq_err_ref_g0.9,11,0.5277891677007069,170,0.2145721356628146,24961.0,-7.666814802986451
2,neg_sq_err_ref_g0.9,12,0.5045953632168726,170,0.2145721356628146,24961.0,-7.666814802986451
2,neg_sq_err_ref_g0.9,13,0.4817623493270394,170,0.2145721356628146,24961.0,-7.666814802986451
2,neg_sq_err_ref_g0.9,14,0.4559365988563418,170,0.2145721356628146,24961.0,-7.666814802986451
2,neg_sq_err_ref_g0.9,15,0.4402468129246701,170,0.2145721356628146,24961.0,-7.666814802986451
2,neg_sq_err_ref_g0.9,16,0.4248405979656666,170,0.2145721356628146,24961.0,-7.666814802986451
2,neg_sq_err_ref_g0.9,17,0.4156880065404833,170,0.2145721356628146,24961.0,-7.666814802986451
2,neg_sq_err_ref_g0.9,18,0.4061870997970274,170,0.2145721356628146,24961.0,-7.666814802986451
2,neg_sq_err_ref_g0.9,19,0.3988516371421822,170,0.2145721356628146,24961.0,-7.666814802986451
2,neg_sq_err_ref_g0.9,20,0.3891683162910787,170,0.2145721356628146,24961.0,-7.666814802986451
2,neg_sq_err_ref_g0.9,21,0.3827673293807326,170,0.2145721356628146,24961.0,-7.666814802986451
2,neg_sq_err_ref_g0.9,22,0.3736233234325412,170,0.2145721356628146,24961.0,-7.666814802986451
2,neg_sq_err_ref_g0.9,23,0.3663703241507635,170,0.2145721356628146,24961.0,-7.666814802986451
2,neg_sq_err_ref_g0.9,24,0.3577131611317291,170,0.2145721356628146,24961.0,-7.666814802986451
2,neg_sq_err_ref_g0.9,25,0.352218468648047,170,0.2145721356628146,24961.0,-7.666814802986451
2,neg_sq_err_ref_g0.9,26,0.3467908763638714,170,0.2145721356628146,24961.0,-7.666814802986451
2,neg_sq_err_ref_g0.9,27,0.3430134905761605,170,0.2145721356628146,24961.0,-7.666814802986451
2,neg_sq_err_ref_g0.9,28,0.3382245003610266,170,0.2145721356628146,24961.0,-7.666814802986451
2,neg_sq_err_ref_g0.9,29,0.335222893480026,170,0.2145721356628146,24961.0,-7.666814802986451
2,neg_sq_err_ref_g0.9,30,0.3310285754200989,170,0.2145721356628146,24961.0,-7.666814802986451
2,neg_sq_err_ref_g0.9,31,0.3280448542099944,170,0.2145721356628146,24961.0,-7.666814802986451
2,neg_sq_err_ref_g0.9,32,0.3242968453870826,170,0.2145721356628146,24961.0,-7.666814802986451
2,neg_sq_err_ref_g0.9,33,0.3176321912120005,170,0.2145721356628146,24961.0,-7.666814802986451
2,neg_sq_err_ref_g0.9,34,0.3132150300450513,170,0.2145721356628146,24961.0,-7.666814802986451
2,neg_sq_err_ref_g0.9,35,0.3077639900168597,170,0.2145721356628146,24961.0,-7.666814802986451
2,neg_sq_err_ref_g0.9,36,0.3058829455591683,170,0.2145721356628146,24961.0,-7.666814802986451
2,neg_sq_err_ref_g0.9,37,0.3036332920813522,170,0.2145721356628146,24961.0,-7.666814802986451
2,neg_sq_err_ref_g0.9,38,0.3022685401900094,170,0.2145721356628146,24961.0,-7.666814802986451
2,neg_sq_err_ref_g0.9,39,0.2969340479365968,170,0.2145721356628146,24961.0,-7.666814802986451
2,neg_sq_err_ref_g0.9,40,0.2926869028924501,170,0.2145721356628146,24961.0,-7.666814802986451
2,neg_sq_err_ref_g1.0,1,1.277909921583638,133,0.2145721356628146,24961.0,-6.377566367805942
2,neg_sq_err_ref_g1.0,2,0.9522650884775484,133,0.2145721356628146,24961.0,-6.377566367805942
2,neg_sq_err_ref_g1.0,3,0.7779140412899198,133,0.2145721356628146,24961.0,-6.377566367805942
2,neg_sq_err_ref_g1.0,4,0.70823408800423,133,0.2145721356628146,24961.0,-6.377566367805942
2,neg_sq_err_ref_g1.0,5,0.6560304509957814,133,0.2145721356628146,24961.0,-6.377566367805942
2,neg_sq_err_ref_g1.0,6,0.6203177415934734,133,0.2145721356628146,24961.0,-6.377566367805942
2,neg_sq_err_ref_g1.0,7,0.5891855043406298,133,0.2145721356628146,24961.0,-6.377566367805942
2,neg_sq_err_ref_g1.0,8,0.5607389867016028,133,0.2145721356628146,24961.0,-6.377566367805942
2,neg_sq_err_ref_g1.0,9,0.5351765513687594,133,0.2145721356628146,24961.0,-6.377566367805942
2,neg_sq_err_ref_g1.0,10,0.5101636383506507,133,0.2145721356628146,24961.0,-6.377566367805942
2,neg_sq_err_ref_g1.0,11,0.4932486007276014,133,0.2145721356628146,24961.0,-6.377566367805942
2,neg_sq_err_ref_g1.0,12,0.4728524820728644,133,0.2145721356628146,24961.0,-6.377566367805942
2,neg_sq_err_ref_g1.0,13,0.4618590618294947,133,0.2145721356628146,24961.0,-6.377566367805942
2,neg_sq_err_ref_g1.0,14,0.4486933878771455,133,0.2145721356628146,24961.0,-6.377566367805942
2,neg_sq_err_ref_g1.0,15,0.4403807814531321,133,0.2145721356628146,24961.0,-6.377566367805942
2,neg_sq_err_ref_g1.0,16,0.4257796655108304,133,0.2145721356628146,24961.0,-6.377566367805942
2,neg_sq_err_ref_g1.0,17,0.4139528732449012,133,0.2145721356628146,24961.0,-6.377566367805942
2,neg_sq_err_ref_g1.0,18,0.4072037526580223,133,0.2145721356628146,24961.0,-6.377566367805942
2,neg_sq_err_ref_g1.0,19,0.3956980387225699,133,0.2145721356628146,24961.0,-6.377566367805942
2,neg_sq_err_ref_g1.0,20,0.3885445465781461,133,0.2145721356628146,24961.0,-6.377566367805942
2,neg_sq_err_ref_g1.0,21,0.3801630900749756,133,0.2145721356628146,24961.0,-6.377566367805942
2,neg_sq_err_ref_g1.0,22,0.370062688627001,133,0.2145721356628146,24961.0,-6.377566367805942
2,neg_sq_err_ref_g1.0,23,0.3664165427124121,133,0.2145721356628146,24961.0,-6.377566367805942
2,neg_sq_err_ref_g1.0,24,0.3621800596223116,133,0.2145721356628146,24961.0,-6.377566367805942
2,neg_sq_err_ref_g1.0,25,0.3594527488817826,133,0.2145721356628146,24961.0,-6.377566367805942
2,neg_sq_err_ref_g1.0,26,0.3532056899037662,133,0.2145721356628146,24961.0,-6.377566367805942
2,neg_sq_err_ref_g1.0,27,0.3507226344265523,133,0.2145721356628146,24961.0,-6.377566367805942
2,neg_sq_err_ref_g1.0,28,0.3478474027935047,133,0.2145721356628146,24961.0,-6.377566367805942
2,neg_sq_err_ref_g1.0,29,0.3438972608344461,133,0.2145721356628146,24961.0,-6.377566367805942
2,neg_sq_err_ref_g1.0,30,0.3376966934544477,133,0.2145721356628146,24961.0,-6.377566367805942
2,neg_sq_err_ref_g1.0,31,0.3346564193995903,133,0.2145721356628146,24961.0,-6.377566367805942
2,neg_sq_err_ref_g1.0,32,0.328832664386297,133,0.2145721356628146,24961.0,-6.377566367805942
2,neg_sq_err_ref_g1.0,33,0.3246087148559879,133,0.2145721356628146,24961.0,-6.377566367805942
2,neg_sq_err_ref_g1.0,34,0.3203932453827791,133,0.2145721356628146,24961.0,-6.377566367805942
2,neg_sq_err_ref_g1.0,35,0.3163473419291493,133,0.2145721356628146,24961.0,-6.377566367805942
2,neg_sq_err_ref_g1.0,36,0.3132959071541873,133,0.2145721356628146,24961.0,-6.377566367805942
2,neg_sq_err_ref_g1.0,37,0.3104696297330723,133,0.2145721356628146,24961.0,-6.377566367805942
2,neg_sq_err_ref_g1.0,38,0.3077806367273349,133,0.2145721356628146,24961.0,-6.377566367805942
2,neg_sq_err_ref_g1.0,39,0.3036263971375538,133,0.2145721356628146,24961.0,-6.377566367805942
2,neg_sq_err_ref_g1.0,40,0.3011341758031608,133,0.2145721356628146,24961.0,-6.377566367805942
2,fi_ref_g0.0,1,1.3178336244193907,185,0.21457213566281466,24961.0,21.651698597509828
2,fi_ref_g0.0,2,0.9557659906583309,185,0.21457213566281466,24961.0,21.651698597509828
2,fi_ref_g0.0,3,0.7684972369867945,185,0.21457213566281466,24961.0,21.651698597509828
2,fi_ref_g0.0,4,0.6611924307162942,185,0.21457213566281466,24961.0,21.651698597509828
2,fi_ref_g0.0,5,0.591635314788081,185,0.21457213566281466,24961.0,21.651698597509828
2,fi_ref_g0.0,6,0.5356155479637045,185,0.21457213566281466,24961.0,21.651698597509828
2,fi_ref_g0.0,7,0.5002041559340229,185,0.21457213566281466,24961.0,21.651698597509828
2,fi_ref_g0.0,8,0.46965858101668434,185,0.21457213566281466,24961.0,21.651698597509828
2,fi_ref_g0.0,9,0.44222807174982426,185,0.21457213566281466,24961.0,21.651698597509828
2,fi_ref_g0.0,10,0.4186699504545635,185,0.21457213566281466,24961.0,21.651698597509828
2,fi_ref_g0.0,11,0.40492514249737716,185,0.21457213566281466,24961.0,21.651698597509828
2,fi_ref_g0.0,12,0.38798238961795767,185,0.21457213566281466,24961.0,21.651698597509828
2,fi_ref_g0.0,13,0.3679482838865284,185,0.21457213566281466,24961.0,21.651698597509828
2,fi_ref_g0.0,14,0.3539685889213822,185,0.21457213566281466,24961.0,21.651698597509828
2,fi_ref_g0.0,15,0.34411926303103507,185,0.21457213566281466,24961.0,21.651698597509828
2,fi_ref_g0.0,16,0.3310229035970881,185,0.21457213566281466,24961.0,21.651698597509828
2,fi_ref_g0.0,17,0.32335796015244594,185,0.21457213566281466,24961.0,21.651698597509828
2,fi_ref_g0.0,18,0.3155362602899282,185,0.21457213566281466,24961.0,21.651698597509828
2,fi_ref_g0.0,19,0.3062023021736066,185,0.21457213566281466,24961.0,21.651698597509828
2,fi_ref_g0.0,20,0.30101367565423537,185,0.21457213566281466,24961.0,21.651698597509828
2,fi_ref_g0.0,21,0.29450480149376174,185,0.21457213566281466,24961.0,21.651698597509828
2,fi_ref_g0.0,22,0.2883688198956243,185,0.21457213566281466,24961.0,21.651698597509828
2,fi_ref_g0.0,23,0.2817189759138347,185,0.21457213566281466,24961.0,21.651698597509828
2,fi_ref_g0.0,24,0.2747571786679499,185,0.21457213566281466,24961.0,21.651698597509828
2,fi_ref_g0.0,25,0.2723735599056209,185,0.21457213566281466,24961.0,21.651698597509828
2,fi_ref_g0.0,26,0.2663051844949938,185,0.21457213566281466,24961.0,21.651698597509828
2,fi_ref_g0.0,27,0.2626368748444078,185,0.21457213566281466,24961.0,21.651698597509828
2,fi_ref_g0.0,28,0.25788732404190456,185,0.21457213566281466,24961.0,21.651698597509828
2,fi_ref_g0.0,29,0.2540832374428041,185,0.21457213566281466,24961.0,21.651698597509828
2,fi_ref_g0.0,30,0.2501054776525145,185,0.21457213566281466,24961.0,21.651698597509828
2,fi_ref_g0.0,31,0.2477306474460625,185,0.21457213566281466,24961.0,21.651698597509828
2,fi_ref_g0.0,32,0.2445178966190491,185,0.21457213566281466,24961.0,21.651698597509828
2,fi_ref_g0.0,33,0.24033915917913257,185,0.21457213566281466,24961.0,21.651698597509828
2,fi_ref_g0.0,34,0.23794955765341788,185,0.21457213566281466,24961.0,21.651698597509828
2,fi_ref_g0.0,35,0.23468137390925287,185,0.21457213566281466,24961.0,21.651698597509828
2,fi_ref_g0.0,36,0.23215978730839293,185,0.21457213566281466,24961.0,21.651698597509828
2,fi_ref_g0.0,37,0.23026765761791482,185,0.21457213566281466,24961.0,21.651698597509828
2,fi_ref_g0.0,38,0.22740877250992933,185,0.21457213566281466,24961.0,21.651698597509828
2,fi_ref_g0.0,39,0.22442220034827795,185,0.21457213566281466,24961.0,21.651698597509828
2,fi_ref_g0.0,40,0.22184609171354774,185,0.21457213566281466,24961.0,21.651698597509828
2,fi_ref_g0.5,1,1.3011421739690783,179,0.21457213566281466,24961.0,21.62108942149522
2,fi_ref_g0.5,2,0.9561429469699635,179,0.21457213566281466,24961.0,21.62108942149522
2,fi_ref_g0.5,3,0.8337821184421579,179,0.21457213566281466,24961.0,21.62108942149522
2,fi_ref_g0.5,4,0.6850733127056094,179,0.21457213566281466,24961.0,21.62108942149522
2,fi_ref_g0.5,5,0.6014055898986279,179,0.21457213566281466,24961.0,21.62108942149522
2,fi_ref_g0.5,6,0.5397413677889484,179,0.21457213566281466,24961.0,21.62108942149522
2,fi_ref_g0.5,7,0.501338122545513,179,0.21457213566281466,24961.0,21.62108942149522
2,fi_ref_g0.5,8,0.4687873634615016,179,0.21457213566281466,24961.0,21.62108942149522
2,fi_ref_g0.5,9,0.4414029252189903,179,0.21457213566281466,24961.0,21.62108942149522
2,fi_ref_g0.5,10,0.4169361286397105,179,0.21457213566281466,24961.0,21.62108942149522
2,fi_ref_g0.5,11,0.4039693929144408,179,0.21457213566281466,24961.0,21.62108942149522
2,fi_ref_g0.5,12,0.38932536518040667,179,0.21457213566281466,24961.0,21.62108942149522
2,fi_ref_g0.5,13,0.3742672982255404,179,0.21457213566281466,24961.0,21.62108942149522
2,fi_ref_g0.5,14,0.3593486616787567,179,0.21457213566281466,24961.0,21.62108942149522
2,fi_ref_g0.5,15,0.34850613651768425,179,0.21457213566281466,24961.0,21.62108942149522
2,fi_ref_g0.5,16,0.33406297330397816,179,0.21457213566281466,24961.0,21.62108942149522
2,fi_ref_g0.5,17,0.3275459064779881,179,0.21457213566281466,24961.0,21.62108942149522
2,fi_ref_g0.5,18,0.3210990323409762,179,0.21457213566281466,24961.0,21.62108942149522
2,fi_ref_g0.5,19,0.31081967198942295,179,0.21457213566281466,24961.0,21.62108942149522
2,fi_ref_g0.5,20,0.3045671142390463,179,0.21457213566281466,24961.0,21.62108942149522
2,fi_ref_g0.5,21,0.29601607930025325,179,0.21457213566281466,24961.0,21.62108942149522
2,fi_ref_g0.5,22,0.28990504377471,179,0.21457213566281466,24961.0,21.62108942149522
2,fi_ref_g0.5,23,0.28383316750637927,179,0.21457213566281466,24961.0,21.62108942149522
2,fi_ref_g0.5,24,0.27456649215694723,179,0.21457213566281466,24961.0,21.62108942149522
2,fi_ref_g0.5,25,0.2699515734137874,179,0.21457213566281466,24961.0,21.62108942149522
2,fi_ref_g0.5,26,0.2648635625941388,179,0.21457213566281466,24961.0,21.62108942149522
2,fi_ref_g0.5,27,0.262070375719998,179,0.21457213566281466,24961.0,21.62108942149522
2,fi_ref_g0.5,28,0.2576015536164593,179,0.21457213566281466,24961.0,21.62108942149522
2,fi_ref_g0.5,29,0.25344983931180576,179,0.21457213566281466,24961.0,21.62108942149522
2,fi_ref_g0.5,30,0.2496395889498094,179,0.21457213566281466,24961.0,21.62108942149522
2,fi_ref_g0.5,31,0.24715748488006237,179,0.21457213566281466,24961.0,21.62108942149522
2,fi_ref_g0.5,32,0.24517759690394844,179,0.21457213566281466,24961.0,21.62108942149522
2,fi_ref_g0.5,33,0.242026961516465,179,0.21457213566281466,24961.0,21.62108942149522
2,fi_ref_g0.5,34,0.23961364308496563,179,0.21457213566281466,24961.0,21.62108942149522
2,fi_ref_g0.5,35,0.23601392435558682,179,0.21457213566281466,24961.0,21.62108942149522
2,fi_ref_g0.5,36,0.23290799714912372,179,0.21457213566281466,24961.0,21.62108942149522
2,fi_ref_g0.5,37,0.22985236581979182,179,0.21457213566281466,24961.0,21.62108942149522
2,fi_ref_g0.5,38,0.22747074726983715,179,0.21457213566281466,24961.0,21.62108942149522
2,fi_ref_g0.5,39,0.22444645164760987,179,0.21457213566281466,24961.0,21.62108942149522
2,fi_ref_g0.5,40,0.22114705054823489,179,0.21457213566281466,24961.0,21.62108942149522
2,fi_ref_g0.9,1,1.3866463223098566,173,0.21457213566281466,24961.0,20.964752596506983
2,fi_ref_g0.9,2,1.0634225811837528,173,0.21457213566281466,24961.0,20.964752596506983
2,fi_ref_g0.9,3,0.8700694935466037,173,0.21457213566281466,24961.0,20.964752596506983
2,fi_ref_g0.9,4,0.7288871357681556,173,0.21457213566281466,24961.0,20.964752596506983
2,fi_ref_g0.9,5,0.6311408900976009,173,0.21457213566281466,24961.0,20.964752596506983
2,fi_ref_g0.9,6,0.5768227525481255,173,0.21457213566281466,24961.0,20.964752596506983
2,fi_ref_g0.9,7,0.5387669777490675,173,0.21457213566281466,24961.0,20.964752596506983
2,fi_ref_g0.9,8,0.5030820873232668,173,0.21457213566281466,24961.0,20.964752596506983
2,fi_ref_g0.9,9,0.4730933148384955,173,0.21457213566281466,24961.0,20.964752596506983
2,fi_ref_g0.9,10,0.4496825924560742,173,0.21457213566281466,24961.0,20.964752596506983
2,fi_ref_g0.9,11,0.4295697436842555,173,0.21457213566281466,24961.0,20.964752596506983
2,fi_ref_g0.9,12,0.4121923940174787,173,0.21457213566281466,24961.0,20.964752596506983
2,fi_ref_g0.9,13,0.3944311668384238,173,0.21457213566281466,24961.0,20.964752596506983
2,fi_ref_g0.9,14,0.3796170184100371,173,0.21457213566281466,24961.0,20.964752596506983
2,fi_ref_g0.9,15,0.3667281003836018,173,0.21457213566281466,24961.0,20.964752596506983
2,fi_ref_g0.9,16,0.35173262719052045,173,0.21457213566281466,24961.0,20.964752596506983
2,fi_ref_g0.9,17,0.34257579680760836,173,0.21457213566281466,24961.0,20.964752596506983
2,fi_ref_g0.9,18,0.3320055100478822,173,0.21457213566281466,24961.0,20.964752596506983
2,fi_ref_g0.9,19,0.3174094930197899,173,0.21457213566281466,24961.0,20.964752596506983
2,fi_ref_g0.9,20,0.3091705552036376,173,0.21457213566281466,24961.0,20.964752596506983
2,fi_ref_g0.9,21,0.3000288814696884,173,0.21457213566281466,24961.0,20.964752596506983
2,fi_ref_g0.9,22,0.29228470542804835,173,0.21457213566281466,24961.0,20.964752596506983
2,fi_ref_g0.9,23,0.28572714849801567,173,0.21457213566281466,24961.0,20.964752596506983
2,fi_ref_g0.9,24,0.27805299486769613,173,0.21457213566281466,24961.0,20.964752596506983
2,fi_ref_g0.9,25,0.2727868313129204,173,0.21457213566281466,24961.0,20.964752596506983
2,fi_ref_g0.9,26,0.26565131683688414,173,0.21457213566281466,24961.0,20.964752596506983
2,fi_ref_g0.9,27,0.26179244638272464,173,0.21457213566281466,24961.0,20.964752596506983
2,fi_ref_g0.9,28,0.25700324352399806,173,0.21457213566281466,24961.0,20.964752596506983
2,fi_ref_g0.9,29,0.252141910274674,173,0.21457213566281466,24961.0,20.964752596506983
2,fi_ref_g0.9,30,0.24888306002114047,173,0.21457213566281466,24961.0,20.964752596506983
2,fi_ref_g0.9,31,0.2462352880399813,173,0.21457213566281466,24961.0,20.964752596506983
2,fi_ref_g0.9,32,0.24245062179344734,173,0.21457213566281466,24961.0,20.964752596506983
2,fi_ref_g0.9,33,0.23938149119380445,173,0.21457213566281466,24961.0,20.964752596506983
2,fi_ref_g0.9,34,0.2363008933480292,173,0.21457213566281466,24961.0,20.964752596506983
2,fi_ref_g0.9,35,0.23275366977624024,173,0.21457213566281466,24961.0,20.964752596506983
2,fi_ref_g0.9,36,0.23032693540909804,173,0.21457213566281466,24961.0,20.964752596506983
2,fi_ref_g0.9,37,0.22819045023079565,173,0.21457213566281466,24961.0,20.964752596506983
2,fi_ref_g0.9,38,0.2248710557262821,173,0.21457213566281466,24961.0,20.964752596506983
2,fi_ref_g0.9,39,0.22251285375143995,173,0.21457213566281466,24961.0,20.964752596506983
2,fi_ref_g0.9,40,0.21985864703860533,173,0.21457213566281466,24961.0,20.964752596506983
2,fi_ref_g1.0,1,1.3011421739690783,166,0.21457213566281466,24961.0,19.891659537678066
2,fi_ref_g1.0,2,0.9888673869525297,166,0.21457213566281466,24961.0,19.891659537678066
2,fi_ref_g1.0,3,0.8241579547938122,166,0.21457213566281466,24961.0,19.891659537678066
2,fi_ref_g1.0,4,0.6927487128949638,166,0.21457213566281466,24961.0,19.891659537678066
2,fi_ref_g1.0,5,0.6162902178490577,166,0.21457213566281466,24961.0,19.891659537678066
2,fi_ref_g1.0,6,0.5635396636264143,166,0.21457213566281466,24961.0,19.891659537678066
2,fi_ref_g1.0,7,0.5210442377503387,166,0.21457213566281466,24961.0,19.891659537678066
2,fi_ref_g1.0,8,0.4834823623753709,166,0.21457213566281466,24961.0,19.891659537678066
2,fi_ref_g1.0,9,0.45494192931197985,166,0.21457213566281466,24961.0,19.891659537678066
2,fi_ref_g1.0,10,0.43206054726105836,166,0.21457213566281466,24961.0,19.891659537678066
2,fi_ref_g1.0,11,0.41745451145836276,166,0.21457213566281466,24961.0,19.891659537678066
2,fi_ref_g1.0,12,0.40043937891431763,166,0.21457213566281466,24961.0,19.891659537678066
2,fi_ref_g1.0,13,0.383721710303722,166,0.21457213566281466,24961.0,19.891659537678066
2,fi_ref_g1.0,14,0.37115236130055407,166,0.21457213566281466,24961.0,19.891659537678066
2,fi_ref_g1.0,15,0.36157164471419295,166,0.21457213566281466,24961.0,19.891659537678066
2,fi_ref_g1.0,16,0.3498192794229297,166,0.21457213566281466,24961.0,19.891659537678066
2,fi_ref_g1.0,17,0.3398528024838583,166,0.21457213566281466,24961.0,19.891659537678066
2,fi_ref_g1.0,18,0.3302792435819162,166,0.21457213566281466,24961.0,19.891659537678066
2,fi_ref_g1.0,19,0.3180143963334327,166,0.21457213566281466,24961.0,19.891659537678066
2,fi_ref_g1.0,20,0.3121177519788044,166,0.21457213566281466,24961.0,19.891659537678066
2,fi_ref_g1.0,21,0.3017538020304463,166,0.21457213566281466,24961.0,19.891659537678066
2,fi_ref_g1.0,22,0.2930884640284222,166,0.21457213566281466,24961.0,19.891659537678066
2,fi_ref_g1.0,23,0.28621888952695446,166,0.21457213566281466,24961.0,19.891659537678066
2,fi_ref_g1.0,24,0.2800862340839449,166,0.21457213566281466,24961.0,19.891659537678066
2,fi_ref_g1.0,25,0.2759013223888206,166,0.21457213566281466,24961.0,19.891659537678066
2,fi_ref_g1.0,26,0.26983773570528624,166,0.21457213566281466,24961.0,19.891659537678066
2,fi_ref_g1.0,27,0.2687682883658325,166,0.21457213566281466,24961.0,19.891659537678066
2,fi_ref_g1.0,28,0.26336172169012095,166,0.21457213566281466,24961.0,19.891659537678066
2,fi_ref_g1.0,29,0.25893678362715655,166,0.21457213566281466,24961.0,19.891659537678066
2,fi_ref_g1.0,30,0.2551429239673427,166,0.21457213566281466,24961.0,19.891659537678066
2,fi_ref_g1.0,31,0.2512824092222578,166,0.21457213566281466,24961.0,19.891659537678066
2,fi_ref_g1.0,32,0.24782744787936142,166,0.21457213566281466,24961.0,19.891659537678066
2,fi_ref_g1.0,33,0.2438458870898902,166,0.21457213566281466,24961.0,19.891659537678066
2,fi_ref_g1.0,34,0.24190628101366268,166,0.21457213566281466,24961.0,19.891659537678066
2,fi_ref_g1.0,35,0.23823021753133775,166,0.21457213566281466,24961.0,19.891659537678066
2,fi_ref_g1.0,36,0.2360885134084752,166,0.21457213566281466,24961.0,19.891659537678066
2,fi_ref_g1.0,37,0.23347955748724528,166,0.21457213566281466,24961.0,19.891659537678066
2,fi_ref_g1.0,38,0.2305504483108721,166,0.21457213566281466,24961.0,19.891659537678066
2,fi_ref_g1.0,39,0.22833732082153418,166,0.21457213566281466,24961.0,19.891659537678066
2,fi_ref_g1.0,40,0.2257198119339123,166,0.21457213566281466,24961.0,19.891659537678066
