"id","theta_EAP","SE_EAP","n_observed","n_correct"
"2038",0.494241283232626,0.173252392757524,304,236
"4437",0.283457571390878,0.161230875367816,304,224
"722",-1.51017160330234,0.118644467986537,304,128
"1917",-0.49192673647061,0.130214375604565,304,194
"3441",0.954614776106701,0.204151041689716,304,245
"4981",-1.07392705569456,0.11973574303584,304,162
"254",-1.3781165084135,0.115204702753215,304,137
"203",-0.750809503352816,0.123154471102823,304,186
"867",-1.12550488386098,0.119099755718467,304,161
"3955",0.559573871407481,0.177264640551367,304,233
"341",-1.4932511795219,0.118635621035253,304,141
"2496",-1.41871831484768,0.115069985949863,304,145
"2536",-1.34764268048457,0.116914820071908,304,152
"2594",-0.838153671876641,0.121556679563306,304,176
"309",-1.39575575333149,0.114746043737154,304,142
"4111",0.283800585920112,0.161249451636861,304,226
"1848",-0.0400893507032465,0.145685836957565,304,219
"5158",-0.834224999554185,0.121480147058756,304,180
"3402",0.882260143274453,0.198898925627732,304,243
"2660",1.26631631839916,0.228331172303282,304,252
"3044",1.03690011434969,0.210293343340098,304,243
"1941",0.0218474452350473,0.148263480289571,304,215
"104",-0.839563860718327,0.121585475113887,304,175
"570",-1.6941370599781,0.11955376269815,304,126
"1276",-0.983036768496413,0.118155469667576,304,167
"578",-1.55481807986815,0.116812782406722,304,126
"1184",-0.589700445000628,0.126278038747248,304,190
"2773",1.40212606277192,0.239614457460024,304,248
"2364",-0.128436400403582,0.141952029512483,304,212
"3803",1.05780319393137,0.211881796375562,304,248
"2146",-1.33217529613591,0.117810039736602,304,152
"1260",-0.655603698312651,0.125847776818146,304,184
"4141",0.563300420396171,0.177497191535646,304,238
"1617",-0.525856160417,0.128952332997787,304,191
"93",-0.88047179562485,0.122242177019793,304,183
"4706",0.546476089113593,0.176450387706104,304,234
"1087",-0.444339106773895,0.1311311917811,304,194
"1369",-0.457739685061463,0.130937593916349,304,199
"1806",-0.202895782782716,0.138923408494629,304,209
"669",1.53155171602477,0.250766145437342,304,265
"2531",-0.87983874503247,0.122240445769882,304,174
"3068",0.553774421309085,0.176903509357775,304,234
"4731",0.92712867705463,0.202139227653676,304,242
"953",0.285474502966752,0.16134016140371,304,230
"584",-2.28684038944827,0.128837476351187,304,87
"2597",-0.83316402001801,0.121460613898704,304,172
"2792",0.717496901016657,0.18747628236351,304,237
"2475",-0.664417182761711,0.12585241975725,304,186
"4867",1.20618556199333,0.223476741490578,304,254
"2506",-1.55711571770029,0.116687636416409,304,134
"1774",-0.266752525594839,0.137023085254815,304,205
"507",-1.34789103010729,0.11689946732865,304,149
"1097",-0.761725956238575,0.122593836924793,304,180
"4987",-0.416315055290946,0.131574316898207,304,199
"2071",-0.71114597998629,0.125043091779698,304,183
"1324",-0.194033401456824,0.139227803639336,304,206
"2026",-0.494822939156323,0.130128816455728,304,190
"909",-0.368405371910876,0.132984639252444,304,195
"5387",0.966907761917598,0.205057339326096,304,244
"4243",0.416360766389868,0.168651361629736,304,229
"94",-1.36011434769869,0.116145302362172,304,144
"1224",-1.26053208742445,0.117785397253062,304,151
"1056",-0.523690042627757,0.129047789129505,304,189
"447",-1.75332585842368,0.118462536718255,304,124
"5140",-1.35546497815913,0.116429098425117,304,144
"274",-1.21203905860343,0.11565542093382,304,156
"308",-1.49953803997248,0.118695855136177,304,137
"134",-1.80700190309587,0.117450836839095,304,115
"2285",-0.954004281923187,0.119586602803528,304,164
"511",-1.05480496174743,0.11912972750434,304,168
"566",-1.50344481014104,0.118699260138105,304,137
"1738",-1.51605682574367,0.118535645824204,304,130
"2310",-0.308164628518086,0.135560964969227,304,201
"673",-0.896119968579471,0.122143867099059,304,173
"3311",2.37082482134472,0.331431629697822,304,268
"682",-0.803019907385089,0.121276518292073,304,183
"313",-1.66829401436449,0.118551283070525,304,129
"2383",-1.08017609724137,0.11985826622492,304,165
"503",-1.53735304843546,0.1177409846659,304,137
"1903",-1.56860425626996,0.116098890508967,304,132
"2441",-1.50581859332616,0.118688615801237,304,135
"3025",1.08864973501047,0.214246386533334,304,249
"4070",0.302232937932435,0.162253092101287,304,229
"5275",0.438353490987003,0.169928528094425,304,227
"2276",-0.888076360244599,0.122229428950948,304,169
"56",-1.188343689537,0.115742456827886,304,153
"108",-1.26019849128643,0.117769151484237,304,148
"5291",-0.6191011413689,0.125814562065353,304,187
"247",-0.870350274994591,0.122168640531071,304,172
"3925",1.58514718684139,0.25549446193044,304,260
"1909",-0.371318996333652,0.132871728712225,304,193
"2467",-1.46453314097079,0.117588307166852,304,135
"374",-0.773491168455921,0.122054979295117,304,183
"648",-0.356643024031704,0.133466029150622,304,203
"2481",-1.28480581455378,0.118662744142307,304,151
"581",-1.41479834209958,0.114942993456108,304,143
"2791",0.596692945982444,0.179598581474756,304,236
"627",-0.820051451354626,0.121278045523886,304,173
"2483",-1.58007181715405,0.115635415275769,304,133
"4320",0.363676459374571,0.165657347643313,304,227
"5034",-0.490849566917906,0.130245088610794,304,195
"5159",-0.451410374507488,0.131031374894544,304,194
"1838",-1.18499430926181,0.115839338133293,304,152
"21",-1.84820248716792,0.119306890899046,304,109
"3317",0.117679877575521,0.152843745174767,304,212
"3569",1.73217443206746,0.268786217078937,304,261
"317",-1.55135500491734,0.11700270577103,304,135
"732",-0.634431799513073,0.125791372014304,304,182
"1182",-0.612845801606643,0.125860383387168,304,183
"2557",0.183639687037336,0.15606133553734,304,224
"5037",1.50731686148646,0.24864908802915,304,255
"719",0.677232338533438,0.184802005848986,304,239
"645",-0.532384800156528,0.128656525368148,304,195
"2630",-0.0382568285960674,0.145758781487957,304,211
"1234",-0.0412768066070212,0.145638580025861,304,215
"294",-1.88559554488613,0.121271902348022,304,118
"3142",0.0082421577531256,0.147667492319046,304,215
"5089",0.370766418177024,0.166055589770974,304,230
"1552",-0.373046301061964,0.132806180451438,304,188
"2574",-0.269154373877225,0.13694904558907,304,204
"4409",1.04109342038603,0.210611093316547,304,244
"4535",0.525734369974802,0.175170875891344,304,230
"3665",0.31657070286036,0.163040104924624,304,236
"525",-1.36518653807639,0.115848570239403,304,153
"5310",1.29234959215009,0.230460068329652,304,253
"508",-0.0933571015882728,0.143504703777014,304,215
"4516",-0.799959100097116,0.121310904217269,304,181
"2275",-0.35118830953431,0.133699977058415,304,204
"5203",-1.0237543332939,0.118025313918799,304,161
"1823",-1.22499444770238,0.116030931438667,304,154
"558",-1.70078681093214,0.119657069207366,304,126
"3734",-0.945979880078874,0.12006072396577,304,170
"757",0.133377860518815,0.15360874377969,304,218
"595",-1.7859148484066,0.117413151527258,304,123
"1367",-0.449108483474247,0.131064206965391,304,195
"3909",0.522448153085366,0.174969293422073,304,244
"1021",1.23269990484057,0.225606406087636,304,250
"3447",0.947026160996072,0.203593581141898,304,246
"802",-0.519751968460079,0.12921718185245,304,196
"928",-0.17986717117022,0.139751985469151,304,205
"3836",0.900700206518753,0.200224005889133,304,248
"3957",-0.465377542350333,0.130813415172309,304,200
"103",-0.98243381884301,0.118176320653052,304,172
"4529",-0.485069656115421,0.130399816677649,304,197
"1756",-0.148091002760292,0.141074936229167,304,216
"1627",0.212587755816574,0.157507212003246,304,222
"1591",-0.377420900966857,0.132645118952028,304,195
"414",-0.664619545094371,0.125852173491038,304,185
"2786",0.00823774946275403,0.147667302504358,304,217
"165",-0.794820018351997,0.12139375119021,304,180
"5074",1.52843515586557,0.250493158578048,304,254
"4647",0.3004300874795,0.162154494467783,304,219
"2213",-0.82283298372167,0.121305952812788,304,183
"3895",-0.567479769546875,0.127049491840511,304,188
"2458",-1.41757529429358,0.115030224351019,304,144
"3479",-0.846932901510116,0.121742259044852,304,175
"2768",1.69737349827744,0.265598399668867,304,257
"5047",-0.406077471558322,0.131792367866747,304,200
"3753",-0.70179138390747,0.125346515146291,304,179
"3861",-0.359205138216473,0.133358150151444,304,207
"2134",-0.700019342812603,0.125395648919452,304,184
"5339",0.567209425862517,0.177741548598399,304,236
"1932",-0.816988416520167,0.121255421158835,304,174
"5381",1.25819659795357,0.22767051933012,304,254
"1538",-0.708709846520064,0.125129111395171,304,182
"1171",-1.03042416261576,0.118219398866625,304,175
"4639",-0.646108052273903,0.125821924515328,304,185
"1986",-1.17392921895223,0.116287130948285,304,159
"3138",0.142493283710951,0.154052088609906,304,216
"1241",-0.807161042937956,0.121247545956783,304,176
"5350",1.40192767422992,0.239597658478016,304,251
"2998",-0.202111969131306,0.138949618821865,304,212
"4640",-0.613633755970157,0.125853198725829,304,189
"4583",0.71463405970589,0.187284564538242,304,234
"1318",-0.205437544576204,0.138839329452743,304,209
"4546",1.32886146612512,0.233473216809753,304,262
"191",-1.6550140319761,0.117766306947841,304,133
"5190",-0.218424008150603,0.138429821212981,304,208
"3627",-0.952007117827146,0.119704187488992,304,173
"3465",-0.341022899449113,0.134146151574318,304,205
"90",-0.557394711021438,0.127488108463294,304,195
"727",-0.556400348636594,0.127533265114459,304,192
"4539",-0.252343357902464,0.137449332046026,304,211
"2111",-1.19593818177868,0.115598254083257,304,155
"2680",0.539966787403639,0.176047521935146,304,233
"1186",-1.59721257681613,0.115326482971921,304,131
"784",0.0183024059223148,0.14810622235247,304,215
"1664",-1.09625697945419,0.119933540412073,304,164
"2435",-1.65398777983671,0.117701890126368,304,133
"5058",1.77588155497655,0.272825698618921,304,265
"353",-1.07344718883828,0.119724457572199,304,162
"1579",-0.874350681872582,0.122208890590923,304,167
"2161",-2.15346758943038,0.125202462185555,304,95
"3743",-0.268669469849546,0.136964077827459,304,202
"598",-1.9073309580879,0.121787268871168,304,108
"535",-1.37943682225101,0.11515138254756,304,144
"4204",-0.382381358962002,0.132471666460759,304,196
"3396",-0.231097001943376,0.138055611579072,304,201
"1060",-1.90476662401147,0.1217573156214,304,110
"2335",0.50259760770011,0.173758471586665,304,235
"2162",-1.10157941006813,0.11987456373865,304,162
"3983",0.210038619545116,0.157378229324121,304,225
"1010",-0.534037960113878,0.128580055564264,304,196
"1540",0.157163768300894,0.154765593629295,304,223
"2006",0.624521398127404,0.181374517543572,304,236
"4510",0.740105352079758,0.188998631755191,304,242
"410",-0.83766343585669,0.121546813518367,304,170
"1363",-0.570421331232945,0.126929939711614,304,189
"3978",0.678431763085257,0.184880972742138,304,238
"2047",-0.76975596217573,0.122215761378343,304,178
"2220",0.215660008067438,0.15766313211131,304,226
"1589",-0.240706733328077,0.137781081351938,304,201
"318",-1.30644159805349,0.118717031509422,304,150
"1423",-1.27528305751008,0.118403787705549,304,148
"1284",-0.791051404938906,0.121474408658829,304,174
"4436",-0.0866833449296881,0.143789669186123,304,211
"3347",0.740569172788727,0.18903001669468,304,239
"3401",-0.0902195890631814,0.143639188273798,304,212
"15",-1.50865487153851,0.11866343258108,304,131
"1572",0.0956275554566124,0.151765513671257,304,212
"4258",1.71349369905897,0.267071865405462,304,262
"5049",-0.979977977046609,0.118266307860933,304,165
"2589",-0.690935414275506,0.12560518492152,304,181
"1198",-0.967281061831101,0.118844439958852,304,164
"1857",-0.431918575039642,0.131309398935685,304,195
"1195",-1.42825683083334,0.115479602095683,304,137
"662",-0.998235103568841,0.117808167617121,304,172
"1956",-0.429575397878126,0.131345262734974,304,201
"1899",-1.07485734257789,0.119756892479769,304,166
"259",-1.79767773551726,0.117344391901206,304,113
"4851",0.045396366385219,0.149341305525494,304,216
"4223",0.53103180836273,0.175496491448105,304,244
"5238",0.556406707772091,0.177067304375301,304,235
"1710",-0.746094714490334,0.123403795401426,304,188
"657",-0.576701271877034,0.126690709172741,304,193
"2216",-1.06377075799837,0.119448275201795,304,161
"1739",-1.15132200248828,0.117599668502999,304,155
"3376",1.36579745237474,0.236553546231031,304,257
"1741",-0.609523459768545,0.12589543689214,304,195
"2827",0.231476222984398,0.158474128567419,304,225
"76",-1.14758942557225,0.117835322337909,304,160
"400",-0.074888017916009,0.144283328450115,304,217
"324",-1.05920938198766,0.119291803460326,304,165
"4829",0.847349013129535,0.196415755296878,304,242
"4412",0.90608813923468,0.200612923922667,304,243
"1440",-0.649980423469933,0.125833787086281,304,184
"814",-0.874619717379701,0.122211099336702,304,175
"225",-2.00735064122139,0.120852573055402,304,108
"4146",0.507071689416853,0.174030332043217,304,234
"2849",0.966872623336394,0.205054743022878,304,248
"3400",0.389720602385971,0.167126883200743,304,231
"1397",0.155494047094172,0.154684322654152,304,220
"1842",-0.553092114210832,0.127685278211831,304,182
"187",-2.49803267388215,0.135110344838595,304,76
"5261",0.425947673743144,0.16920594019751,304,229
"415",-1.17271977882747,0.116346451039741,304,158
"128",-0.830596782372439,0.121415761040475,304,183
"85",-1.29635180451071,0.118789168197126,304,150
"1227",-0.838002826295767,0.121553635357535,304,178
"2838",0.473168335019784,0.171986286942739,304,227
"2227",-0.642297167610765,0.125810121813827,304,179
"4585",0.60602694001517,0.180191708442467,304,232
"4588",0.198763238870325,0.156811774307284,304,226
"2141",-0.81956554992081,0.121273872130829,304,177
"1461",-1.38671352425518,0.114909426100642,304,138
"1414",-1.09566914112932,0.119937421715158,304,156
"4420",0.948393532137168,0.203693914873349,304,240
"3565",0.396430523043388,0.167508667372289,304,235
"3060",0.911127127092118,0.200977366983445,304,244
"1684",-0.264410746323625,0.137094308852955,304,203
"2917",-0.335553358427328,0.134388381282524,304,202
"2250",-0.961214313328552,0.119172003344855,304,160
"2167",-0.646675067759014,0.125823704529746,304,188
"3709",-0.514604689426657,0.129429444231004,304,198
"269",-1.56775969428206,0.116138943151854,304,130
"3551",0.668416109907026,0.184222895948365,304,232
"1564",-0.0511809791485849,0.145244013487583,304,219
"4528",0.476329159208324,0.172175242488195,304,232
"514",-1.01282177033397,0.117816866515999,304,171
"4768",-0.260573712627586,0.137209158279609,304,202
"2431",-0.45880589885893,0.130921103593234,304,193
"3547",0.984338493687831,0.206349280550272,304,247
"664",-1.01680846996891,0.117874876983392,304,165
"4196",0.745078594942208,0.18933547083534,304,237
"292",-1.32864677400085,0.117986818377305,304,147
"1488",-1.11897263225955,0.119388360326272,304,160
"2521",-0.437650981915482,0.131225396228869,304,196
"1016",0.618529468341237,0.180990192719858,304,236
"3466",1.22905727289752,0.225312805454178,304,248
"5314",0.445044162533605,0.170320573025674,304,232
"4399",0.78654222346094,0.192170956594103,304,243
"1795",-0.527890049361062,0.128861388071535,304,194
"4559",1.03825016323311,0.210395594333029,304,251
"3721",-0.455985868132472,0.130964230230763,304,191
"284",-0.590603650817378,0.126253963842987,304,194
"3497",0.795453943340847,0.192786657829178,304,243
"4711",-0.720899273899846,0.124652914317166,304,183
"3212",-0.0123232040409692,0.146803496226708,304,213
"3761",1.03773015961373,0.210356204329921,304,251
"1331",0.485305341474852,0.172713696096676,304,232
"4648",1.86384053306582,0.28107357320993,304,266
"2224",-0.441080138777787,0.131176832535605,304,193
"4659",0.255337336071007,0.159723630122503,304,229
"1287",1.97066285763172,0.291296806265121,304,268
"1070",-1.03700072830154,0.118446133029827,304,164
"4599",-0.442041397131175,0.131163342460828,304,196
"3893",-0.484219847418471,0.130421164854004,304,197
"1872",-0.971265871214408,0.118644973131441,304,165
"5148",-0.721375951637521,0.124632104383524,304,175
"97",-1.10295515591304,0.119852323873173,304,165
"3417",0.420960496336015,0.168917033876101,304,227
"3629",0.30086728750351,0.162178396939032,304,229
"1644",0.328096308028856,0.163676133051051,304,230
"1115",-0.520134909353126,0.129200961683492,304,190
"729",-0.275113468329477,0.136760531743892,304,210
"443",-0.443988313120322,0.131136096556134,304,193
"1731",-1.30131168160576,0.118775263428555,304,147
"4722",1.56408579948888,0.253628794334915,304,257
"3623",0.459882752122479,0.171195885945009,304,230
"384",0.0331428659613948,0.148773568557421,304,221
"3046",-0.296953844584593,0.135998821701965,304,197
"1508",-0.326352930760334,0.134793387080448,304,207
"213",-0.894193397391827,0.122171384070116,304,171
"20",-1.43122682594618,0.115631342391106,304,140
"4513",-0.384328696081866,0.132406390835519,304,196
"446",-0.943365711417579,0.120214389730391,304,171
"2847",-0.0179430374395763,0.146573957763461,304,217
"4369",0.736431064118562,0.188750223830746,304,240
"1244",-0.0208149987842854,0.146457512106179,304,214
"961",-0.308127091012815,0.135562481729449,304,196
"354",-1.44511854994614,0.116435700232936,304,138
"2495",-1.16250641466439,0.116908198417552,304,162
"119",-1.79004745512363,0.117364119243272,304,109
"1722",-0.422848049082624,0.131455138855208,304,195
"4680",0.520293329412918,0.17483728455474,304,231
"427",-0.87162291171513,0.122182906542011,304,180
"1487",-1.20657486816198,0.115581169420506,304,151
"3815",0.508754736818886,0.174132759403573,304,230
"4683",0.252287346723011,0.15956226302358,304,223
"1429",-0.200769644201292,0.138994820150728,304,210
"3994",0.281715753283656,0.161136608293528,304,226
"3518",-0.064029857283523,0.144727569032663,304,214
"2512",-1.31376156222903,0.118558315617929,304,147
"2153",-0.859586468061142,0.12200242861164,304,170
"459",-1.18219729028763,0.115934850813629,304,159
"175",-0.698388014317841,0.125438492798512,304,181
"2796",0.834457783278921,0.195507302936199,304,243
"625",-0.996459832316983,0.117830152528341,304,168
"1271",-0.218159648456076,0.138437856891469,304,202
"944",-0.00236507086941409,0.147216700013946,304,211
"1506",-0.782969255508196,0.121702066708072,304,181
"3760",1.13563783151029,0.217894892071058,304,247
"79",-1.41423563971609,0.114926987302378,304,147
"1219",-1.05216641692922,0.119029061795405,304,161
"55",-0.29252710786931,0.136162953284884,304,207
"1132",-0.173750857514656,0.139992275614136,304,207
"1160",-1.39468422333483,0.114756903713937,304,145
"106",-0.773012453961653,0.122074965859821,304,181
"2566",-1.46808693145352,0.117774800805127,304,134
"4761",-0.191293961812006,0.139325542970336,304,214
"1605",-0.634205797126857,0.1257910348737,304,179
"3358",-1.09853629630843,0.119913547836955,304,163
"4092",-0.141017595966925,0.141388179874723,304,215
"4506",1.03215502037596,0.209934330540027,304,247
"774",0.318384749082486,0.163140020702323,304,229
"5044",-0.0301070507985982,0.146083889284085,304,212
"3184",0.900644105749273,0.200219960507539,304,249
"502",-0.641485961048581,0.125807727891129,304,187
"3338",0.085203324504009,0.151255802757309,304,221
"4317",-0.0702796641194752,0.144472947102037,304,215
"2489",-1.31263939099241,0.118588267018556,304,147
"4578",0.271534925438733,0.160587844754041,304,226
"2209",-0.998916933878493,0.117801070063738,304,166
"71",-1.41899496097143,0.115079936691584,304,146
"2395",-1.6523153366493,0.117596357089515,304,128
"1296",-0.401328022625505,0.131908322723206,304,194
"88",-1.39569431122121,0.11474660315241,304,144
"2895",0.864409674686927,0.197625069350109,304,246
"1914",0.699843392210476,0.186297882728313,304,238
"2046",-0.335084444411517,0.13440913815432,304,202
"3105",1.25867673941301,0.227709541169862,304,246
"1908",-0.208116032192218,0.138752204460633,304,203
"3316",1.37624764350053,0.237430880907512,304,252
"4464",1.25643224535459,0.227527175636024,304,248
"99",-1.1585582271163,0.117146899235939,304,158
"461",-1.15653864996336,0.117271857945098,304,156
"2373",-1.60305883642139,0.115348009121876,304,129
"5169",0.261398866241944,0.160045658507073,304,228
"3754",0.838122185729402,0.19576506904721,304,241
"4848",-0.430530784974668,0.131330511525647,304,198
"5196",1.9036805263466,0.284860352055292,304,266
"5042",0.200096485351988,0.1568784215385,304,226
"926",0.534105873210331,0.175685814917464,304,237
"2145",-0.360421070327473,0.133307478380893,304,207
"2966",-0.121306954033025,0.142272368834599,304,209
"3247",1.07698707581325,0.213349502280418,304,252
"1391",-0.540357070582741,0.128284007209743,304,193
"476",-1.28003533860789,0.118549179421879,304,153
"4179",1.83939491654507,0.278765635505691,304,262
"3819",-0.0454299421766323,0.145473280712961,304,213
"1277",-0.313201202209897,0.135354620783144,304,206
"549",-1.62186549501389,0.115853383435782,304,128
"737",-0.474561515200799,0.130640254034904,304,196
"4717",-0.794574571460251,0.121398494897809,304,177
"444",-0.73946079864393,0.123752971297557,304,183
"5153",-0.720121999637263,0.12468652195155,304,184
"2543",-0.376079601459571,0.132693724002872,304,203
"4206",-0.699586065161909,0.125407251657278,304,183
"267",-1.2712010000657,0.118255600539304,304,144
"2535",-0.606547031528865,0.125933611426469,304,183
"3488",0.612237472266485,0.180587771421921,304,235
"2309",-0.729537902495827,0.124254360734776,304,182
"2382",-1.19448642339642,0.115617451125462,304,162
"1676",-1.48985042441426,0.118575240442323,304,132
"2317",-1.52840948964059,0.118140929166398,304,134
"1652",-1.40337916238757,0.114736932496744,304,131
"4068",1.88977693415974,0.283535262141411,304,263
"3977",-0.9763787761408,0.118412133834175,304,165
"904",-0.19010274037627,0.139368589208065,304,206
"4000",-0.068221608859598,0.144557098134036,304,209
"4020",0.0892467816903433,0.151453396342108,304,220
"2990",-0.263566013253692,0.137119782183108,304,207
"2282",-0.62559812361701,0.125791558816904,304,189
"3271",1.82813409336816,0.277706522966088,304,266
"4826",1.71511763243395,0.267220604716351,304,264
"3756",1.27436548490096,0.228987657350959,304,250
"48",-1.62897422098946,0.116191606001983,304,117
"4764",-0.20462886583102,0.138865929390973,304,204
"117",-1.33119426120386,0.117860522481145,304,144
"2674",0.329550703115327,0.163756592239471,304,224
"638",-1.31316015859168,0.118574615032955,304,149
"2523",-0.463140477700238,0.130851360563706,304,188
"2406",-0.966848266669451,0.118866930278856,304,165
"1203",-0.383681117433256,0.132427917274735,304,203
"4796",0.718803841075866,0.187563884267136,304,243
"2359",-1.42810964071068,0.115472343007227,304,139
"4933",0.852769804267988,0.196799129934458,304,246
"2202",-1.38031019001832,0.115117616780834,304,144
"82",-1.20135125139831,0.11556238241083,304,157
"2226",-1.30020730099369,0.118781972805372,304,142
"130",-1.78028047275718,0.117519821702683,304,114
"1209",0.251527471256281,0.159522131755056,304,231
"3765",1.19157681576202,0.222310731720234,304,251
"1790",-1.27040794967644,0.11822452321321,304,148
"2550",-0.258405046717997,0.137273170391524,304,203
"322",-1.67714396845056,0.118990978539966,304,130
"4318",-0.101824463384583,0.1431373550331,304,213
"1270",-0.569605952295892,0.126962634088174,304,189
"3251",-0.691727143850776,0.1255897189532,304,183
"1153",-1.04316530290285,0.118678725030311,304,163
"2337",-0.929683308423863,0.120975248139361,304,168
"4006",0.332187017446851,0.163902548917131,304,228
"1888",-0.931869580551419,0.120860781035778,304,166
"4540",-0.0633066335091534,0.144756864662177,304,205
"360",-1.46132800639029,0.117410642156735,304,136
"2447",-1.04982869136138,0.118938482569061,304,159
"4002",1.24140027893086,0.226308977041729,304,244
"4341",-0.289970270578971,0.136255441834666,304,201
"306",-0.788666532159681,0.121533984728697,304,181
"295",0.305255601899345,0.162418591298947,304,231
"1502",-0.803061810694384,0.121276124605328,304,180
"927",0.0509744766438386,0.149604089695482,304,217
"1962",0.215818861332541,0.157671208147067,304,229
"1571",-0.703934439897125,0.125283499281534,304,185
"951",0.165967136072386,0.155194689180638,304,223
"4034",-0.99625694068281,0.117832987086423,304,160
"1175",-0.42414743821573,0.131433004360856,304,198
"1516",0.0154643622493441,0.14798132494993,304,222
"917",-0.556981644920144,0.127506833714251,304,196
"438",-1.2427473511604,0.116862090538312,304,147
"4533",1.15907332923878,0.219735397452366,304,250
"3326",1.29027892787131,0.230290141150148,304,254
"3264",-0.441655973067532,0.131168747120762,304,192
"3657",1.78514192445917,0.273686627144303,304,266
"1561",-0.553105946697714,0.127684637592145,304,192
"2464",1.06392212236005,0.212348912616658,304,249
"2866",0.354048532568201,0.165118496286679,304,230
"4250",-0.659739711108687,0.125853337109726,304,182
"3118",-0.0229086938434457,0.146372942815047,304,216
"2564",-1.30056849783188,0.118780006365065,304,146
"4183",0.292263784345054,0.16170900700692,304,226
"2592",-0.350819423247311,0.133715975207774,304,201
"2915",0.519732335340168,0.174802939371915,304,236
"2608",-0.0363316612754316,0.145835453208827,304,207
"4785",-0.0847582692969012,0.143871099710006,304,213
"4065",1.03734315527975,0.210326893497074,304,245
"2750",1.50578803090491,0.24851597772241,304,251
"3573",0.604784571665631,0.180112615365515,304,237
"851",-0.676863511417907,0.125796342106488,304,187
"489",-1.02755950968114,0.118130857828612,304,168
"2355",-1.32235954446614,0.118265443741148,304,150
"3437",0.317643692768048,0.163099195290166,304,224
"1576",-0.641338659564298,0.125807300496107,304,186
"176",-1.21358262934877,0.115686080063339,304,154
"1669",-0.0419928131598527,0.14561008658433,304,220
"5251",0.282996665320237,0.161205920931097,304,220
"3654",0.199278000524957,0.156837496395287,304,226
"672",-1.45785797281185,0.117210056372901,304,143
"1968",-1.30094276922107,0.118777735012945,304,143
"1052",-1.01110792685403,0.117798875405491,304,164
"5221",-0.219815886649577,0.138387692343228,304,203
"1921",-0.402073336515178,0.131889470353303,304,198
"1338",-0.499906235323131,0.129968068209374,304,188
"1409",-0.16782135379645,0.140232619168954,304,214
"1106",-0.17717442871877,0.139856780655747,304,203
"2554",-0.813255411438507,0.121240301578251,304,180
"2336",-0.466519504035941,0.130793468052422,304,196
"1231",-1.36345725612643,0.115947761545503,304,145
"1107",0.415770080734052,0.168617299009164,304,230
"659",-0.597687717917387,0.126087117839054,304,189
"413",-1.1462732472002,0.117918025379831,304,156
"3574",1.29790316799825,0.230916325016062,304,253
"1522",-0.761388627347274,0.122610515592069,304,182
"2873",0.888911255652737,0.199375796937529,304,241
"5191",1.48600526747458,0.246798310441242,304,258
"2150",-0.776443330680527,0.121936052569477,304,181
"1715",-0.245311202981011,0.13765029608918,304,208
"1612",-0.52349289822354,0.129056400272167,304,184
"3789",1.79181647394296,0.274308245755308,304,267
"4671",-0.144684945873595,0.141225266040533,304,216
"910",0.0328522845535196,0.148760279592396,304,218
"1966",1.24894325950442,0.226919578090864,304,253
"754",-0.875181741558146,0.122215501597307,304,169
"2779",-0.755190461972075,0.122925267302802,304,181
"3779",1.49943662764615,0.247963545252418,304,261
"4066",2.26029137118178,0.320075610447443,304,267
"1994",1.28531623875206,0.229883301490226,304,248
"3240",1.16568248818411,0.220256930269665,304,257
"2751",0.945150873272414,0.203456059205519,304,242
"3056",1.34114654147941,0.234494173032004,304,258
"2958",1.6678403544416,0.262913216922774,304,259
"2904",0.995817262252605,0.207204445156244,304,252
"3818",1.52513922071447,0.250204696062994,304,257
"3804",0.577387192214186,0.17837979837747,304,236
"3423",0.935854218682299,0.20277569026662,304,242
"2698",-0.154498570430388,0.140795388867078,304,206
"3581",0.931371454244299,0.202448450691266,304,244
"4938",1.84327241435049,0.279130915758186,304,264
"3312",0.398673070868461,0.167636582108994,304,227
"1286",-0.516669606338038,0.129345618950402,304,196
"3151",0.889063064492414,0.19938669542713,304,243
"3516",1.38037120519901,0.237777773608951,304,260
"2903",0.325338517966054,0.163523689615719,304,226
"4784",0.00687622274002225,0.147608777611251,304,213
"3252",2.08544204471015,0.302523143824117,304,269
"965",-0.96999370642743,0.118707087187123,304,174
"1958",-0.152349264102017,0.140888626023196,304,209
"1180",1.20917812296608,0.223716244182833,304,258
"5137",-0.228376220386347,0.138134411910217,304,199
"886",-0.62969423408159,0.125787732844224,304,185
"4453",0.427788808936413,0.169312823983185,304,236
"4593",0.0288365010991343,0.14857751216338,304,223
"2627",1.10005607471748,0.215126914501781,304,246
"4693",1.63840541783954,0.260255518039564,304,265
"3643",1.61612940861145,0.258256627880607,304,260
"3941",0.718331029294467,0.18753218679845,304,245
"3451",-0.50992896753586,0.129612194484869,304,193
"1505",-1.13354506100224,0.118680550741495,304,158
"26",-1.3859735031223,0.114929771172101,304,140
"702",-1.34168298858718,0.117277048530478,304,143
"2013",1.22799532916245,0.225227272506663,304,254
"3967",-0.554923626255486,0.12760080562303,304,199
"1118",0.6866316799716,0.185421987260871,304,240
"708",-0.447680835302091,0.131084360683828,304,196
"355",-0.795870960879362,0.121374248484581,304,181
"4984",2.88578295818735,0.386501563961654,304,275
"4602",1.09143424479492,0.214461034879521,304,255
"3189",-0.359360174856246,0.133351669668857,304,201
"2632",-0.584470262816856,0.126429558585334,304,185
"3570",1.13014806267429,0.217465746171726,304,249
"1412",-0.0552629753614788,0.145080740843209,304,212
"5099",-0.022089919106988,0.146405984678676,304,212
"4076",0.858234793979443,0.197186449425301,304,238
"3165",-0.105972393687746,0.142955216792906,304,210
"4044",0.731080257690834,0.188389161705936,304,249
"713",-0.337135168558164,0.13431832765482,304,205
"3031",0.87335830494832,0.198262575283644,304,241
"3040",0.346203914000608,0.164681004765215,304,225
"653",-0.115960413981538,0.142511795609652,304,212
"5364",1.14557554961814,0.218673669455038,304,253
"4220",1.53653911870502,0.251203455020706,304,262
"3021",-0.65284479688217,0.125841615380882,304,177
"1973",0.972329421395442,0.205458324342977,304,252
"1345",0.768090820476542,0.190903203680187,304,239
"4305",0.179773385208966,0.155870939625974,304,230
"4267",1.54653632198323,0.252081707366854,304,255
"4140",-0.303546959499789,0.135745063515125,304,196
"4870",2.14195679404937,0.308138730887244,304,265
"1378",0.305964661554668,0.162457447945441,304,226
"433",-1.46274083053534,0.117489958741951,304,138
"4325",0.235689924734483,0.158692553675814,304,226
"4028",0.707464952470182,0.186805514448027,304,236
"2353",-0.404803781479933,0.131822498800276,304,201
"1786",-0.82773443918448,0.121370347697878,304,171
"3717",-0.480623825630642,0.130507675563105,304,192
"2058",-0.800399965063673,0.121305264656243,304,175
"1881",0.488347237932433,0.172896781227822,304,234
"524",-1.76024324985077,0.11817913912204,304,121
"1959",-1.28891610376567,0.11873259666817,304,151
"4794",-0.619447166804318,0.125812744061477,304,183
"2251",0.203273643304817,0.157037594786833,304,225
"5106",1.59497092630576,0.256368007680589,304,260
"2711",0.303889700228738,0.162343775357209,304,230
"1892",-0.48090715274639,0.130501079744957,304,194
"3286",0.363358943860049,0.165639542067757,304,230
"4857",-0.268267807146546,0.136976496656894,304,206
"3621",0.35368880721757,0.165098404790259,304,222
"3081",1.0166523598888,0.208765477238793,304,248
"4319",-0.450253113405992,0.13104794150499,304,197
"4686",-0.385925681453254,0.132354083321648,304,204
"3124",0.551772653186615,0.176779079031804,304,230
"1032",0.462572779487097,0.171355419695037,304,235
"3220",0.741507439079056,0.18909352425319,304,240
"1980",0.526844136535666,0.175239022124955,304,231
"649",-1.09405698439089,0.119945396657727,304,162
"2029",-0.0461385625199155,0.145445063347163,304,210
"4918",0.311829889403429,0.162779335746426,304,225
"3181",1.96992159735851,0.291225105398367,304,271
"4584",1.57033113400463,0.254181000951734,304,260
"4873",2.67321102181432,0.363391736747842,304,277
"934",0.0744247534071179,0.150730597240209,304,216
"4572",0.906784140600489,0.200663220993383,304,244
"1804",-0.821281374599156,0.121289556394523,304,180
"5242",0.0531680180551664,0.14970807999947,304,212
"3307",1.4049872107948,0.239856833001463,304,258
"3290",1.02595255647661,0.209465934035552,304,245
"321",-1.55667841148629,0.116711360074505,304,129
"1875",-0.260036738516278,0.137225064338642,304,207
"387",0.27024053356443,0.160518363785536,304,221
"1294",-0.457444477206926,0.130942118575462,304,196
"2229",-0.992741759139369,0.117892510431048,304,161
"3515",0.627916719666477,0.181592771242563,304,236
"5334",0.501471379673404,0.173690136120357,304,228
"3306",1.53903368080174,0.251422393421769,304,257
"4007",0.919045318027676,0.201551436577742,304,245
"2833",0.102777777201635,0.152115390656187,304,220
"4048",1.5383199014827,0.251359733511257,304,253
"4491",0.637499377333608,0.182210618683966,304,239
"2422",0.506694881477753,0.174007412066029,304,233
"1860",0.342827062852211,0.164493088437499,304,228
"1769",0.136401121937309,0.153755831605651,304,222
"2204",-0.879626855817157,0.122239774864616,304,181
"462",-0.592543054834248,0.126204394315909,304,189
"4173",1.32147223823042,0.232860855750217,304,252
"3525",1.10798964056886,0.215741307434758,304,249
"3733",0.275901380197777,0.160822722637531,304,229
"2365",-1.06204082659738,0.119390548729651,304,162
"3349",0.956314872089958,0.204276141441474,304,246
"2918",2.42609325604956,0.33717978571586,304,274
"5150",-0.523112174062966,0.129072992528992,304,186
"1933",-0.455276646896707,0.130974843725909,304,199
"2897",1.47571078142922,0.245907978944093,304,255
"3297",0.691560055061183,0.185748117360819,304,239
"4284",0.837573732610858,0.195726465465738,304,241
"1157",-0.0559672208408131,0.145052509463129,304,213
"5342",1.36585869006685,0.236558679918536,304,252
"1897",0.323591791582086,0.163427217972995,304,224
"5185",2.13643732227267,0.307587802717962,304,270
"5377",0.258654439793897,0.159899642066507,304,224
"218",-1.08645927425658,0.119931299479141,304,169
"882",-0.696045293237155,0.125496012503464,304,178
"2965",1.04070698970501,0.210581792295672,304,245
"1218",-0.523400567422419,0.129060428680492,304,196
"4698",0.855362701057723,0.196982793492377,304,245
"2991",0.441734999055659,0.170126464778334,304,228
"5373",1.05163097776003,0.211411588335286,304,249
"2924",0.662886532443784,0.183860870740002,304,237
"1546",-1.20629398414562,0.115578840564417,304,157
"2629",-0.36685049008783,0.133046036864624,304,196
"3984",0.779655344767618,0.191696663661299,304,241
"4703",0.496434902307011,0.173385029032161,304,240
"4929",0.872565195195444,0.198205984931311,304,246
"3883",1.53969951810143,0.25148085492225,304,259
"5372",0.931582489491201,0.202463844049627,304,246
"3845",-0.0796103317693341,0.144087183885917,304,214
"1534",-0.0658156170410441,0.144655090310906,304,215
"4377",0.557860993759007,0.177157881420543,304,235
"3042",0.250428317307569,0.159464133573644,304,225
"836",-0.634472766576922,0.125791434678241,304,193
"2947",0.655103716681458,0.183352889446273,304,238
"2907",0.682920330294836,0.185176870540054,304,233
"615",0.043642788903806,0.149259221014895,304,221
"2763",-0.0302137604836176,0.146079620772336,304,216
"3922",1.6455131227417,0.26089557095665,304,263
"4349",2.15687049980667,0.309630004707277,304,270
"4192",-0.291031155254734,0.136217271588568,304,208
"3684",-0.361051785217661,0.133281336800364,304,203
"1796",-0.265963396834967,0.137047188576729,304,213
"568",-1.98453769340121,0.120681947563709,304,110
"4948",1.3527138664816,0.235458741781231,304,253
"338",-1.20634211258731,0.115579229081307,304,155
"4928",1.91416686230317,0.285862264372284,304,267
"2794",0.962949575135736,0.204765084618753,304,244
"4860",-1.28723950400094,0.118707330705889,304,153
"1701",-0.940987349833314,0.120352756850845,304,176
"5276",-0.0177177210095686,0.146583116436221,304,209
"1376",-0.4516092417344,0.131028514042297,304,199
"764",0.268762395024498,0.160439103927244,304,223
"3825",-0.0204047774795875,0.146474112558967,304,211
"2816",1.47571272738344,0.245908147015139,304,258
"2784",0.229781852507748,0.158386576843163,304,223
"5005",0.989406056574486,0.206726385237868,304,247
"3123",1.24322364621641,0.226456451004444,304,258
"5352",0.645991330345442,0.18276045578709,304,240
"3416",0.264835903814202,0.160229009135834,304,228
"2484",-1.12813986142629,0.11896943395573,304,158
"3979",0.362461337625228,0.165589219500581,304,226
"344",-2.06745006974449,0.123569982864425,304,102
"2102",-0.551194348402141,0.127773503203998,304,191
"1144",0.467001063439439,0.171618602733038,304,236
"5250",0.166372112889597,0.155214459815099,304,222
"5263",0.137056317475948,0.153787700893574,304,221
"678",0.340278400965421,0.164351418927328,304,230
"2567",-0.787415826884006,0.121567817063585,304,184
"3107",1.69341630126756,0.26523753211398,304,263
"1004",-0.340184513281719,0.134183260373354,304,203
"250",-1.15621282900518,0.117292154247793,304,157
"542",-0.511338430315267,0.129558171463871,304,195
"3989",-1.089552514773,0.119947177909673,304,166
"5361",1.28886506973459,0.23017417327535,304,255
"1013",-0.511275231695401,0.129560613852351,304,191
"4977",0.998722086032621,0.207421402316294,304,242
"3238",-0.102161060642218,0.143122625445538,304,206
"969",-0.519247854058147,0.12923844787417,304,192
"3816",0.871127855708143,0.198103471137929,304,240
"4172",2.02455397291645,0.296537387659355,304,267
"2338",-0.667569249845793,0.125846373987353,304,186
"5055",2.57892928213927,0.353298816528123,304,270
"2131",-0.0260180570837776,0.146247790987623,304,217
"178",-1.46970281362955,0.117855427462352,304,137
"2910",1.17695774660665,0.221149178701165,304,246
"2242",-0.25576319749377,0.137350395177651,304,203
"3088",1.83674490430445,0.278516164539538,304,264
"3382",0.779473854268463,0.191684182459728,304,238
"3383",1.7581383746079,0.271181067982849,304,262
"4124",0.650352045027216,0.183043650365565,304,241
"5070",0.577297272932848,0.178374146670862,304,235
"2396",-1.04713978784102,0.118833506157374,304,164
"4001",0.330817652667116,0.163826717529323,304,227
"136",-1.78463631027051,0.117433467578109,304,117
"766",-0.302964439079615,0.135767922726258,304,208
"3198",0.653512853232882,0.183249279897571,304,239
"4714",-0.381036971092261,0.132517671756202,304,198
"807",-0.567354480532213,0.127054679864931,304,190
"972",0.994532697502642,0.207108573432277,304,241
"4994",-0.402136847467738,0.131887875283911,304,204
"2065",-0.609518257357389,0.125895497949157,304,182
"4705",-0.184450603547385,0.139577331292904,304,207
"1690",-1.88604239499622,0.121288327298713,304,103
"3971",0.592201963682351,0.179314106166931,304,231
"3053",0.331241868732553,0.16385020521012,304,231
"4201",0.884552305652709,0.199063132535937,304,244
"4922",0.61762419959413,0.180932221463625,304,235
"280",-0.930296444081427,0.120943491193151,304,174
"2323",-0.0323323880945585,0.145994951378842,304,215
"2193",-1.00032191345804,0.117788803197961,304,172
"3011",0.392540175699385,0.167287141696296,304,235
"3920",0.612792050659973,0.180623193795021,304,238
"1500",-0.157218235637,0.140678277219548,304,210
"416",-1.06607490286365,0.119521661003049,304,168
"1281",-0.328842110885545,0.134684448632886,304,201
"2653",1.31463409172848,0.232295320538024,304,254
"694",-0.0488450654231836,0.145337217999144,304,214
"1460",-0.963154536023458,0.11906457935314,304,169
"1641",0.104082533540961,0.152179223460161,304,212
"4862",-0.280318072453625,0.13658963185796,304,210
"4512",1.56466388720522,0.253679872119811,304,258
"3215",-0.656111273689771,0.125848721014826,304,191
"486",-1.49988834489394,0.118697226609526,304,133
"3912",0.161390735450936,0.154971479582968,304,225
"2208",-1.05217702178742,0.119029470238652,304,164
"4168",0.565176546350245,0.177614416913594,304,233
"5370",1.58593107250611,0.255564088820711,304,256
"2719",2.34882571695479,0.329156328022307,304,273
"1793",1.34887214856242,0.235138040898114,304,259
"3108",0.847291927709143,0.196411722352158,304,244
"3208",1.64485837509477,0.260836565013769,304,257
"1606",-0.523949779193951,0.129036423977902,304,195
"5328",0.363129030765437,0.165626650573604,304,229
"3371",0.57047913022427,0.177946273011922,304,235
"4064",0.575700334504073,0.178273812374871,304,231
"4307",1.11087097973247,0.215964839984929,304,256
"5009",0.681670495903544,0.185094417669949,304,235
"4677",1.31419777248151,0.232259273414715,304,250
"2232",-0.67710307415651,0.125794327775557,304,195
"1395",-0.0343871681910601,0.14591295758571,304,213
"1942",-0.974730357208537,0.118484089456634,304,175
"5132",-0.114975005970368,0.142555796266099,304,207
"4774",1.17572482187919,0.221051459393817,304,255
"4160",-0.166220345888814,0.14029867504647,304,210
"2327",-1.1326898386964,0.118728016839704,304,160
"4743",0.177721151106695,0.155770081188811,304,223
"492",-0.425022385327402,0.131418363238204,304,195
"80",0.47857308017341,0.172309592998768,304,238
"3917",1.10248084996854,0.215314524903437,304,247
"805",0.67675795893905,0.184770785883367,304,236
"2968",1.41669948062185,0.240850989036775,304,253
"49",-1.30596736271851,0.118724273498721,304,151
"3300",1.49673980615359,0.247729256111352,304,254
"4158",0.564452852789156,0.177569186858338,304,229
"1975",1.13484566363323,0.217832919953383,304,252
"2278",-1.14082031898166,0.118255139672429,304,157
"720",0.380088673642557,0.16658121912302,304,233
"233",-0.195283393214384,0.13918378459673,304,210
"3010",-0.352728519980744,0.133633400897727,304,201
"3114",1.71732196016918,0.267422592275823,304,259
"3593",0.140102968550991,0.153935865641929,304,217
"4666",1.23649994977877,0.225913039596178,304,255
"3378",1.63155746601427,0.25963988762368,304,259
"261",-0.455166915289979,0.130976478292721,304,201
"2715",1.479381298802,0.246225152483942,304,255
"4155",1.83256697327245,0.278123143045532,304,268
"2771",1.48887159946636,0.2470466361685,304,256
"4815",1.1976692269674,0.222796362932455,304,255
"5344",2.16797244940475,0.310742630773484,304,273
"3405",-0.36395843251461,0.13316220411449,304,203
"1355",0.512329255043461,0.174350584870132,304,230
"3973",2.60281723369585,0.355845874548129,304,277
"1847",-0.838570982951606,0.121565138993378,304,175
"1659",-1.16808867584457,0.116588991366991,304,156
"2864",0.40177485866823,0.167813776695463,304,231
"1668",-1.63274288439979,0.116395130237241,304,130
"31",-1.34348750617997,0.117168928686716,304,148
"4271",2.10064309282619,0.304028013402495,304,268
"3651",-0.785719237136681,0.121616501750219,304,185
"4651",0.913129763496849,0.201122398047025,304,244
"4342",-1.14914090500348,0.117737485138411,304,161
"1944",-0.469208921705809,0.130744820358683,304,201
"1656",-1.06897914166286,0.119607781656705,304,163
"3106",0.777453475562484,0.19154530196985,304,242
"4951",1.573387368021,0.254451544022146,304,252
"1315",-0.494793774307085,0.130129699796341,304,197
"33",-1.69833053626197,0.119626911341782,304,118
"4644",0.246540611085149,0.159259489140986,304,225
"1667",-1.53438955781218,0.117882071069872,304,136
"2666",0.410555360291543,0.168317115691935,304,234
"5008",0.952473715824343,0.203993603600268,304,246
"516",-1.20499607769711,0.115570011127553,304,148
"5268",-0.26666105503068,0.137025884634923,304,209
"5382",1.04580903732496,0.210968964915417,304,243
"3678",1.3510999129158,0.235323968967101,304,256
"2624",-0.177775412072727,0.139833254241417,304,206
"2343",-0.899929134032223,0.122076210993457,304,172
"4732",1.37806773531025,0.237583946263151,304,259
"2798",1.43790421110626,0.242658940965623,304,254
"2961",0.458112561836441,0.171091045184971,304,232
"564",-1.83147923181778,0.118354489392378,304,117
"4549",0.657423335453233,0.18350409846429,304,237
"2124",-0.711471547058069,0.125031233596183,304,182
"4365",2.0547761851509,0.299499986744175,304,266
"3003",0.387678541488396,0.167010968270489,304,231
"3566",0.666341824876768,0.184086982950732,304,247
"5015",0.637680947222117,0.182222352198085,304,237
"2211",-0.982314752319471,0.118180497033389,304,174
"4193",-0.208665442878813,0.138734515455703,304,195
"201",-1.16657365233075,0.116673055855023,304,165
"1381",0.92584695879613,0.202045908472426,304,247
"914",-0.0863053197863018,0.143805686765394,304,210
"526",-0.807488209200136,0.121246103156612,304,180
"4174",0.670914035864668,0.184386739239463,304,242
"605",-1.16090526052826,0.117003957897837,304,156
"2785",0.0139737351029359,0.147916081472631,304,217
"4569",2.41250440234814,0.335762322929606,304,276
"2306",0.290891136227749,0.16163431759421,304,228
"2622",-1.49736820669827,0.118682679523281,304,127
"4917",1.29797909175502,0.230922567688099,304,256
"4371",2.84888833615029,0.38245929759019,304,278
"5156",-0.526488988055424,0.128924166844051,304,191
"3444",-0.224637272541727,0.138243917108153,304,209
"3847",1.06165610608881,0.212175813723965,304,245
"3844",0.998462514630973,0.207402006294405,304,249
"2331",-1.07726444514505,0.119807000949839,304,167
"1499",-0.333464831232681,0.134480775720926,304,199
"5121",0.233391031746268,0.158573263867521,304,218
"4306",0.721799628091853,0.187764873479096,304,235
"2752",1.07808540325983,0.21343381781394,304,247
"5107",0.191559895143456,0.15645312217077,304,220
"2628",-0.869892993874354,0.122163196984629,304,174
"1247",-0.32256751662305,0.134957688008071,304,200
"5115",0.236822178736104,0.158751413899262,304,229
"2677",1.45761408121757,0.244348702944933,304,251
"5321",1.61673962112717,0.258311240604456,304,265
"5371",2.57169823406668,0.352529212771375,304,272
"5152",0.391478288119761,0.167226757548,304,232
"4892",0.771917757076524,0.191165361743045,304,239
"3972",0.128890645964051,0.153390307320743,304,226
"3866",0.191563598163442,0.156453305947057,304,229
"5206",2.74969517141895,0.371654205793352,304,276
"3478",1.19439231557186,0.222535043654371,304,253
"5318",0.79856343339061,0.193002008562196,304,246
"4108",1.38102486169543,0.237832798654756,304,260
"5053",0.0933102387624712,0.151652133908319,304,220
"1955",-0.673508767839987,0.125820518290875,304,188
"590",-1.84132794845615,0.11889901247906,304,117
"1583",0.0389793444759063,0.149042245182629,304,218
"1744",-0.868992301991981,0.122151998752807,304,182
"1504",-0.797130314824563,0.121352609585969,304,175
"2742",2.85370285948305,0.382986107515376,304,279
"1017",1.76380800836004,0.271705883968988,304,263
"4996",0.59628568633701,0.179572760050703,304,232
"3380",0.629385049401434,0.181687263570492,304,238
"1803",-0.573841988318126,0.126796759842073,304,195
"2540",-1.53338881899765,0.117927939201222,304,133
"5018",0.809472078722597,0.193759618722174,304,241
"3758",0.720806102299163,0.187698188407895,304,247
"345",0.100120241392673,0.151985357596409,304,223
"1808",-0.249622549960658,0.137527393333488,304,208
"2465",0.196900280162612,0.156718789713575,304,219
"4475",0.722292369255548,0.187797956672286,304,242
"5149",0.732954139665517,0.188515514342602,304,244
"5128",-0.218869765201738,0.138416296586061,304,200
"120",-1.5650540173895,0.116271436651347,304,129
"2948",0.733032842153675,0.188520823318892,304,242
"4291",-0.132158292983854,0.141784761025834,304,210
"3530",1.7433873472546,0.26981874703521,304,261
"3263",-0.186635952387801,0.139495745376998,304,206
"5327",1.42927708288316,0.241922127026115,304,251
"3884",1.12478944589993,0.21704758475492,304,245
"4859",-0.659223020639044,0.125852931574838,304,187
"1475",-0.527155377024064,0.128894377827023,304,190
"4678",0.375993101653143,0.166350002867344,304,229
"4431",-0.387685938635339,0.132297726467011,304,200
"5232",1.74547100963727,0.270010907865597,304,261
"4665",1.1900563835933,0.222189679778375,304,254
"2062",-1.43641065392799,0.11591690257285,304,139
"4281",1.32139005322803,0.232854052198738,304,257
"1813",0.0304553739279425,0.14865099073715,304,215
"1148",-0.176191765843211,0.139895416590767,304,208
"2429",0.233184778229456,0.158562575694201,304,222
"3143",-0.0422346952896703,0.14560046086593,304,217
"3050",2.40684780836492,0.335173072398399,304,272
"1341",1.16934899910168,0.220546726390606,304,251
"1045",2.00617901481927,0.294744411111401,304,265
"1146",-0.751941223432033,0.12309491728704,304,187
"4071",1.18267924659717,0.221603147817073,304,243
"945",-0.194698722971049,0.139204329011845,304,204
"2689",0.232060723024532,0.158504368171775,304,218
"1050",-0.973626174749316,0.118533990054643,304,165
"1249",-0.917629082170618,0.121534548288277,304,172
"4299",-0.62986624233902,0.125787725994493,304,188
"2795",0.916188112441425,0.201344093352491,304,247
"696",0.240897202636262,0.158963835305499,304,229
"2811",-0.0496626287454019,0.145304612141954,304,208
"4842",0.401992652326697,0.167826230365778,304,236
"5162",-0.253122331820123,0.137426885257818,304,200
"477",-0.616684570169937,0.1258292885222,304,186
"4856",0.0965237298408188,0.151809365475693,304,224
"4704",1.6049845323569,0.257260611192288,304,258
"47",-0.294009000982469,0.136108573774439,304,215
"5063",-0.421177977178631,0.131484309847548,304,191
"5052",-0.102730029880957,0.143097706355884,304,211
"3079",1.53519322367903,0.251085388458922,304,257
"4912",1.13196248710641,0.217607499337605,304,248
"3993",0.171465277394528,0.155463404626479,304,218
"5007",1.3834552659152,0.238037478528871,304,252
"1073",-0.759385547776955,0.122710620853742,304,174
"2519",-1.52235873133727,0.118360414019144,304,131
"5255",1.10687796422577,0.215655120522099,304,244
"1582",0.370860360862606,0.166060875097385,304,231
"1788",-0.989808733740818,0.117957042537999,304,167
"839",-0.530593028516673,0.128738771504671,304,191
"3213",1.41047653222641,0.240322379744625,304,252
"2036",-0.824306673977214,0.121323375823902,304,182
"1846",-1.13438117468526,0.118633563809017,304,159
"1495",0.460613922262669,0.171239222829145,304,240
"4406",0.230553512390438,0.158426430222135,304,221
"4921",2.50972725117253,0.345961283214221,304,275
"1929",-0.245086893792757,0.137656673095145,304,205
"2943",1.25704896882808,0.22757727236322,304,257
"4844",0.877923999963769,0.198588684208793,304,247
"2668",0.65608183042419,0.183416629915792,304,238
"4801",0.131954426213098,0.153539468879274,304,215
"4397",2.33205892118677,0.327427159336033,304,273
"5176",2.33806685025515,0.328046262038337,304,272
"4244",0.999471857603836,0.207477437612321,304,247
"2744",1.12567424576839,0.217116580503236,304,246
"4041",1.00210584954328,0.207674409690241,304,253
"4099",0.133764216604874,0.15362754417088,304,221
"4449",-0.447363945522522,0.131088818033074,304,199
"4280",0.124221597613983,0.153162828753839,304,220
"3381",1.48034635130523,0.246308594522347,304,255
"3980",0.620408823991908,0.181110620078462,304,241
"5201",1.56265106474369,0.253502058174894,304,255
"1721",-0.615877402772254,0.125835022783196,304,181
"5290",-0.143328581637319,0.141285404951425,304,210
"4107",0.427366708761387,0.169288308848977,304,234
"1991",0.455031169133799,0.170908816849657,304,231
"3093",0.852102912828421,0.196751921706584,304,244
"4907",0.982086146003992,0.206181888315002,304,250
"3249",1.16624823231286,0.220301624085707,304,248
"3592",-0.266850720711772,0.137020078458873,304,205
"5010",0.818917141064101,0.194418245822255,304,242
"2128",-1.27855679155567,0.118507258300254,304,148
"5033",0.14587627213058,0.154216563261807,304,217
"2602",-0.784648361610664,0.121648856740712,304,181
"1462",-0.487535618558464,0.130335856780729,304,193
"4978",1.38013630232876,0.237758001837087,304,256
"1470",-0.487268804540937,0.130342923088608,304,193
"3245",1.13504236791244,0.217848306861106,304,251
"5146",-1.10579436438735,0.119797378807304,304,160
"1193",-0.629984378543793,0.125787727928842,304,186
"4321",0.684537065817792,0.185283597544191,304,235
"3041",1.04735111816597,0.211086119202286,304,252
"863",-0.753916896663956,0.12299148470897,304,179
"3296",0.463350074317051,0.171401565750829,304,233
"3225",1.00223894045815,0.207684367160763,304,248
"3915",0.90536574829438,0.200560733692766,304,239
"1575",-0.96035241005775,0.11922040382032,304,167
"2497",-1.23985009177654,0.116711824808283,304,154
"4537",-0.00832523921634291,0.146968320731366,304,218
"4594",-0.418177678561789,0.131538906499986,304,196
"1993",-0.123974746672242,0.142152580440104,304,206
"2255",-0.313784452161358,0.135330376987141,304,203
"2374",-1.52924309007929,0.118107160995878,304,138
"2142",-1.32283636064141,0.118246098058708,304,144
"4429",1.79106127606436,0.274237866369207,304,261
"1092",-0.718847364677045,0.124740742953302,304,182
"4389",2.44796860810886,0.339467206366473,304,276
"2940",0.803503917745997,0.193344718503234,304,243
"5296",0.0741448594217536,0.150717000364897,304,225
"2662",0.665223287653754,0.184013747111335,304,241
"1430",-0.543973900710232,0.128113173894455,304,195
"4861",-0.412696745511316,0.131646683466736,304,194
"4753",1.18038679703539,0.221421157233471,304,252
"547",-1.67426081221043,0.118857203825592,304,132
"3929",-0.147279144561982,0.141110671981002,304,210
"677",-0.470809407249164,0.130714682670434,304,189
"604",0.206808202888009,0.157215272200858,304,226
"464",-0.902834105398643,0.122012744083053,304,176
"2346",-0.556855335885157,0.127512569118915,304,194
"1660",0.0423349641925671,0.149198175170381,304,219
"2493",-1.57171760982658,0.115957361939961,304,131
"4738",-0.254789405392482,0.137378675255281,304,204
"2658",0.564682324637167,0.177583527000617,304,236
"2333",0.476272488727931,0.172171851677711,304,243
"2952",1.74424904286428,0.26989820390922,304,265
"376",-0.562045836788766,0.127280967964436,304,196
"2885",-0.357475964482484,0.133430800570807,304,199
"506",-1.07973592694074,0.119851195974579,304,155
"5038",-0.452622979098336,0.131013859656391,304,195
"1643",-0.596176421187471,0.126119415747219,304,180
"4916",0.881818351958323,0.198867292905064,304,241
"3183",0.17175800083474,0.15547773087724,304,222
"768",-0.403222701473714,0.131860880159167,304,200
"4232",0.0882695142773812,0.151405621326668,304,217
"4056",0.913203358616596,0.201127729879182,304,243
"4144",1.51105725846686,0.248974973886568,304,256
"3540",1.60450600254862,0.25721790564651,304,262
"2218",-0.942084903738996,0.1202891116532,304,173
"379",-1.73367963027347,0.119222933932366,304,128
"3998",-0.789579314845035,0.121510412133994,304,178
"580",-1.60292036240058,0.115346722179963,304,127
"2887",2.29632947169156,0.323756963528595,304,269
"3458",1.3871198916864,0.238346360799334,304,252
"2926",-0.930315352907957,0.120942507448962,304,163
"563",-1.35296771432232,0.116583988024563,304,146
"3723",0.602764033717443,0.179984078204917,304,239
"2471",-1.03272232699508,0.118295302210746,304,166
"145",-1.63964034426008,0.116799582193218,304,124
"4493",1.33196649706394,0.233730924048714,304,252
"3111",1.40673900386244,0.24000532584721,304,255
"1844",-1.08785787747547,0.119940171611928,304,162
"161",-2.53880280226803,0.136499098638792,304,74
"5091",0.313352420325664,0.162863026767866,304,225
"4855",-0.376642256489413,0.132673249262538,304,207
"1985",-0.170407335445303,0.140126946434782,304,204
"5130",0.071011701091567,0.150564981170963,304,219
"2477",-1.56573850126149,0.116237353767556,304,137
"3038",-0.114826436650068,0.142562426152827,304,216
"2551",-0.817886241374438,0.121261132337551,304,177
"709",0.245676534644679,0.159214111529093,304,223
"239",-1.61302466368495,0.115537338689716,304,127
"1716",0.378211407007,0.166475180027536,304,235
"5155",-0.316623672946494,0.135211400506743,304,199
"1078",-0.0320738748553773,0.14600527516356,304,219
"4524",0.525609865944459,0.175163232842933,304,231
"1957",-0.755729014308062,0.12289739412318,304,178
"4521",1.03055392674757,0.209813323847013,304,251
"4720",1.60359374241452,0.257136506452828,304,260
"2762",0.320763312548264,0.163271139004473,304,222
"3965",-0.0304774920567764,0.146069072911305,304,215
"3800",-0.273304434535828,0.136818528251145,304,209
"878",0.0323516712872169,0.148737405385422,304,216
"3467",0.9402349407033,0.203096001795989,304,248
"1970",-0.713015977895816,0.124973836785723,304,176
"445",-1.05630268723636,0.119185815157531,304,169
"5166",0.665208846718955,0.184012801842995,304,241
"3435",1.67334037931539,0.263411877114795,304,261
"3693",1.23940585604257,0.226147760794706,304,252
"2839",0.467576533930404,0.171652855162574,304,234
"1501",-0.718320961959445,0.124762805474813,304,186
"3974",0.134914157055537,0.153683495095153,304,215
"1496",-0.966678606876173,0.11887578754837,304,172
"2514",-1.47950611753068,0.118277726086883,304,138
"127",-0.695658079069605,0.125505065255659,304,186
"4395",-0.339934390579083,0.134194334926198,304,209
"4330",0.43515457653953,0.169741665803509,304,231
"1093",1.31286287848408,0.232149017456408,304,251
"4008",0.0582649684043603,0.149950997676697,304,217
"4841",-0.241183870802344,0.137767530594771,304,206
"3009",0.54065431130188,0.176090016635584,304,234
"2003",-0.306683942349132,0.135620547342311,304,200
"4874",0.884546242307392,0.199062697977959,304,246
"4030",0.0807639972571507,0.151039161417845,304,215
"5032",-0.391271846778477,0.132187198607991,304,197
"2122",-0.878349123674161,0.122234770427042,304,173
"1061",1.06915227415368,0.21274894250662,304,248
"4897",1.03344595594571,0.210031944666378,304,249
"4830",0.614613461388798,0.180739596119847,304,241
"3846",1.59614574782629,0.256472616639637,304,259
"3509",2.18199875910891,0.312151364735152,304,265
"3736",-0.187365354353725,0.139468760149833,304,209
"2844",0.164894006381589,0.155142315168297,304,221
"2397",-1.2009151316731,0.115563179076608,304,151
"2243",-0.253365563268732,0.137419866290116,304,212
"561",-1.34158370019067,0.117282947962319,304,152
"2240",0.032938015769628,0.148764199395568,304,220
"4233",0.563872174504627,0.177532905765774,304,233
"3839",0.451946338414367,0.170726729548838,304,234
"4211",0.372360853240909,0.166145325772606,304,230
"2845",2.32988054337024,0.327202820803463,304,268
"3194",1.06948653063989,0.212774532088416,304,249
"3619",0.290834052542072,0.161631212767464,304,223
"5092",0.493965105346478,0.173235704711055,304,235
"4120",1.05128849265007,0.211385526086989,304,252
"531",-0.273281312917991,0.136819265038398,304,207
"5236",1.64222380825141,0.260599230876035,304,263
"4080",1.57917580356552,0.254964510365405,304,257
"4344",-1.02971604414901,0.118196851150188,304,165
"3450",-0.178437948014245,0.139807409417909,304,211
"1766",-0.50574308649872,0.129766969411858,304,199
"297",-1.17330699559035,0.116317425819365,304,158
"4135",1.52894728403974,0.250538002191619,304,267
"3594",0.256859983297716,0.15980435938427,304,226
"3778",0.605009189515724,0.18012691189044,304,244
"4564",1.62788202203759,0.25930988375885,304,263
"4474",0.388973752224516,0.16708447459949,304,235
"2611",0.522868161234331,0.174995039866495,304,235
"1706",-1.78667177588608,0.117402247984494,304,123
"2103",-0.653982333604498,0.125844350366114,304,185
"5211",1.77866348197633,0.273084146701272,304,268
"1697",-0.672465163549811,0.125826563025911,304,187
"4642",0.971787830694148,0.205418233392504,304,245
"1370",-0.0318272175846385,0.146015127322971,304,210
"4656",-0.00192433019655878,0.147235201541193,304,212
"5122",-0.469611370967363,0.13073732835822,304,194
"3827",-0.306009821198058,0.135647503891733,304,203
"4004",0.92974409629954,0.202329787972352,304,251
"202",-1.32126315928961,0.118308747995985,304,140
"5285",0.984671148446601,0.206374014450341,304,238
"1142",-0.674309216607577,0.125815417933333,304,186
"4323",0.96304385689655,0.204772041125521,304,256
"4947",1.67483901528229,0.263547863030843,304,257
"420",-0.669925602675928,0.125838530952752,304,190
"4456",0.916456920326403,0.201363590944084,304,249
"485",-1.19136801738494,0.115672174803222,304,152
"4799",0.109801519062629,0.152458901143745,304,221
"4575",-0.114091570516167,0.142595203149942,304,214
"4809",-0.0329520387513604,0.14597021324374,304,211
"4590",-0.304823358918803,0.135694685162726,304,208
"1971",0.960533792105878,0.204586918470867,304,253
"5379",1.26616250580071,0.228318642676829,304,254
"733",0.353179223987798,0.165069948355197,304,228
"3339",1.28916537628618,0.230198801091607,304,256
"3343",0.0438721017169953,0.149269940115256,304,216
"2676",0.914772572893193,0.201241451475011,304,244
"3731",1.148612686784,0.218912171463784,304,253
"1418",-0.261091618633544,0.137193780296777,304,205
"1863",0.867593175424882,0.197851612052126,304,240
"2985",-0.114547482761836,0.142574871466894,304,210
"2269",-0.738002429531754,0.123828704035636,304,184
"5199",-0.0165592249211398,0.14663026277304,304,209
"1038",0.069270879123636,0.150480677279923,304,217
"3387",2.09444018983949,0.303413439658327,304,266
"2954",1.66831418004478,0.262956150916581,304,256
"970",1.09201111787277,0.214505528764332,304,248
"2703",1.38685441290652,0.238323973720587,304,254
"3136",0.327370167359729,0.163635978436781,304,232
"1924",-0.0372313973146464,0.145799613937457,304,216
"5124",-0.170921403711208,0.140106094592372,304,208
"2154",-0.27464909431646,0.136775485944204,304,209
"630",0.558383947640543,0.17719046700362,304,239
"2453",-1.0196621674035,0.117929517520457,304,160
"2756",1.09146201062955,0.214463176247951,304,254
"4157",0.487264784231562,0.172831595696965,304,233
"4195",0.777736841254447,0.191564773610746,304,238
"4854",0.423751851430287,0.169078626173765,304,235
"1646",-0.603099876323254,0.125986131349815,304,176
"4378",1.92256077621251,0.286665802864361,304,263
"675",-0.246270984127359,0.137622995379164,304,204
"5258",0.642050896433876,0.182505049667089,304,241
"3672",1.05825073623018,0.211915928914736,304,251
"2729",1.87465576237377,0.282098453887588,304,264
"3649",-0.742288999456647,0.123604817214323,304,188
"2019",0.109184268384231,0.152428726355474,304,219
"812",1.23810905408306,0.2260429876965,304,250
"2234",-1.13513738899641,0.118590592070286,304,155
"1434",0.658211680849211,0.18355552539547,304,238
"4270",0.0438407850175892,0.149268475965385,304,215
"2340",-0.708406413485371,0.125139486683711,304,187
"3589",1.52946094022995,0.250582985491273,304,261
"5178",0.220051481652182,0.157886907184807,304,220
"3438",0.582008257217827,0.17867055645632,304,235
"1926",0.249641278185771,0.159422642109686,304,221
"1866",-0.110022579715025,0.142776150658501,304,209
"4241",2.04153232955126,0.298199658121018,304,263
"3625",1.54201855065194,0.251684546496137,304,256
"53",-1.25049716150991,0.117272002748359,304,156
"4368",1.25780736327225,0.227638889723748,304,259
"337",-1.45770622276666,0.117201120513392,304,132
"3426",1.67519780770464,0.263580426889144,304,262
"2341",0.390480512059747,0.167170050795993,304,230
"1265",-0.747332628923714,0.123338248770433,304,179
"4161",-0.890079303053409,0.122215269081002,304,177
"1945",0.292884731049684,0.161742813092713,304,229
"3449",1.77998894999844,0.273207342044536,304,260
"3706",0.236794990217984,0.15874999967651,304,226
"2821",0.463860937884412,0.171431906154349,304,229
"3014",0.758127788007498,0.190222629255846,304,239
"1471",-1.10624139437516,0.119787622989259,304,160
"2398",-0.645119939877868,0.125818818972738,304,178
"2667",1.58116048373349,0.255140560862683,304,258
"65",-1.24921246940476,0.117203992684152,304,155
"4526",1.2588607768898,0.227724499660924,304,258
"4541",-0.142628590329197,0.141316495933476,304,204
"756",0.14329164742455,0.154090904315057,304,220
"576",-1.68250456027279,0.119212139611009,304,125
"3315",1.32281365913222,0.232971925793478,304,251
"3647",1.33687715536789,0.234138958788634,304,251
"1724",-0.105129823583244,0.142992321801672,304,213
"3914",0.422809921575547,0.169024066296285,304,236
"3207",0.0468144309866617,0.14940787396006,304,219
"2129",-0.913627950258954,0.121688503563334,304,170
"967",1.10565331984891,0.215560211620991,304,253
"866",-1.36664912209734,0.115766575433471,304,140
"4673",0.866300468755493,0.197759587541394,304,244
"4208",1.04159195768795,0.210648900502327,304,249
"4942",1.27250253574451,0.228835577307286,304,253
"2192",-1.65164772653585,0.117554084338009,304,129
"1360",-0.177906576028598,0.139828130065469,304,213
"4822",0.118817201170792,0.152899251645607,304,219
"3350",1.19672724934008,0.222721217214265,304,255
"3700",1.41686446520664,0.240865015867055,304,251
"2143",0.199124187989912,0.156829809213426,304,232
"679",-0.131629513996884,0.141808513974684,304,212
"741",-0.246123475714831,0.137627192908422,304,203
"4690",0.429883222968246,0.169434561204185,304,222
"4675",2.19023891873486,0.312980534088748,304,266
"2922",0.881925706160462,0.198874979087837,304,255
"4780",0.144133696826572,0.154131843184407,304,215
"1350",-0.456494364777677,0.130956566459715,304,200
"4995",1.84056189088889,0.278875538725425,304,258
"671",-0.506767334093731,0.129729895457555,304,200
"1801",-0.346250273956382,0.13391555649875,304,202
"1839",-0.800513714180561,0.121303847170598,304,178
"5304",1.08221782733961,0.213751328876295,304,251
"761",-0.10016393412045,0.143209883736536,304,211
"3091",-0.320403262170988,0.135050734522868,304,197
"5360",1.17150367313451,0.220717185041801,304,252
"3139",1.56782344071652,0.253959169566296,304,259
"4903",1.64628542201004,0.260965182535905,304,260
"663",-0.00971157403981177,0.1469110118997,304,222
"3406",1.07436692195854,0.213148485057707,304,253
"4576",0.102997125825203,0.152126122377912,304,218
"4316",-0.478471416186573,0.130556589668636,304,192
"221",-0.814261730030982,0.121242973252553,304,183
"342",-0.745497387885518,0.123435413866983,304,173
"70",-0.812073387984016,0.121238528346078,304,178
"2546",-1.02032911113326,0.117943774861343,304,168
"975",0.790273658486707,0.192428488711442,304,242
"1815",-0.407532972933945,0.131758784111521,304,197
"4127",0.189419630163981,0.156347000831577,304,228
"5284",0.403605371630796,0.167918496239437,304,239
"4741",0.999016752391078,0.207443422888368,304,248
"3334",1.68962788285792,0.264892366927099,304,259
"515",-0.854590718240588,0.121904611726856,304,175
"3724",-0.346167137901279,0.133919208670655,304,202
"5213",2.32650318835223,0.326855152232813,304,267
"491",-0.976585697320112,0.118403323282148,304,175
"2053",-0.82331059206042,0.12131140656158,304,181
"2721",1.63835760540977,0.260251216192988,304,259
"2995",1.76763628813183,0.272060629011258,304,263
"3045",-0.337573177197061,0.134298924220896,304,208
"3780",0.689614314777695,0.185619273655093,304,247
"4063",0.25429483030793,0.159668422347004,304,232
"273",-0.872742206162675,0.122194345098445,304,175
"582",-0.826334791774753,0.121350128486086,304,180
"4125",-0.0120986209324527,0.146812719689445,304,215
"251",-1.34566569810923,0.117036460701299,304,144
"804",-0.201946058288569,0.138955184099729,304,217
"5117",0.885368971755414,0.199121671908676,304,244
"2959",1.9952423369932,0.293680237811913,304,262
"2015",1.41562268531129,0.240759456395832,304,256
"4910",-0.101778711750732,0.143139356424694,304,219
"475",-1.10184979290822,0.119870419500404,304,158
"1531",-1.0081456678427,0.117778087799781,304,165
"5297",-0.244864311726469,0.137662999899856,304,205
"4308",1.34926426460526,0.235170758215313,304,257
"3433",0.435768882790632,0.169777520944012,304,227
"5097",0.649193790461333,0.182968374625508,304,240
"2098",-0.791031985746723,0.121474867309236,304,176
"4754",0.00843773901973786,0.147675915889038,304,212
"1616",-0.253447980524248,0.137417486841627,304,203
"3494",1.71673962157549,0.267369221335294,304,265
"3085",0.523585408228602,0.175039018967919,304,240
"4018",0.396552543631345,0.167515623265131,304,234
"4744",0.816701574431185,0.194263527277114,304,239
"652",0.328976016354736,0.163724794492443,304,232
"5017",0.579601850149878,0.178519069085249,304,231
"4303",1.92085379389016,0.286502284599653,304,266
"2438",-0.876445714991692,0.122224336153058,304,169
"1321",0.633694405780528,0.18196496020288,304,235
"66",-0.812063785364486,0.121238520054346,304,184
"2127",-0.667603274804843,0.125846281826769,304,181
"2555",-0.432120854498369,0.131306350967493,304,204
"786",-0.627622733208877,0.125788755477855,304,189
"2950",2.77914863295992,0.374852516147455,304,277
"3762",1.36892280873711,0.236815663920642,304,256
"2669",-0.814080292226858,0.121242413512752,304,183
"2679",1.20319679228991,0.223237762174876,304,259
"1402",0.0299747675128065,0.148629148178595,304,217
"2925",0.115245686877527,0.152724901929963,304,215
"3084",0.377872987922909,0.166456074561306,304,227
"4719",1.14358017138562,0.218517101128266,304,250
"3448",2.13020439260149,0.306966302226459,304,262
"3065",1.01735859894862,0.20881858958351,304,244
"5116",0.163742640336727,0.155086146409441,304,220
"4177",-0.0931219402235654,0.143514815006048,304,211
"3173",0.707492140944089,0.186807328382091,304,234
"4067",0.937348837899977,0.202884916646624,304,246
"985",0.871078054395152,0.198099920228858,304,243
"3229",-0.226554932760696,0.138187560135917,304,211
"3356",0.652623513394505,0.183191392450844,304,233
"831",0.279452510439045,0.161014281548686,304,234
"3354",0.815148789997145,0.194155173439813,304,248
"432",-0.305959905214699,0.135649495640887,304,200
"1799",-0.818346663681761,0.121264361469712,304,176
"4376",0.98768071697531,0.206597917528293,304,246
"4781",0.490302399214608,0.173014618751685,304,233
"3745",-0.232197777631747,0.138023907009276,304,214
"1674",-1.09121594198515,0.119950004162205,304,159
"285",-1.26459172786933,0.117976483255372,304,155
"2636",-0.7674893224232,0.122318384841468,304,166
"2571",-1.08470594439563,0.119916300962827,304,163
"3255",2.51380191557473,0.346391578471092,304,276
"5154",-0.28422427887852,0.136457181557434,304,206
"4911",0.80110293012278,0.193178082974162,304,245
"2856",0.339023062011577,0.16428168982333,304,224
"5039",0.82697677620724,0.194982215650255,304,240
"2297",-1.22157898280401,0.115907536234929,304,148
"5061",0.554445457443122,0.176945246329909,304,237
"3793",1.18228104889991,0.221571526765545,304,254
"3524",0.816008530979068,0.194215158217809,304,245
"1862",-0.0283127109053072,0.146155728246672,304,214
"2385",-1.71550791417189,0.119643994827154,304,123
"4793",0.6818401109974,0.185105604612597,304,244
"5023",0.0328123429133962,0.148758453633778,304,213
"5094",-0.407131568169717,0.131767956470308,304,193
"1065",-0.374944741355198,0.132735392109612,304,197
"4139",0.0189814758254982,0.148136238874542,304,213
"4149",-0.79357645253816,0.121418519854212,304,177
"2709",0.831783705953976,0.195319433546877,304,246
"3735",0.492733574995769,0.173161319402583,304,240
"622",1.00432733319425,0.207840675279961,304,250
"4373",1.2391939380373,0.226130636408063,304,251
"2156",-0.957761915361298,0.119368027352359,304,173
"637",0.30447647188397,0.162375909393586,304,230
"276",-1.68039594372419,0.119129612733727,304,122
"5165",0.00863510666252574,0.147684420603211,304,218
"1549",-1.19151188246501,0.115669249636798,304,149
"2443",-0.348355967531762,0.133823279664525,304,205
"4423",0.930942853878691,0.202417191356861,304,245
"4207",-0.0682728881998981,0.144555005170795,304,210
"2257",-0.810817981508129,0.121238290803429,304,177
"4734",0.356287435211012,0.165243610007657,304,228
"2909",0.42654700421689,0.169240719749364,304,229
"4248",0.550284870331184,0.176686671186815,304,234
"2356",-1.0460103661121,0.118789375363956,304,165
"2059",-0.587632591573316,0.126335498649351,304,190
"3268",-0.181477552293451,0.139690080443764,304,207
"3791",-0.398433052865291,0.131983908212973,304,195
"4612",-0.553643024510722,0.127659793843791,304,196
"2789",1.79417657771074,0.274528266856272,304,258
"4209",1.19309556122222,0.222431706416218,304,245
"4236",-0.314424427591327,0.13530369634408,304,198
"1657",0.0679686443095673,0.150417695025256,304,215
"3635",1.84297231077479,0.279102633676804,304,265
"4499",1.41423354909596,0.240641412926664,304,256
"2308",-0.95472775578021,0.119544204490542,304,164
"4340",0.243974785491994,0.159124857754093,304,220
"3043",0.233185125153146,0.15856259366999,304,223
"2137",-1.27358012173013,0.118344441878804,304,154
"282",-0.95837829523056,0.119332635066128,304,170
"144",-1.86636965571867,0.12037264205498,304,114
"5183",0.142509728626144,0.154052888156402,304,223
"2149",-0.381754254317209,0.132493031459603,304,200
"361",-1.6212847114941,0.115828803572848,304,129
"60",-1.08371826232615,0.119905986010479,304,167
"550",-2.22830801939875,0.126183934908044,304,84
"792",0.16986234335701,0.155384992354356,304,221
"95",-0.780316585937387,0.121792110944437,304,181
"5003",0.585125044844542,0.178867009271866,304,235
"3235",1.15667789421409,0.219546641325181,304,251
"647",-0.611344179172636,0.125875261728968,304,196
"5208",2.28553650917234,0.322652256738817,304,272
"889",-0.775381812424863,0.121977937579877,304,179
"1634",-0.79468694085266,0.121396314291954,304,176
"4254",1.26116155886352,0.227911575501569,304,258
"2960",-0.636916603271665,0.125795968482235,304,191
"2962",0.975070008029789,0.20566131372094,304,245
"1654",-0.504192289180646,0.12982209887818,304,191
"744",-0.0632833283435106,0.144757808146512,304,214
"1330",-0.784932644193736,0.121640146317476,304,184
"2869",0.466980182206526,0.171617360085862,304,239
"2076",-0.831479984113701,0.121430783154215,304,178
"4890",0.684893646248061,0.18530714731787,304,245
"4777",0.998650405123692,0.207416045908411,304,247
"1111",1.15101022114643,0.219100609563344,304,248
"3127",1.04875084922783,0.211192512103949,304,248
"2361",-0.91474513236684,0.12164726926122,304,169
"1873",-0.0341610937519455,0.145921973682963,304,212
"4352",1.6743668555734,0.263505014186909,304,262
"479",-1.32693152176475,0.118067703589143,304,150
"2217",0.701927160791316,0.186436501761851,304,241
"4589",-0.432184001860685,0.131305400922524,304,201
"1145",-1.02600204597159,0.118085885804527,304,162
"1967",1.19547700348541,0.222621513397941,304,245
"2139",-0.744074613787422,0.123510651966189,304,180
"4667",1.71988309266389,0.267657402954554,304,260
"3327",0.0834324949623429,0.151169341493363,304,219
"3261",0.545386176271279,0.176382848618223,304,231
"2295",-0.737398101604587,0.123859924945125,304,182
"2725",0.967136072735345,0.205074209447485,304,252
"4200",0.850700782552152,0.196652706987785,304,246
"4275",1.2494879732095,0.226963725978857,304,250
"3125",1.12602276232015,0.217143762872197,304,251
"1326",0.553123659338621,0.176863045490646,304,235
"5020",-0.896413427812723,0.122139281761204,304,169
"1208",0.270337960348936,0.160523591121609,304,219
"4293",-0.122197876441318,0.142232382354806,304,215
"4637",0.17449095329965,0.155611592856673,304,217
"164",-0.818656651753839,0.121266648671843,304,179
"5288",-0.00805021164140882,0.146979710007169,304,224
"1670",-1.66255448678516,0.118226037677165,304,125
"3701",0.87791956354654,0.198588367056515,304,246
"4272",0.658220448421702,0.183556097445042,304,236
"4401",0.847491499990149,0.196425822035418,304,239
"1120",-0.765725471759733,0.122400618203094,304,178
"3158",0.480176014053287,0.172405670493451,304,235
"3248",0.759135728985807,0.190291354814346,304,239
"4332",0.700730658546495,0.186356890910892,304,242
"4390",2.31375825198973,0.325544777010722,304,270
"2061",-0.573787221331256,0.126798839409933,304,193
"3211",-0.977278384078479,0.118374198628993,304,171
"1732",0.596383359426676,0.179578952364429,304,240
"4542",0.579735928782807,0.17852750521871,304,233
"1304",0.197685562525999,0.156757964971676,304,222
"3130",1.80792424741397,0.275812156956138,304,269
"1123",-1.17961654362507,0.116034102295926,304,157
"2631",0.352384262320361,0.165025567249152,304,227
"1239",-0.410498615232788,0.131693088625022,304,200
"3918",-0.267146198028155,0.137011020606962,304,205
"2758",1.39927192947355,0.239372865528657,304,254
"1490",0.393538522811193,0.167343944581823,304,234
"2815",1.50159489821561,0.248151165391095,304,257
"3122",0.225589248040971,0.158170628263462,304,228
"3377",1.10789238077311,0.215733765750311,304,248
"4880",1.76831748314923,0.272123783232385,304,259
"2931",1.52193981319034,0.249924914208306,304,254
"2688",0.58902155679288,0.179113000071545,304,236
"4960",0.754668527922289,0.189986980391482,304,242
"762",-0.635591448795357,0.125793322683625,304,181
"2659",0.475925757202102,0.17215110780737,304,233
"2600",0.563864301735651,0.177532413936147,304,240
"3639",0.815265607296298,0.194163322669846,304,249
"4374",1.26102310257834,0.2279003140416,304,254
"3034",0.0293733688026149,0.148601849646182,304,217
"3410",2.14601910303081,0.308544551816621,304,273
"1349",1.0014211313256,0.207623188420007,304,249
"5064",1.23610978545853,0.225881540201384,304,254
"75",-1.29045753196505,0.118751825424244,304,156
"2183",-1.05206425461885,0.11902512569914,304,162
"1223",-0.824366615821499,0.121324121302957,304,181
"1444",0.969902905606427,0.205278763396675,304,249
"3699",2.35556325812427,0.329852389878948,304,272
"4982",0.199440002869505,0.156845594117379,304,222
"3221",0.772401551383111,0.191198532470759,304,247
"794",-0.0322006574872715,0.146000211826211,304,220
"2012",0.449652281201139,0.17059154337484,304,232
"2912",1.07543670942243,0.21323053752178,304,247
"4391",0.849178395161485,0.196545044193945,304,242
"2223",-0.370929266651199,0.132886664205783,304,202
"4547",0.669184310120804,0.184273263510932,304,240
"1124",-0.363397291037736,0.133185024944037,304,199
"1292",-0.343840444680248,0.134021648911014,304,199
"1472",-1.3343954200808,0.117692287521402,304,146
"3624",1.08270674099032,0.213788922988738,304,246
"3849",-1.21350384840598,0.11568441541026,304,161
"1553",-0.413490057522027,0.131630397762801,304,192
"4701",-0.776420646665595,0.121936937031751,304,181
"4249",1.70849756365222,0.266614607620735,304,260
"3152",-0.96362972701271,0.119038620644458,304,171
"3588",1.03918208662051,0.210466204555576,304,251
"5173",0.0881660482596885,0.151400563866191,304,217
"848",1.97148339991225,0.291376188139412,304,266
"3821",-0.220458326040828,0.138368346425604,304,207
"5351",1.01514516109656,0.208652172601909,304,244
"2165",-1.31081232421115,0.11863273649981,304,149
"2865",0.925648906635928,0.202031492662885,304,244
"4878",1.79388746558961,0.274501308202109,304,262
"1733",-0.542150382074394,0.128199345278952,304,190
"3163",1.21917309537967,0.224517763231493,304,254
"2078",-1.14571399888676,0.117953052661543,304,164
"382",0.507893939690131,0.174080361935246,304,237
"3436",-0.379023756984359,0.132587970781021,304,192
"2045",-0.971636564250523,0.118627168415473,304,163
"2068",-1.00587687168047,0.117771252349237,304,160
"1417",-1.20806405802798,0.115595980736854,304,152
"4130",-0.337089356082695,0.134320357035999,304,192
"4679",1.62488874617305,0.259041345322804,304,257
"5002",1.94848768520671,0.289156376136336,304,267
"3033",0.104808965529314,0.152214759432974,304,216
"429",-0.146050149767861,0.141164886655176,304,214
"4292",1.28238445361719,0.2296432327335,304,260
"790",0.586961167320446,0.178982871264106,304,234
"919",-0.306640508113361,0.135622287406954,304,196
"1197",0.362374453641172,0.165584349550526,304,230
"1822",0.0280224104176057,0.148540665182365,304,222
"1894",1.46264161628602,0.244781144664869,304,257
"3411",0.344816527808014,0.164603769633838,304,224
"1703",0.330875631306652,0.163829927427492,304,225
"746",-0.327600668368019,0.134738858057622,304,207
"2181",-1.38903207986037,0.114852314032124,304,136
"2252",-0.78544128613897,0.121624779867719,304,178
"4328",-0.0916930664251571,0.143576143127544,304,207
"2663",0.739896824692955,0.188984523517301,304,242
"424",-0.905942362200406,0.121933509489691,304,172
"629",0.734010561130182,0.188586791389138,304,235
"3464",1.42687383476123,0.241717178795887,304,262
"5001",0.758016476986933,0.190215041367035,304,240
"2776",-0.802632743221178,0.12128025385678,304,180
"4185",-0.316345247556425,0.135223135991548,304,198
"3775",0.422430515469138,0.169002098785185,304,236
"195",-0.71037361020757,0.125070884287524,304,187
"4253",-0.130878213256014,0.141842270929259,304,208
"2231",-0.609451206203806,0.125896286635647,304,179
"5080",1.19850168417296,0.222862789944365,304,254
"1694",-0.870993924083444,0.122176020215496,304,179
"984",0.994831754312598,0.207130889258405,304,247
"4645",1.15000894399658,0.219021895062351,304,253
"2173",-1.0626163187075,0.119409987362572,304,169
"731",-0.424791659436903,0.131422204135911,304,190
"25",-1.73681988061115,0.119115411361153,304,122
"311",-1.85763071442942,0.119872090503022,304,107
"3456",0.568776526368902,0.177839631049459,304,232
"1595",-1.40885446619175,0.114803839594462,304,142
"2769",0.0701041240927671,0.150521014215082,304,225
"2191",-1.59937582452952,0.115326611241208,304,129
"1273",-0.0875521807518925,0.143752804716361,304,215
"5330",-0.448416688571474,0.131073989010391,304,198
"4231",0.0597531060335361,0.150022234295255,304,216
"1885",-0.263605087858436,0.137118606324445,304,208
"4047",0.695342747204832,0.185998922708476,304,242
"4203",0.12467120263342,0.153184742968141,304,219
"336",-1.90225740505443,0.121720007742969,304,105
"1717",-0.805181324139712,0.121258904458286,304,174
"168",-0.60746590906026,0.125921127369435,304,189
"1542",-0.616558576644307,0.125830156155639,304,191
"1373",0.65419569783114,0.183293742733976,304,237
"5129",-0.267360494846896,0.137004441743288,304,203
"4632",0.963864390657135,0.204832593539262,304,241
"2280",-0.919687445042833,0.121448744680119,304,171
"1824",-0.737398758236614,0.123859891077353,304,180
"4699",1.18841037026612,0.222058693911123,304,244
"96",-1.59084150298952,0.11537890001323,304,130
"1037",0.490753255294206,0.173041809553122,304,233
"1693",-1.1110094684116,0.119665136294303,304,165
"3988",-0.763678907143458,0.122498396543873,304,178
"603",-0.818462653122849,0.121265206673654,304,165
"4797",-0.0115827003827681,0.146833923734905,304,218
"7",-1.68704944892631,0.119369153841689,304,113
"778",-1.0062725178053,0.117771867663914,304,168
"3424",0.726476988097653,0.188079199355938,304,234
"1100",0.294054718080302,0.161806541705747,304,223
"3960",-0.398047039376311,0.131994272113154,304,201
"2121",-0.870052192715965,0.122165110822213,304,177
"467",-1.08146984116052,0.119877606790375,304,161
"887",-0.23922808229698,0.137823094480424,304,204
"196",-1.47615907777989,0.118147486568345,304,131
"1856",-0.982253482049514,0.118182653676677,304,165
"5246",-0.602179962923488,0.126001686546549,304,190
"4262",0.366929531020066,0.165839915505895,304,228
"2510",-1.53222817316305,0.11797991959466,304,131
"3055",0.306212648152428,0.16247104064281,304,228
"838",-0.507614216065622,0.129698847559795,304,197
"1168",-1.1173457395175,0.119451928225987,304,156
"750",-0.275715739271084,0.136741067123794,304,198
"1883",-0.0890383404593662,0.143689584435263,304,214
"1746",-0.346744342621824,0.133893865187201,304,201
"3187",1.83828220889515,0.278660868504893,304,262
"5325",0.588359488951022,0.179071172293447,304,234
"1765",-0.820417488703251,0.12128133051912,304,177
"86",-0.814674356592327,0.12124437290995,304,174
"302",-1.71395666949514,0.119660544862696,304,128
"1590",0.623058320754376,0.181280576257772,304,245
"1474",-1.05087581536978,0.11897917473053,304,161
"1946",0.210889366283422,0.157421237058301,304,230
"123",-1.09597892799249,0.119935441286581,304,163
"2590",0.198884737626136,0.156817844322586,304,225
"386",-0.350720374680441,0.133720274132349,304,209
"554",-1.19655173803998,0.1155913526039,304,162
"1673",-1.73573595352676,0.119153414574429,304,124
"4381",1.30594936602878,0.23157867392016,304,256
"868",0.044721481159639,0.149309683296429,304,221
"5293",-1.08951572726131,0.119947069820974,304,166
"5105",-0.768383118453696,0.122277491744665,304,185
"2569",-1.43655827285802,0.11592535645205,304,139
"92",-0.96668750062271,0.118875322675516,304,165
"3104",0.557599081792693,0.177141564412149,304,240
"608",-0.933324623079196,0.120782789769511,304,175
"1865",-1.09133502285109,0.119950051018752,304,159
"4847",-0.0513359371951487,0.145237825430438,304,217
"2284",-1.26402618917753,0.117950655434371,304,151
"4839",0.0442947104882351,0.149289706609001,304,218
"2151",-0.429731939381689,0.131342833015504,304,197
"2774",-1.17429693566649,0.116269454933702,304,161
"257",-1.35183922012413,0.116654205109512,304,144
"2817",0.676873390692926,0.184778382079378,304,238
"3487",0.0434039472166967,0.149248061340034,304,221
"3634",0.220167860207131,0.15789285203806,304,229
"2516",-0.476120381529418,0.130607675575901,304,199
"37",-0.961015455146554,0.119183135308928,304,163
"4467",-0.539931341799081,0.128304081424521,304,190
"3528",0.0333653881210664,0.148783750760248,304,219
"1686",-0.300932737357853,0.135846992178267,304,202
"800",-0.458975949790311,0.130918451289475,304,197
"4430",1.15080986904208,0.219084857054937,304,253
"890",-0.133399111976615,0.141729046105251,304,218
"291",-1.59098929097603,0.115376807973196,304,132
"748",-0.432190613601445,0.131305301489694,304,197
"226",-1.93050573009302,0.12171553936709,304,113
"1820",-0.156010768300964,0.140730147068347,304,211
"1695",-1.59221793415564,0.115361002490465,304,129
"1138",-1.15603713739103,0.117303112254618,304,154
"4486",-0.637291629167733,0.12579679061212,304,190
"1818",-0.892517323083633,0.12219169232388,304,171
"594",-1.76778464177646,0.117891804798174,304,132
"607",-0.948545045994844,0.119909033891995,304,175
"3853",0.744017966296412,0.189263575169733,304,241
"3126",1.86636805566713,0.281312880015143,304,265
"4791",0.147863079041246,0.154313160614758,304,222
"504",-1.2409858146963,0.116770352475505,304,148
"2069",-0.51505608234317,0.129411277579538,304,195
"1346",-0.056290601357608,0.145039538984753,304,219
"4795",1.12862451930411,0.217346782332426,304,247
"2643",-0.00680247349565946,0.147031465744818,304,206
"3532",1.26488914594455,0.228214936313634,304,255
"4658",0.7551018577613,0.190016480842785,304,242
"4650",0.336203960842407,0.164125219410062,304,228
"3160",1.20465261485104,0.223354140956161,304,253
"2034",0.462325297915251,0.171340731848817,304,238
"1240",-0.455042659070393,0.130978326837091,304,193
"3090",-0.159261634829476,0.140590977040357,304,202
"875",-0.960275823359255,0.119224723243991,304,166
"40",-1.82158270403881,0.117893932293076,304,118
"1990",0.224304571592578,0.158104656062557,304,223
"4315",0.0093610070503909,0.147715736588541,304,225
"3712",-0.38230427228955,0.132474283777418,304,201
"665",0.139757464630224,0.153919065012143,304,225
"2559",-0.459669259054514,0.130907571603211,304,196
"349",-1.11660738218365,0.119479621261121,304,165
"1675",-0.61936686035801,0.125813159654814,304,186
"1190",-0.564929677882429,0.127156528996961,304,189
"2971",1.74350428861021,0.269829529279969,304,257
"1199",-1.41008185808657,0.114827045335912,304,142
"4718",0.792650460172113,0.1925927301195,304,241
"1611",-0.961733481241772,0.119143043414539,304,163
"2976",0.0338423984481719,0.148805594603406,304,219
"1102",-0.906673215452657,0.121913192393657,304,169
"4501",-0.487570878564221,0.130334920283866,304,195
"4500",0.998747814614541,0.207423324936074,304,244
"1384",0.390421034273833,0.167166671451324,304,240
"3626",0.47699795854677,0.172215267599851,304,233
"574",-2.77659121393549,0.145933396509286,304,57
"2487",0.223441980294461,0.158060411291339,304,226
"4657",0.915922098450903,0.201324800335414,304,246
"2693",-1.02815262435972,0.11814859126348,304,168
"2449",-1.12539301079484,0.119105121907603,304,153
"113",-1.46105613535197,0.117395210827136,304,138
"4973",0.00109760855379988,0.147362579136686,304,225
"2757",1.57472514563651,0.254570031187678,304,257
"777",-1.38805601367728,0.114875118415249,304,139
"3258",-0.296404643849578,0.136019460016792,304,201
"5277",0.615313168072219,0.180784338962233,304,237
"1890",-0.922198618803015,0.121338314370707,304,165
"188",-1.89074279395716,0.121446846121889,304,105
"1449",-1.38705510493123,0.114900376982865,304,145
"693",-1.17745564937006,0.116124933658687,304,151
"2806",-0.997566533181383,0.117815853039619,304,169
"1081",-0.295410450194158,0.136056622571575,304,205
"166",-1.03052423298238,0.118222618526169,304,163
"2430",-0.136300107515633,0.141598957266204,304,203
"2593",-1.16391606384123,0.116825280996048,304,156
"1938",-1.4136596680077,0.114911201301668,304,130
"1544",-0.290259038081148,0.136245080852383,304,199
"4580",-0.124185018961253,0.142143132993851,304,209
"1158",-1.3657538646296,0.115816546908265,304,148
"2362",-1.16237441788328,0.116916031983214,304,159
"3140",-0.742541153081088,0.123591543191811,304,181
"3652",-0.587534507382656,0.126338304416031,304,187
"3632",0.318353551412997,0.163138301752646,304,217
"4331",-0.881398728155107,0.122243965307708,304,166
"4126",-0.212083556411606,0.138625803987383,304,213
"661",-0.509849650291546,0.129615206577166,304,194
"1528",-1.16239248880116,0.116914958862227,304,156
"1282",-0.661791219786054,0.125854004904811,304,190
"697",-1.43238464611725,0.115693024038285,304,142
"399",-1.3314636886586,0.117846756701927,304,157
"3415",-0.067769885107293,0.144575527057199,304,210
"271",-1.82357256051817,0.117977602309609,304,115
"906",-0.956876968795296,0.11941909702656,304,170
"3359",1.91645529760665,0.286081197286283,304,260
"3",-2.14607233749868,0.12523999941462,304,100
"4595",-0.0259729171569989,0.146249604405597,304,214
"2777",-0.953070901612287,0.119641469457149,304,171
"3156",-1.11145053206327,0.119652126309198,304,161
"2902",0.353071878961668,0.165063954675038,304,221
"2267",-0.880976980966785,0.122243262427462,304,173
"4519",0.0327802697449646,0.148756987504187,304,213
"11",-1.17400528205408,0.11628346063978,304,158
"846",-1.37903442915509,0.115167346409212,304,138
"4692",-1.05688093980501,0.11920722236128,304,154
"5188",1.1773896025179,0.221183415718622,304,254
"3058",1.40790978794158,0.24010460843932,304,251
"907",-1.02230921545891,0.117989259894659,304,168
"419",-0.917341910840522,0.121546170279931,304,176
"327",-1.62148946489439,0.115837412140917,304,128
"74",-0.83569069621414,0.121507979847291,304,183
"801",0.528557200827117,0.175344284611013,304,237
"3688",0.0601786908993311,0.150042631160776,304,220
"4164",-0.957576764937175,0.119378688043183,304,161
"2852",-0.366021883561569,0.13307906478861,304,196
"2363",-1.65846434620439,0.117980158490719,304,123
"1573",-1.16568050228427,0.116723572141961,304,149
"523",-0.806475055661491,0.12125096951572,304,182
"3477",-0.392269730420484,0.132157472927581,304,201
"91",-0.774299919205607,0.122021648804619,304,182
"1889",-1.53346610302123,0.117924430932824,304,136
"1687",-1.02704467695538,0.11811573225577,304,166
"45",-1.24606003058025,0.117036764696527,304,154
"2433",-0.737026395825569,0.123879076854425,304,188
"2324",-0.110073544470535,0.142773890397117,304,202
"333",-1.21553096822695,0.115730597247676,304,159
"1027",-0.686753557262937,0.125678238378625,304,178
"2579",-0.75727847756065,0.122817684907634,304,176
"4181",-0.874839919973925,0.122212858446195,304,166
"2558",-1.29816497759187,0.118788923941313,304,147
"307",-1.58053795275183,0.115620330332997,304,129
"5071",0.464551542781397,0.17147293620858,304,226
"942",-0.617167927006396,0.125826053218137,304,188
"347",-0.846623130396195,0.121735570632622,304,181
"1537",-0.9647660930299,0.118977151800105,304,163
"125",-1.21521917348112,0.115723045134062,304,162
"3728",0.757038651998164,0.190148399649158,304,241
"1233",-1.24347340305412,0.116900178773345,304,153
"4527",0.779349593796515,0.1916756375286,304,237
"1535",-0.859946203060003,0.122009076666639,304,170
"3676",0.257109200733923,0.159817583262481,304,222
"18",-1.78344574310824,0.117454486088972,304,122
"2746",0.728433684885597,0.188210879576806,304,240
"1254",0.563175645799832,0.177489398798828,304,240
"2826",0.772636858425399,0.191214668358779,304,242
"5138",-0.706164592279766,0.125213777617747,304,185
"5359",-0.146068432778468,0.141164079134893,304,216
"22",-1.08660668303031,0.119932364916038,304,153
"2515",-0.515949194151327,0.129375072329378,304,192
"3314",-0.014792512286965,0.146702347196435,304,210
"241",0.329971789852847,0.163779895569265,304,234
"2260",-0.73777801476389,0.12384030953437,304,178
"4339",1.00315152512724,0.207752656551168,304,246
"1574",-1.05615324698138,0.119180259270563,304,158
"3742",-0.159856672856005,0.14056567310237,304,214
"1878",-1.00294919851709,0.117774371709295,304,165
"3182",-0.586854960173191,0.126357941280061,304,194
"132",-1.6547022092693,0.11774676621674,304,124
"3384",1.59987317888494,0.256804716045825,304,260
"3597",-0.248416741188593,0.137561846545394,304,202
"3492",1.28206217172459,0.229616855341156,304,256
"3550",0.37336471081446,0.166201857903566,304,224
"943",-1.03469706860791,0.11836353167847,304,161
"785",-0.0931518942248467,0.143513527355672,304,213
"3855",0.576091156814288,0.178298360720272,304,232
"3838",-1.04497422133432,0.118748958587159,304,168
"1291",-0.246697684428486,0.137610849219596,304,197
"2258",-1.39591074198217,0.114744666893331,304,138
"3150",0.119492708678584,0.15293221315614,304,226
"3557",1.26130662314704,0.227923374926458,304,252
"3008",0.554173537051503,0.176928331953312,304,239
"4015",0.203862889863491,0.157067171049693,304,228
"1454",-0.963060041949675,0.119069758577889,304,168
"192",-1.29073635271529,0.118754890030898,304,148
"5112",-0.230881998044694,0.138061815191544,304,194
"2266",-1.24770169774291,0.117123845664138,304,146
"4387",0.844803817095829,0.19623603072491,304,234
"3749",0.809796843580608,0.19378222435077,304,242
"1283",-0.297889925088688,0.135963465943538,304,204
"423",-1.06892872989355,0.119606352052001,304,173
"3037",1.17457937727339,0.22096070742959,304,250
"5212",2.22933755081322,0.316930477325189,304,272
"5088",0.112635182281133,0.152597386580719,304,223
"1188",0.638663543934873,0.182285867381041,304,240
"743",-0.389403203471869,0.132244074447911,304,208
"1907",-0.954337654773472,0.119567050599715,304,166
"4182",-0.126370448866623,0.142044909870358,304,213
"2400",-1.20445279633312,0.115567262994538,304,152
"4019",-0.805554668560903,0.121256415356413,304,179
"1601",0.141888260045309,0.154022672199641,304,225
"3608",-0.677742386279453,0.125788758080652,304,185
"3885",0.924129854419161,0.201920959118773,304,244
"1064",-0.851020863697411,0.121830039934389,304,165
"227",-1.61415169796524,0.115570333020264,304,130
"230",-1.65562444460328,0.117804470151879,304,127
"1514",-0.453407856866177,0.131002425085801,304,196
"987",-0.117746064022034,0.142431951011187,304,211
"154",-1.02398512851338,0.118031286496082,304,169
"3455",1.1787550548999,0.221291697601082,304,248
"5027",0.788747832622819,0.19232313410742,304,243
"4558",1.24342317961196,0.226472594179093,304,253
"2189",-1.21901662627429,0.115825716009746,304,156
"2819",-0.860768951092192,0.122024047315231,304,178
"5170",-0.460253815040344,0.130898313567977,304,201
"28",-1.53271917917769,0.117958092946238,304,132
"335",-1.64154601378732,0.11691665495964,304,132
"1253",-1.07858125445997,0.119831488051338,304,160
"2573",-0.750886914663145,0.123150391808122,304,184
"170",-1.74055359169626,0.11897818300543,304,115
"4446",-0.0271749398958308,0.146201347314251,304,206
"3605",0.294779562148426,0.16184604382348,304,229
"4483",-0.834726167646517,0.121489557670557,304,171
"2994",0.565537859714894,0.177637004124386,304,234
"1599",-1.35551851679789,0.116425790243221,304,141
"1832",-1.27766990631598,0.118480651804692,304,145
"3859",-0.505758043689756,0.129766431793232,304,193
"5271",0.0663199215733621,0.15033806235794,304,214
"520",-1.5892226615885,0.11540446845421,304,125
"1105",-0.50212732548389,0.129893606417747,304,187
"4180",0.302037060486311,0.162242375430084,304,227
"5353",0.306908760031848,0.162509204251924,304,230
"5385",1.05086032153014,0.211352947604727,304,249
"1179",-0.440595312336859,0.131183651872744,304,192
"83",-1.09054445545309,0.119949350104875,304,164
"3890",-1.31248945542926,0.118592117718907,304,141
"1558",-1.00366239240941,0.117772359487628,304,167
"3770",0.917128432791873,0.201412306666082,304,244
"1340",0.0156221897749692,0.147988247298057,304,219
"5103",-0.137592125183172,0.14154112018115,304,203
"2325",-1.26041247219724,0.117779580762813,304,145
"1348",0.117077062462718,0.152814319769482,304,218
"4485",-0.751251056973512,0.12313121351046,304,187
"572",-2.22938335411895,0.126227114158132,304,84
"4148",-1.41113329095049,0.114849251867266,304,140
"2075",-1.2381013023663,0.116622878696557,304,154
"2870",-0.650000376858592,0.125833845334185,304,191
"2360",-0.418684296783944,0.131529480952663,304,205
"4504",1.54346032599058,0.251811244783193,304,259
"54",-1.31380545829856,0.118557103639385,304,146
"229",-1.59147281195741,0.115370249048697,304,132
"4051",0.721449946509883,0.187741399727174,304,243
"29",-0.855065081243627,0.12191427925941,304,174
"409",-0.519126509089611,0.129243551942782,304,190
"1306",-0.685988168778155,0.125690063700167,304,174
"2138",-0.706262504152132,0.125210620498623,304,187
"3718",0.814633382550315,0.194119222883008,304,242
"2413",-0.246558387060736,0.137614815020798,304,203
"4570",0.365791353684663,0.165776009286629,304,229
"4259",1.3317448587741,0.23371252123127,304,250
"824",-0.473125732694681,0.130669383326037,304,196
"4964",1.40274896541445,0.239667209037279,304,254
"2384",-1.64533364656598,0.117153622950836,304,121
"403",-0.229566770012999,0.138099848874456,304,208
"929",0.273645595276772,0.160701287120572,304,224
"5028",1.05658421029755,0.211788854753394,304,246
"699",-0.447386810768831,0.131088496578876,304,194
"586",-2.40214230179258,0.13123870503139,304,81
"4289",-0.425309452845866,0.131413604087324,304,205
"223",-2.12090532917805,0.125221358129305,304,96
"4787",-0.855067499088705,0.121914328361915,304,176
"465",-1.38225546254638,0.115046880493583,304,146
"2163",-1.15538962722776,0.117343575005163,304,160
"1527",-1.0779587671159,0.119820176278199,304,162
"1785",-0.904131589108357,0.121981086705595,304,173
"4154",-0.0985651464543472,0.14327949637365,304,208
"256",-0.904883914563567,0.121961798809904,304,173
"4610",-0.610416792813099,0.125885241883161,304,190
"1492",-0.579071569938233,0.126606702496659,304,194
"2096",-0.550286577601849,0.127815914390756,304,192
"1556",-0.867935505332098,0.12213807753038,304,172
"111",-0.952168761629896,0.11969464662612,304,172
"3192",1.71448499791648,0.267162653854702,304,260
"1965",-0.364375423407965,0.133145303201286,304,202
"1841",-1.02309098163271,0.118008473508094,304,153
"3344",0.056396848299102,0.149861765482357,304,211
"5078",-0.170729733002637,0.140113863108287,304,205
"553",-2.07320600792063,0.123853612680109,304,99
"534",-0.405006161989538,0.131817664472405,304,197
"190",-0.955096767044728,0.119522628742155,304,173
"365",-1.33776152806545,0.117505382653697,304,147
"2537",-0.261949864561645,0.13716821477268,304,203
"2349",-0.980241707705694,0.118256262647823,304,167
"2113",-0.828871918478556,0.121387767836736,304,172
"3812",1.13615090245702,0.217935038565019,304,251
"5068",0.0927353635372751,0.151624010637165,304,217
"3584",0.71537504773932,0.187334163919953,304,247
"43",-1.01547323433189,0.117852997202861,304,161
"4846",-0.0102395924952205,0.146889228217208,304,218
"5265",0.645680924482963,0.182740319258961,304,230
"3953",1.44419733519611,0.243197494265007,304,258
"2747",0.990115420335135,0.206779226732923,304,252
"1520",-0.905814547512203,0.121936996988425,304,169
"4265",1.71208871851699,0.266943225214194,304,266
"3018",-0.217034581337416,0.138472180956167,304,201
"559",-1.57975131181555,0.115645979062385,304,133
"3786",0.353867125881495,0.165108363938167,304,225
"1886",-0.957633495890708,0.11937542015433,304,169
"847",-1.02273783194181,0.117999708302009,304,167
"2203",-0.976475597771554,0.118408004970131,304,165
"5000",-0.656069803947299,0.125848646335005,304,181
"555",-2.47645306483267,0.134203564387063,304,79
"4072",1.35293677451033,0.235477360487841,304,253
"4462",0.553929721981295,0.176913167591837,304,238
"4735",0.159833117693418,0.154895584432718,304,226
"4689",-0.526799272674508,0.128910312676992,304,191
"2672",0.939602749546964,0.203049745205653,304,248
"2312",-1.49711536952699,0.118680620518147,304,139
"823",-1.1221013228893,0.119256575727226,304,158
"2563",-0.795371851303761,0.121383347004184,304,175
"4455",-0.592430209701811,0.126207198667419,304,181
"189",-2.3465062006887,0.130303292796121,304,83
"180",-1.95533200605176,0.121190559805471,304,114
"283",-0.468319347604595,0.130761180541032,304,202
"2326",-0.861020530842929,0.122028557841559,304,181
"1149",-1.37681760302621,0.115259739943923,304,140
"1389",0.716425524690723,0.187404506880388,304,242
"2682",0.876495274070901,0.198486574771774,304,239
"3552",0.0335789965260338,0.148793529762061,304,216
"3149",1.14667571856909,0.218760037439571,304,254
"1280",-0.80411186179937,0.121266934685571,304,173
"1054",2.17530433084531,0.31147858841943,304,270
"5043",-0.220911718641205,0.138354729899998,304,202
"197",-0.47962126675057,0.130530719548202,304,198
"545",-1.1573816385957,0.117219511112829,304,161
"2649",0.8842840475091,0.199043907523694,304,237
"1394",0.0737293759631236,0.150696821518511,304,215
"1196",-0.517463966792986,0.12931288924499,304,198
"3628",-0.381427804286454,0.132504219002855,304,202
"2697",0.344462161300882,0.164584048792468,304,232
"3542",1.07182698561626,0.212953789912651,304,244
"1232",-0.651675997545366,0.125838564745757,304,184
"1906",-0.401189589628111,0.131911851555471,304,205
"4218",-0.870419039240788,0.122169444789153,304,172
"5083",0.303597808333028,0.162327793437209,304,221
"2726",0.502849192650389,0.173773742268234,304,239
"1055",-0.0737821754704301,0.144328986299114,304,216
"1211",-1.1235267295808,0.119192546317447,304,163
"5031",0.2038458673083,0.157066316383956,304,216
"4432",0.148935274540855,0.154365293689983,304,218
"4313",0.229052574001948,0.158348942979228,304,225
"4509",0.444189396604366,0.170270395865138,304,228
"3185",2.10351863054847,0.304313150358588,304,273
"1301",-0.714215424200537,0.124927975984203,304,181
"3219",1.9206704801284,0.286484727652553,304,267
"3889",-0.487318197411919,0.130341617656957,304,197
"2736",1.03096169333077,0.209844135524595,304,252
"3982",-0.964543512409707,0.1189891220701,304,167
"1320",0.362606359048996,0.165597348528313,304,230
"3986",0.459408743997207,0.171167801446553,304,226
"3985",1.29644047685484,0.230796085242415,304,255
"4937",1.02277652817089,0.209226474176131,304,250
"2755",-0.502833591567159,0.129869395028018,304,192
"1201",-0.406974783480363,0.131771557549397,304,199
"394",-0.192131157466598,0.13929548772762,304,206
"642",-1.57095891812464,0.115990912011527,304,133
"4245",1.84689356925282,0.279472319698371,304,267
"2392",-1.47425542995088,0.118066707585885,304,130
"255",-1.3999587051323,0.114726191871266,304,141
"287",-1.68316587540094,0.119236783584787,304,127
"3064",0.52032233946141,0.174839060860817,304,233
"5066",1.17384900840597,0.220902858351581,304,247
"1375",-0.0118403053384117,0.146823333592907,304,214
"2549",-0.0890398001326519,0.143689522240618,304,208
"3558",0.670345141578187,0.184349407945998,304,239
"2577",0.269624107243343,0.16048529912146,304,228
"4715",-0.121417666581419,0.142267400918237,304,211
"4790",0.973432313603745,0.205539989319528,304,247
"2417",0.724182247168263,0.187924910268356,304,237
"4380",-0.277561570426736,0.136680912327117,304,198
"1353",-0.163876225309414,0.140396226072042,304,207
"2201",-1.05319567747476,0.11906857196518,304,157
"3360",0.768809884935883,0.190952430729684,304,232
"4554",0.121267848575456,0.153018809022265,304,225
"296",-1.30835575278005,0.118683991758724,304,156
"2215",-0.755767691464958,0.12289539551612,304,176
"3670",0.707103160624513,0.186781378835002,304,238
"849",-0.203530510269569,0.138902281849289,304,212
"4348",-0.190286737220795,0.139361918663776,304,207
"3698",-0.245195689561224,0.137653580226224,304,209
"179",-1.027969776561,0.118143089665291,304,173
"1007",0.904906611895122,0.200527570049485,304,243
"518",-0.77677234910114,0.121923276643808,304,181
"217",-0.59029760366239,0.126262051395365,304,191
"995",0.672611491762223,0.184498185554122,304,237
"2820",0.469892244378369,0.171790805526568,304,234
"3553",2.00794059192404,0.294916027788423,304,264
"4582",1.0384093605716,0.210407654847933,304,241
"1359",-0.0163779775553057,0.14663764743542,304,220
"1927",-1.1289490246486,0.118927955831686,304,160
"936",0.435792685726443,0.169778910525597,304,228
"480",-1.21635941354368,0.115751441206591,304,161
"5333",1.5115327663399,0.249016425521939,304,263
"1098",-0.146160471970266,0.141160014416513,304,211
"4175",-0.381650073303799,0.132496596907486,304,200
"3874",0.95524987099833,0.204197765464221,304,240
"3682",0.895645289163201,0.199859843560066,304,249
"1044",-1.03572992942856,0.118400197290166,304,164
"986",0.620531204968142,0.181118465786953,304,233
"2237",-0.354059638538502,0.133576172908528,304,199
"992",0.831989302168338,0.195333870860974,304,243
"2052",-0.059936473640377,0.144892971511075,304,214
"4134",1.54922892296223,0.252318631882248,304,261
"646",0.286623458153637,0.161402477575785,304,229
"1362",-0.32136979484834,0.135009268493613,304,201
"1274",-0.418026627682257,0.131541733538799,304,195
"3039",0.885697584687466,0.199145232325722,304,243
"4605",-0.0369188142614917,0.145812063692748,304,216
"3795",0.561797942922501,0.177403384161038,304,235
"2832",-0.0652072355897934,0.144679806087027,304,214
"4472",2.03632721798658,0.297689484354237,304,263
"3348",1.95497948922872,0.289782015141918,304,263
"348",-0.820678688776335,0.121283748009931,304,185
"1869",0.0545061755557084,0.149771687275243,304,214
"2562",-1.01105287484752,0.117798368995517,304,165
"200",-0.852396651978575,0.12185911054977,304,179
"4888",1.99422119474657,0.293580992138116,304,268
"3757",-0.454439231197352,0.130987268880912,304,198
"2524",0.123332656009107,0.153119494835746,304,215
"1819",-0.886519338036823,0.122237249030041,304,174
"1083",-0.617094445625031,0.125826535563738,304,188
"4171",0.0831832608427996,0.151157176942473,304,216
"3531",-0.00208173396732205,0.147228591810906,304,217
"1217",-1.49261155867985,0.118625737549757,304,133
"1600",0.711978148786743,0.187106917723301,304,242
"4128",-0.84576374585813,0.121717021163999,304,178
"1868",-0.449436297920694,0.131059559554792,304,195
"2964",0.157336283013697,0.154773992147405,304,217
"2298",-0.556450255849191,0.127530992266182,304,189
"3772",0.584535742153575,0.178829843898945,304,234
"4116",0.63490702209407,0.182043202394288,304,241
"319",-0.857035801942236,0.121953662097615,304,169
"3930",0.0907823293209725,0.151528482616638,304,222
"5264",0.603355474363815,0.180021690511947,304,238
"2184",-0.823033859661853,0.12130822371598,304,182
"1264",0.467881163683726,0.171670991667726,304,230
"1498",-0.0394752331663709,0.145710279373463,304,217
"2834",1.73634359589019,0.269169823777748,304,260
"4396",0.969088442893416,0.20521852851445,304,248
"816",0.871472346113698,0.198128035688479,304,246
"2599",-0.806257607449863,0.121252167769851,304,178
"1068",-0.321514614800169,0.135003043067693,304,202
"4498",1.2374173328888,0.225987117918278,304,252
"5329",0.58199953287419,0.178670006945878,304,226
"977",0.690516147737003,0.185678977547298,304,241
"4225",0.223376928557593,0.158057076295962,304,234
"4959",0.991971476692923,0.206917549543424,304,245
"1503",-0.762988726488961,0.122531899909756,304,176
"4630",0.838589301372273,0.195797954131511,304,246
"795",-0.736776030012147,0.123891953914036,304,180
"1014",0.196715111314741,0.156709556433663,304,226
"366",-1.10374794141957,0.119838205693351,304,167
"3195",-0.239512517704766,0.137815009805751,304,201
"4165",0.288768092719345,0.161518911778493,304,225
"4544",0.0877037901389937,0.151377970026432,304,223
"2279",-0.111580092194481,0.142707002684096,304,217
"3559",0.945907309036889,0.203511520188188,304,245
"1610",-0.478053479982589,0.130565846850928,304,189
"2273",-1.85865959961105,0.119932769474716,304,112
"407",-0.113091008666594,0.142639785552853,304,211
"4508",0.749694069699915,0.1896487065802,304,239
"4443",-0.310376248350212,0.135471038773323,304,209
"4479",2.22055493270199,0.316040981670858,304,272
"1830",-1.12389672661742,0.119175532820999,304,157
"560",-2.11882662251709,0.125202426767897,304,93
"3696",1.28251411929245,0.229653846018338,304,256
"1176",-1.31296647354416,0.118579742743396,304,148
"4191",1.33682765672957,0.234134843015624,304,253
"3337",1.12530525176511,0.2170878043447,304,242
"1859",2.14700692007481,0.308643277322581,304,267
"5218",1.67986819378903,0.264004559636421,304,256
"3604",0.893103104193064,0.199676964423427,304,238
"1155",-0.740796843653041,0.123683167438973,304,180
"2390",-1.40872627260787,0.114801586336601,304,140
"835",0.0778767339734886,0.150898488057711,304,217
"4939",1.97202713780329,0.291428798130073,304,266
"3162",0.566397910587924,0.177690784302515,304,236
"4489",0.951559810029958,0.203926438790644,304,245
"4251",1.54945432824781,0.252338472813282,304,260
"3144",-0.927900572183536,0.121065967528149,304,158
"745",-0.845154776507196,0.121703892013347,304,180
"4747",0.228837725364477,0.158337861566865,304,225
"4421",0.171047521533195,0.155442962836597,304,223
"4935",-0.153501910645528,0.14083855221886,304,211
"3489",0.302572434694443,0.162271668723901,304,228
"5118",0.606185496667256,0.180201805918044,304,234
"2472",-0.809201397988325,0.121240532964143,304,181
"738",-0.659521917129573,0.125853177240779,304,183
"689",-0.666928884196925,0.125847997576338,304,185
"3313",1.50063523124153,0.248067727828979,304,254
"2511",-0.736071953988297,0.123928063783288,304,179
"4268",0.168068911134062,0.155297332384775,304,223
"238",-1.47056212747942,0.117897152562308,304,134
"1904",-0.940400898859943,0.120386598479011,304,168
"2164",-0.760508484656912,0.122654282986613,304,180
"2494",-1.07345422893722,0.119724624966433,304,162
"2646",1.15946318244207,0.219766130765908,304,257
"412",-1.31770766144836,0.118437474365461,304,148
"1300",-0.771790579796738,0.122126825079505,304,183
"1220",-1.06388932530118,0.119452152318623,304,166
"4884",-0.16780122685744,0.140233446631806,304,214
"2989",2.03136271088602,0.297203358945865,304,268
"1290",0.00489934993382237,0.147524156447573,304,213
"1918",-0.889092971496765,0.122222823513805,304,177
"2980",-1.26996989613969,0.118207055635176,304,155
"3154",0.894364525337985,0.199767686247502,304,250
"343",-0.597068514491814,0.12610013382871,304,188
"2530",-1.11888852965517,0.119391731331453,304,162
"573",-1.882473851057,0.121150830541118,304,116
"3266",-0.296826594608735,0.136003610526267,304,204
"3117",1.74905069375795,0.270341246724405,304,260
"2394",-1.43179824234815,0.115661618074111,304,139
"5217",0.866482831578302,0.197772566708774,304,240
"3790",1.16794425632462,0.220435657844458,304,248
"1755",-0.222086661385599,0.138319580211979,304,207
"4992",1.42420667798509,0.241489880375309,304,253
"1079",-0.273006813848713,0.136828003651484,304,206
"1623",-0.779413109267994,0.121824397610518,304,171
"2724",3.20473860038668,0.421854035265628,304,284
"4054",0.652850931652942,0.183206192909305,304,238
"3443",0.259420083680907,0.15994034274292,304,223
"3501",1.33765271814068,0.234203453798195,304,254
"4872",0.775998414372335,0.191445351894396,304,242
"2159",-0.284616753513222,0.136443666934183,304,206
"2654",-0.344358287749168,0.133998814293463,304,202
"1357",0.571789878504972,0.178028427040197,304,236
"2565",0.649259887934683,0.182972669252755,304,238
"4073",0.769068770155913,0.19097015752104,304,241
"2884",1.71714679161511,0.267406537445843,304,264
"1236",0.508989775979147,0.174147070377827,304,234
"1807",-1.31440097536086,0.118540363073206,304,151
"152",-0.613896030897265,0.125850900875396,304,194
"1135",-1.48310468413481,0.118399903747176,304,132
"3074",0.92474243499102,0.201965525944312,304,248
"5219",0.992844221257327,0.206982622221539,304,246
"329",-1.81781669478021,0.11774970058237,304,113
"3911",1.24428400691796,0.226542250194323,304,257
"4766",0.221317507134925,0.157951619004254,304,222
"2073",-0.66711290609477,0.125847552433301,304,185
"351",-0.212626759609516,0.138608733922732,304,203
"3109",1.26022454321798,0.227835371591767,304,253
"3714",0.961908303568142,0.204688270902937,304,247
"2749",3.10266891345439,0.410474809522475,304,280
"1405",-1.13292529779763,0.118715009940066,304,156
"4078",0.842591271953591,0.196079940826575,304,240
"1805",-0.963008794089805,0.119072569828591,304,173
"1342",-0.261398568169373,0.137184648747026,304,201
"3270",-0.20548739936348,0.138837694116548,304,198
"1512",-0.109687691460082,0.142790998650492,304,216
"885",0.565751326014494,0.177650350524603,304,238
"4989",0.210421585621947,0.157397584584432,304,227
"1621",-0.696636516700513,0.125481941813443,304,181
"1940",-1.26288880333931,0.117897900304668,304,153
"5322",1.27657321569715,0.229167991639824,304,252
"1655",-0.696382312342081,0.125488028496019,304,183
"4993",-1.39459278895948,0.11475793863241,304,134
"2021",0.139427047330974,0.153902997587944,304,220
"2292",0.238706372073391,0.158849519865347,304,230
"4151",0.0472987755711157,0.149430648487513,304,214
"2060",-1.24468122023397,0.116963814546731,304,149
"2805",1.08625597951031,0.214062018147048,304,248
"4955",1.67087170179014,0.263187974347919,304,258
"3809",-0.755799229705992,0.122893766126716,304,180
"2802",0.581603489622969,0.178645064101912,304,231
"3810",0.912670510935915,0.201089129349142,304,248
"2591",0.88075028375855,0.198790840153572,304,246
"3203",-0.701500509763599,0.12535476530355,304,174
"3322",0.829883495439168,0.19518605281792,304,235
"2876",1.02004529384023,0.20902075981299,304,248
"3646",1.33016205287915,0.233581133356032,304,251
"3062",-0.387156014345698,0.132314548352425,304,201
"4114",0.523140797341127,0.175011755192714,304,238
"1456",-0.975080896009602,0.118468529217328,304,164
"1226",-0.819493112722624,0.121273268429748,304,180
"5245",-0.771502404819934,0.122139229023707,304,186
"4598",0.62678700606559,0.18152011410412,304,232
"4550",0.999428208273929,0.207474175010675,304,246
"312",-1.82530151869878,0.118054209437172,304,118
"3001",1.93103237807205,0.287478166494814,304,265
"1074",0.372769030421434,0.166168309012439,304,228
"3230",1.66254968322249,0.262434148083906,304,264
"1515",-0.920485804308114,0.12141430774604,304,169
"2999",0.72553067608863,0.188015554768826,304,241
"5171",0.802916991131153,0.193303969321255,304,237
"3868",0.269792834775575,0.160494347984247,304,218
"2854",0.114164289869906,0.152672086735707,304,216
"2580",-0.191369769085985,0.139322814773525,304,207
"4393",1.7788872257423,0.273104939983424,304,260
"211",-1.08408045222752,0.119909923049496,304,160
"2358",-1.47645401940136,0.118159577518898,304,140
"1791",-0.250261336285269,0.137509109187918,304,208
"3511",1.08806686379748,0.214201480004166,304,252
"4729",1.20381267528153,0.223286989629815,304,250
"2222",-0.715654075362069,0.124871518820383,304,183
"4448",-0.546940219259901,0.127973128811233,304,197
"2488",-0.904818814785388,0.121963494782642,304,170
"2728",1.68309245746037,0.264297636427285,304,265
"2740",-0.418527021463724,0.13153239780733,304,194
"3830",0.0964929698179427,0.151807860292416,304,220
"3133",0.57917036532852,0.178491923837588,304,236
"3007",0.488480247793732,0.172904793759815,304,236
"5274",0.543510711115518,0.176266709441997,304,232
"3289",0.451508602311217,0.170700919457951,304,231
"4480",0.600768780006719,0.179857266717166,304,240
"3097",0.0997739693759175,0.151968413341705,304,216
"4255",-0.621091208766281,0.125805061508583,304,191
"434",-0.458568010002896,0.13092480351143,304,201
"1023",0.538110507977565,0.175932855501876,304,237
"2503",-1.40688268686834,0.114772787539762,304,143
"4974",-1.13680442188472,0.118494362402667,304,167
"5346",1.71318038674789,0.267043174890917,304,260
"1699",-0.673118380768973,0.125822858760717,304,183
"1814",-1.18784976749384,0.115755506022631,304,161
"1651",-0.341484781189161,0.134125717246748,304,202
"3677",0.479378007695289,0.172357828281635,304,236
"483",-0.93021963773389,0.120947484423908,304,174
"1322",0.580672665502144,0.17858645832394,304,235
"2986",1.11925290826365,0.216616300122663,304,248
"2236",-0.437852856529227,0.131222511568886,304,197
"714",-0.200999204109522,0.138987061629851,304,215
"2908",1.17296062535166,0.220832511583882,304,248
"1403",0.0233129928776625,0.148328894018928,304,220
"3934",-0.3293567814761,0.134661850433245,304,200
"2705",2.01192386193031,0.295304300547594,304,272
"2416",-1.60662135253071,0.115393977806045,304,136
"385",-1.07281573912609,0.119709224610725,304,161
"5356",0.921329708113209,0.201717370054537,304,246
"5305",1.27521690161433,0.229057189788597,304,257
"1584",0.0304689428866404,0.148651607765009,304,215
"2837",0.922312177210835,0.201788777938528,304,250
"3568",0.995011929452992,0.207144335185313,304,247
"5253",-0.388683161221803,0.13226640988033,304,198
"3092",-0.527960803119689,0.128858202939992,304,191
"4638",0.339192035564582,0.164291073720747,304,227
"4712",1.41147083604921,0.240406780869777,304,253
"3178",1.99797099660964,0.293945534764065,304,265
"4426",1.86109997989314,0.280814240305403,304,263
"3544",-0.118995760449371,0.142375994695349,304,208
"4555",-0.499981166029089,0.129965597868183,304,190
"1829",-0.73153296623532,0.124156624101091,304,183
"4889",-0.454414598194552,0.130987632703501,304,194
"1344",0.403711921111939,0.16792459512546,304,228
"1408",-0.198753561270877,0.139063465769343,304,208
"2664",0.363188510416523,0.165629985543698,304,227
"3110",0.544986940144898,0.176358117380051,304,233
"1613",-1.13966714308527,0.118324791761076,304,157
"2259",-1.34437770657796,0.117115021760749,304,139
"869",1.42842640928362,0.241849566639257,304,258
"4835",-0.264606843527882,0.13708837931897,304,207
"4408",1.60476051883795,0.257240618880089,304,265
"2851",0.994307811824744,0.207091793853894,304,248
"1711",-0.87326961184723,0.122199364291509,304,177
"1025",0.968160204017084,0.205149900563845,304,244
"4607",0.0209562725373411,0.148223818046809,304,214
"4751",0.147337175259547,0.154287590821016,304,215
"993",0.6248479892884,0.181395496051891,304,234
"1478",-0.626633088247158,0.125789891991009,304,185
"2085",0.882277978907982,0.198900202789941,304,244
"2420",-0.612987581805075,0.125859059310651,304,187
"781",-0.31658515942625,0.135213024688438,304,201
"4094",0.814233612267853,0.194091343281948,304,241
"930",-0.685862364003615,0.125691962445621,304,181
"4336",0.144697436509691,0.154159250916537,304,211
"426",-1.15605880797157,0.117301760142142,304,156
"2830",-0.512237888852989,0.129523209097503,304,188
"1849",-1.59644903186046,0.115328628545055,304,126
"4682",0.267331923135516,0.160362487184067,304,220
"4802",0.338621923921067,0.164259415116422,304,226
"2474",-0.211070424808104,0.138657790080855,304,203
"1019",0.178987452339246,0.155832298438355,304,219
"3147",0.012646156504597,0.147858180970455,304,220
"5141",-0.660327733845227,0.125853686117047,304,181
"3241",1.49797851331445,0.247836849695076,304,257
"3938",-0.646990705552656,0.125824692538545,304,186
"3036",0.275509769877611,0.160801627007681,304,222
"4620",1.48768562883185,0.246943866613263,304,257
"1094",-0.382489248379382,0.132468007535652,304,200
"2177",-0.808523010638464,0.12124234197634,304,176
"3145",0.916074508250201,0.201335853823925,304,243
"3329",0.525991199422292,0.175186643552954,304,226
"4869",2.24457194582761,0.318476434762396,304,266
"3272",-0.291855459417314,0.136187412629021,304,201
"231",-0.975508363905421,0.118449741540482,304,168
"4311",0.0510148797661103,0.149606001914326,304,216
"3398",1.11317981014686,0.216144109450511,304,248
"609",-0.938915991619077,0.120471706106852,304,169
"3250",0.433419620139532,0.169640476486612,304,231
"3856",1.98997186781798,0.293168207368891,304,261
"5186",1.73950684424219,0.269461117945429,304,260
"3869",0.115023388978829,0.152714045871391,304,223
"275",-1.22834956358454,0.116166463785929,304,162
"2634",0.596719633985738,0.179600273738492,304,240
"1463",-0.512409359031935,0.12951650146897,304,191
"3777",0.639512009879107,0.18234073576915,304,235
"4765",0.222986765605627,0.158037078867765,304,222
"3368",1.6045121657582,0.257218455639472,304,256
"487",-1.07445528188809,0.119747870997785,304,169
"2342",-1.10802187538768,0.119745807752273,304,159
"5324",0.340055236285037,0.164339020610382,304,226
"1040",1.19231621151642,0.222369620695006,304,250
"3622",-0.540787174050526,0.128263715603844,304,196
"2645",-0.142332525178711,0.141329656626886,304,210
"3304",1.431082055607,0.242076142000816,304,248
"631",-0.242758217053625,0.13772282629249,304,202
"2606",-0.435339612870162,0.131258734151655,304,190
"3952",0.524001649248984,0.175064548331567,304,236
"3913",1.54042458332605,0.251544527954624,304,261
"3710",1.76362265964618,0.271688716440209,304,261
"2175",-0.763091736411493,0.122526883413409,304,180
"4037",-0.749082666870874,0.123245639433128,304,180
"3832",1.18400211429911,0.221708225525654,304,254
"2596",-1.23126582313308,0.116294325229143,304,148
"2544",-0.438014917073671,0.13122019859418,304,198
"2883",1.56361621060752,0.253587308561303,304,256
"4367",-0.963027653258569,0.11907153509887,304,171
"3554",1.02802006692376,0.209621956930789,304,245
"3051",0.279127765803263,0.160996744444956,304,220
"2855",0.287969264160509,0.161475525325764,304,228
"2633",0.153932093102977,0.154608320469732,304,219
"1030",1.70380843567262,0.266185926692035,304,261
"3923",0.37848151156147,0.16649043107155,304,230
"1319",1.36848262154174,0.236778732396297,304,255
"1563",0.113733644634964,0.152651051005451,304,215
"828",-0.72895777803407,0.124282424506309,304,186
"864",-0.403340784756818,0.131857975853537,304,201
"1117",-0.680888052894159,0.125757122282705,304,178
"5123",0.273563725667378,0.160696883567852,304,230
"3113",0.613798376547131,0.180687493705833,304,238
"4782",-0.634459860205014,0.12579141488543,304,189
"923",-0.593659081264478,0.12617719363016,304,185
"4685",-0.752734622635819,0.123053289250064,304,179
"5273",0.124581455063967,0.15318036874009,304,221
"458",-1.38126103468609,0.115082257890305,304,146
"3324",0.884641200977627,0.199069503750129,304,239
"153",-0.355988089130717,0.133493829861165,304,204
"2739",1.33271285247865,0.23379290314159,304,251
"3997",-0.582750075306914,0.126483785644725,304,197
"3774",0.875052081079442,0.198383488150065,304,240
"1517",-0.438019270978721,0.131220136487348,304,193
"411",-0.9438643484504,0.120185185658788,304,168
"3968",0.0750573598706775,0.150761337755958,304,216
"3928",0.649672673910158,0.182999492660972,304,238
"3976",0.40422095233558,0.167953737272189,304,234
"3048",2.30507180095066,0.324653136480645,304,268
"62",-1.06696915017895,0.119548972562939,304,164
"2979",-0.0889067137754487,0.143695192049696,304,215
"4767",0.195617266669796,0.156654846065109,304,222
"4534",0.111112646764383,0.152522986467073,304,214
"4410",0.13412561698904,0.153645129250196,304,218
"4891",1.43680372200795,0.242564856666099,304,261
"1682",-0.647669075708832,0.125826804574112,304,189
"3910",1.59283824740119,0.256178186000357,304,266
"3439",0.822457482139263,0.194665758572534,304,244
"3949",1.82317773893352,0.277241174416879,304,266
"5315",0.00808512011663059,0.147660731800755,304,221
"3233",1.14547210588255,0.218665550238254,304,252
"4688",0.187694503101851,0.156261601521945,304,225
"1459",-1.15510287274583,0.117361530217523,304,150
"3833",0.0740103421260504,0.150710466613255,304,217
"1658",0.0951903501170629,0.151744120963791,304,216
"4783",-0.403399223111419,0.131856540804439,304,194
"2039",0.974428056637667,0.205613747943602,304,242
"1750",0.0313459492474313,0.148691528551116,304,217
"5025",0.527755413562877,0.175295006679463,304,234
"2655",2.55239141413864,0.350477639746526,304,275
"1162",-1.09778859909585,0.119920973825201,304,158
"3655",0.52369155357991,0.175045528712834,304,231
"1",-1.91344200507787,0.121826053173257,304,104
"2552",-0.706517651148064,0.125202355657852,304,181
"3521",0.806865932326047,0.193578320755415,304,245
"3013",0.448838810564742,0.170543652577892,304,231
"4169",-0.192037547452708,0.13929884021183,304,206
"2114",-0.00337294911115121,0.14717446241846,304,218
"2570",0.328794617357492,0.163714759009588,304,229
"3430",0.884024759094822,0.199025327206144,304,243
"4084",1.87372406365383,0.282010072162224,304,263
"4418",1.04719318596731,0.211074118024784,304,242
"4592",0.338943247846747,0.164277257573548,304,236
"5109",0.490827406712559,0.173046282204987,304,233
"2970",-0.160679432831334,0.140530775925779,304,206
"3673",-0.14277637933328,0.141309928739849,304,217
"2425",-1.31245272017932,0.118593055706261,304,143
"4366",-0.621994265730771,0.125801493886333,304,185
"4424",0.638843329628461,0.182297491904509,304,237
"69",-1.22871463227213,0.116181987660447,304,150
"5182",1.83686339737246,0.278527316407031,304,265
"789",-0.316405200539298,0.13522061022186,304,197
"2274",-1.00679847797381,0.117773064333094,304,167
"3309",0.334628435729852,0.16403784380114,304,224
"2767",2.28310875602724,0.322404021984852,304,266
"4920",0.791217390051017,0.192493683513629,304,237
"880",-0.60011193252973,0.126039055192294,304,186
"4551",0.731791161748127,0.188437084887105,304,237
"3773",0.778953292213801,0.191648388218564,304,248
"2135",-0.589390785825826,0.126286436482946,304,192
"4326",-0.191071453718869,0.139333558456054,304,212
"4178",0.711618394952579,0.187082870567071,304,242
"2219",-1.27781981317387,0.11848522475753,304,150
"1816",-0.904670673283677,0.121967335125231,304,174
"2289",-0.72197221899703,0.124605863640598,304,188
"2860",0.295373274693812,0.16187841100221,304,231
"3595",0.623965301436817,0.181338804141886,304,240
"2261",-0.774782429928092,0.122002028675473,304,174
"2303",-0.818627226055816,0.121266427672276,304,175
"3305",1.27693749362122,0.229197758277846,304,258
"1255",0.473391267250442,0.171999602646695,304,231
"1205",-0.0528964821654612,0.145175466108138,304,213
"2468",-0.350215985444972,0.133742186906664,304,202
"4971",0.715031770197953,0.187311184026568,304,238
"5266",0.15063528100649,0.154447960926622,304,215
"4079",0.781020306816137,0.191790562291445,304,234
"3560",0.796194523762522,0.192837923082074,304,237
"1398",0.766166991782961,0.190771569897099,304,240
"1067",-0.95042983937642,0.119797432727313,304,173
"1311",-0.395173071083858,0.132073559731792,304,200
"656",-1.48377204819859,0.118420433913893,304,136
"2304",-1.11431178156005,0.11956099264752,304,166
"680",-1.13861089669131,0.118387943885213,304,162
"2427",-0.536205219508123,0.128479086257051,304,194
"4385",1.35242777315384,0.235434847149069,304,253
"704",0.350004302212663,0.164892782625436,304,231
"2423",-0.323202155271636,0.134930273185776,304,204
"2920",1.59644809777634,0.25649954350059,304,257
"660",0.529015836896921,0.175372480800293,304,234
"4775",-0.289612782842084,0.136268238738334,304,201
"2534",-0.601106964335646,0.126020659404237,304,190
"1077",1.1502020275647,0.219037072200023,304,253
"4986",1.27289479907914,0.228867592386768,304,253
"4825",0.0425008271201315,0.149205908890706,304,218
"1272",-1.01279238004086,0.117816521965323,304,167
"3768",0.732541166820436,0.188487659644476,304,245
"2858",1.48579696295079,0.246780271151473,304,261
"4979",-0.00966393985581234,0.146912978248473,304,217
"4930",1.79041620615794,0.274177759419479,304,254
"2846",-0.168370226329864,0.140210083210346,304,209
"2245",-0.74894673506559,0.12325282714129,304,179
"5056",0.769394270277812,0.190992448335544,304,243
"2923",0.816016719385375,0.194215729627467,304,241
"5326",2.07981616093288,0.30196724690659,304,272
"1615",-0.222866601542193,0.13829635298059,304,203
"620",-1.16230938158655,0.116919895846291,304,158
"1289",-0.756650570296102,0.122849895149659,304,184
"2415",1.87382936151858,0.282020059943729,304,266
"2116",-0.499706153857478,0.129974650252946,304,193
"5016",1.3808975209294,0.237822078278933,304,255
"4600",1.62906243097467,0.259415836216513,304,261
"305",-0.442856374436608,0.131151928936069,304,195
"1015",0.810770366238138,0.193850005014043,304,245
"2381",-1.38841914093686,0.11486642228761,304,142
"1404",-0.0936222567503487,0.143493296840975,304,213
"1415",-1.13360039976127,0.118677458376116,304,160
"2158",-0.755792914416543,0.122894092376253,304,185
"3047",-0.46157436260696,0.130877097987361,304,193
"198",-1.78872429786228,0.117376990605296,304,113
"3598",0.884278941751146,0.199043541633057,304,237
"4866",0.649275841623365,0.182973705849935,304,233
"1974",-0.0343918483859254,0.145912770946751,304,210
"264",-1.20398806003225,0.115565358173693,304,155
"5006",-0.165608181382592,0.140324056170063,304,208
"1539",0.0889759934793284,0.151440157485384,304,226
"214",-0.996049426973492,0.117835954398186,304,164
"3781",0.57968547899251,0.178524330893241,304,249
"3942",-0.659685179352741,0.125853298611538,304,186
"4660",0.43422875109209,0.169687654389267,304,232
"1230",-1.02333449242976,0.118014598866551,304,162
"1154",0.126584143560672,0.153277959365062,304,221
"4419",1.25208098352045,0.227173982739327,304,253
"2759",2.09169918792835,0.303142085061582,304,267
"4896",1.6980613359118,0.265661159281962,304,259
"173",-0.586079198527986,0.126380779115751,304,194
"2091",-0.964482027306349,0.118992434798869,304,170
"2913",1.58704072083503,0.255662673916886,304,258
"2170",-0.771901885297159,0.122122051609162,304,186
"2246",-1.16584284037747,0.1167143398949,304,154
"2702",0.393383725209223,0.167335135035325,304,224
"2761",2.61297588774772,0.356931177808771,304,275
"1066",-1.20774662107328,0.115592477348526,304,156
"3284",1.44591190327547,0.243344381144738,304,255
"1086",-0.296846147463736,0.13600287496096,304,198
"4145",0.150450049737771,0.154438952977633,304,228
"1754",-0.803238879560006,0.121274483897829,304,170
"5051",-0.799990104055714,0.121310500037844,304,181
"636",-0.969665231238078,0.118723372437295,304,163
"1811",-0.681017056058987,0.12575567093179,304,188
"4581",0.260174396341436,0.159980467811849,304,226
"3164",0.94235669517757,0.203251326016495,304,247
"3694",0.983710497032747,0.206302595022861,304,246
"5046",0.503932831788729,0.173839539426903,304,231
"5012",0.770086413557992,0.191039857373905,304,240
"2424",-1.14867467511314,0.117766914882068,304,157
"5093",0.916525095378516,0.201368536233568,304,247
"734",0.101810483624786,0.152068063361035,304,220
"1112",-0.625784276645173,0.125791221953475,304,182
"1026",0.349597749703227,0.164870112380245,304,232
"2299",-0.816032285416419,0.121250206006771,304,171
"3826",1.55245916285725,0.252603076208792,304,261
"912",-0.634474828621933,0.125791437844865,304,182
"4463",0.666430851975158,0.184092813591374,304,240
"1314",-0.632097071351976,0.125788633217741,304,183
"3020",0.0382190281043692,0.149007058911901,304,217
"2863",-0.109016925754407,0.14282071659734,304,209
"1497",-0.167140769725113,0.140260641458891,304,206
"4405",0.966811995532093,0.205050263460713,304,242
"2448",0.727097894370167,0.188120972671755,304,236
"4817",0.980833761474875,0.206088870202904,304,244
"4621",0.161484328555523,0.154976041038131,304,227
"4608",-0.508747412196838,0.12965675124167,304,198
"4221",0.825703016540262,0.194892965312485,304,244
"4625",1.01102978077614,0.20834309796884,304,253
"4568",-0.1715009323145,0.140082650434585,304,209
"3260",-0.320663567343573,0.135039581290826,304,201
"1129",-0.523750356227832,0.129045152042647,304,192
"3026",0.202759840630534,0.157011819598926,304,227
"4487",1.77822423549492,0.273043329001242,304,259
"2850",-0.178101496836914,0.139820522034987,304,208
"3730",0.485135321678318,0.172703472008631,304,232
"4518",0.313571266170505,0.162875060764028,304,228
"1173",-0.847986075663349,0.121764987102115,304,183
"1382",-0.176260345676799,0.139892713464586,304,208
"390",-1.21539205771142,0.115727212730492,304,160
"5214",1.60151683813188,0.256951256113578,304,257
"1864",-0.246386879075143,0.137619696976401,304,208
"1335",-0.268805773746688,0.13695985675915,304,212
"1603",1.93269552768175,0.287637813510418,304,262
"3167",0.787282759764325,0.192222035306119,304,241
"451",-1.12668131238573,0.119042491168598,304,161
"4093",1.02878133648827,0.209679433445472,304,251
"3636",0.484737289449213,0.172679540219767,304,234
"5262",0.723889452626038,0.187905234878574,304,238
"2044",-1.17457217241079,0.116256336720224,304,154
"4166",0.968444764355961,0.205170936679399,304,248
"3454",-0.478425790473029,0.130557604019368,304,196
"398",-0.570231048503652,0.126937538052268,304,191
"5303",0.167036554456647,0.155246904410512,304,223
"421",-1.08953787285006,0.119947135124109,304,160
"536",-1.18183752176247,0.115948061626214,304,165
"4998",0.153053025563546,0.154565555018508,304,225
"2178",-0.786099416077293,0.121605315941925,304,176
"2765",1.27741482853071,0.229236768103221,304,251
"2717",1.03138517123266,0.209876138947684,304,246
"3900",1.26925305197299,0.228570509257177,304,256
"4926",1.36374950890292,0.236381913420108,304,254
"1525",-0.707473347922185,0.125170914878384,304,186
"4730",-0.0913240752458573,0.143591949882872,304,209
"782",-0.00991675926214403,0.14690254404061,304,215
"3507",0.594329601679418,0.179448805754376,304,236
"803",-0.36300810526384,0.133200903893891,304,203
"124",-1.28597473449948,0.118685315649408,304,149
"2878",1.57430119462428,0.254532477513482,304,255
"5241",1.84547430088449,0.279338479168399,304,264
"2517",-0.262338496652286,0.137156603591349,304,207
"1431",0.0453008984686903,0.149336829974679,304,219
"2841",0.552859097656203,0.176846598659357,304,236
"540",-1.26969220313782,0.118195873292874,304,154
"5335",0.276311729288027,0.160844833983526,304,224
"1608",0.084105310734568,0.151202185661307,304,221
"1996",-0.240471269442304,0.137787769411172,304,201
"1562",-0.594183352004631,0.126164751319899,304,188
"1533",-1.25294110237742,0.117400573726819,304,156
"858",-0.370839075633835,0.132890128092356,304,202
"2527",-1.20981795635617,0.115618681976147,304,156
"5194",1.07226562040153,0.212987401019958,304,246
"4086",0.0604962551128751,0.150057857827789,304,222
"19",-1.55618639479892,0.116738111383836,304,133
"3862",1.67234359621195,0.263321455763484,304,257
"1541",-0.587639090591662,0.126335312995653,304,194
"3403",0.951839471381739,0.203946989311447,304,249
"129",-1.21240616712545,0.115662336573009,304,154
"5368",0.0442591611993771,0.149288043286603,304,217
"1712",-0.518428463790857,0.12927280004171,304,185
"4824",0.0500009510877755,0.149558051321347,304,224
"2074",-0.840526984684795,0.121605455765917,304,175
"3373",1.08182559109822,0.213721173010007,304,243
"208",-1.41858866517561,0.115065366074672,304,141
"5239",0.37500561755345,0.166294323140184,304,225
"596",-1.21323089063135,0.115678730305823,304,153
"3083",1.52692305151588,0.250360788001806,304,255
"3461",0.190072770540368,0.156379365245433,304,225
"1997",1.20565196399931,0.223434059354229,304,254
"4756",0.435130964758202,0.169740287933535,304,227
"1770",0.703176045563407,0.186519642922304,304,236
"4411",2.19501200256638,0.313461355584865,304,268
"4940",1.54462830538816,0.251913916730424,304,254
"1850",-0.120220143312576,0.142321118252536,304,210
"2809",0.866189663551339,0.197751701734751,304,243
"1772",-0.209507005909096,0.138707537684757,304,214
"1451",-0.446229087709584,0.131104744786557,304,194
"2436",-1.6651441783608,0.1183760524451,304,124
"5069",0.96731510282193,0.20508743913164,304,244
"4833",0.901786569476937,0.200302359523501,304,243
"2332",-1.49314879474748,0.118634085173337,304,137
"1365",-0.727260158436339,0.124363561610503,304,181
"371",-0.665970875526187,0.125850041826295,304,194
"5362",1.49079437166863,0.247213320422288,304,263
"4417",-0.223607877074529,0.138274352298457,304,213
"3937",-0.62710714840917,0.125789293065086,304,189
"5059",0.381108610327128,0.166638872691637,304,219
"41",-1.41180744320232,0.114864605842641,304,147
"3737",0.440079498783572,0.170029507570764,304,238
"4205",1.49572932519617,0.247641511807821,304,256
"2699",0.761079843435162,0.190423993285031,304,242
"3340",0.829122078263507,0.195132634957117,304,240
"1084",0.475552874900796,0.17212880401818,304,235
"5347",1.72234333825416,0.267883093827699,304,268
"820",-0.32882678342558,0.134685121274967,304,203
"3618",-0.164113072116076,0.140386325790838,304,207
"2022",-0.354043813321533,0.133576851473962,304,202
"2898",1.04525663178394,0.210927012743994,304,253
"939",-0.545564336240037,0.128038041636466,304,190
"2822",-0.292579882556989,0.136161026442274,304,205
"2790",0.894221003108051,0.199757361895371,304,247
"2307",-1.01643850443494,0.117868573357306,304,165
"2408",-0.9652530895125,0.118951083863465,304,164
"2482",-1.37368798220989,0.115402225993328,304,149
"4212",-0.206260661842616,0.138812396597599,304,204
"228",-1.77105950352651,0.117779256109424,304,113
"2414",-1.54931877369373,0.117114263060072,304,128
"1898",-0.28173908302395,0.13654187680957,304,208
"4684",1.0895387152029,0.214314893500688,304,250
"219",-0.630818459970672,0.12578789210998,304,193
"3872",2.10996772345489,0.304953175216447,304,269
"1295",-0.477074269891139,0.130587236512302,304,192
"1122",-0.566150078056951,0.127104931757896,304,192
"4021",2.08002471354134,0.301987843924859,304,265
"1526",-0.662771994574865,0.125853751778318,304,192
"2857",0.266498283437185,0.160317877206974,304,218
"2992",-0.0661801749404343,0.144640268125559,304,210
"1702",-0.72556359620636,0.124443094463092,304,183
"498",-1.06905258193539,0.119609860026133,304,162
"3933",-0.757795744863569,0.122791250365846,304,180
"3806",1.50574339642263,0.248512092333468,304,254
"216",-0.337240587609144,0.134313657784224,304,198
"2277",-0.303153237584148,0.135760523057342,304,207
"326",-0.174705977369501,0.139954225665126,304,213
"2330",-1.19888002779747,0.115571749246183,304,152
"1960",-0.401156177306628,0.131912704558521,304,191
"3612",0.663342684418775,0.18389070039092,304,241
"685",-0.912166078796708,0.121740355071538,304,181
"5040",-0.386522848710006,0.132334810761927,304,195
"597",-1.57557267742167,0.115797321515521,304,137
"3522",0.325797295963295,0.163549038595898,304,227
"1891",-0.873587893802522,0.122202276205441,304,170
"1127",0.0334538817842854,0.148787801448807,304,217
"1267",-0.77958816439642,0.121818079088377,304,176
"5298",-1.0008483091819,0.11778502469284,304,173
"658",0.236462426298573,0.158732704510323,304,224
"1853",-1.4152260623638,0.11495554231032,304,144
"4517",0.855900527085725,0.197020912682517,304,237
"857",-0.406350136468396,0.131786008032883,304,197
"2675",0.794814262141076,0.19274238939283,304,246
"194",-0.873053684553058,0.122197338472292,304,179
"4023",0.572862545841298,0.178095694972548,304,232
"718",-1.05600582704536,0.119174769313554,304,163
"537",-1.75088054973947,0.11856398911097,304,121
"3614",0.396632055463233,0.167520156164231,304,235
"2445",-1.06663823732662,0.119538945674376,304,160
"4904",1.14195982653431,0.218390033455502,304,254
"4147",-0.46618822824323,0.130799296468096,304,196
"1114",-0.252926695365138,0.137432527238052,304,207
"1663",-1.15263678693873,0.117516643934231,304,152
"3545",1.80880816531241,0.275894837518057,304,261
"1473",-0.385321083402903,0.132373755296607,304,194
"940",0.11669090454153,0.152795468193866,304,218
"1775",0.57282376311805,0.178093262305826,304,238
"4039",0.0056899608037241,0.147557948936869,304,218
"1840",-1.46207378583631,0.11745269755327,304,142
"651",-0.688414362280068,0.125650947949512,304,188
"4162",0.978297126859575,0.205900594020452,304,249
"500",-0.983415289265676,0.118142636047452,304,177
"895",-0.30132185280715,0.135831928449859,304,196
"1213",-0.817863991653357,0.121260981411944,304,174
"2313",-0.0587658733965393,0.144940101449423,304,211
"2281",-0.771549446553504,0.122137199765036,304,181
"3752",-0.519305071636303,0.129236039152844,304,196
"1581",-0.741668619732995,0.123637436232856,304,179
"4556",-0.328722430169428,0.1346897002324,304,206
"3926",1.49766859195877,0.247809926808545,304,259
"1736",-0.92480801595836,0.121217228640149,304,178
"1293",0.00925805502254813,0.14771129165783,304,214
"2656",-0.296321679585641,0.136022570952027,304,211
"726",-1.09177005551218,0.119950044635581,304,161
"2848",0.44183397096368,0.170132264424393,304,234
"2722",0.399884899038548,0.167705772318315,304,228
"4626",0.499874561860787,0.17359331507836,304,235
"4043",2.00199212491974,0.294336748371308,304,266
"3082",1.9408372240541,0.288420112756009,304,261
"3257",-0.404204345103362,0.131836921991588,304,192
"3148",-0.928012387821568,0.121060350334679,304,172
"1762",-0.347126099172192,0.13387712078186,304,204
"4074",0.835348439535264,0.195569920523973,304,243
"2054",-1.10978677752111,0.119699729237696,304,159
"2650",2.26689616079079,0.320748733859467,304,269
"4277",0.115651587721363,0.152744723108887,304,218
"5281",-0.792616433612691,0.121438888861198,304,174
"1559",-1.17632569114936,0.1161750852672,304,154
"2300",-1.01685787203219,0.11787573256859,304,173
"2254",0.587797480891146,0.179035675930813,304,241
"796",-0.0849072547250361,0.143864809907438,304,211
"1229",-1.09186780097782,0.119950004782164,304,156
"494",-1.50214603979481,0.11870102453364,304,135
"1386",-0.799450142093514,0.121317703110491,304,173
"1922",-0.739329076085177,0.123759832673677,304,183
"1096",-0.412604864668201,0.131648585288614,304,192
"2172",-1.0231958699894,0.118011103804103,304,170
"4276",0.715986100382965,0.187375077859531,304,234
"3204",-0.112392338140502,0.14267088399786,304,214
"3254",1.12837152095581,0.21732703295807,304,252
"3539",0.0277604910634376,0.148528825156898,304,221
"2766",2.05409554765874,0.299433080990714,304,267
"1161",-1.17989429063965,0.116022927878316,304,155
"955",0.210886906427649,0.157421112649505,304,222
"5145",-0.560681769443359,0.127340956195258,304,189
"3425",-0.363238069388053,0.133191516220834,304,197
"2101",-1.15568028155664,0.117325397597447,304,145
"2753",1.14162432066295,0.218363731270538,304,252
"3259",-0.3906107918049,0.132207138943599,304,194
"4724",-0.0367705009591595,0.145817971312935,304,211
"2351",-1.5867075496068,0.115453654860164,304,134
"2093",-1.08375893413688,0.119906436993338,304,165
"591",-1.63876908055858,0.116746687983562,304,129
"1532",-1.12162842702725,0.119277277265932,304,154
"2339",-0.00740119920275616,0.147006613292748,304,212
"2099",-0.330199106918777,0.13462481766429,304,202
"2081",-0.695138035566795,0.125517021136214,304,185
"367",-1.12174752717875,0.11927208926583,304,160
"2637",-0.39134595659463,0.132184975455581,304,193
"1407",-0.534109945198469,0.128576714225762,304,184
"4823",0.14646445241302,0.154245159612775,304,218
"2174",-1.41291843089706,0.114891785351091,304,145
"243",-0.920559537510692,0.12141109533068,304,173
"3939",0.385607662458169,0.166893545169395,304,232
"334",-1.53732085345468,0.11774255683299,304,133
"730",-0.590654355720021,0.126252630878678,304,187
"63",-1.09737687503331,0.119924701004995,304,167
"822",-1.15803029135323,0.117179410556506,304,158
"1008",2.04998144633246,0.299028850846403,304,259
"1020",0.996236245839134,0.20723572478546,304,243
"2350",-1.3874142864692,0.114891096316444,304,151
"2713",1.53607677618475,0.251162892182273,304,264
"1483",-0.458364061209177,0.130927965970025,304,199
"2049",-1.2432640224659,0.116889180608625,304,153
"5295",1.08755510965524,0.214162059738065,304,250
"655",-0.550118653388858,0.127823772873603,304,188
"2185",-1.54078433663694,0.117569059738844,304,133
"2499",-0.629233725373273,0.125787808401768,304,190
"1194",-1.20824181267245,0.115598024010331,304,155
"1835",-0.844542863479398,0.12169072183815,304,176
"1268",-1.37190328740997,0.115489270959856,304,142
"12",-1.55839391936159,0.116618628018566,304,134
"2686",1.6045175119911,0.257218932727677,304,258
"16",-1.03437583270743,0.118352259545006,304,167
"769",-0.177843621774276,0.139830589028439,304,208
"1776",-0.00134481548317049,0.147259557740256,304,212
"2842",0.0230328542279281,0.148316372142829,304,214
"193",-0.939468486014448,0.120440142102139,304,169
"13",-1.57717360954943,0.115736439392764,304,125
"2692",-0.507125079744837,0.129716823284061,304,202
"976",0.969807924891344,0.205271738042143,304,250
"3602",0.533571319611088,0.175652873703361,304,230
"1481",-0.838797783785364,0.121569759053293,304,170
"1088",-0.350025761545641,0.133750460025396,304,193
"2743",-0.0987585142276682,0.143271088605906,304,212
"2618",-0.915712541871319,0.121610455218238,304,159
"1085",-0.133345706533471,0.141731443348831,304,199
"2011",0.971588036348117,0.205403445687208,304,252
"2623",0.68744157341754,0.185475531452141,304,242
"401",-1.44849839603515,0.116643151329086,304,144
"1305",-0.277933580503483,0.136668695818047,304,199
"2144",-0.508521383895839,0.129665197885154,304,186
"949",-0.493625219437679,0.130164728046608,304,185
"2206",-2.21019562496876,0.125574054681807,304,96
"454",-1.36545905923862,0.11583315394366,304,150
"2025",-0.494497637249147,0.130138644028608,304,195
"1411",-0.811529865068931,0.121238215515305,304,179
"2478",-0.744662562661,0.12347957678348,304,186
"5147",-0.668790878555365,0.125842683304118,304,176
"2500",-1.40059042848985,0.114726358193659,304,149
"1328",-0.604832613646867,0.125958600764663,304,197
"5163",-0.766159156348841,0.122380216941819,304,173
"2610",-0.99592505208729,0.117837765904547,304,157
"2782",-0.744782196228306,0.123473250600157,304,186
"501",-1.56160381635621,0.116448216873838,304,136
"5235",1.10057685719005,0.215167196034701,304,248
"716",-0.358350235143011,0.133393984620598,304,202
"1550",0.0839448825442966,0.151194353479118,304,220
"4163",-0.851993254710461,0.121850623556507,304,176
"4362",1.0369017039651,0.210293463707806,304,250
"39",-1.5018661700185,0.118701027375468,304,136
"249",-1.46669626294872,0.117703259114915,304,139
"1343",-0.450496931899129,0.131044462097331,304,200
"5280",0.00735191998625492,0.14762920260688,304,211
"2079",-1.13405977401676,0.118651691978063,304,153
"1214",-1.18742451813272,0.115767088171077,304,151
"1937",-0.797953104904605,0.121339493683806,304,184
"998",-0.00283450813945483,0.147197014796076,304,211
"2853",0.80110583641212,0.193178284582426,304,238
"1597",0.0944809937703305,0.151709413049129,304,214
"2651",0.139363165984824,0.153899891139272,304,219
"4697",1.72978204594142,0.268566256640557,304,261
"2318",-0.633395279077973,0.125789948483648,304,189
"1951",-1.23066542728427,0.116267305163405,304,158
"3748",-0.427528576526662,0.131377519697761,304,200
"2620",-0.807076821961942,0.121247937191133,304,173
"3873",0.255553852059342,0.159735102756147,304,230
"1948",-0.338150393288051,0.134273353108703,304,205
"1421",-1.69464744026213,0.119564118496692,304,121
"1735",-0.63583656528627,0.125793780068991,304,191
"1177",-1.34447489900621,0.117109115797973,304,134
"2169",-1.01252272035797,0.117813418911174,304,169
"1069",-1.02062470838584,0.117950268024374,304,164
"931",0.318598496044441,0.16315179844812,304,224
"272",-0.532497395807208,0.128651333984475,304,194
"2352",-1.13882270667914,0.118375332163117,304,164
"4033",-0.956028956754979,0.119468292635383,304,176
"723",-0.874329513562403,0.122208714036077,304,175
"3674",0.0656890202842777,0.150307623369918,304,213
"3811",2.50190169255195,0.345135510301249,304,270
"1607",0.573389646831069,0.178128761881337,304,238
"2814",0.322224559043937,0.163351750989581,304,226
"916",0.040859569928164,0.149129489843567,304,212
"3179",-1.01874450503488,0.117910806099439,304,167
"2730",-0.753100650484265,0.123034123860075,304,181
"497",-1.58217906772231,0.115569907758124,304,129
"4011",-0.197803142234737,0.139096145173559,304,209
"4652",-0.634228236959891,0.125791067696259,304,188
"42",-0.937769638002409,0.120536777677812,304,168
"1969",-0.63617493870497,0.12579443593638,304,192
"1147",-0.475781973597007,0.130614833902592,304,192
"4098",0.493102411310761,0.173183592246715,304,232
"997",-0.69695451294401,0.125474249481988,304,184
"4343",-0.593878657391764,0.126171956364014,304,186
"2706",-0.0704807485622727,0.144464708039845,304,212
"481",-1.2881642902109,0.118721823614369,304,156
"1443",-0.616061508982763,0.125833678035408,304,179
"700",-0.867681654215822,0.122134611239737,304,174
"529",-2.20953116214814,0.125556419977597,304,89
"3794",0.093752117122105,0.151673752055756,304,217
"2187",-0.557895902672107,0.127465453938801,304,188
"482",-1.28600762886312,0.118685920066043,304,154
"4199",1.07266400598029,0.213017932238483,304,248
"2212",-0.311898248068835,0.135408526772023,304,202
"1779",-0.736014676759976,0.123930994476606,304,186
"138",-1.36386906319174,0.115923934642421,304,139
"262",-0.884499404314468,0.122243324082257,304,173
"428",-0.99072928519022,0.117935353185945,304,171
"1683",-0.495594219257782,0.130105294933013,304,196
"1427",-0.647663305075754,0.12582678668972,304,187
"293",-1.74850071154839,0.118662228205184,304,130
"304",-1.89071001178164,0.121445832422883,304,107
"2403",-1.2830456963173,0.118624796571369,304,146
"1482",-0.641679767511216,0.125808293810313,304,190
"4596",-0.39333001019836,0.132126383915006,304,193
"2196",-0.595804125146328,0.12612764752055,304,192
"676",0.0258599348379031,0.148443128832104,304,217
"1206",-0.191134143035692,0.139331299009877,304,206
"2617",-0.78380339910503,0.121675258688087,304,175
"3798",0.293430905540057,0.161772557897299,304,229
"2051",-1.20674211402471,0.11558262641756,304,155
"182",-1.14193478121483,0.118187192870818,304,161
"3666",1.53611014849225,0.251165819885564,304,259
"4511",0.336773983294974,0.164156844433135,304,221
"3801",-0.0878962617691618,0.143738186025954,304,209
"3389",0.775284280215544,0.191396318708516,304,245
"3901",0.573456209505071,0.178132938152635,304,236
"2179",-0.905088146822595,0.121956445066217,304,173
"5282",0.782818408577691,0.191914336810421,304,237
"167",-1.03970733515999,0.118546564185524,304,169
"1748",-0.604738251856625,0.12596004088011,304,188
"4435",1.29403348580354,0.230598331341882,304,248
"565",-1.41924495357364,0.1150890368978,304,137
"3881",1.41001491195682,0.240283203055558,304,253
"5243",0.166660234071201,0.155228527638158,304,228
"3080",-0.319051904100222,0.135108459830432,304,202
"331",-1.29815111692016,0.118788946931584,304,145
"654",0.263490483290601,0.160157173977677,304,223
"1316",0.662696402526584,0.183848439219678,304,240
"1642",-0.247389594302645,0.137591140267931,304,213
"3931",-0.145670446917824,0.141181663925942,304,211
"268",-1.28786370171892,0.118717262573006,304,146
"4457",0.0366694930429042,0.14893551851059,304,217
"439",-0.166849403453922,0.140272664419544,304,211
"3432",-0.946075848157333,0.120055060498155,304,170
"4438",-1.14013715421936,0.118296487969754,304,155
"4252",1.39466822343336,0.238983577670262,304,254
"5240",0.176595705677509,0.15571482650285,304,213
"5119",1.53196363891878,0.25080224296943,304,258
"1178",-0.209760699652885,0.1386994326971,304,209
"4586",0.662091066735347,0.183808867007875,304,240
"4300",0.257494970950084,0.159838058697942,304,228
"705",-0.0365233826145643,0.145827815295051,304,216
"2508",-0.692236299072135,0.125579494047104,304,183
"755",-0.8092884162439,0.121240338293938,304,177
"3679",0.162535938175752,0.155027302671963,304,224
"52",-1.32776940909342,0.11802862512263,304,153
"1491",-1.66358896018213,0.118286551616288,304,120
"2614",-0.635792903970226,0.125793697493906,304,185
"4843",1.4011085677964,0.23952830853306,304,262
"2501",-0.75446805142061,0.122962778579882,304,180
"1580",-1.33410759442513,0.117707816223881,304,145
"4050",1.05989665748271,0.212041502093494,304,244
"3543",0.825749264622723,0.194896205058292,304,239
"2619",-0.937714730017055,0.120539879525663,304,159
"358",-1.03594808771891,0.118408020777997,304,167
"4062",-0.198444505314267,0.139074069889765,304,212
"643",-0.80447247153857,0.121264077502228,304,180
"623",0.838452173632744,0.195788299672266,304,241
"4287",0.0135980716152144,0.147899677710656,304,216
"956",-0.715809620535254,0.124865321448049,304,182
"3287",0.249067760216035,0.15939242703947,304,221
"2933",-0.253392126417965,0.137419099454362,304,204
"2582",-0.950613130653865,0.119786586129234,304,172
"4477",0.615948827644679,0.180824998894054,304,231
"742",0.0919238231287823,0.151584312873999,304,220
"2463",1.31780372241169,0.232557320115979,304,253
"2542",0.887525516012131,0.199276342554568,304,248
"5131",-0.72928566622227,0.124266583220272,304,175
"1185",-1.49421673985987,0.118649236716281,304,139
"1131",-0.529535774619376,0.128786954026713,304,192
"3421",1.91939723503606,0.286362800142733,304,264
"3075",2.02294686499917,0.296380319782558,304,269
"2684",-0.9150138479622,0.121637145924931,304,172
"2745",-0.255205679705355,0.137366597479956,304,202
"3102",1.7406056707787,0.269562354484367,304,261
"626",-0.597904121900671,0.12608263994168,304,195
"4816",1.44627454308062,0.243375457094503,304,259
"2890",-0.112641295387881,0.14265980583393,304,203
"1356",0.787009953148784,0.192203216612751,304,240
"3279",-0.0962319637551406,0.143380687504145,304,211
"2366",-0.702606461799631,0.125323010555202,304,182
"3958",0.20699242323443,0.157224550374781,304,222
"3032",1.80924955088618,0.275936130115226,304,260
"1433",-0.500300675304549,0.129955031420534,304,189
"5383",0.431052497101798,0.169502594464963,304,232
"1630",-0.629711964101073,0.125787731605641,304,186
"4985",2.02403534091347,0.296486694829651,304,273
"5259",0.625883114596493,0.181462008181559,304,235
"4115",1.32122801626499,0.232840638703322,304,264
"3226",0.178019754320204,0.155784747915807,304,223
"380",-0.631079479108613,0.125787996371516,304,186
"717",-0.129788173996924,0.141891261413522,304,208
"1752",-0.0123990231978847,0.146800383311619,304,217
"5045",1.43220867024371,0.242172311955519,304,256
"3022",-0.334200847635259,0.134448233009386,304,200
"670",-0.73081951132263,0.12419178685577,304,185
"3374",-0.397331283582329,0.132013667729152,304,203
"3662",1.57109397105847,0.254248509301372,304,264
"4902",1.35764540350156,0.235870928745711,304,252
"3689",1.44811082005977,0.243532860737022,304,256
"4812",2.24584662918164,0.318605960653291,304,270
"2896",1.6120700149644,0.257893526953727,304,260
"1896",0.132147697891433,0.153548875819041,304,217
"2133",0.0141663678061838,0.14792449903413,304,220
"5270",0.544856286089195,0.176350024810526,304,234
"5386",0.562042828722513,0.177418669304657,304,239
"793",-0.00976555000922635,0.146908783996613,304,214
"4883",0.884154704744231,0.199034638736241,304,247
"5026",-1.19397123535422,0.11562522830144,304,154
"4779",-0.484142163489214,0.13042309885841,304,195
"5195",-0.174938277885813,0.139945000170163,304,211
"3232",2.17185917375471,0.311132656367541,304,269
"1653",-0.161859422425201,0.140480915030265,304,207
"4433",0.439865621345303,0.170016988810791,304,226
"1992",0.231711164147278,0.158486281153849,304,218
"2344",-1.28649698509466,0.118694711468471,304,147
"3526",1.90510965355305,0.284996770823879,304,262
"288",-1.34719173176086,0.116942660646524,304,151
"2714",1.14817857948156,0.218878067486851,304,255
"422",-1.45679828183707,0.117147407034759,304,137
"4611",0.952284026638193,0.203979661121655,304,247
"404",-1.43998033877968,0.116125263259474,304,137
"2639",-0.619999472800939,0.125809988653526,304,190
"1696",-0.777730097700897,0.121886654390131,304,181
"4963",1.66024825956191,0.262225941850684,304,264
"5267",0.602530364830961,0.179969220995369,304,236
"3166",-0.282702387557015,0.136509226852657,304,197
"933",0.189352026424381,0.156343651941424,304,224
"3394",-0.461540110817195,0.130877653728852,304,192
"3355",0.530689486993035,0.175475425598535,304,232
"4617",1.91481087336972,0.285923866113159,304,271
"937",0.620061243442672,0.181088339510096,304,234
"3209",0.881189177031592,0.198822252533767,304,244
"908",0.187418566709515,0.156247952922299,304,225
"4591",0.383103846942333,0.166751742387224,304,233
"3860",1.04018540880255,0.210542249664334,304,250
"1635",-0.28272696349729,0.136508390928971,304,206
"3769",-0.222598493074723,0.138304328187976,304,201
"865",-1.51701384547265,0.118512814832196,304,135
"599",-1.57117699974836,0.11598120355677,304,127
"1005",0.169622028048893,0.15537324190225,304,228
"2492",-0.815991575742685,0.121250004090363,304,177
"821",-0.0221347363048397,0.146404175079581,304,216
"3216",0.636764663688755,0.182163149744588,304,238
"5120",0.27924944102037,0.161003314791576,304,229
"4312",1.42630025153126,0.241668283475625,304,261
"2418",-1.2411813524959,0.11678048210877,304,145
"3708",0.962871554096834,0.204759328075252,304,243
"650",-0.386809307581379,0.132325621607133,304,199
"2899",-0.0174729421328163,0.146593070178215,304,214
"4681",0.361289915930101,0.165523575186875,304,228
"4628",1.76884173330795,0.27217239347401,304,261
"2235",0.136101583128431,0.153741260976699,304,222
"2466",-1.44128917160534,0.116203408660071,304,140
"3059",1.21877884611553,0.224486101070933,304,255
"4748",0.965222671706518,0.204932869028182,304,249
"3609",-0.477316231404462,0.130581989922738,304,195
"728",-1.22103247335898,0.115889280071235,304,154
"3797",-0.790555297556858,0.121486262885371,304,176
"139",-0.862458050464662,0.122053693499411,304,184
"2042",-0.47496971375581,0.130631820368792,304,188
"4282",0.712783405049743,0.187160757448201,304,244
"3495",2.42898059237683,0.337481310158244,304,273
"544",-0.80914504659623,0.121240663551314,304,181
"3302",0.978127796385095,0.205888031881755,304,247
"3603",-0.613784676860142,0.125851870796173,304,185
"1250",-0.658094622645572,0.125851740623468,304,196
"1207",-0.834739903490014,0.121489817188626,304,179
"1809",-1.12802981256682,0.118975023640605,304,159
"4622",0.541389316495679,0.176135460910703,304,237
"4133",0.523439258881087,0.175030056373859,304,240
"601",-0.528824848395556,0.128819196106485,304,193
"911",-0.302059744329035,0.135803258513229,304,200
"3236",1.29755741955768,0.230887898319337,304,256
"1337",1.69854700576693,0.26570547875361,304,260
"4422",1.61819801019825,0.258441796120484,304,258
"1995",0.00503465632260236,0.147529935035759,304,216
"3785",0.313434201790628,0.162867523676023,304,227
"2110",-1.36022138601443,0.116138876163344,304,142
"5331",1.97776361220136,0.291984179622841,304,264
"112",-0.86976844876154,0.122161685904548,304,177
"1202",-1.20972621980617,0.11561735526282,304,144
"5369",0.665473117069994,0.184030101331434,304,239
"5030",0.503889503288605,0.173836907876108,304,231
"4495",0.479087104288236,0.172340393357093,304,242
"5035",0.442587809373201,0.170176450331121,304,226
"2347",-0.870670485703399,0.122172353511731,304,172
"435",-0.461837127289859,0.130872824629997,304,195
"3299",1.02804926130022,0.209624160854162,304,242
"3116",1.21481603690997,0.224168059545776,304,249
"600",-0.138741735077751,0.141489722304255,304,210
"4290",-0.0310670563363533,0.146045502038363,304,219
"5269",0.206330420825297,0.157191217157084,304,225
"3015",0.0906017457153322,0.15151965123054,304,215
"1855",-0.184187689510376,0.139587220744172,304,210
"3991",2.30447785759017,0.324592213263328,304,275
"4776",-0.221952382649847,0.138323587511625,304,207
"947",0.598884958472665,0.179737644120078,304,241
"4601",-0.612200964429664,0.125866580315976,304,184
"2760",1.13031490244283,0.21747877718324,304,249
"3320",1.67337685954892,0.263415186754535,304,259
"954",-0.494302573059298,0.130144510576611,304,188
"2581",-0.872470615255906,0.122191667049456,304,171
"1458",-0.571047543115244,0.126905071234596,304,187
"1740",-1.52554641838363,0.118250594770735,304,134
"1034",1.79858052014708,0.274939129702501,304,260
"3959",1.30138189119057,0.231202497410202,304,251
"1950",0.180015838354579,0.155882864174469,304,224
"2115",-0.628348161008015,0.125788194460903,304,190
"3269",0.0931788886350865,0.151645708016372,304,218
"1216",-0.0192152315275187,0.14652230976646,304,218
"4069",0.870202774318415,0.198037522538231,304,234
"5160",-0.588729730464254,0.126304608350142,304,189
"4035",1.04221101555815,0.210695856458037,304,241
"3600",0.227588521692742,0.158273481763561,304,226
"4757",0.941363360638791,0.203178593399314,304,247
"3197",1.45082176147725,0.243765380807871,304,254
"872",-0.777903210595547,0.121880126202085,304,181
"4137",0.184651275317411,0.156111239117179,304,225
"2875",1.36140160685037,0.236185263050694,304,253
"1529",-0.217036503822144,0.138472122127973,304,210
"4988",2.05384021294324,0.299407984115763,304,265
"2106",-0.376963795465707,0.132661604051466,304,198
"1041",0.0165660014962652,0.148029700528693,304,220
"5249",-0.0889133437099502,0.14369490963705,304,211
"1640",0.209929441307119,0.157372712846756,304,218
"2938",0.880377670703524,0.198764175703984,304,242
"3174",1.72247582716984,0.267895251317002,304,263
"512",-1.20341735385251,0.115563583222996,304,156
"4010",0.151169075483388,0.154473920732161,304,215
"2520",-1.17127656082013,0.116419517920949,304,151
"5101",-0.0115071722529381,0.146837029731505,304,212
"4237",0.597147786542544,0.179627425358744,304,237
"2084",-0.225492341198278,0.138218734996453,304,204
"4416",0.0463478393051245,0.149385952315582,304,223
"4198",1.79926153631439,0.27500270001504,304,254
"5228",0.0614210062145431,0.150102230944905,304,216
"5136",0.724501447910977,0.187946362938194,304,243
"3599",0.654543249020641,0.183316378646216,304,230
"4309",1.22871922151919,0.225285574532615,304,254
"3023",1.81592947927187,0.276561535485696,304,269
"3285",0.878891857073224,0.198657887626516,304,244
"4736",0.612500113758659,0.180604545887194,304,231
"2030",0.051209077926802,0.149615194717934,304,218
"340",-1.80865572917666,0.117484700135052,304,121
"3529",0.631786855511558,0.181841968037447,304,238
"3722",1.15725985783243,0.21959248586999,304,246
"162",-0.961012046145757,0.11918332632917,304,166
"3822",-0.147825700042941,0.141086607099592,304,218
"4451",0.215401786978633,0.157650007218578,304,225
"2946",1.71904753604971,0.267580782001604,304,263
"4091",-0.119683902848246,0.142345158466159,304,219
"5230",1.33758886704441,0.234198143468382,304,252
"4470",1.15819417708942,0.21966610514178,304,252
"817",-0.399928503315759,0.131944392870279,304,197
"3864",1.96801014789163,0.291040262350166,304,266
"3098",0.564651836692123,0.177581621664184,304,239
"4899",2.10568999040023,0.304528559096988,304,266
"2812",0.633244947927807,0.181935970874759,304,238
"3961",0.469504891268546,0.171767717232629,304,233
"3496",1.10166421518791,0.215251323322477,304,251
"3063",1.4604140937902,0.244589473908217,304,261
"3274",0.711321820199925,0.187063049354474,304,231
"4279",1.08474840424164,0.213945978898671,304,247
"1981",-0.391348558169372,0.132184897458513,304,198
"2214",-0.872703210381104,0.122193964458185,304,176
"1887",0.305965475241417,0.162457492542915,304,229
"779",-0.365101179546043,0.133116007107798,304,198
"935",0.376615268582581,0.166385097625311,304,230
"619",2.24387872710199,0.318406005126687,304,271
"2147",-0.0978821712792593,0.143309166689661,304,215
"2100",-1.34022482293878,0.117363112865779,304,145
"901",-0.0380161226890584,0.145768365201648,304,213
"3690",1.10040085366708,0.215153581726155,304,252
"4228",1.43504409988644,0.242414478827758,304,260
"4215",0.860849120621746,0.197372024789407,304,242
"6",-1.71254550005685,0.119672606874602,304,114
"1333",0.0131813666772931,0.147881500041175,304,219
"5036",0.34085947740094,0.164383706562838,304,221
"1000",-0.587579960705821,0.126337003293811,304,187
"840",0.0869324680362661,0.151340275857338,304,213
"1009",0.748635914025579,0.189576840000772,304,240
"5179",0.00697692758723176,0.147613099539343,304,212
"1570",-0.678495595088938,0.125781829450628,304,184
"4927",0.934418725738055,0.202670841256099,304,244
"4403",0.691583509239034,0.185749671144144,304,237
"3964",1.3864960563615,0.238293757128267,304,253
"3865",2.08950660793311,0.302925120359366,304,265
"5254",-0.232286737790266,0.138021348744616,304,196
"206",-0.891596780875911,0.122201420192238,304,177
"3239",0.791403853177003,0.192506567676947,304,247
"34",-1.58451199040876,0.115505700371341,304,130
"855",-0.773826308575837,0.122041100478196,304,183
"3858",1.71131440575666,0.266872346811333,304,265
"3667",-0.150080227300464,0.140987656350269,304,214
"4242",0.0884553196332019,0.151414703871093,304,212
"2823",1.15383246280726,0.219322612554692,304,249
"2941",-0.158769014988405,0.14061196651345,304,213
"3799",-0.135226742428354,0.141647057293329,304,216
"3121",1.30613051059368,0.231593603235597,304,251
"3888",-0.0414688061363025,0.145630939389353,304,217
"4040",-0.239846891082251,0.13780550774465,304,203
"983",0.670847734766565,0.184382388007123,304,231
"4187",0.261130840493278,0.160031382947332,304,228
"5041",0.146444838958615,0.154244206032852,304,222
"1622",-0.0498297997294771,0.14529794313025,304,215
"1725",-1.52474221107339,0.118279560325081,304,132
"3171",-0.229407283349801,0.138104471255505,304,209
"1954",-0.625583421281142,0.125791586125471,304,185
"3460",0.139114875709756,0.153887817025019,304,222
"924",-0.324562172787099,0.134871339688542,304,204
"4468",0.203559557520872,0.157051943588026,304,229
"1313",-0.145569338017501,0.141186133562848,304,214
"3813",1.07284245472112,0.213031609397395,304,246
"1169",-1.01372209097403,0.117828021718444,304,170
"59",-1.16810337348893,0.116588186330919,304,155
"4819",0.539745860567998,0.176033869667072,304,233
"397",-0.502884440070382,0.129867642008091,304,195
"3365",0.579521604325401,0.178514020319199,304,236
"2195",-0.0190218538884955,0.146530153509383,304,218
"2775",-0.338243016785849,0.134269249842283,304,198
"3683",-0.237724882318238,0.137865854226155,304,211
"4202",0.673553181275299,0.18456004948911,304,240
"1745",-0.785470320260166,0.121623911211217,304,176
"3186",0.780901068570589,0.191782357568783,304,243
"3012",1.40843741187065,0.240149361380805,304,253
"4235",-0.0828655973640633,0.143950825490914,304,210
"4710",1.29387123066954,0.230585005757426,304,253
"2094",-1.11685376424646,0.119470461624649,304,156
"3549",0.690266841533796,0.185662470352327,304,237
"2407",-0.69844419149367,0.125437055509975,304,184
"1747",-0.695842286690496,0.125500774676757,304,186
"3372",1.25242813267543,0.227202144054219,304,253
"4222",0.279534670994519,0.161018719052547,304,226
"4552",0.20734142276228,0.157242132434342,304,228
"2874",1.20114832964568,0.223074096019382,304,254
"4771",0.561038893359984,0.177356016952912,304,234
"3445",1.55591918310187,0.252908011040458,304,255
"2560",-0.815200786511495,0.121246412263137,304,179
"5013",-0.0174774832337459,0.146592885480152,304,209
"3119",0.601913003793817,0.179929975431455,304,235
"5341",0.715541097185058,0.187345280933097,304,239
"5317",1.03926646194196,0.210472598637305,304,249
"5204",1.5973535529474,0.256580194028734,304,263
"1978",0.0424531767759175,0.149203686840251,304,215
"4036",-0.358092909383528,0.133404803228145,304,198
"1058",0.0378120968992835,0.148988249163571,304,223
"4402",1.05445133274264,0.211626325158965,304,243
"695",-0.705951679288934,0.125220615116701,304,184
"4831",-0.40937831950989,0.131717481403152,304,197
"4968",0.164777029398111,0.155136607420884,304,219
"4969",2.13497035725174,0.307441466758019,304,264
"3453",1.32753550992756,0.233363236541066,304,259
"3512",-0.211004633644812,0.138659873976104,304,216
"3820",0.49691770582704,0.173414242191304,304,235
"4060",1.50974449933661,0.248860562597008,304,256
"3328",0.345918070891162,0.164665088653168,304,225
"4440",-0.443791144909954,0.131138853463306,304,197
"1150",0.443080726682374,0.170205353737479,304,222
"418",-0.844966149508653,0.121699829406112,304,175
"4095",1.1578055076127,0.219635477454273,304,248
"147",-0.553261096569161,0.127677454787481,304,197
"4786",-0.0555680145804794,0.145068515130389,304,217
"1128",-1.05616908860991,0.119180848676961,304,155
"4991",1.02930333473382,0.20971885346247,304,248
"220",-1.51614080479404,0.118533698411595,304,132
"4413",1.42789117920562,0.241803921361083,304,254
"364",-1.57508495127723,0.115816548139604,304,138
"1798",-0.872260228088653,0.122189549303967,304,178
"1113",-0.624594512482836,0.125793663223043,304,190
"4375",1.64311930693219,0.260679884813868,304,261
"3963",0.0406820458531231,0.149121238643958,304,221
"1323",1.66192953844198,0.262378033377096,304,264
"2082",-1.06333412615917,0.119433907549568,304,160
"5144",0.507385908694806,0.174049448294864,304,235
"3575",0.703353972441569,0.186531491663139,304,237
"4210",2.82629583882407,0.379990019957422,304,278
"3357",0.353897283848207,0.165110048339812,304,229
"4465",0.563699652093063,0.17752212830165,304,230
"4005",0.933279865232375,0.202587697763364,304,247
"4170",0.0512978532631766,0.149619398030404,304,211
"370",-0.650262109551239,0.125834605357835,304,187
"2561",-1.09287338283693,0.119948773403171,304,161
"4818",0.824824207029936,0.194831414658314,304,241
"3999",0.0141063843285989,0.147921877468809,304,224
"3932",-0.25984294605257,0.137230795462146,304,203
"1649",-0.479824906374277,0.130526075918418,304,185
"2981",-0.354891990083155,0.133540546541066,304,200
"5021",-0.0795446519746415,0.14408992530403,304,215
"474",-1.54485277678075,0.117355904381187,304,140
"3120",0.313073660412353,0.162847699784122,304,226
"2575",-0.225783459640718,0.138210181179074,304,204
"4283",0.248684292281061,0.159372233914055,304,222
"1998",0.259454618031163,0.159942179192265,304,233
"2486",-0.235063897587652,0.137941746335145,304,196
"1396",-0.685401528955008,0.125698809925546,304,183
"3814",-0.310481762056532,0.135466721287829,304,206
"493",-1.1238141715307,0.119179342782886,304,155
"4384",0.423495490916039,0.169063773709666,304,231
"3318",1.22180650032681,0.224729349687097,304,249
"2710",-0.0865708164026788,0.143794438603506,304,213
"4269",0.623704586996907,0.181322063835775,304,238
"2578",-1.46814629472758,0.117777811321635,304,134
"3393",0.866272161049643,0.197757572900932,304,245
"1104",-0.83144382153709,0.121430159362186,304,173
"735",0.0384795841563206,0.149019110922881,304,217
"5192",0.359472571660331,0.165421799256896,304,227
"788",-1.30437186445851,0.118745868325329,304,148
"1764",0.574838744330577,0.178219709446795,304,236
"1557",-0.546024925363177,0.128016299901062,304,196
"1861",0.153789164360181,0.15460136678647,304,218
"4454",0.445610286802795,0.170353820851216,304,230
"1679",0.113348548236667,0.152632238724681,304,216
"3504",1.67994086875846,0.26401116315558,304,258
"4425",0.445533973593001,0.170349338379605,304,223
"3294",1.12508411427737,0.217070560486938,304,248
"3716",-0.251474678342501,0.137474309243384,304,204
"2836",0.504564153802742,0.173877889294253,304,235
"4522",0.438618381559382,0.169944018320231,304,225
"4864",1.2742263141595,0.228976293390268,304,255
"1989",-0.524414804591813,0.129016019947876,304,195
"1225",-0.428361076070601,0.131364287593492,304,195
"1882",-0.190877862037283,0.139340541661573,304,214
"979",-0.436228608444414,0.131245839387161,304,202
"3330",1.16834288556444,0.220467171199549,304,250
"3129",1.28916332961551,0.230198633239026,304,249
"5252",0.580130575878975,0.178552339108703,304,224
"3481",1.00708726244858,0.208047420349802,304,244
"2233",-0.538851616898395,0.128354934126966,304,198
"5210",1.6463362573075,0.260969765051326,304,260
"3995",0.565838400719766,0.177655795002558,304,233
"2829",1.17981757166401,0.221375988363278,304,252
"4543",1.55255950295196,0.252611915537007,304,262
"3759",1.5834479473271,0.255343577120181,304,261
"833",-0.785836220118892,0.121613042939572,304,185
"3175",0.813113139889359,0.194013226180428,304,244
"163",-1.3737839721274,0.11539765872803,304,143
"4849",1.5709941746754,0.254239676948686,304,254
"4119",1.40136096191827,0.23954967591258,304,256
"996",-0.544632842662737,0.1280820375779,304,190
"388",-1.48446095914241,0.118440910376569,304,132
"982",0.317149271356547,0.163071963952075,304,224
"4460",0.595428068039163,0.17951840034418,304,238
"2982",0.634540414505782,0.182019542937363,304,239
"1080",1.05101291203525,0.211364557296957,304,244
"4808",0.623989168281112,0.181340336718112,304,240
"3292",0.423679996005146,0.169074462929787,304,229
"4961",0.620499823279918,0.1811164538992,304,239
"4217",0.999639694247941,0.207489983152279,304,247
"932",-0.550126146220627,0.127823422143255,304,188
"363",-0.93755300498409,0.1205490074149,304,169
"1399",0.881859791830288,0.198870259816593,304,243
"3161",0.265644711681931,0.160272231647294,304,223
"3675",0.632823124882168,0.181908769478402,304,238
"5174",0.89907421336121,0.200106791532607,304,249
"4733",-0.292354179627525,0.136169261964618,304,201
"1222",0.0193999997682232,0.148154763948165,304,217
"4832",1.2563820244982,0.227523096578999,304,257
"2442",-0.471453346845362,0.130702293519473,304,199
"834",-1.57396661411375,0.115861784352668,304,137
"3474",-0.0720825287126412,0.144398966613115,304,219
"3943",0.929988347358584,0.202347593583254,304,249
"3591",1.4593442501574,0.244497457736095,304,256
"3617",0.915550888179107,0.201297881017005,304,245
"4097",-0.506274171543785,0.129747811512459,304,191
"1489",-0.953016709623707,0.11964466010031,304,169
"2685",1.69089141726164,0.26500745450632,304,264
"3072",1.72621786235957,0.268238781186382,304,262
"1212",-1.48873924281923,0.118551368908454,304,141
"4383",0.624378668691683,0.181365350353008,304,238
"971",0.455523040271519,0.170937882264107,304,233
"2063",-0.791001709160911,0.121475583266429,304,182
"2311",0.0989570507292925,0.151928438192274,304,221
"920",0.300111492226843,0.162137079552936,304,228
"2155",-0.278441797902588,0.136651955217214,304,207
"1936",-0.851787449783372,0.121846281301032,304,175
"3288",1.78204306873855,0.273398333024836,304,262
"5133",0.144431197930809,0.154146307019121,304,218
"3916",0.363439580844491,0.165644063781165,304,228
"1633",-0.832871661803662,0.121455328658606,304,167
"2296",0.705509033532798,0.18667507822341,304,242
"898",0.048180316258237,0.149472148268864,304,219
"4081",-0.231427096955197,0.138046094383513,304,203
"3751",1.40017468347121,0.239449259887571,304,258
"5348",0.747127896755674,0.189474475062309,304,246
"941",-0.0406609665272183,0.145663087900304,304,209
"3831",1.10330149509423,0.215378053918083,304,248
"1925",0.150655901667761,0.15444896373643,304,221
"760",0.950540639046208,0.203851564099917,304,245
"3880",0.889753005295997,0.199436234806502,304,245
"2412",-0.261329804569221,0.137186695559867,304,203
"4014",0.963561840223027,0.204810264334882,304,243
"1789",-0.087174885349913,0.143768821888959,304,210
"2871",-0.365345548699405,0.13310617745921,304,199
"4909",0.371629503050451,0.166104156583857,304,230
"314",-1.50106452082355,0.118700293954138,304,140
"1620",0.183368356400314,0.156047956668913,304,223
"4852",1.14652740865409,0.218748392705606,304,251
"1252",-1.01628115979729,0.117865948166695,304,165
"1880",-1.10212013153861,0.119866165016365,304,151
"58",-0.293093820656976,0.136142224437385,304,204
"359",-0.858184914537075,0.121975969358714,304,173
"551",-2.17945156802312,0.125133959291516,304,89
"448",-0.550600757430181,0.127801222091126,304,196
"2595",0.982438906539718,0.206208096295127,304,242
"3345",0.304199474735084,0.162360738791088,304,224
"2247",-0.896738523003047,0.122134080186243,304,171
"2825",0.818896611241541,0.194416811550032,304,241
"797",-0.966953063917107,0.118861470655374,304,167
"4687",-0.0202760408816431,0.14647932429976,304,216
"4394",2.31721427731612,0.325899858426901,304,273
"2541",0.410418309045252,0.168309239132079,304,235
"2316",-1.18871036861569,0.115733051381561,304,161
"4934",1.31212364056194,0.23208797815854,304,255
"2522",-1.06663416274304,0.11953882162367,304,162
"2588",-0.0940473727940666,0.143474995027284,304,216
"3242",2.25974780038753,0.320020244308467,304,270
"3878",0.248166591647921,0.159344984191619,304,224
"1625",0.368053946622827,0.165903080928706,304,224
"5022",0.785007982246411,0.192065180430358,304,233
"4604",-0.56075951927822,0.127337518850015,304,196
"4965",1.24869415492408,0.226899391095849,304,246
"3146",-0.0188410143671959,0.146537490903965,304,213
"328",-1.73303632499647,0.119243945816163,304,124
"640",-0.862577084601002,0.122055724396423,304,173
"3824",0.916732796980392,0.201383603289942,304,248
"3363",1.45552002925082,0.244168754019874,304,251
"1727",-0.933086937045763,0.120795623303422,304,168
"2126",-0.601144950996291,0.126019972427879,304,191
"3071",1.23413892932536,0.225722482511495,304,248
"2584",-1.29966119681949,0.118784525167392,304,149
"4634",0.974322192023339,0.205605904887399,304,247
"3587",0.803019498528831,0.193311085523406,304,250
"2450",0.032324657273501,0.148736171773033,304,220
"3006",-0.145820661316181,0.141175025157155,304,205
"4090",-0.0490788762637247,0.145327894770676,304,214
"3388",1.21718668846362,0.22435827365001,304,252
"1551",-1.039971723278,0.11855653690437,304,166
"4096",1.28355232153106,0.229738838646716,304,257
"3519",1.90254194463096,0.284751696228216,304,266
"3970",1.01597595449428,0.208714620705202,304,250
"2764",-0.587686726164103,0.126333953186658,304,190
"1569",-0.735701474722728,0.123947001157532,304,176
"3508",1.06541188231823,0.212462785876268,304,247
"32",-1.87139396254166,0.120639653199133,304,109
"4482",0.126394179209461,0.153268704116816,304,225
"5338",0.82124214562638,0.194580752738901,304,250
"5332",0.462059852332986,0.171324980279843,304,234
"260",-1.99318891710035,0.120672315648805,304,110
"861",-1.30660048510573,0.118714521082996,304,157
"1156",-0.87344846894903,0.122201011550601,304,168
"2513",-1.07965588838645,0.119849883919889,304,157
"2037",-0.223884879785063,0.13826614927799,304,200
"2434",-1.58940251656632,0.115401389301273,304,125
"3132",2.40665006169577,0.335152481491494,304,271
"1400",-1.23656560245721,0.116546159705148,304,163
"2104",-1.30957244029178,0.118659840602064,304,147
"4762",0.722096052687665,0.187784774916655,304,242
"3470",1.02382298641346,0.209305343983722,304,241
"4523",-0.486771134767186,0.130356008239097,304,187
"4490",0.86824799405046,0.197898244434458,304,244
"3792",0.721712660103282,0.187759035080181,304,241
"871",-1.47145951920903,0.117939837742888,304,138
"1609",-0.617339533225969,0.125824939952426,304,189
"4264",-0.385055936120753,0.132382432916264,304,196
"1647",-1.19653111209595,0.115591572880841,304,151
"1448",-0.477053670100692,0.130587682021792,304,196
"389",-0.487391808198118,0.130339669889406,304,194
"2166",-0.169609336007468,0.140159418041642,304,207
"4876",0.299562160105934,0.162107058636105,304,230
"183",-2.0850130613229,0.124370376866711,304,97
"1476",-1.65036390432301,0.117472640789843,304,127
"2411",-0.818180061851051,0.121263169741474,304,174
"2253",0.419341385354633,0.168823431043992,304,230
"881",-0.224129639918336,0.13825890918773,304,203
"2727",1.42489937961946,0.241548897501589,304,257
"2001",1.04319260380421,0.210770330896605,304,249
"4117",1.01852970013463,0.208906690283604,304,252
"169",-0.439270936483496,0.13120234890658,304,204
"1134",-1.60124693148231,0.115334146960631,304,130
"126",-1.45751066307505,0.117189586898315,304,135
"4256",-0.513906803803573,0.129457354109336,304,185
"4100",-0.588648416332707,0.126306866546081,304,191
"1720",-1.17461413496396,0.116254345239022,304,156
"3019",0.87157691749171,0.198135492995538,304,248
"1364",-0.873363612401763,0.122200233515061,304,175
"3579",0.471387150085197,0.17187995892092,304,235
"2556",-0.0857648188516359,0.143828565656026,304,213
"3990",0.675693036650185,0.184700725611476,304,239
"752",0.0505398203921462,0.149583525804266,304,223
"562",-1.69544120885417,0.119579426897834,304,125
"3927",0.0789148141358782,0.150949041752842,304,217
"5142",-1.02645910757421,0.118098838153799,304,154
"3870",0.293697281762178,0.161787068028504,304,224
"922",-0.304812619574855,0.135695110684097,304,193
"2665",0.666951977982392,0.184126948428338,304,241
"3944",-0.158711438930555,0.140614422094019,304,211
"1707",-0.564818742979274,0.127161251871557,304,189
"1302",0.299410882613828,0.162098792781607,304,226
"3633",1.67426528719319,0.263495797402598,304,265
"4881",1.11827939919826,0.21654054585317,304,248
"2598",-0.0567256334640147,0.145022083107846,304,213
"2935",-0.647280295556862,0.125825596339294,304,195
"4606",0.927108945474532,0.202137790703976,304,246
"1048",0.173283135814672,0.155552408506411,304,218
"137",-0.999241723441486,0.117797952127875,304,165
"3892",-0.079365671941571,0.144097393828409,304,211
"3704",0.376127386898153,0.166357576643049,304,234
"4655",1.19717397659565,0.222756851892083,304,251
"2120",-0.579900469978456,0.126578197849561,304,184
"5139",-0.642825706842207,0.125811713755713,304,189
"2105",-1.12871934418828,0.118939796562602,304,156
"3719",0.667338729399219,0.184152286746178,304,244
"2894",0.770405517545858,0.19106171923469,304,242
"2198",-1.55563141302123,0.116768353486834,304,131
"3538",-0.0848523331869544,0.143867128800255,304,213
"4613",-0.602171615137857,0.1260018307015,304,186
"1578",-0.786380431014817,0.121597149909846,304,170
"892",-0.368401475392797,0.132984792147322,304,197
"4466",1.63494295680921,0.259944116344062,304,257
"3784",0.878734011025589,0.198646599617489,304,244
"3202",2.25339843999275,0.319373878258125,304,274
"1043",1.37605960345957,0.237415071607837,304,260
"3153",0.734489128300744,0.188619090965856,304,242
"948",-0.648956832068879,0.125830746573971,304,180
"3850",-0.223266614464119,0.138284471868973,304,204
"1189",-0.0339031157133183,0.145932263590736,304,213
"352",-1.59192110961643,0.11536456037087,304,139
"4828",-0.487230827312832,0.13034392597947,304,198
"1410",-0.0752296640522133,0.144269202064241,304,207
"3894",0.934360252836944,0.202666571543304,304,244
"4838",-1.29685607805977,0.118789658776115,304,151
"2957",2.5128768823609,0.346293872995999,304,273
"3564",0.802399511996206,0.193268049669408,304,237
"1018",1.25643617087609,0.227527494478764,304,251
"1585",-1.13990409089608,0.118310537917547,304,153
"1139",-1.07384347063319,0.11973379552502,304,164
"185",-1.90041506230576,0.121687543593495,304,121
"2334",-1.45051534205222,0.116767030687592,304,139
"3265",0.300459706275208,0.16215611361614,304,219
"1259",0.383910449478859,0.166797404100775,304,223
"4646",-0.834897749714878,0.121492805456014,304,181
"575",-2.23360480639981,0.126402759465798,304,91
"1963",-0.71344297514452,0.124957638089668,304,185
"5180",0.840265082518907,0.195915979184206,304,247
"3966",0.597966946306408,0.179679387846176,304,236
"3852",0.630346702819715,0.181749184518808,304,235
"921",-0.733408895089336,0.124063124093612,304,175
"698",-0.752785919171207,0.123050601768186,304,179
"2504",-1.05633164364332,0.1191868906018,304,164
"5257",0.044080548542013,0.149279687786629,304,210
"2256",-0.373568702497873,0.13278656824682,304,194
"862",-1.0961882670318,0.119934021018052,304,158
"210",-0.983163445924748,0.118151152601705,304,172
"2480",-1.19299023135191,0.115641426032476,304,153
"122",-2.86629670380901,0.150144257540403,304,58
"5100",0.439676308516098,0.170005909277375,304,223
"2272",-0.924007921986952,0.121255017225874,304,174
"1228",-1.18407348343598,0.115869352804048,304,157
"897",-0.021946365425496,0.146411781776949,304,207
"3904",0.280782151542751,0.161086125586596,304,235
"3620",-0.32835930934995,0.134705625998681,304,209
"5077",-0.178523996273788,0.139804059814111,304,213
"5320",1.43122624682594,0.242088448805525,304,255
"1767",-0.702104768558145,0.125337545330005,304,178
"2268",-0.357732113865907,0.133419996646793,304,204
"2321",-1.35578303687294,0.116409455470291,304,145
"57",-0.753546451735538,0.123010818223081,304,180
"245",-0.928334523878655,0.121044111998137,304,170
"449",-1.15097385414764,0.117621669185399,304,163
"4820",-0.0816996734625896,0.143999774673927,304,209
"758",0.326145854054213,0.163568300527662,304,223
"3135",-0.05799062681564,0.144971275968383,304,211
"4415",-0.5245297052738,0.129010967445992,304,189
"2490",-1.76424192853878,0.118022679774625,304,120
"2328",-1.54104794651318,0.117555523276272,304,135
"1035",1.43619796473223,0.242513080433006,304,256
"1628",-0.698673978925103,0.125431148119348,304,181
"815",-1.27019076629085,0.11821588944208,304,148
"2221",-0.876434368806857,0.122224263512379,304,175
"1266",-0.338655517976265,0.134250976317257,304,196
"472",-1.30459497985204,0.118743106000398,304,151
"587",-1.58628577085097,0.115463005250965,304,132
"473",-0.953817748354214,0.119597553668764,304,173
"1802",-0.317136224986925,0.135189759343559,304,205
"1834",-0.96258536828898,0.119095859727461,304,175
"4488",0.858874726453967,0.197231857019901,304,249
"2741",-0.672846815670991,0.125824430772903,304,180
"2911",0.525140374402724,0.175134415777666,304,230
"2681",0.458365986493476,0.17110604752892,304,232
"4562",2.11376727526288,0.305330598873016,304,267
"3948",-0.378030444697995,0.132623265060182,304,197
"1837",-1.52833098511343,0.118144067796488,304,130
"1303",-0.998424080122521,0.117806125548102,304,165
"2401",-1.9006499115027,0.121691921224799,304,108
"1377",-0.578410343510269,0.126629769045653,304,186
"1626",0.209377137709688,0.157344816192069,304,227
"177",-0.784984602256056,0.121638563758273,304,175
"1109",-0.540017740769284,0.128300008446755,304,195
"10",-1.82723401223644,0.118143883114523,304,112
"4863",0.495814909571217,0.173347525819721,304,229
"1352",-0.955313454418654,0.11950997613855,304,164
"4746",0.787203254148734,0.192216550651197,304,240
"3596",-0.332393873326748,0.134528082701599,304,188
"452",-1.3874502115063,0.114890181361665,304,144
"3193",0.961694279343278,0.204672486086481,304,249
"2379",-0.944527146227398,0.120146281338952,304,163
"952",0.435359493966701,0.169753624657081,304,233
"1780",0.221997856495927,0.157986431525838,304,226
"2707",0.27786926123178,0.160928818247613,304,226
"2440",-0.903795699967788,0.121989477518974,304,168
"5167",-0.0289727121036602,0.146129289816716,304,212
"3491",1.8593801186915,0.28065156981511,304,263
"2112",-1.17757511572448,0.116119735707408,304,158
"4273",-0.299834427189455,0.135889304952666,304,196
"4194",-0.877048173140124,0.122228017238344,304,170
"1923",-0.793026953240083,0.121430046098503,304,175
"4709",-0.0135027507106138,0.146755119511036,304,222
"1719",-0.358185718608552,0.133400899597522,304,199
"1681",0.561728148624059,0.177399028088872,304,237
"3732",0.768858978684638,0.190955792208934,304,242
"4980",1.39696626608694,0.239177837789781,304,251
"1152",-1.3563012733075,0.11637750503913,304,146
"4324",1.05864968001803,0.211946359354387,304,252
"5375",0.457711461639247,0.171067305405455,304,236
"1051",0.321788991744017,0.163327717424235,304,225
"4186",-2.59294398121038,0.138091920573752,304,57
"593",-1.42694207119673,0.115415694670816,304,141
"5164",-0.780952405984236,0.121769875569552,304,179
"4473",0.498566514843122,0.173514063101999,304,230
"4444",-0.277031178837366,0.136698275660846,304,200
"2119",-0.766355214352027,0.122371032332097,304,178
"4772",1.49892447028394,0.247919038434074,304,259
"2437",-0.873856607560186,0.122204665274695,304,175
"73",-0.828412868559944,0.121380634431937,304,172
"546",-1.63942062778004,0.116786203038836,304,137
"2283",-0.67241935665138,0.125826812935814,304,179
"1108",0.0970302263832115,0.151834150133425,304,220
"1072",-0.66992959568081,0.12583851507421,304,182
"118",-1.99318284634903,0.120672291718866,304,107
"5316",0.315740607204067,0.16299440854467,304,227
"913",-0.860439182084703,0.122018086759552,304,171
"5247",-0.180825420122383,0.139715079271943,304,212
"876",0.383240219304648,0.166759461093092,304,225
"3188",2.04107537459425,0.298154850156892,304,263
"453",-1.27520778768641,0.118401242250602,304,152
"1879",-0.253375916355652,0.137419567420055,304,213
"1768",-1.01268807594613,0.117815309241397,304,165
"3802",-0.302730255876336,0.135777088957754,304,198
"2927",-0.281585744178716,0.136547053289895,304,207
"1329",-0.660135631405062,0.125853585542474,304,186
"3537",1.28120965454556,0.229547092508363,304,252
"606",-0.704495935843512,0.125266341496656,304,192
"2886",0.707402462481342,0.186801345384056,304,237
"3367",0.0925739071708586,0.15161611242256,304,220
"391",-1.32141594427495,0.118302812952975,304,156
"2369",-0.985288002080149,0.118082103023714,304,163
"894",-0.543189633767122,0.128150237591982,304,192
"2526",-0.128676723271116,0.14194122524075,304,212
"3070",-0.161595927882298,0.140492029563058,304,210
"3505",0.536322420396869,0.175822494186018,304,232
"4359",-0.289902346659768,0.136257875823716,304,199
"3303",0.1852243033638,0.156139524596116,304,219
"1432",-0.795389499494775,0.121383020235259,304,178
"4322",1.5657357924519,0.253774601419859,304,263
"3882",1.04839910586716,0.211165771499292,304,255
"1987",-0.312644197098664,0.135377708564124,304,200
"246",-1.06295125525706,0.119421194532171,304,168
"1566",-0.741337923451817,0.123654799169012,304,174
"290",-1.46608578527119,0.117671256135424,304,142
"186",-1.11211392225601,0.119632031961772,304,164
"2612",-0.0288995569967583,0.146132219428008,304,206
"962",1.15002046168812,0.219022800372615,304,248
"3663",-0.0497067267902797,0.145302852989212,304,223
"3298",1.83315849808082,0.278178766917578,304,265
"2868",1.14140635735925,0.218346645419899,304,246
"2023",-0.460226308742597,0.130898750991781,304,200
"3645",0.961070780247693,0.204626508421528,304,246
"4087",0.684033806492587,0.185250367064508,304,240
"3867",-0.0859761771404313,0.143819622291401,304,214
"4906",0.467330914867522,0.171638234308084,304,229
"4246",-0.0212115606866321,0.146441474188409,304,221
"2797",1.4819505933409,0.246447350014796,304,261
"1385",0.946090003129732,0.203524917397971,304,243
"4983",0.768140050640141,0.190906573508125,304,240
"1243",-0.383179750798629,0.132444707427106,304,201
"1238",-1.08626212692404,0.119929826832992,304,164
"4941",1.11808226885431,0.216525208937864,304,248
"5292",0.427362535853013,0.169288066523151,304,237
"1586",0.107922017919605,0.152367011255872,304,219
"4266",1.31638242689787,0.232439807180969,304,251
"3331",1.0912664758577,0.214448096550573,304,245
"471",-0.624374915661591,0.125794189785766,304,193
"4357",0.124823085944176,0.15319214546196,304,224
"1598",0.0919954226315235,0.151587815105187,304,226
"2635",-0.992241228222876,0.11790257538012,304,160
"2426",-0.158404089758784,0.140627538715556,304,210
"1372",-0.56821401397585,0.127019241405986,304,193
"1428",-0.0995427527345688,0.143236956422038,304,212
"3473",-0.173927373085789,0.13998522929177,304,206
"2132",-1.00437444220592,0.117771157536964,304,171
"4770",-0.258279108240559,0.137276869705557,304,203
"2978",-1.34223502350396,0.117244149991348,304,142
"5209",1.54447565524249,0.251900496201626,304,258
"1339",0.903659224744213,0.200437499574275,304,244
"2410",-1.23867701159189,0.116651987838595,304,145
"4382",1.16815817028277,0.220452568170607,304,248
"3159",2.96118090686499,0.394797577519877,304,282
"2305",-0.280667913204301,0.136577919736331,304,202
"240",-1.69244715510843,0.119516623252736,304,130
"896",-0.0096431785033624,0.146913835342432,304,214
"3191",0.41843127349406,0.168770857375086,304,232
"1299",0.384362939807402,0.166823027825646,304,235
"5319",1.27438781026726,0.228989480368006,304,259
"3267",1.06979490493328,0.212798142755452,304,245
"1983",1.2139512662618,0.224098707222984,304,247
"2092",-0.55485667551962,0.127603880388591,304,189
"5309",-0.002969892907481,0.147191341612462,304,214
"4654",-0.514302155185439,0.129441569736556,304,188
"633",0.525204468709369,0.175138349463083,304,231
"621",0.642292384302646,0.182520688630002,304,245
"4022",-0.185075086259705,0.139553905116645,304,206
"425",0.0872295460202766,0.151354793034675,304,223
"4404",1.15612970990466,0.219503465505323,304,252
"2225",-0.0732209573773142,0.144352119359556,304,213
"4053",-0.0747091959642584,0.14429071849197,304,213
"1792",-0.447253808986029,0.131090366055062,304,197
"787",-0.448267266193102,0.131076097680568,304,197
"3630",0.856862875574653,0.197089140373395,304,241
"5244",-0.93419016379658,0.120735760366496,304,170
"5223",0.407676533022955,0.168151800297288,304,224
"4441",0.47685094911874,0.172206468329687,304,233
"3555",1.13926016916901,0.218178472301415,304,251
"4142",-0.207219920130326,0.138781187681744,304,204
"3783",1.42654976596496,0.241689552496333,304,255
"4885",1.17022817447164,0.220616264979365,304,249
"2691",1.17884786017365,0.221299058841177,304,247
"2035",-1.19294416710307,0.11564223121389,304,151
"3468",1.29162066047941,0.23040023748489,304,252
"2673",0.14803773585542,0.154321652688662,304,224
"3500",0.953808186205408,0.20409171655894,304,242
"4721",1.03600988783327,0.210225944532507,304,249
"2354",-0.774108351412009,0.122029493766167,304,184
"5345",0.569009396894975,0.177854211976938,304,238
"4614",1.754116339332,0.270809167585195,304,263
"2683",0.883276813594256,0.198971740565049,304,243
"809",0.511280684241097,0.174286646440509,304,237
"5306",1.21544346781319,0.224218389337151,304,252
"339",-1.30208874561146,0.118769301741412,304,152
"3727",0.739792400693923,0.188977459018331,304,240
"5062",-0.360496586548435,0.133304343201633,304,200
"1141",0.476902332814684,0.172209543824122,304,236
"4167",0.127258347997663,0.153310804480039,304,216
"1438",-0.36530205074085,0.133107925857184,304,195
"771",-0.5533504346923,0.127673320986015,304,192
"3391",0.750856298817854,0.189727678021364,304,238
"1781",-1.33909384702589,0.117428952716831,304,137
"68",-0.177283736101032,0.13985249582214,304,216
"4025",1.42618252324706,0.241658248621379,304,262
"5363",1.45750495247552,0.244339322671207,304,255
"1119",-0.0970011225491739,0.143347381678242,304,207
"4713",0.16173654422858,0.154988333953084,304,220
"4875",0.756090731418882,0.190083821727659,304,236
"3843",0.320724160201909,0.163268979736046,304,225
"2188",-1.17680423829397,0.116153629349431,304,162
"724",0.1153360862179,0.152729316501178,304,217
"5073",-0.535610851618547,0.128506849258949,304,183
"4481",0.0530931578845782,0.149704525342806,304,223
"2657",0.506116484037684,0.173972238566237,304,229
"791",-0.170100630026381,0.140139411936668,304,209
"610",1.19230888226936,0.222369036892809,304,252
"3534",0.0867762539283594,0.151332642675397,304,217
"3787",-0.57957768772752,0.126589243076272,304,189
"4301",1.26164100480721,0.227950575231161,304,253
"4769",0.543870319924605,0.176288970702441,304,230
"4105",0.568774480737522,0.177839502971321,304,238
"684",-0.502965408737358,0.129864847847429,304,187
"780",0.564219170420227,0.177554585116275,304,237
"1763",-0.00496672515263363,0.147107871060437,304,211
"4240",0.901771804762081,0.200301294407399,304,243
"1698",1.27995010366143,0.229444053466902,304,258
"1317",0.0409770742605403,0.149134952940867,304,218
"4101",-0.147928792155943,0.1410820711795,304,214
"2000",-0.405538325067265,0.131805036937974,304,204
"4104",0.951458432888912,0.203918989749247,304,245
"4990",0.577074471843014,0.178360143918954,304,232
"1661",-0.923258382899985,0.12128989267469,304,166
"9",-1.58090123024995,0.115608805535372,304,127
"1062",-1.30240695148601,0.118766564893947,304,153
"4970",0.31138514355741,0.162754898975648,304,223
"3664",1.33277030248889,0.233797674471537,304,256
"877",-0.359806471058024,0.133333046337514,304,200
"4024",-0.123842554449506,0.142158519420005,304,212
"3196",1.71872858418718,0.267551537826913,304,266
"377",-1.40283417562714,0.114733607063537,304,147
"3499",2.14721227280491,0.308663803046836,304,267
"3246",1.09851338030035,0.21500763048224,304,258
"417",-0.747753908577653,0.123315944588929,304,183
"3962",0.68020161654921,0.18499757393826,304,236
"4003",0.406576425330222,0.168088701808232,304,237
"3631",0.51323664357106,0.174405941268587,304,237
"3776",-0.207002210261823,0.138788254019051,304,201
"2421",-0.347635592665062,0.133854796570303,304,202
"4459",2.1934047014351,0.313299399296941,304,266
"3052",0.632044435899844,0.181858569527405,304,238
"4649",0.557666240037644,0.177145748159477,304,235
"3335",-0.36406365215948,0.133157934831518,304,195
"3409",1.33089866746361,0.233642271951053,304,252
"4845",0.200358727300248,0.156891540808781,304,225
"5260",-0.301069916344997,0.135841685942579,304,206
"4914",-0.457758590378078,0.130937303561452,304,198
"4400",0.342089398491843,0.164452070720093,304,224
"3668",0.48625778284396,0.172770988594312,304,232
"3061",-0.356724399804141,0.133462581020411,304,205
"715",-1.06706194742778,0.119551767340488,304,160
"4759",0.553585322935915,0.176891750141994,304,234
"3642",-0.565254265666938,0.127142741061354,304,184
"2901",2.09365868648583,0.303336058407544,304,265
"4976",1.02910015449105,0.2097035089521,304,253
"1777",-0.179815199722691,0.139753992956699,304,206
"1592",-0.985849510428581,0.118064928927765,304,171
"2621",0.876161690202439,0.198462741957142,304,244
"614",-0.573673724134225,0.126803154662376,304,198
"1524",-0.470887869582202,0.130713181314339,304,194
"1002",1.64207228386812,0.260585585399058,304,259
"4696",0.0801358082259799,0.151008537713264,304,226
"1242",-0.65279178550178,0.125841482001998,304,187
"1312",0.0562819973370797,0.149856286826148,304,225
"2983",-0.111277133432624,0.142720464594946,304,201
"4627",-0.139914878317743,0.14143734283042,304,211
"1251",-0.466528068769827,0.130793316904934,304,189
"4943",0.473141551259511,0.171984687268997,304,237
"1101",1.55623988941619,0.252936288630308,304,259
"1163",-0.891412984745931,0.12220324208796,304,169
"3956",0.633708344118109,0.18196585930104,304,233
"3527",0.262751668355259,0.16011776119754,304,215
"1245",-0.865280688355622,0.122099598936733,304,174
"4049",0.386460427985028,0.1669418832922,304,232
"2644",1.46392623258448,0.244891732988305,304,258
"460",-1.1157787443134,0.119509825288943,304,165
"2647",0.327913109909167,0.163666001399526,304,228
"667",-1.0338352123088,0.118333437000958,304,166
"5060",0.984500491258964,0.206361325201653,304,249
"980",1.30423770568832,0.231437643428459,304,251
"4664",0.623401045568415,0.181302576196511,304,237
"2002",-0.559048285649989,0.127413651159404,304,189
"4954",0.377618965729844,0.166441735806255,304,236
"4737",0.732491709335474,0.188484324103249,304,242
"4728",0.264320426703544,0.160201477135877,304,227
"372",-1.57275197365788,0.115912664479014,304,133
"23",-1.86895467860747,0.120512338990402,304,113
"874",-0.18614254613223,0.139514069471731,304,209
"4923",1.2955703561838,0.230724581728423,304,252
"3480",0.769076944937926,0.190970717308004,304,241
"3099",0.989599386627307,0.206740785351247,304,241
"4901",0.383045533845915,0.166748442017143,304,234
"4716",1.30121475812547,0.231188741816372,304,256
"1183",-0.927825459924781,0.121069735279433,304,171
"4900",1.86717404274697,0.281389217903262,304,265
"5161",-0.668005927439306,0.125845145392152,304,185
"2893",0.40149149735048,0.167797576139787,304,230
"3333",1.15753465709593,0.219614136292916,304,253
"1033",0.43162637989248,0.169536003625951,304,230
"4297",0.713577754635999,0.187213886477398,304,240
"3897",0.178644988311739,0.155815467108673,304,222
"3536",1.40436252121828,0.239803897656714,304,253
"4358",0.999775064449841,0.207500102411695,304,247
"2460",-1.16728484878913,0.116633330777267,304,152
"5111",0.0283524435592141,0.148555594583146,304,213
"5299",-0.880388922966971,0.122241973780006,304,174
"5367",1.44976020540991,0.24367431007374,304,259
"133",-0.917691985949996,0.121531990987803,304,178
"2861",0.307036665311387,0.162516217829872,304,229
"5289",1.2853208927485,0.229883682746236,304,245
"87",-1.37617388897723,0.115287932135679,304,150
"2389",-0.951140283002919,0.119755404363802,304,171
"3750",-0.00303811845986071,0.147188483354039,304,223
"2862",0.902498064264406,0.200353693276661,304,241
"4295",2.51539862513665,0.346560255876888,304,275
"107",-1.50558122694322,0.118690110057596,304,137
"3168",1.18263362669363,0.221599524921447,304,254
"5233",0.788858470850823,0.192330771233103,304,245
"3896",-0.479594220690039,0.130531334871279,304,195
"1665",-1.85040791150175,0.119439610031943,304,110
"3323",1.16576582786322,0.220263513607926,304,251
"5079",1.47143873947159,0.245539212370869,304,258
"3686",0.329373421859688,0.163746782433366,304,226
"1928",0.648304094404106,0.182910580239635,304,235
"1166",0.590561672846142,0.179210349537661,304,236
"4865",0.997397581315609,0.207322449493707,304,248
"3483",0.605926940421375,0.180185340477184,304,235
"1912",-1.68455900711892,0.119286719684775,304,123
"4478",0.0319154180669339,0.148717492672165,304,222
"4618",0.952828958522911,0.204019717124907,304,250
"1297",0.111939073368218,0.152563373103098,304,224
"1368",0.337621796939383,0.164203893863692,304,230
"160",-0.805103273633524,0.121259445326243,304,187
"5388",0.716990525964804,0.187442354260005,304,242
"3234",1.36288922404666,0.236309844558957,304,259
"3442",1.09812701930466,0.214977765801503,304,251
"5256",1.12083835388682,0.216739723909104,304,248
"4184",-0.749786565634671,0.123208442020107,304,186
"4364",-0.405556169353428,0.131804615630266,304,191
"4329",-0.0640510646906502,0.144726709491061,304,208
"5220",1.24363383162842,0.226489637952837,304,251
"3353",-0.735670248656691,0.123948595245941,304,171
"5205",2.22282198621884,0.316270463869132,304,266
"2005",-0.944049305378054,0.120174338641561,304,166
"3157",-0.025653250944012,0.146262449212209,304,216
"4525",-0.0834736652063747,0.143925247545693,304,218
"4566",-0.338553232954997,0.134255507379207,304,200
"2900",1.48693364348455,0.246878720276479,304,261
"4805",0.658071171811478,0.183546358051261,304,241
"4668",0.854050572829196,0.19688982792793,304,242
"2695",2.87253491600143,0.385048707537384,304,275
"5355",0.8363345992053,0.19563927802896,304,234
"1151",0.0401431661866042,0.149096209494844,304,219
"3548",1.03937485483133,0.2104808130748,304,245
"3601",-0.00590948432968294,0.147068593629367,304,217
"1387",-0.144086802235091,0.141251768984073,304,214
"3498",1.72264826133383,0.267911074826319,304,266
"1039",-0.128710448723361,0.141939709052135,304,208
"4953",1.71795474063475,0.267480594262344,304,259
"2262",-0.869322083825507,0.122156171318408,304,177
"3281",0.90826586412673,0.200770342646921,304,240
"842",-0.434149474420189,0.131276159130367,304,196
"1666",-0.866784183412697,0.122121987661803,304,175
"2027",-1.51088447434292,0.11863424746038,304,132
"4121",0.87020862717686,0.198037939711851,304,249
"3842",0.9771170895146,0.205813066206532,304,244
"959",0.0345484991537626,0.148837970905812,304,215
"3476",2.00534269054306,0.294662954911634,304,269
"3697",1.17117576077505,0.220691236080893,304,254
"2459",-0.476699682477672,0.130595309173217,304,187
"2640",-0.993777936655399,0.11787292704997,304,165
"2083",-0.516230753754104,0.129363587267674,304,197
"4557",1.35507555181701,0.235656064356778,304,256
"1895",-0.589233240568578,0.12629073708233,304,185
"4261",-0.00752512847793837,0.147001473175323,304,218
"2387",0.719851046344191,0.187634112359787,304,235
"2157",-0.960538044644559,0.119209946586748,304,168
"3788",-0.240896691988215,0.137775686254659,304,207
"2781",-0.425594105865701,0.131408906239085,304,203
"5207",2.44298735478668,0.33894573493251,304,274
"4532",1.35435997213325,0.23559626266293,304,254
"2735",0.452041553806116,0.170732344626254,304,230
"1452",-0.0125142422442279,0.146795653638826,304,214
"4286",-0.185854521307013,0.139524792135388,304,206
"1787",-0.507597368043773,0.129699468685973,304,193
"2616",-0.700396327507701,0.125385422212935,304,183
"109",-1.1626801174812,0.116897907230138,304,156
"3947",-0.0123582162997354,0.146802058667023,304,211
"2507",-1.19037963499614,0.115693305588562,304,154
"635",-0.875298778332443,0.122216381979181,304,172
"571",-1.58024984345873,0.115629614866517,304,125
"4763",0.954115180113084,0.204114294086416,304,248
"3829",1.85567824101557,0.280301633465609,304,267
"740",0.0521058321317778,0.149657680713153,304,221
"375",-0.362491016394805,0.133222065214463,304,198
"3176",0.555855052568395,0.17703296128502,304,236
"712",-0.969997018513462,0.118706923486809,304,172
"4905",0.949968859917634,0.203809569755211,304,249
"131",-1.49552702457553,0.118665192074824,304,134
"1614",-0.154385247799467,0.140800290218429,304,211
"2921",-0.00594724607099806,0.14706702211734,304,214
"1678",-0.869542322227661,0.122158911492537,304,172
"3606",1.05862928299844,0.211944803421147,304,244
"281",-1.70465311915698,0.119685527095886,304,128
"1172",-0.980688513186614,0.118239451076584,304,165
"2828",-0.156395996972256,0.140713576434663,304,208
"3891",-0.52273033957239,0.129089582884014,304,188
"2944",1.34750269088158,0.235023804754379,304,250
"5189",2.04167653783006,0.298213799654753,304,264
"1934",-0.663024511138055,0.125853622803204,304,187
"1424",-0.428298881697646,0.131365270685827,304,192
"1604",-0.123225986602656,0.142186215882197,304,211
"4895",0.922005697914895,0.201766499595127,304,242
"799",-0.496439269194038,0.130079166985897,304,198
"2652",0.837090918564416,0.195692488846412,304,247
"5108",-0.250271486096702,0.137508818471505,304,212
"2419",-0.560103641597295,0.127366581608582,304,189
"903",-0.667163151919937,0.125847427903128,304,184
"3295",0.515206022664068,0.174526170978612,304,231
"1935",-0.352787593070804,0.13363085488424,304,212
"4061",0.151546504125216,0.154492276961521,304,217
"3101",1.46540960470303,0.245019478332733,304,258
"2987",0.567101282738754,0.177734782638683,304,237
"4616",-0.286856244659955,0.13636581357924,304,210
"4932",1.54363005187533,0.251826162756837,304,262
"1116",-0.946622457369633,0.120022780864787,304,165
"899",-0.834783098163641,0.121490633833437,304,175
"5198",0.790646721926656,0.192454257695592,304,244
"5283",-0.14814994374631,0.141072344309195,304,205
"151",-1.24426519742681,0.116941861837493,304,152
"1393",0.936403191850138,0.202815802117799,304,240
"3576",-0.205564355433773,0.138835170835439,304,211
"2609",-0.704893377055133,0.125254035150466,304,182
"2009",0.705714859698594,0.18668879906467,304,240
"818",-0.258549317657038,0.137268930243729,304,206
"1901",-1.01889242486693,0.117913750408429,304,170
"978",0.444734507195001,0.170302392293828,304,231
"4214",1.84119997078467,0.278935643336154,304,261
"2872",-0.605199243520606,0.125953069709398,304,189
"4452",0.47035002181736,0.17181809824201,304,228
"2168",-1.18972391407686,0.115708314407891,304,154
"583",-1.53930342300771,0.11764427588221,304,134
"1510",-0.901206325587542,0.122049571987255,304,171
"5082",1.02897412791025,0.209693991753268,304,246
"323",-1.78514330786521,0.117425128693828,304,113
"2391",-1.05340990885778,0.119076759657714,304,162
"4676",0.496600691049683,0.173395059631581,304,233
"1632",-1.08221535908827,0.119887761171039,304,159
"1931",-0.810119895044255,0.121238903939963,304,176
"3764",0.923288245267742,0.201859746366836,304,253
"102",-1.17595756288495,0.116191803298813,304,165
"2648",-0.273119340965055,0.136824423271018,304,203
"1468",-1.47102489008538,0.117919279379154,304,145
"1629",-0.139881489285899,0.141438832554281,304,211
"960",-1.25833884414321,0.117677280992105,304,150
"4868",-0.0821163433290743,0.1439822957836,304,216
"140",-1.50577211185606,0.118688915905604,304,141
"1758",-0.0959411618080618,0.143393265996143,304,219
"4573",0.366725023381744,0.165828430455695,304,232
"900",0.470512113574624,0.171827763914889,304,238
"2264",-1.36187921556602,0.116040152938604,304,139
"3659",0.0466297516230102,0.149399195126146,304,223
"3276",-0.422148982786761,0.131467248034333,304,191
"1426",0.0203660091027532,0.148197595879508,304,214
"3471",-0.0428112815257243,0.145577515131642,304,209
"2532",-1.6438935175285,0.117062988977067,304,122
"4110",0.262626626391761,0.160111093140993,304,230
"870",-0.756508157732832,0.122857218366034,304,183
"1709",-0.62471579742392,0.125793382693431,304,186
"110",-1.29843278593664,0.118788415764124,304,153
"3227",0.11558053524446,0.152741253550949,304,223
"4725",0.451335176329755,0.170690695727717,304,232
"266",-1.35891174880623,0.116217889241022,304,146
"1257",-0.908181042192801,0.121869267062796,304,173
"4347",-0.294750891425001,0.136081135545406,304,201
"612",-0.298150840902213,0.135953571051925,304,210
"1091",-0.325432507436974,0.1348335013455,304,206
"35",-1.71856276158268,0.119601594694325,304,120
"1773",0.246649358457434,0.159265202855369,304,226
"1455",-0.4906433254304,0.130250900981587,304,196
"3740",-0.759311817418651,0.122714338415936,304,178
"2152",-0.920429019380089,0.121416778093463,304,168
"2050",-0.726374383707407,0.124405286225046,304,179
"4350",-0.302545719706576,0.13578430238674,304,202
"1442",-1.1695855459065,0.116508097397612,304,149
"530",-1.30409478514501,0.118749181930745,304,147
"4038",0.566601490388446,0.177703517481941,304,227
"456",-1.63038596874769,0.116266121851129,304,131
"3332",1.68494000951636,0.264465673555118,304,258
"641",-1.07583771957593,0.119778117430638,304,161
"2057",-1.44854937044679,0.116646284787441,304,135
"5084",-0.163026652563002,0.140431817625182,304,202
"1435",-1.36816264893334,0.11568376492078,304,140
"2270",-1.28890961789958,0.118732507620809,304,152
"3946",-0.553639345622759,0.127659963817926,304,186
"8",-1.64490556641454,0.117126627205147,304,122
"2368",-0.828841100392899,0.121387284644677,304,177
"2393",-1.39212078189024,0.114792314859661,304,139
"1513",-0.551092380032433,0.127778260974729,304,183
"1347",-0.348584239345861,0.133813304782585,304,188
"968",-0.925144003422859,0.121201190314717,304,174
"509",-1.31319890948258,0.118573581996067,304,143
"2793",0.872210612202071,0.198180690132,304,243
"1309",-0.0783216986450307,0.144140900479732,304,213
"4294",-0.176114948602801,0.139898445595152,304,207
"289",-0.901955058789747,0.122033032136813,304,175
"2984",0.0943933514359419,0.151705124946646,304,219
"286",-1.36676764815349,0.115760013006493,304,144
"320",-1.48288217685791,0.118392908058928,304,138
"3875",-0.630097580650684,0.125787734815598,304,186
"2977",-1.12625806691423,0.119063267488544,304,154
"5135",-0.881046770059739,0.122243391552008,304,176
"1485",-0.192819566295544,0.139270896187249,304,206
"2974",-0.143016880142257,0.141299245143104,304,208
"611",-0.77240312408383,0.122100677236411,304,184
"3277",-0.399529703712873,0.131954832079644,304,200
"1308",-0.182960786235231,0.139633579419791,304,203
"150",-2.31714426546826,0.129794520784931,304,80
"3351",0.00719660528913622,0.147622531186155,304,212
"405",-1.322410514891,0.118263390449556,304,153
"2028",-0.264897414214066,0.137079581751367,304,207
"4447",0.104816924124123,0.15221514874086,304,217
"2024",-0.84699550082819,0.121743610613151,304,178
"4670",0.688483878217249,0.185544469739339,304,237
"4944",0.432285015905066,0.169574361611957,304,235
"2615",-0.671932782002983,0.125829388769606,304,181
"2301",-0.490255554164042,0.130261770185654,304,183
"2770",-0.526930484262429,0.128904445560408,304,192
"3128",1.34895973645823,0.235145348728754,304,252
"3828",0.292392799210304,0.161716029985722,304,224
"2603",-0.333913095776768,0.134460958537929,304,206
"966",0.325809586260046,0.16354971773581,304,229
"1143",-1.22504995017642,0.116033063167479,304,151
"457",-0.983962061003074,0.118124450346501,304,171
"3115",0.753543709319273,0.18991042914541,304,238
"1547",-1.22250602737596,0.115939468627293,304,166
"850",-0.869390181271736,0.122157022564033,304,173
"1493",-1.38934032012357,0.11484549145671,304,141
"3898",0.53704438481118,0.175867043080873,304,232
"4109",0.529501690637347,0.175402356920981,304,236
"2641",0.637009101443003,0.18217894075874,304,234
"2205",-1.01320831668227,0.117821513786858,304,167
"775",-0.401892465004137,0.13189402272384,304,199
"3177",1.21794618313353,0.224419242424406,304,260
"1726",-0.59597107542146,0.126123942651484,304,190
"5029",0.652600248758459,0.183189878468548,304,235
"2372",-0.651751164211139,0.125838767504728,304,187
"4077",1.08313883719968,0.213822153312262,304,246
"1477",-1.04694307144397,0.11882581698629,304,167
"3030",0.111591281007185,0.152546377562756,304,219
"3420",0.440531747975576,0.170055984331293,304,228
"1036",0.620103940571881,0.181091076282557,304,242
"51",-0.817002610548822,0.121255505360602,304,180
"378",-1.19066477503906,0.115687024749177,304,160
"2055",-0.99187493925991,0.117910189518401,304,164
"1784",-1.13145940630647,0.118795202525098,304,161
"4355",-0.798201851477624,0.121335687585504,304,175
"1714",-0.773341227069779,0.122061219023183,304,178
"2190",-1.80070674118092,0.117363102766773,304,113
"38",-1.55490169686424,0.116808209572017,304,131
"567",-1.91126155189621,0.121817395717005,304,112
"1130",0.515418032272132,0.174539121004889,304,228
"406",-1.56839093429238,0.116108944345358,304,119
"759",0.0169571778110866,0.148046910268365,304,217
"808",0.107295816134788,0.152336390195142,304,222
"1828",-1.14428997360579,0.118041857838005,304,157
"1422",-1.28850750958771,0.118726854492553,304,151
"577",-1.51366592730208,0.118586497235356,304,137
"470",-0.926724623817395,0.121124430279346,304,172
"4702",0.688904433328396,0.185572294516775,304,233
"2070",-0.863769241380385,0.122075615383169,304,173
"1577",0.222461289950954,0.158010159612899,304,224
"455",-1.33473883389452,0.117673661382828,304,150
"114",-2.41341714379423,0.131571269267759,304,80
"3386",1.40977860411516,0.240263150043001,304,255
"3390",0.497176648711932,0.173429913195266,304,229
"4353",-0.674563032303857,0.125813714916953,304,179
"2748",-0.768668913562786,0.122264531229719,304,180
"3517",1.14040078359168,0.218267835285286,304,255
"301",-1.78773099653948,0.117388419600929,304,115
"1949",-1.06514149228697,0.119492440591008,304,157
"1521",-1.0412684379371,0.11860579689966,304,162
"994",0.131714019566506,0.153527767373114,304,225
"2248",-0.921212982545396,0.121382392448689,304,172
"4691",-0.545449591995872,0.128043459527273,304,195
"5374",2.52057267168486,0.347107079412539,304,272
"5378",0.917716181890308,0.201454955671363,304,250
"2370",-1.0233655864671,0.118015385766774,304,157
"1164",-0.412604969150985,0.131648583124093,304,203
"5222",0.437017864816345,0.169850462801672,304,234
"1047",1.68731815289794,0.264682075422213,304,261
"2799",1.09448826243065,0.214696685832011,304,253
"3224",0.956398093077719,0.2042822671451,304,244
"5272",-0.742369869242257,0.123600560977396,304,178
"46",-0.807876163375215,0.121244550568753,304,182
"1181",-0.824287833908961,0.121323142099308,304,177
"925",-0.117703960407317,0.142433835195625,304,217
"3000",-0.123902441086025,0.142155828937605,304,211
"181",-0.859933991668609,0.122008851996166,304,179
"2737",-0.912049042510942,0.121744401903,304,171
"2176",-1.33746338818333,0.117522307217371,304,147
"2996",1.53342158642087,0.250930035921809,304,262
"27",-1.39363332511864,0.11476982013959,304,139
"4707",1.13863152640101,0.218129234398367,304,247
"1662",-0.529204184035326,0.128802008582114,304,196
"3462",1.4684381615634,0.245280447863148,304,255
"751",-0.62615923741983,0.12579059311021,304,183
"5187",2.59578044105677,0.355094838881172,304,278
"4360",1.68589364907869,0.264552436640291,304,258
"1704",-0.753681356269468,0.123003774027114,304,172
"4138",0.566267913629533,0.177682654074556,304,228
"1507",1.04761406112351,0.211106101515717,304,249
"3459",0.380881125670587,0.166626011201278,304,227
"2473",-0.77998943500661,0.121803708969662,304,182
"1003",1.85900549288458,0.280616144218484,304,266
"2016",0.0463155833190937,0.149384437509998,304,214
"4388",0.662858162974785,0.183859015751508,304,235
"2033",-0.17925654450941,0.139775609812445,304,212
"3366",1.07432333190627,0.213145142331623,304,245
"2451",-0.957424271650308,0.119387478220847,304,170
"3310",1.25593388112477,0.227486700018511,304,256
"2808",1.43196973731651,0.242151913748529,304,254
"1723",-1.02880673564541,0.118168520494227,304,162
"3243",0.0332253707909993,0.148777343245394,304,219
"4700",1.97991389835371,0.292192522253824,304,264
"1125",-0.390780070016367,0.132202013943156,304,191
"3503",1.86587026791725,0.281265739229527,304,263
"3427",-0.391367497326581,0.132184329741465,304,196
"381",-0.460962590889894,0.130886979734075,304,199
"2671",-0.592306376794533,0.126210287470337,304,190
"5313",0.308467992400369,0.162594730808062,304,231
"4188",-0.50949038211046,0.129628812122778,304,198
"879",-0.331355553678135,0.134573886787402,304,197
"2377",-2.63384182909708,0.139640213083737,304,67
"4082",-0.865964145749841,0.122109964244727,304,176
"1843",-1.0368936795811,0.118442230667119,304,162
"36",-1.69083678824298,0.119477187121474,304,124
"1858",-0.163315476772243,0.140419703983657,304,207
"5143",-0.119620764040999,0.142347988434088,304,214
"2661",3.01416236615878,0.400652776449124,304,275
"2690",0.318001593105157,0.163118910806964,304,231
"2182",-0.524746235449283,0.129001434321719,304,205
"2932",1.18610185028035,0.221875100263914,304,248
"1826",-0.679295646534237,0.125774028838445,304,186
"1103",0.819651001361795,0.194469523063873,304,245
"4302",0.0983087625480984,0.151896714501482,304,218
"1782",-1.0164470796341,0.117868717386713,304,165
"3408",-1.41869555753423,0.115069173011662,304,138
"4247",2.14850519632181,0.308793052143001,304,265
"2678",1.59663984860585,0.25651662159622,304,257
"2607",-0.913894051306809,0.121678807465208,304,164
"89",-1.44641744551064,0.116515294853803,304,139
"4298",-0.820717147925766,0.121284109088625,304,178
"174",-0.542421977653478,0.128186513357305,304,201
"767",-0.192140845327366,0.139295140889792,304,207
"2723",0.887598859288046,0.199281605079557,304,243
"1075",0.828484109095515,0.195087890029245,304,238
"1336",-0.394959893998888,0.132079590542395,304,195
"692",-0.191405644022376,0.139321524151957,304,211
"3218",0.868696042731718,0.197930158642585,304,245
"4045",0.571276190618927,0.177996224736149,304,233
"2585",-0.409693963240367,0.131710557178981,304,190
"2859",-0.572739071648632,0.126838976773942,304,184
"3954",-0.0499643956022415,0.145292573147755,304,215
"1187",-0.329342807391347,0.134662464310786,304,198
"2587",-0.899436210471516,0.122085960763308,304,172
"2294",-1.04197717935882,0.11863293864588,304,162
"4445",0.176793558189341,0.155724537445437,304,229
"5226",1.19236177033356,0.222373249656567,304,252
"3641",2.2731122706125,0.321382890880986,304,271
"4520",2.14154292774379,0.308097402191498,304,267
"2967",0.658552438802929,0.183577760220203,304,240
"3583",0.22336105930902,0.158056262766167,304,226
"3308",0.930426620405811,0.202379547188475,304,241
"5014",0.447647272705118,0.170473547776017,304,231
"3725",-0.29023602879379,0.136245907214273,304,205
"585",-1.44036712726168,0.116148273498917,304,146
"4484",0.28418562174865,0.161270308390656,304,223
"2123",-0.828140147786249,0.121376462184768,304,175
"2194",-1.05989389237963,0.119316120513197,304,159
"135",-2.29694110238652,0.129212437952009,304,84
"3703",0.868966001874377,0.19794939031166,304,251
"1874",0.578143160802738,0.178427322442963,304,237
"1545",-0.826984991285698,0.121359349516597,304,180
"1753",-0.890370169858533,0.122212824349932,304,173
"3747",0.652275356297924,0.183168737298402,304,242
"392",-0.571246584663766,0.126897211371832,304,187
"1334",1.15057809246208,0.219066635078098,304,251
"2708",1.45251750892985,0.243910912222397,304,257
"3613",-0.198298012469093,0.139079103828594,304,211
"4740",0.559717235379604,0.177273579789805,304,235
"543",-1.01689417710067,0.117876363402786,304,165
"2485",-1.09502331575786,0.11994108542296,304,158
"1374",-0.628596805893655,0.125788053449085,304,183
"2937",1.20827343001806,0.223643815948077,304,247
"4503",0.752006531872267,0.189805871969049,304,241
"5312",1.10390511636593,0.215424793270558,304,247
"4840",0.491034285776632,0.173058761644845,304,232
"5286",0.869747900484465,0.198005103414954,304,241
"3054",-0.241685198674868,0.137753294595262,304,209
"98",-0.571055782613801,0.126904745439183,304,191
"5004",1.51727334692199,0.24951725209576,304,258
"2525",-1.22923251749337,0.116204254739351,304,158
"4623",-0.106085698344712,0.142950223082151,304,213
"3134",1.411281361361,0.24039069561281,304,253
"4042",0.723340584707979,0.18786835838122,304,240
"4894",1.38900020442464,0.23850496932531,304,257
"776",-0.0776020398573886,0.144170835840977,304,213
"4075",0.795660991592524,0.192800988811409,304,238
"1871",1.8112449256119,0.276122851263819,304,262
"2754",1.5761673023344,0.25469780739229,304,257
"2670",-0.601706268819023,0.126009952121043,304,190
"3169",1.70082868157418,0.265913758313731,304,263
"3535",-0.283635661720851,0.136477378628579,304,204
"2694",2.24106691222254,0.318120411425277,304,268
"431",-0.648546497894484,0.125829502428219,304,185
"101",-1.04299347693738,0.118672083707436,304,161
"3413",0.892993103356173,0.199669055182779,304,246
"4327",0.686447274961028,0.185409798493048,304,240
"632",-1.1600909788506,0.117053231425134,304,160
"5081",1.73046446845436,0.26862898762951,304,264
"4919",1.51370420992192,0.249205782191535,304,262
"440",-0.500137287649903,0.129960441419701,304,192
"3336",-0.0720049287583065,0.144402156151371,304,207
"1688",0.498636127409092,0.173518279427778,304,242
"3919",0.3295678432442,0.163757540718106,304,231
"1619",0.394790563604688,0.167415225982733,304,226
"3067",0.856368821055559,0.197054110171153,304,246
"3586",1.01165848784109,0.2083902867321,304,250
"1543",-0.535264266417138,0.128523014265788,304,189
"1269",-0.298115000882941,0.135954931271785,304,205
"1677",-0.667142365762398,0.125847479575768,304,184
"973",1.19819278999971,0.222838139334931,304,252
"4122",0.563568303609714,0.177513923532011,304,243
"1450",-0.0467356605839784,0.14542128157701,304,210
"1594",-0.0818281635832418,0.143994386323702,304,207
"844",-0.839007935730441,0.121574053637834,304,182
"1298",-0.148360894505622,0.141063070608619,304,210
"3321",1.47604351613096,0.245936718316211,304,258
"5215",0.433228088537457,0.16962931238467,304,234
"990",0.949136942098582,0.203748485095292,304,241
"4238",-0.330603267696665,0.134607029041843,304,204
"4257",0.150494010967547,0.154441090833789,304,221
"2803",0.776500712976356,0.191479848766949,304,241
"2548",-0.539603253036691,0.128319543255182,304,195
"2956",1.60747059600317,0.257482555947472,304,258
"1057",0.0721456021473184,0.150619956646248,304,215
"100",-1.46390792717699,0.117554303788867,304,147
"763",0.635046234270773,0.182052187678165,304,239
"3857",0.927605646367044,0.202173966070017,304,247
"4636",0.324086548804914,0.163454536839633,304,231
"4587",0.6632469200115,0.183884437441858,304,238
"3253",1.17703162110401,0.221155035054215,304,252
"2888",1.97335491195837,0.291557292082372,304,267
"2800",1.1130616269853,0.216134929824206,304,246
"2357",-1.02553843225279,0.11807296199379,304,170
"4514",-0.475818953383797,0.130614054014129,304,197
"2180",0.534374088374575,0.175702346434071,304,237
"3112",1.63206180716569,0.259685193274505,304,263
"2538",-1.15032987944624,0.117662368677138,304,163
"884",-0.751957503316983,0.123094062020709,304,184
"2095",-0.373522879961684,0.13278828453134,304,201
"44",-1.38567219876287,0.114938342778489,304,148
"1167",-0.44007720365682,0.131190953274207,304,206
"3582",1.1407128093373,0.218292287056268,304,249
"277",-0.577327595880347,0.126668158103976,304,195
"3352",-0.462112118718799,0.130868333380326,304,192
"242",-1.40446634612926,0.114745385218123,304,136
"5380",0.792799017521864,0.192603000922666,304,236
"852",-0.100469009158975,0.143196575857665,304,215
"2840",0.485756316647875,0.172740819996838,304,228
"3100",0.933784236429934,0.202624515519988,304,246
"4789",0.308462906683838,0.162594451751459,304,224
"64",-0.846796229565885,0.121739308111169,304,176
"4496",0.724007764993872,0.187913185008644,304,238
"946",-0.098148664257229,0.143297594325592,304,212
"1401",1.35521602090196,0.235667804911161,304,255
"4379",1.47833970081656,0.246135115749541,304,257
"1159",-1.11594924942736,0.119503686505435,304,158
"616",-0.503115121875229,0.129859672519745,304,198
"1439",0.0529197175426143,0.149696291239671,304,225
"4088",-0.0362724227624863,0.145837813312821,304,215
"3713",0.877143753024532,0.198532913907122,304,248
"1852",-0.673594248846274,0.125819993029509,304,184
"4427",1.84780141198317,0.279557952693937,304,265
"1174",0.100266505783307,0.151992514748025,304,220
"248",-1.04942086788374,0.118922594733406,304,161
"3422",1.5619817345871,0.253442948997415,304,259
"3412",0.261914828873767,0.160073148886434,304,228
"1947",1.29070877243201,0.230325407492643,304,255
"522",-1.32023023529029,0.118348014474273,304,150
"3556",1.48504416458121,0.246715086578782,304,260
"2613",-0.323120735332591,0.134933793469183,304,200
"3969",0.153284700861721,0.154576825161623,304,225
"918",0.711927585794767,0.187103537694694,304,241
"856",-0.993729396625865,0.117873806595815,304,167
"3087",0.565077821376034,0.17760824584191,304,234
"499",-1.20433318703436,0.115566733399659,304,157
"3095",0.936979579150257,0.202857925740288,304,246
"5114",0.313942340551633,0.162895468082745,304,222
"496",-1.56502358365216,0.11627296036949,304,137
"2462",-0.451554741843836,0.131029298497333,304,194
"4956",0.0125363021817865,0.147853398528309,304,206
"159",-1.60816562782783,0.115421518175441,304,133
"1536",-0.604628985745788,0.125961716939971,304,195
"2117",-1.06638462496808,0.119531197414336,304,166
"4507",-0.596951960349531,0.126102617548763,304,190
"5096",0.113735581719561,0.152651145630142,304,215
"3687",1.03997304551935,0.21052615177529,304,250
"3945",0.334272784773929,0.164018127189198,304,225
"3170",-0.513077910220025,0.12949022016671,304,190
"691",-1.26541132482195,0.118013416704464,304,157
"4925",0.467585675618065,0.171653399376642,304,230
"72",-1.17319942485106,0.116322711592807,304,153
"3086",1.35784893494695,0.23588795257903,304,255
"1053",0.444344926121776,0.170279523891146,304,231
"1446",-0.0181556868250358,0.146565317159999,304,216
"3562",0.32286935564873,0.163387336786789,304,228
"3301",1.42063192774963,0.241185493084687,304,252
"1484",0.380611161318228,0.166610749905259,304,229
"1413",-1.07188223952965,0.119685924298105,304,165
"4458",0.212369515872087,0.157496155655256,304,230
"3520",-0.802294568452966,0.121283661789678,304,174
"5127",0.418160055003512,0.1687551958198,304,233
"2973",1.03632181068702,0.210249557791009,304,256
"2118",-0.608498740719947,0.125907843237201,304,186
"2210",-0.826694250868994,0.121355188887342,304,176
"1371",0.0519160099892477,0.1496486824887,304,220
"686",-0.519137252383167,0.129243100287375,304,200
"1416",-0.48192137968572,0.130477163319698,304,196
"1235",-0.524721528542422,0.129002522855783,304,191
"4227",0.398402856438628,0.167621160516932,304,227
"4788",1.64439935538185,0.260795203604572,304,259
"3392",1.38198747887408,0.237913850300077,304,253
"4635",-0.537764332860218,0.128406037828674,304,184
"843",0.432057504654402,0.169561109900923,304,231
"4497",1.27298298745929,0.228874790506489,304,249
"3876",0.624395940603055,0.181366459656611,304,237
"2064",-1.04404955021929,0.118712991987188,304,159
"1307",-0.457619538922764,0.130939437491501,304,198
"4560",0.293256108739822,0.161763037452475,304,230
"4288",-0.446863519110682,0.131095847388533,304,181
"1645",-0.654170606478262,0.125844778178381,304,179
"1204",-0.942692429460605,0.120253724509237,304,175
"3066",1.69460927348333,0.26534628756482,304,257
"3510",0.831367205022238,0.195290189725173,304,244
"964",1.3680831106521,0.236745217530698,304,254
"3936",0.169213074690346,0.155353248795642,304,213
"5",-1.84543497708502,0.11914118731447,304,111
"3616",0.526024682538757,0.175188699340516,304,238
"215",-0.809080475468761,0.121240817561039,304,178
"2263",-0.628393031600279,0.125788167103045,304,189
"2988",-0.483120147704486,0.130448271894474,304,199
"3585",1.14389295048796,0.218541636894139,304,249
"3808",-0.814729629369716,0.121244573710543,304,179
"2088",-1.4074916605383,0.114781551249072,304,141
"2916",0.911611142579164,0.201012409464802,304,245
"357",-1.60884948896219,0.115435163650458,304,128
"3903",0.150648506648704,0.154448604106716,304,227
"2140",-0.752321036840745,0.123074975357749,304,178
"3283",1.4012403136932,0.23953946179594,304,249
"3607",0.414075939685763,0.168519672334417,304,226
"4574",-0.222095948816085,0.138319303137797,304,206
"2553",-1.06993874462707,0.119634532403453,304,161
"505",-1.4881368779849,0.118537587463086,304,143
"4219",1.49616314420808,0.247679179310156,304,254
"67",-1.77619672346013,0.117622999890699,304,118
"2939",-0.348371740664999,0.133822590226844,304,200
"3835",-0.551251028470912,0.127770859261937,304,182
"325",0.112460626457305,0.15258885779072,304,228
"1437",-0.305572435297298,0.135664936317082,304,203
"205",-1.00159232970452,0.117780443106248,304,164
"1071",1.04213806236713,0.210690322394391,304,246
"1565",-0.357687448190372,0.133421879541269,304,205
"368",-0.576302360308166,0.126705201832386,304,188
"837",-0.547394151343488,0.127951739422427,304,191
"5200",2.06493674244568,0.300499761364704,304,264
"5287",0.326944422552706,0.163612440442055,304,224
"4351",-1.34271098303345,0.117215656351422,304,144
"3404",-0.320781847610068,0.135034509840134,304,197
"1729",-0.972392504114306,0.118591285500103,304,172
"1519",-1.00185639115112,0.117779030567749,304,168
"2509",-0.470768896053127,0.13071545695364,304,196
"3715",1.1021162962641,0.215286309010244,304,252
"2031",-0.566435001689792,0.127092982511537,304,194
"2605",-0.475157136418694,0.130627925156722,304,196
"4031",0.517917657003596,0.174691904907854,304,232
"148",-1.64209149734678,0.116950472640497,304,124
"4392",1.23869475404617,0.226090303340205,304,250
"739",-0.520297871791167,0.129194042047298,304,193
"2329",-0.655481929928808,0.125847540723193,304,185
"5090",0.1458022120483,0.154212962606655,304,225
"1215",-1.36783408920459,0.11570155524529,304,143
"2207",-1.37351616155795,0.115410431164879,304,139
"1705",-1.89820428480175,0.121642906103752,304,114
"811",0.0473185464959462,0.149431578547078,304,222
"991",0.203689555358763,0.157058468985207,304,221
"3419",0.0520363830420785,0.14965438828214,304,217
"490",-1.36000268154773,0.116152012672197,304,148
"3131",0.0412342480663338,0.149146914018251,304,219
"263",-0.84881265948781,0.121782791516557,304,174
"1593",-0.724030735025873,0.124513530355115,304,187
"974",1.01961443059098,0.208988325269789,304,250
"4345",1.98035638417712,0.292235405866152,304,261
"747",0.0661820676350345,0.150331409731786,304,212
"2479",0.469460497526867,0.17176507146599,304,234
"24",-1.29645004584443,0.118789297475082,304,143
"859",-0.36688761274542,0.133044562118603,304,199
"1006",-0.374415155066523,0.132755004131115,304,203
"2975",-0.882402942983867,0.122244885993187,304,172
"3796",-0.735977785365301,0.123932881531174,304,181
"4803",0.191680364113498,0.156459101198812,304,227
"2238",-0.764610271441416,0.12245359939412,304,169
"3863",0.631683184757798,0.181835286845768,304,240
"3680",-0.719428563519615,0.12471615866194,304,186
"30",-2.05335343457042,0.12282430584428,304,95
"2576",-0.641005993435111,0.125806344387864,304,183
"2518",-0.84799972377361,0.121765281393579,304,177
"5358",1.03621814787375,0.210241710004327,304,244
"2097",-0.831031112263813,0.121423092513204,304,175
"1278",-0.27184198971878,0.136864913089947,304,198
"77",-1.31179760808201,0.118609421153436,304,147
"3172",0.345312227353745,0.164631360278103,304,230
"701",-0.433020484100607,0.131292880086853,304,200
"3273",1.1026623824959,0.21532857649931,304,249
"1136",-0.857542432611791,0.121963561438456,304,171
"2288",-1.45504821321252,0.117042786358559,304,139
"3650",-0.401709822899143,0.131898634402107,304,198
"469",-1.32540820422876,0.118136559502648,304,151
"5278",0.0287170505190586,0.148572101289657,304,219
"224",-1.10667548215077,0.119777863569926,304,158
"4017",0.218850070474068,0.157825580806574,304,220
"634",-1.062681833135,0.119412185732992,304,164
"5216",-0.202694828413979,0.138930115476905,304,206
"938",-0.730741747734777,0.12419560553907,304,173
"1691",-1.30577306431766,0.118727131883871,304,151
"4386",1.48212919318247,0.246462801237095,304,262
"1893",0.947286578604217,0.20361268598099,304,246
"232",-0.852563607242268,0.121862613243421,304,175
"235",-1.38571317494187,0.114937167341378,304,137
"237",-1.2868093390245,0.118700126110458,304,150
"2404",-0.831632755951907,0.121433426457469,304,177
"3418",0.597878194494951,0.179673757031398,304,240
"4304",1.39497558215761,0.239009552465381,304,256
"4792",1.2860458894264,0.229943080926718,304,255
"4952",0.793230772217499,0.192632854610428,304,249
"4936",-0.524432843857887,0.1290152269972,304,195
"773",-0.917414775401658,0.121543229610807,304,172
"5085",1.44012831928972,0.242849171946014,304,254
"1351",-0.00859588257083412,0.146957119553139,304,210
"1457",-1.12972528333747,0.118887550441529,304,153
"3280",1.902365547585,0.284734864779702,304,262
"1029",1.34149262567031,0.234522986231397,304,254
"4239",0.730494603441584,0.188349692711281,304,241
"3440",0.290260240464317,0.161600008263204,304,229
"4032",0.823793916156012,0.194759281640555,304,242
"2072",-0.574139615248822,0.126785489629765,304,185
"1191",-0.813456368194131,0.121240750386773,304,179
"466",-1.03522208502443,0.118382090495738,304,166
"4118",0.421864358122727,0.168969328044725,304,230
"1778",0.533499743422043,0.175648463529647,304,233
"2125",-0.892504403442875,0.122191835824109,304,176
"710",-1.17214670200134,0.116375174826892,304,153
"3561",0.81775860265752,0.194337325250743,304,241
"4915",0.88837921132405,0.199337605974456,304,247
"2701",0.356789546839402,0.165271684557373,304,230
"4893",0.474658195290409,0.172075308633686,304,232
"5323",0.615238577212684,0.180779568547744,304,235
"156",-1.3413590764405,0.117296274034175,304,144
"1261",-1.17218115451341,0.116373437073488,304,157
"3214",-0.266420528715149,0.137033238844324,304,207
"1783",-0.536272032290754,0.128475962301592,304,193
"2568",-0.769428103376305,0.122230381475478,304,177
"1800",-1.08750892231653,0.119938217712933,304,158
"4224",0.181170327169052,0.155939672299958,304,216
"5294",-0.194519483310149,0.139210643056587,304,210
"1237",0.291605093353433,0.161673158727441,304,227
"2772",-0.400087713833202,0.131940245253078,304,194
"2788",0.608881813991939,0.180373630568251,304,240
"1024",0.261803310454691,0.160067206182029,304,223
"495",-1.37983052062455,0.115136010830279,304,142
"1708",-0.741247512508437,0.123659542923103,304,182
"3291",1.32770562952525,0.233377344628084,304,259
"2470",-0.527500244206667,0.128878910929989,304,195
"624",-0.197085113767588,0.13912097053448,304,214
"3705",1.39241018959181,0.238792819308036,304,255
"3069",1.01857104234413,0.208909801066975,304,241
"4471",1.08009739286673,0.213588352677888,304,248
"5302",1.0704508695061,0.212848374770622,304,246
"988",-0.012330818303075,0.146803183586173,304,210
"687",-0.647207140739074,0.125825368302796,304,183
"2810",0.920147454649882,0.201631475963839,304,243
"602",0.931791007900357,0.202479055000318,304,249
"1049",0.372103336663137,0.16613082803958,304,227
"3656",2.19212571212312,0.313170555952887,304,268
"3482",1.81169356644092,0.27616484486177,304,266
"2712",0.108646616201213,0.152402440414422,304,213
"1358",0.0147665061720737,0.147950749829252,304,217
"3452",0.380999935446752,0.166632728265696,304,224
"3924",1.10150062901309,0.215238664981242,304,248
"1248",0.379585529732958,0.16655278891246,304,229
"4758",0.289672663707289,0.161568065817123,304,227
"1022",0.402835418963948,0.167874435428449,304,228
"3921",1.43984052933555,0.242824550483781,304,252
"4669",-0.938754834963636,0.120480888929777,304,169
"2008",-0.606744765685828,0.125930871709347,304,185
"1447",-0.100262863274833,0.143205569139693,304,213
"3484",0.738052369097669,0.188859788050313,304,244
"3738",0.244444281107715,0.159149466695422,304,224
"4674",0.918025007384779,0.201477368805043,304,247
"4804",0.404438276185338,0.167966181747591,304,234
"3217",0.845402303435465,0.196278275733964,304,242
"2906",1.90974562297617,0.285439577011435,304,266
"1390",-0.819744349066426,0.121275382827347,304,173
"1631",-0.381738990283464,0.132493553563912,304,191
"2881",-0.159660979164338,0.14057398894714,304,210
"3782",0.391019847786663,0.167200699141968,304,224
"3180",0.965906693108354,0.204983385638352,304,244
"1939",0.320143863822984,0.163236980036652,304,227
"3346",0.311052566208802,0.162736628387242,304,222
"3414",-0.0294969202008151,0.146108303080351,304,209
"1794",-0.473584260408364,0.13066017018256,304,200
"4745",0.532591343156335,0.1755925051285,304,233
"442",-0.720876200213561,0.124653917804256,304,185
"4132",0.844344744175625,0.19620363310295,304,248
"4813",1.91422296587893,0.285867630539133,304,268
"1221",-1.13542338421699,0.118574226785237,304,158
"3262",0.0146720952390716,0.147946617541445,304,216
"3771",0.91340303195684,0.201142196586887,304,244
"4571",0.396143933194661,0.167492331929833,304,235
"4502",1.1232124794015,0.216924663564235,304,247
"158",-0.830776852258765,0.121418787301136,304,175
"2604",-0.371523928322057,0.132863896463156,304,197
"1170",-0.569940886282783,0.126949161766469,304,195
"1256",0.109858917496225,0.152461706959058,304,221
"463",-0.749987261185082,0.123197844335336,304,186
"4335",0.96199537160273,0.204694692734262,304,243
"2818",0.365849659787916,0.165779282265219,304,233
"4027",-0.731693826245281,0.124148664840287,304,182
"725",0.53320174247874,0.175630103752145,304,242
"2831",0.347558576797323,0.164756457972208,304,228
"2020",-0.102954093809124,0.143087885921422,304,210
"3546",0.572146545430181,0.178050790331033,304,232
"4810",-0.238120363936802,0.137854598231249,304,203
"346",-0.569996955754257,0.126946912191303,304,193
"2018",0.219153112053819,0.157841042065891,304,221
"3049",0.850451672559729,0.19663508563279,304,242
"1624",0.0882915634003605,0.151406699112403,304,222
"2936",0.408918565902684,0.168223088663878,304,227
"1905",-0.324010850306056,0.134895259484608,304,196
"1737",-0.675533193315557,0.12580681826493,304,191
"1920",-0.820725329580986,0.121284186072407,304,169
"2319",-0.494698202688177,0.130132591345965,304,202
"4694",-0.753176177715572,0.12303017253548,304,180
"3395",-1.34400111179787,0.117137868724257,304,145
"4958",-0.021019586680527,0.146449236889088,304,215
"2505",-0.886775531971067,0.122236151730353,304,175
"4016",0.162901253092794,0.155045114371335,304,223
"5301",-0.765361796732228,0.12241781455835,304,180
"1406",-0.228654026467743,0.138126334789709,304,200
"1011",0.1977549427481,0.15676142752753,304,225
"5349",1.62175553004769,0.258760460426954,304,258
"538",-1.29397390581319,0.11878108002216,304,145
"303",-1.27172222596778,0.118275635243911,304,149
"1246",-0.534014136682755,0.128581161177323,304,191
"3325",1.20971631275466,0.223759340321325,304,245
"4858",-1.15162439751014,0.117580562824437,304,158
"4643",0.354458186064066,0.165141379934613,304,231
"3078",-0.0321125359728709,0.146003731098402,304,215
"1441",0.525362360340939,0.175148040319994,304,238
"1419",-0.986527831948171,0.118044792880514,304,168
"4773",0.931790508203854,0.20247901854718,304,241
"4153",-0.459551898235056,0.130909420853354,304,192
"5067",1.12770760678065,0.21727521463987,304,250
"4428",0.223651143995971,0.158071136057961,304,228
"2638",0.487538484676548,0.172848074337878,304,234
"989",0.0214964360100375,0.148247848012894,304,218
"4755",2.22536293627724,0.316527772973918,304,273
"2929",0.741458484237053,0.189090210072455,304,235
"1825",-0.186220958256245,0.139511153643879,304,207
"4821",0.199962554340192,0.156871722616955,304,219
"4226",-0.120598635317904,0.142304144695555,304,216
"2371",-0.932978926761015,0.120801443351247,304,173
"2461",-0.610910537114822,0.12587985240887,304,185
"3726",0.437214957084794,0.169861978424059,304,229
"4629",0.549434275365282,0.176633867790816,304,238
"3319",0.386038195321502,0.166917946785066,304,228
"2302",-0.220791024707351,0.13835835172341,304,205
"157",-0.753005654111478,0.12303909537813,304,183
"4150",1.03399005097887,0.21007309936852,304,243
"3851",0.483763894900769,0.172621036844906,304,234
"4189",-0.248636909248111,0.137555561257606,304,199
"244",-1.07452417446907,0.119749429757111,304,174
"1262",-0.956586712240913,0.119435908728877,304,168
"1285",-0.709175514918701,0.125113041780122,304,183
"1046",-0.15507974458238,0.140770278749512,304,203
"4334",0.0235171437098605,0.148338024695304,304,216
"1916",-0.810068183868149,0.12123897074847,304,173
"3660",0.949148313788413,0.203749319952035,304,252
"1700",-0.996519064003831,0.11782933745023,304,161
"813",0.421538016953856,0.168950443749187,304,235
"4749",0.523417192806486,0.175028703228381,304,232
"2545",-0.837331910760496,0.121540187492009,304,180
"4536",1.23480861162098,0.225776518506715,304,250
"1671",-0.0504603326146972,0.145272782724747,304,209
"4278",2.15843372151569,0.309786540363914,304,266
"3428",1.56711591187506,0.253896606440644,304,256
"3691",0.080858143113487,0.151043751715583,304,225
"1913",0.4958429262576,0.173349220277594,304,234
"4230",1.45541466424662,0.244159702298278,304,253
"3807",-0.813348496204123,0.121240504185384,304,174
"1090",-0.336809613615769,0.134332748517604,304,198
"1554",1.36240584985963,0.236269358358493,304,254
"4727",-0.230426105058959,0.138074981878025,304,202
"3028",0.576012420854255,0.178293414805575,304,236
"4494",2.02470291172254,0.296551946359856,304,263
"4113",-0.281647973417145,0.136544953211698,304,209
"2056",-0.528595598908048,0.128829564998252,304,190
"5177",1.16740236221272,0.220392825130027,304,250
"806",-1.31907145840728,0.118390258203265,304,148
"2007",0.587954743680602,0.179045607715269,304,236
"1596",-0.145225631244298,0.141201334062404,304,211
"588",-1.71133597263461,0.119680638470387,304,119
"3940",-1.54474025562936,0.117361907275835,304,131
"1910",-0.552397630264355,0.127717489012064,304,190
"2017",-0.629886520866428,0.125787725943593,304,183
"330",-1.78268136411783,0.11746902437721,304,119
"1354",-0.195086992725429,0.139190676993803,304,207
"1436",-0.338097282472976,0.134275705954116,304,199
"2108",-1.45918247807398,0.117287503319075,304,131
"2454",-1.50247582309443,0.11870084934658,304,139
"315",-1.28388006358481,0.118643372924747,304,153
"1479",0.0379262527595904,0.148993524252804,304,215
"860",-0.630601497166925,0.125787824393121,304,186
"668",-0.689553756035726,0.125630918322193,304,181
"2067",-0.713989235848817,0.124936709171122,304,181
"1126",-0.269142155348248,0.136949424906987,304,202
"2780",-0.236878752943195,0.137889954221606,304,206
"3834",0.704670231246642,0.186619174615378,304,242
"4834",0.993075996807171,0.206999906992886,304,248
"4296",0.173100610880942,0.155543468031235,304,225
"332",-0.540111786475515,0.128295574422803,304,194
"3210",-0.113906075324451,0.142603472347057,304,203
"184",-0.873326788850632,0.122199893926663,304,182
"4089",0.722416084078955,0.187806264126777,304,237
"468",-1.2496705151064,0.117228263179176,304,151
"2315",0.003391865358659,0.147459906459614,304,220
"395",-1.17710142912441,0.116140463989956,304,153
"829",-1.40452668901956,0.114745925170681,304,141
"674",-1.38165299969799,0.115068115718553,304,139
"2048",-1.11233485077635,0.11962520021181,304,152
"4407",0.627675792641061,0.18157727289442,304,237
"222",-1.77470264808544,0.117665611190741,304,118
"825",-1.40995214160947,0.11482445385327,304,140
"278",-1.05276136790377,0.119051933747663,304,159
"2432",-0.686489435595793,0.12568237229107,304,188
"3002",1.14404392499477,0.218553480875278,304,255
"17",-1.79434188577658,0.117341385477735,304,115
"5248",0.370057739619528,0.166015726045933,304,234
"557",-3.08455626074444,0.162051264277085,304,48
"2077",-1.00618196137763,0.117771705208742,304,163
"521",-0.394384839656861,0.132095962089227,304,199
"4143",0.360811608550865,0.165496781156743,304,234
"373",-0.996387057575506,0.117831161666079,304,169
"2107",-1.33780524189284,0.117502895497195,304,148
"5227",0.410011980045973,0.16828589054266,304,233
"3741",-0.226689796370411,0.138183612511506,304,207
"121",-1.53212224198265,0.117984596551395,304,127
"2626",-0.917034678811874,0.121558507998531,304,167
"2539",-0.328515401667972,0.134698781587488,304,204
"4708",1.24189919960976,0.226349321708464,304,252
"1555",-1.6485374349779,0.117356621565517,304,126
"569",-1.82366568264748,0.11798163776125,304,112
"300",-1.62315810814683,0.115909852341146,304,131
"2807",0.693667259047999,0.185887779785712,304,243
"5366",-0.238940161471532,0.137831280024808,304,205
"4609",-0.0102990316763717,0.146886777511534,304,219
"4742",0.683629278980516,0.185223661384845,304,235
"2892",0.34022515081185,0.16434846042435,304,224
"2877",1.07185630896105,0.212956036708075,304,251
"3463",1.01079948123952,0.208325814996434,304,247
"2428",-0.64783423827586,0.12582731575074,304,188
"2367",-1.10518097543385,0.119810277526794,304,161
"519",-1.03625007659866,0.118418894122604,304,168
"4887",0.94500889740136,0.203445651406369,304,253
"484",-1.27454337587448,0.118378459298933,304,154
"5075",-0.750265309501134,0.123183168798106,304,177
"5202",-0.331052484296005,0.134587243349792,304,202
"478",-1.12447058411556,0.119148830919589,304,170
"2572",-0.838328483188193,0.121560216556566,304,172
"2010",0.107927474254461,0.152367278056886,304,217
"1568",0.135775469450311,0.153725397058754,304,218
"2",-1.61213159316077,0.115512802319851,304,125
"1133",-0.543148116152165,0.128152199672586,304,189
"5157",-1.46089388849502,0.11738597691492,304,133
"4136",0.705821352505808,0.186695898605994,304,243
"579",-1.65766046441179,0.1179307746752,304,131
"4631",-0.0745052831180235,0.144299142198866,304,213
"1821",-0.862440568967935,0.122053394571004,304,179
"5076",0.283935243611549,0.16125674524735,304,223
"819",0.337792356264407,0.164213360858635,304,230
"5110",0.145735508911774,0.154209719635271,304,217
"4152",2.36561549474413,0.330892181150681,304,270
"3935",-0.905478068414219,0.121946084374091,304,174
"891",-0.708127014327963,0.125148973113518,304,182
"4102",0.17224359154586,0.155501501083917,304,221
"905",-0.713305139596756,0.124962882542765,304,180
"1279",-1.00510735446567,0.11777075918739,304,163
"3615",1.23890075038276,0.22610694669633,304,253
"1466",0.325456788674148,0.163530224033833,304,223
"5024",-0.0189271879511044,0.146533994222736,304,212
"1001",0.11209037590417,0.152570766459439,304,212
"4103",0.39544521558362,0.167452516419894,304,235
"2160",-0.644094926667119,0.125815615220797,304,185
"3293",1.02409605031736,0.209325929037998,304,241
"2601",-0.615780645119139,0.125835738303665,304,189
"3370",0.39959291893426,0.167689097134299,304,231
"592",-1.58156905485221,0.115588155166347,304,129
"3231",1.53686362788992,0.251231928131524,304,256
"1392",0.028587781182973,0.148566247332348,304,221
"408",-0.718227806116496,0.124766689440153,304,180
"3906",-0.367461584407864,0.133021815138663,304,200
"4949",0.800892614694578,0.193163494089104,304,241
"3681",0.487222797678881,0.172829068037412,304,234
"4972",2.15091692584049,0.309034222135285,304,271
"4274",0.487110118659148,0.172822284862346,304,235
"3096",1.54501905242459,0.251948272362897,304,260
"3364",0.79000298075206,0.192409794340416,304,237
"749",-0.0615380126351475,0.144828372924583,304,216
"4877",0.602713675565743,0.179980876181861,304,230
"2476",-0.938375356563585,0.120502467533984,304,174
"3035",0.81197318798882,0.193933786682451,304,235
"141",-0.370084843164219,0.132919204820589,304,202
"1680",-1.44237580505448,0.116268843185014,304,135
"2934",1.02485784614358,0.209383367631587,304,240
"4159",0.561267423693179,0.177370276297764,304,235
"2687",0.798726518565922,0.193013310592355,304,241
"3899",-0.0755894521817012,0.144254314946351,304,209
"1587",0.149868814014857,0.15441068801379,304,223
"1110",0.158796033037474,0.154845070607868,304,220
"2583",-0.742404795636497,0.12359872249255,304,179
"4950",1.6562908986442,0.261868191034901,304,258
"4723",0.603111677992556,0.180006185190225,304,241
"3513",0.794521363666647,0.192722123468964,304,240
"1425",-1.00764779159217,0.117775904551732,304,171
"3206",1.22707538826146,0.225153199286441,304,253
"5365",1.24656444102611,0.226726864395539,304,255
"2835",0.610733376881854,0.180491746683243,304,238
"4850",1.77652486822962,0.272885449896471,304,264
"3644",0.076353577633471,0.150824364310964,304,214
"2086",-0.110508247239012,0.142754604869249,304,202
"3685",0.39974486242851,0.167697774384665,304,229
"1982",-0.625760678864105,0.125791263745056,304,192
"3385",0.791743995331057,0.192530073189509,304,242
"5197",1.37985205611173,0.237734078560626,304,261
"3205",1.43443447411058,0.242362396627681,304,258
"4234",0.15662397465587,0.154739316962207,304,219
"3222",0.59734265197778,0.179639784662377,304,243
"1919",-0.357603562373565,0.133425416943661,304,203
"2239",0.145608556363904,0.154203547468018,304,219
"2498",-1.20264490671643,0.115562174262462,304,155
"810",-0.423748351903272,0.131439752024771,304,195
"3429",0.489600868992881,0.172972323158649,304,229
"207",-0.469877057458834,0.130732350891431,304,194
"1930",-0.0378679359464557,0.145774265591575,304,213
"5308",1.16745114448729,0.220396680707903,304,250
"1445",-0.927784649986783,0.121071780478014,304,166
"883",0.219118163922877,0.157839258742438,304,225
"3879",1.09021538824086,0.214367053069801,304,251
"915",0.441333852974634,0.170102961736366,304,227
"4046",0.899823368602942,0.200160787593206,304,245
"2914",1.15543327733245,0.219448624259241,304,251
"4285",0.0199742798756604,0.148180214613612,304,214
"736",0.135573486070005,0.153715571185955,304,227
"1757",0.233162047237808,0.158561397906269,304,225
"1137",-0.895052786200152,0.12215966311157,304,173
"753",-0.745006768096631,0.123461372833889,304,178
"721",-1.46481931902647,0.117603758729897,304,141
"3848",0.239239971538398,0.15887733854128,304,229
"4009",0.328611109566302,0.163704607559991,304,229
"4633",1.66193751029108,0.262378754669244,304,263
"2625",0.301188363648368,0.162195953970801,304,228
"2704",1.19117101316528,0.222278417425421,304,249
"5193",0.92580360552571,0.202042752786662,304,247
"1797",-0.806062690184613,0.121253288266509,304,175
"234",-1.47158550664719,0.117945756173265,304,128
"1827",-0.329768048243972,0.134643776295538,304,204
"4879",1.50000910853299,0.248013301227125,304,258
"1095",1.10135336565265,0.21522727028515,304,247
"4026",-0.623893309465872,0.125795429606481,304,184
"2405",-1.39634122158225,0.114741100624534,304,142
"4492",0.910541090061564,0.2009349466868,304,244
"3201",0.651522971137898,0.183119790888722,304,237
"2734",1.4533661344944,0.243983767149605,304,260
"517",-1.04970806826218,0.118933785357888,304,164
"5072",0.840834076108546,0.195956070950837,304,242
"5048",0.087162241710294,0.151351504005177,304,219
"2824",0.0254371164885066,0.14842411632263,304,214
"765",0.449289045249457,0.170570155893693,304,239
"853",-0.647071652527564,0.12582494545738,304,190
"115",-1.04377060536984,0.118702167018773,304,158
"5229",1.30430920761021,0.231443533354651,304,252
"3472",0.54161179750671,0.176149219600498,304,231
"3908",-0.130957977748218,0.141838686593512,304,212
"3563",0.432031831012962,0.169559614622587,304,228
"2455",-1.84205897730673,0.118941672659683,304,111
"1480",0.0468714304167366,0.149410553158005,304,222
"1366",1.2830112550362,0.229694540898567,304,261
"3407",2.08335091162072,0.302316451099664,304,264
"441",-0.766811243729583,0.122349762873261,304,176
"3746",0.465551667317875,0.171532385346587,304,237
"4619",0.923042834733829,0.201841900520976,304,247
"3141",2.38287679272867,0.332681228798335,304,272
"2109",-0.466498150535884,0.1307938447901,304,199
"3361",1.2912668918808,0.230371204687261,304,252
"3077",1.81343519977641,0.276327903654557,304,264
"3992",1.1677950302042,0.220423861895826,304,249
"1999",-0.22801413301177,0.138144950924199,304,204
"4565",0.916520736313844,0.201368220031494,304,241
"1961",-0.703259924740153,0.125303756081623,304,184
"3200",2.65195423317523,0.361106965957903,304,272
"105",-0.656560015224286,0.125849500241557,304,196
"2241",0.154693477573092,0.15464536563179,304,225
"3237",0.557558411842159,0.177139030863859,304,228
"3638",1.21047846176341,0.223820382420634,304,252
"299",-1.49786533670937,0.118686409455367,304,136
"155",-1.13528601938774,0.118582094762885,304,166
"1602",0.210366211443713,0.157394785466182,304,219
"5300",0.53396170433635,0.175676929879993,304,236
"5019",0.432514454435958,0.169587727496934,304,233
"298",0.0841088655826741,0.151202359215735,304,220
"2376",-0.565247380623114,0.127143033045714,304,191
"3004",0.661752634243775,0.183786747711816,304,238
"3493",0.68599320541957,0.185379789813545,304,236
"5104",0.419299622374854,0.168821017911498,304,234
"5126",0.644361940427183,0.182654787124702,304,233
"5376",0.909165788494137,0.200835432015666,304,250
"1379",0.839619232191262,0.195870482850794,304,243
"1743",-0.732981207346284,0.124084568472391,304,185
"1979",-0.35844663198308,0.133389935678649,304,204
"4398",1.76026442471603,0.271377790202831,304,259
"2533",-1.20708218416761,0.115585750552459,304,154
"532",-0.946053334248161,0.120056389246005,304,168
"1361",0.268098815372288,0.160403551534999,304,224
"688",-0.645376693858488,0.125819625330077,304,186
"2043",-0.687950427511947,0.125658797643787,304,180
"279",-1.57099709223688,0.1159892088706,304,128
"5336",1.17181497181368,0.220741821772955,304,252
"1200",0.156767189301648,0.154746288222981,304,223
"1730",-0.343749123014056,0.134025677621754,304,206
"14",-1.80193360737425,0.117375035711262,304,115
"2066",-0.609809405616576,0.12589211104918,304,186
"2953",0.0799520245322982,0.150999580118906,304,217
"981",-0.585961069402496,0.126384295874124,304,192
"2386",-1.34611140310446,0.11700913770072,304,147
"832",-1.38379249598581,0.114995513319366,304,148
"3341",-0.135452337780883,0.141636944329034,304,207
"1089",-0.0915669078161749,0.143581548894973,304,212
"204",-0.412385528457499,0.131653138489982,304,199
"5057",0.65042251449294,0.183048231532972,304,239
"1530",-0.983966756644454,0.118124295983147,304,177
"1728",-0.689851160176684,0.125625513463057,304,188
"2032",-0.54787332711743,0.127929178419321,304,190
"1984",0.136142777785806,0.153743264861376,304,215
"1911",-0.422343326881784,0.131463867182716,304,195
"1099",-0.241294414796686,0.137764391398878,304,198
"3506",0.0799424901037274,0.150999115433577,304,207
"1258",-1.06975985961346,0.119629612925366,304,160
"1121",0.132336865009484,0.153558082701151,304,217
"4750",-0.0488904961294375,0.145335406539957,304,208
"2171",-1.44888899168445,0.116667160326016,304,138
"1831",-1.44813528583628,0.116620830053732,304,132
"1836",-1.30172765764632,0.118772199449213,304,139
"5337",0.72326442345239,0.187863242062922,304,234
"2457",-0.0648939930109779,0.144692522199693,304,204
"4363",0.644897209692364,0.182689491380218,304,239
"1567",-0.290845822124999,0.136223960756481,304,201
"1810",-0.119836436028974,0.142338321181745,304,212
"4567",0.679926195375008,0.184979422517664,304,236
"3397",-0.0042720657728493,0.147136865618681,304,212
"4314",0.68860345058697,0.185552380353523,304,235
"2136",-0.278364080918283,0.13665451904518,304,211
"3669",0.452052743128262,0.170733004508773,304,235
"1031",-0.861323056038387,0.122033938802705,304,177
"3981",0.432943741994285,0.16961274070928,304,238
"1915",-0.976021716599996,0.118427455074374,304,170
"1759",-0.158510005469676,0.140623017001217,304,215
"209",-1.86722547472336,0.120419400943064,304,114
"1943",-0.491798300870779,0.130218069076176,304,192
"3907",1.48454337044282,0.246671730082472,304,260
"2880",1.18516690439274,0.221800782746,304,249
"4337",0.563827824481391,0.177530135142617,304,242
"5050",0.181723100112931,0.155966888304124,304,224
"2090",-0.207663731659985,0.138766812828414,304,207
"1140",-1.12567732309411,0.119091457090335,304,158
"3817",0.981137326105294,0.206111413001392,304,245
"2969",1.3442212636901,0.234750257809053,304,256
"2469",-0.539362562404883,0.128330881190466,304,197
"4597",1.22367819142221,0.224879837906371,304,251
"2700",-0.117142539722011,0.142458952534604,304,221
"4726",1.52961843127029,0.250596778906864,304,266
"4882",0.423963441732056,0.169090886622192,304,225
"4615",0.968783181411809,0.205195956944684,304,243
"4354",-1.37447691258169,0.115365047097654,304,138
"2716",0.786984800922028,0.192201481670994,304,240
"3702",0.716687457436622,0.187422051648516,304,238
"3975",2.29466891748785,0.323586877747521,304,269
"2696",1.00056363058622,0.207559059237771,304,247
"5237",1.36056584356226,0.236115294303048,304,257
"1310",0.0904425019939184,0.151511863691139,304,220
"2919",1.83576885075905,0.278424314896136,304,262
"3637",0.81281964473128,0.193992770028427,304,254
"4800",0.00588034610785824,0.147566096378823,304,216
"873",0.260740467775967,0.160010596846248,304,224
"4515",0.215536582420111,0.157656858160035,304,220
"1977",-0.530509030313614,0.12874260943148,304,190
"3841",0.490532589982463,0.173028500561679,304,228
"1760",-0.215924314414892,0.138506258261653,304,205
"1713",-0.0958004267529709,0.14339935070782,304,215
"1833",-0.532590647883864,0.128647032511908,304,198
"4461",0.652854804170828,0.183206444947647,304,237
"5011",2.4336589509758,0.337970125778729,304,273
"1028",-0.983276993605398,0.118147301874459,304,172
"2804",1.04269845111933,0.210732835745383,304,245
"4653",1.46338596547707,0.244845218614498,304,259
"3485",-0.470780330237988,0.130715238475301,304,189
"4370",0.118307817996008,0.152874393105324,304,218
"3572",0.704843272257021,0.18663070557798,304,243
"2402",-0.214525126617209,0.138549503557482,304,206
"3190",1.75060241367194,0.27048452465767,304,264
"1486",-0.893963550689737,0.122174368221666,304,173
"4123",0.53560097421617,0.175777992129835,304,235
"4372",1.65351567330001,0.261617507366807,304,261
"3567",0.578752718177442,0.178465654182499,304,239
"3886",1.16275668636319,0.220025919059805,304,254
"3887",-0.105690115003938,0.142967653632726,304,212
"78",-1.15811502515477,0.117174184587521,304,157
"4131",0.92352729678836,0.201877131357351,304,253
"1588",-0.699517888001163,0.125409062657153,304,185
"4059",0.127344977397272,0.153315024479166,304,218
"3950",-0.859003004561034,0.121991519016455,304,181
"1523",-0.467001633634108,0.13078492306163,304,199
"3369",0.825872669795964,0.194904850060515,304,237
"3057",0.680092812627514,0.18499040302794,304,238
"1817",-0.962172352655265,0.119118682118368,304,169
"1063",0.907541016168378,0.200717932102478,304,244
"2286",-0.810628340239575,0.121238404309927,304,176
"3228",-0.326976330412253,0.134766163728894,304,200
"4577",2.02304130130928,0.296389548023823,304,267
"4739",-0.441475472377827,0.131171280090546,304,190
"2963",0.4173484844832,0.168708347139346,304,232
"3648",1.46998425576592,0.245413754696266,304,262
"3805",1.40383365815189,0.239759089597832,304,257
"383",-0.647240991360342,0.125825473845876,304,182
"826",0.965368989721134,0.204943673918572,304,245
"2889",1.39041327747771,0.238624219393748,304,257
"4083",-0.791665760016828,0.121460124728199,304,173
"3653",0.963698127332791,0.204820322465318,304,241
"4442",-0.478772372981294,0.130549875650964,304,197
"3027",0.790890958109252,0.192471130161988,304,231
"3902",0.759031903439963,0.190284274240542,304,244
"4806",1.4454660916653,0.243306182024673,304,258
"4663",1.84930528532624,0.279699843086559,304,267
"253",-0.984020783664751,0.118122522143244,304,169
"3905",-0.0858452291923757,0.143825163680701,304,216
"4695",1.29515323644002,0.230690310699215,304,251
"5134",-0.260640493681278,0.137207177422553,304,197
"5181",1.94529438941329,0.288848923483128,304,262
"4945",1.09496957018776,0.214733845668367,304,242
"1082",-0.297533408963923,0.135976958112275,304,200
"1453",-0.596388746350719,0.126114769806301,304,188
"1854",-1.31160235063892,0.118614165889294,304,139
"3024",-0.284421239529452,0.136450404124723,304,204
"1845",0.300231174272718,0.162143621240383,304,228
"3711",2.16283292078612,0.31022728792035,304,270
"613",-0.193921829903558,0.139231750279829,304,212
"3580",2.10131319165092,0.30409444689471,304,265
"770",-0.438171983648159,0.131217959183687,304,196
"552",-1.75687544910006,0.11831584351003,304,122
"2801",-0.0356846933226363,0.145861232184059,304,216
"3029",0.552842145571423,0.17684554487743,304,233
"4012",0.929802826524335,0.202334069189159,304,241
"2293",-0.559846380962824,0.127378021503327,304,194
"5343",0.922144490058817,0.201776588246688,304,245
"1692",0.237822232671576,0.158803460367327,304,232
"1325",0.794316580150031,0.192707955718523,304,240
"3996",1.96405497617537,0.29065800614389,304,265
"5087",-0.33667182392405,0.134338851737221,304,196
"4641",-0.28417018357743,0.136459041295649,304,201
"4055",-0.775673850016633,0.121966314113123,304,181
"2399",-1.7282178724564,0.119388911989728,304,121
"2291",-1.37213242333374,0.115477874560586,304,145
"957",1.2207393429268,0.224643586207517,304,247
"617",-0.24202526239439,0.137743638506651,304,209
"4661",-0.0460051212808752,0.145450377483873,304,208
"430",-0.926720005329294,0.121124657650543,304,171
"1511",-0.834442396190715,0.12148421516974,304,175
"1734",-1.25431951843912,0.117472375395009,304,157
"2972",-0.113798721750451,0.142608257241688,304,212
"1327",-0.0383421980047717,0.145755382654648,304,212
"2348",-1.02775856837892,0.118136773087429,304,165
"2732",-0.460382707583977,0.130896261447652,304,194
"527",-1.82966568116758,0.118262362643912,304,118
"149",-1.72219533006173,0.119534970283417,304,125
"1877",0.752325627060885,0.189827570993688,304,241
"2130",-0.222094000394172,0.138319361264562,304,204
"143",-1.1803051860996,0.116006611088697,304,160
"350",-0.634126211291692,0.125790919633274,304,181
"639",-0.168836208651145,0.140190995428332,304,210
"3490",0.898724457622284,0.200081587790299,304,247
"2040",0.134367033615422,0.153656875641268,304,231
"436",-0.799676872928849,0.121314636162364,304,178
"703",-0.319659530731392,0.135082541200699,304,205
"3611",0.352452105809938,0.165029354264466,304,230
"2905",0.67802009188136,0.184853864550473,304,237
"2345",-0.274238037235777,0.136788684514407,304,205
"4156",1.09399496839044,0.214658606702525,304,248
"2928",1.19738534119144,0.222773713804659,304,253
"212",-0.867144097373059,0.122127118414798,304,175
"4058",0.931722127024571,0.202474030165514,304,247
"4924",2.0423923699903,0.298284002153355,304,266
"4434",1.00768733286429,0.208092397715942,304,250
"1042",0.0899906717766693,0.151489768913231,304,217
"3729",0.825798074730329,0.194899624341837,304,243
"3658",0.495159208550394,0.173307875987457,304,232
"5354",1.21709107891084,0.224350599552869,304,252
"4333",-0.00486997298138386,0.147111906685772,304,209
"4999",0.776945094204605,0.19151037386321,304,237
"1976",0.22223665250945,0.157998656530003,304,228
"3987",-0.527666970760394,0.128871421311635,304,195
"2491",-0.539802862573027,0.128310137178533,304,199
"4190",0.675697266279507,0.184701003807585,304,240
"783",-0.357488796058843,0.133430259020458,304,200
"3017",1.03559338500756,0.210194418265331,304,250
"2041",-0.488823504136463,0.130301244620338,304,195
"5234",-0.428137425504886,0.131367826849885,304,199
"5175",2.1945200726214,0.313411782657769,304,268
"3767",0.473215999060822,0.171989133763281,304,241
"2452",-1.21861232500062,0.115813702682191,304,158
"2720",-0.230925739432952,0.138060552795974,304,205
"2287",-1.0340563179864,0.11834111237991,304,167
"4962",0.877461481559408,0.198555622418326,304,247
"1742",-0.961896794374807,0.119133965043111,304,169
"2087",-0.541827272901189,0.128214608548274,304,196
"548",-1.91138707642799,0.121818048077353,304,117
"393",-0.844251538864777,0.121684462069106,304,174
"4531",1.85868771067402,0.280586096095549,304,268
"3475",0.310882712387756,0.162727298240879,304,220
"3379",0.179033564457483,0.155834565032597,304,223
"5151",-1.44961743302427,0.116711918821524,304,139
"4561",1.95943685176511,0.290212055242258,304,263
"541",-1.38140749681736,0.11507694360246,304,149
"396",-0.238372652673577,0.137847420203138,304,206
"1718",-0.78520294351953,0.121631945400794,304,182
"1076",-0.771581937384192,0.122135799202877,304,168
"4057",1.2206208339333,0.224634063800583,304,251
"3244",0.437449915464623,0.169875708333706,304,237
"4469",0.432279328884417,0.169574030340424,304,231
"4538",0.0205819081542994,0.148207182656384,304,217
"618",-0.478201083818913,0.13056258626512,304,203
"3005",0.791586542018314,0.192519191983572,304,250
"4450",-0.002616516527543,0.147206153301942,304,219
"2230",-0.703007790240517,0.125311228508226,304,183
"539",-1.45893465909088,0.117273090264151,304,143
"2228",-0.838481030259516,0.121563310941151,304,174
"841",0.414311364914731,0.168533232938921,304,228
"4052",2.15629447315499,0.309572334045405,304,264
"999",0.824168433235408,0.194785499041521,304,238
"1952",-1.05019516826741,0.118952742320982,304,168
"3431",1.95708812227514,0.289985405706598,304,265
"4807",1.15803819759761,0.219653813290827,304,246
"5098",0.259605556027629,0.159950206345483,304,222
"2882",0.0466596979508939,0.149400602236145,304,218
"683",-0.860759029171415,0.122023868770175,304,172
"2586",-1.34218949012118,0.117246869732122,304,144
"2891",-0.564181592912419,0.127188479958564,304,184
"4563",0.154593551567884,0.154640503460412,304,225
"4216",-1.11049903743355,0.119679841595607,304,160
"4975",1.30701519720907,0.23166652734028,304,255
"711",-1.23933547702163,0.116685492684885,304,155
"1059",-0.922754717353743,0.12131303685432,304,174
"1884",-0.624444547621239,0.125794020208511,304,189
"1964",-1.25615179103724,0.117566721749934,304,147
"4505",0.00815417327487783,0.147663704231324,304,208
"1464",-1.22564223266145,0.11605605112518,304,152
"3457",1.77632797878417,0.272867161795196,304,256
"1275",-0.799800357398999,0.121312991610889,304,177
"1867",-0.427212296455508,0.131382588962645,304,197
"4662",-0.391253478257425,0.132187750013011,304,199
"528",-0.977439329735628,0.118367513816338,304,168
"2718",-0.638185160689862,0.125798867862244,304,181
"5357",1.29703756962339,0.230845162757912,304,253
"50",-0.658829971058578,0.125852563238791,304,188
"3823",0.658301140162451,0.18356136237246,304,242
"3278",1.06911373059776,0.21274599192249,304,246
"2446",-0.771651294615335,0.122132812224479,304,179
"5311",0.0289108058260969,0.148580878774274,304,219
"4476",-0.966236697617917,0.118898963880702,304,163
"2642",-0.562646600497184,0.127254768924566,304,185
"2547",-0.97448818652878,0.118494919275751,304,165
"310",-1.44426712475052,0.116383691723437,304,136
"146",-1.58533753096284,0.115485157380218,304,131
"5279",0.561527607250499,0.177386512460937,304,229
"3610",-1.13981246367037,0.118316053502722,304,157
"4908",0.285210378385019,0.161325842201013,304,226
"4752",0.533143642987771,0.17562652455103,304,228
"2014",-0.164925939076942,0.140352421900216,304,207
"2148",-1.40609277114959,0.114762529535639,304,144
"1210",-1.37725601896221,0.115240883555524,304,147
"2993",0.0817877895778812,0.151089089049106,304,217
"2778",-0.983946099499018,0.11812497529285,304,162
"4260",-0.389282486112675,0.132247802820214,304,194
"3692",1.26346996261435,0.22809939982957,304,259
"1902",0.0895100355065533,0.151466267550248,304,221
"2879",0.700969160977006,0.186372756617327,304,242
"3640",0.37930881125357,0.166537155928673,304,224
"5225",1.06675482085214,0.212565485339458,304,245
"2197",-0.728817240107552,0.124289197866372,304,176
"1761",-0.498426778575851,0.130016244670185,304,200
"2444",0.51470837359133,0.174495778735814,304,236
"4579",1.5979235555119,0.256630974386842,304,260
"81",-0.471247301627332,0.130706274544196,304,194
"4530",-0.502292912701765,0.129887952977875,304,191
"1636",-0.265081201239261,0.137074010187672,304,202
"252",-1.19591618702871,0.115598514884221,304,156
"5340",0.534404248284717,0.175704205477396,304,237
"2867",1.10500925613916,0.215510312497754,304,250
"1638",-0.565371488714878,0.127137773024451,304,189
"2783",0.373004382928268,0.166181563010182,304,224
"5231",1.55105245210882,0.252479177404172,304,256
"513",-0.0527713337789076,0.145180469916438,304,211
"3744",1.21935214537754,0.224532143995823,304,252
"1465",-0.47843643946705,0.130557367353445,304,196
"4197",1.25510950776378,0.227419760154418,304,253
"3073",0.282836452493565,0.161197248382715,304,226
"3578",0.807702844798474,0.193636520501973,304,237
"3951",0.540918420403454,0.176106344343517,304,239
"3695",1.42804316092377,0.241816881934384,304,251
"3514",0.682435191945778,0.185144859911446,304,240
"4997",1.11244320949619,0.216086901324505,304,248
"3720",0.61366471194754,0.180678951383964,304,241
"2951",1.94197385100501,0.288529427927964,304,269
"4112",-0.243100381166355,0.137713109900401,304,207
"258",-1.5908514021851,0.115378758609018,304,128
"510",-1.06940154410333,0.119619665764294,304,159
"1685",-1.38178994338423,0.115063235196586,304,140
"5113",1.2552332377058,0.227429806086934,304,247
"2733",0.242356042602743,0.159040100132475,304,224
"4310",0.869046224683872,0.197955105704619,304,244
"172",-0.543192335550967,0.128150109908087,304,199
"1380",-0.00539843905237896,0.147089874590694,304,210
"830",-0.98609509152389,0.118057561310919,304,167
"4931",1.20040243558798,0.223014526953004,304,248
"1420",-1.15973441634494,0.117074918758961,304,153
"450",-0.986549417134433,0.118044163166947,304,165
"4778",0.266148069533335,0.160299145370138,304,227
"1388",-1.22867125533731,0.11618013559283,304,157
"4013",-0.917445179416253,0.121542000914058,304,167
"772",-1.06334603338956,0.119434301222076,304,163
"5384",0.613431337915894,0.180664038036988,304,237
"2200",-0.378164605273142,0.132618474907528,304,201
"958",0.501750934748638,0.17370709481704,304,236
"3155",0.858290894374364,0.197190429682355,304,245
"4356",-0.422156851384018,0.131467110932714,304,196
"2787",-0.145683197276905,0.141181100344109,304,209
"3577",0.915314668453314,0.201280752844007,304,243
"3755",-0.248163043919133,0.13756908618237,304,211
"1509",-1.38400435474096,0.114988755169228,304,147
"402",-0.271349387727644,0.136880439336251,304,198
"1650",-0.241154367942427,0.137768368422922,304,201
"2942",0.385040413186741,0.166861403124356,304,229
"2249",-0.714403871974975,0.12492067006106,304,187
"707",-0.281146380307232,0.136561854184585,304,208
"4814",-0.324878285778613,0.134857607287303,304,202
"4837",0.299662517533785,0.162112542543881,304,229
"3502",0.409243059745864,0.168241722172464,304,232
"4836",0.662253452054079,0.183819481428208,304,240
"4548",1.87217558842548,0.281863220578227,304,270
"2004",-1.0497083139907,0.118933794928619,304,171
"2456",-0.773362987095445,0.122060312333241,304,177
"4338",0.448903117311081,0.170547437577177,304,228
"1870",-1.15551491395188,0.117335736828321,304,168
"4263",0.878250117831947,0.198611999322347,304,241
"3571",1.95169542081304,0.289465416335465,304,262
"5168",1.05405745563231,0.211596323740919,304,250
"1332",1.6590586954629,0.26211836833003,304,264
"1771",-1.01716224554127,0.117881075564848,304,167
"2378",-0.492014655294769,0.130211842374164,304,187
"4760",1.11440377153556,0.216239198845818,304,253
"3094",0.237117692823672,0.158766787816972,304,230
"3282",2.1638203588471,0.310326263433913,304,266
"1972",-0.71666440543538,0.124830944141472,304,186
"3089",0.865849721569225,0.197727510780464,304,236
"2080",-0.52841598817454,0.128837678961519,304,188
"3671",-0.0197416515044395,0.146500969520841,304,215
"5307",2.11413931962252,0.30536756919923,304,271
"4946",-0.22095334814137,0.138353481156557,304,204
"4871",1.76745065480125,0.272043420434601,304,261
"2930",0.925077745702832,0.201989924951606,304,244
"5095",1.09553058341122,0.214777166685384,304,249
"2997",1.69162945487562,0.265074693484973,304,261
"2322",-0.877949674123578,0.122232872742835,304,182
"1648",1.17207634163458,0.220762508906539,304,252
"3533",0.778650440463583,0.191627567381836,304,242
"2738",1.64783299401662,0.261104712360842,304,259
"3590",1.19203406007779,0.222347147225802,304,251
"1469",-0.451901009618071,0.131024308730374,304,193
"4106",0.72536898846677,0.188004682986453,304,240
"1467",-0.692796228524439,0.125567996498937,304,175
"5086",1.20827363248924,0.223643832155335,304,253
"533",-0.749122631947207,0.123243526434139,304,186
"950",0.431135285607189,0.169507413338175,304,234
"2955",1.13110306196205,0.217540345819652,304,250
"798",-0.585734017353997,0.126391084237747,304,191
"61",-0.142854955051014,0.141306437765663,304,214
"1192",-0.996699281275196,0.117826892087779,304,169
"2529",-0.0352901003317382,0.145876958860932,304,218
"2813",0.463374457580958,0.171403013672303,304,233
"3256",1.20345635500774,0.223258507853449,304,249
"4798",0.0371879647187718,0.148959430248,304,214
"3871",0.23540986284764,0.158678005572955,304,223
"556",-1.61224998311318,0.115515972401155,304,127
"2502",-1.7488736370374,0.118646893990273,304,115
"3399",2.0748633042164,0.301478325123179,304,269
"265",-1.69168054127107,0.119498339391608,304,131
"4811",0.459195645309693,0.17115517819426,304,233
"4229",1.64913423017637,0.261222072322086,304,259
"3486",-0.140048926533937,0.141431362627351,304,208
"5172",1.34230491059106,0.234590624038855,304,255
"690",-0.667545230299747,0.125846438686102,304,182
"362",-0.322009348544283,0.134981752065805,304,206
"4029",-0.0832058397485919,0.143936517615592,304,216
"4361",1.18348453272614,0.221667107946803,304,251
"4553",1.34204784227313,0.234569216639816,304,260
"3446",1.31361748274999,0.232211338997447,304,256
"1988",-0.675834092549366,0.125804552924476,304,190
"2290",-0.406014408542754,0.131793843315084,304,198
"2320",-0.67564196116499,0.125806006362013,304,182
"3016",1.00478903230281,0.20787524707793,304,248
"1165",-0.665847180734207,0.125850272957357,304,188
"3375",1.53061507153873,0.250684079728352,304,256
"1560",-0.997698105763079,0.117814283793083,304,165
"3837",0.711190235865942,0.187054255898262,304,238
"3076",2.68324896585637,0.364472452859468,304,274
"1494",-0.367516214563047,0.13301965549968,304,200
"1637",-0.471840991591085,0.130694760520533,304,191
"1288",-0.915524842359966,0.121617677623771,304,177
"3275",1.23117943932614,0.225483815286057,304,249
"3523",1.33610461565398,0.234074729327662,304,249
"3661",0.0949792410475547,0.151733791482418,304,219
"589",-2.06276645654998,0.123328091900498,304,99
"116",-1.59549957353426,0.115332883280034,304,123
"2265",-0.912067857494637,0.121743752376616,304,172
"199",-1.87823511361643,0.120969477872577,304,107
"4913",0.984438949517155,0.206356749441584,304,247
"5184",-0.132939098236179,0.1417496973668,304,214
"84",-0.92968664472323,0.12097507608929,304,166
"1751",-0.635460067257903,0.125793083798109,304,185
"2244",-0.531849708231479,0.128681160580489,304,197
"3541",0.641839058635321,0.182491332318701,304,239
"1689",-0.650566511056058,0.1258354794476,304,188
"3763",0.736864204900454,0.188779487181126,304,242
"4827",1.43643518642989,0.242533355612253,304,257
"5224",2.4273670940494,0.337312797758672,304,271
"4624",0.015033506142822,0.147962441525424,304,213
"845",0.642699839318793,0.182547079762536,304,233
"681",-0.690297066102841,0.125617272005244,304,194
"4545",0.0154661707620457,0.147981404256078,304,214
"4886",0.671689993370479,0.184437673897635,304,232
"4129",0.285548421045337,0.161344169201669,304,228
"2380",-1.61534350811375,0.115607644417263,304,126
"1812",-0.077096576475639,0.144191834445954,304,213
"2089",-1.46281227447056,0.117493929141189,304,131
"4",-1.62050105723765,0.115796436691475,304,124
"4967",-0.174662299388402,0.139955961542485,304,205
"2271",-0.874868662107465,0.122213084804551,304,168
"5102",0.196620844494226,0.15670485651652,304,224
"2945",1.31306339836609,0.232165576743772,304,255
"2314",-1.09368995908414,0.119946667476673,304,166
"644",-1.35507339788789,0.116453313998671,304,145
"666",-1.18464305389508,0.115850619192136,304,151
"3223",1.60536913188123,0.25729493771846,304,263
"5125",-0.307932314085154,0.135570346795413,304,204
"706",-1.06456555507636,0.119474061077554,304,164
"1263",-1.16222905129343,0.116924672115831,304,161
"1548",-1.08296233381252,0.119897197508826,304,159
"854",-1.41373959099317,0.11491335544395,304,141
"2409",-1.08549108075082,0.11992354531691,304,159
"3434",-0.805944517174257,0.121253988984153,304,187
"4898",0.625205630914834,0.181418472741015,304,238
"3469",1.80207748007292,0.275265658306814,304,264
"2949",0.902984085559835,0.200388767213853,304,242
"4176",0.776541882454404,0.191482676517541,304,244
"1383",0.0453943244627506,0.149341209791836,304,217
"893",-0.194607031906781,0.139207558067941,304,209
"2375",-0.78232319162581,0.121723331624004,304,170
"3766",0.653943687702031,0.183277331669772,304,235
"3362",1.06162541254119,0.212173469978015,304,246
"902",0.153263275105794,0.154575782862142,304,224
"3840",3.05753234749601,0.405459840212036,304,280
"2388",-0.51759833586739,0.129307327003569,304,192
"1639",-0.39510165495298,0.132075577800125,304,199
"1876",0.637114110851883,0.182185725063727,304,234
"4213",-0.307665228477392,0.135581117476991,304,204
"3707",-0.364203349595272,0.133152271466242,304,195
"827",-1.11261235817677,0.11961652035345,304,154
"356",0.0804384299098377,0.151023289157027,304,223
"488",-1.0886503749289,0.119943962548868,304,165
"3342",1.74152352720005,0.269646937274167,304,261
"3739",0.651186182954965,0.183097886685084,304,243
"963",-0.255490083817407,0.137358336125567,304,206
"3199",1.31875081407024,0.232635652499082,304,256
"4346",0.178519504700453,0.155809300814029,304,227
"2843",0.57868431824093,0.178461352356966,304,237
"3137",0.186186140260104,0.156187030267794,304,217
"2731",2.04173014325775,0.298219056475249,304,267
"236",-0.399030199593421,0.131968008416226,304,192
"171",-0.962366737886647,0.119107928067724,304,166
"2528",-1.18836070037788,0.115742015165006,304,157
"316",-1.3922789474293,0.114789748319286,304,145
"1618",-0.0361208508542306,0.145843852315821,304,208
"4966",0.983013267497915,0.206250774869102,304,245
"4853",0.617060806248909,0.180896155397568,304,236
"2186",-0.613060095947527,0.125858387434424,304,196
"3103",0.594291545257897,0.179446395272898,304,236
"4603",-1.02698925484608,0.118114119048995,304,170
"4414",2.40849771523992,0.335344895750995,304,269
"4957",1.41374557659508,0.240599957489464,304,253
"1012",0.908986435169681,0.200822458068391,304,244
"437",-0.920203457182552,0.121426559289341,304,171
"1900",0.191719508874291,0.156461044137498,304,228
"888",0.586413105753689,0.178948277660867,304,238
"628",0.235183403271389,0.158666245068452,304,222
"5065",-0.463219599939926,0.130850042809121,304,196
"4085",0.127434240366613,0.153319372694226,304,212
"4672",0.766404124007532,0.19078778954531,304,237
"4439",-0.206885178750657,0.138792056625806,304,210
"1953",0.355738168160355,0.165212905470794,304,228
"1518",-0.317123082566583,0.135190314847147,304,202
"369",-1.02754832589357,0.118130526589603,304,163
"2439",-0.866319121009705,0.122115225101267,304,173
"3854",0.0762450685981268,0.150819086290485,304,222
"2199",-1.34081873561431,0.117328211261801,304,151
"1749",0.263055087054794,0.160133944393417,304,228
"270",-1.78191492883342,0.117484404722836,304,119
"3877",1.45124089933015,0.243801345682505,304,254
"5054",-0.465877112595407,0.130804738812787,304,184
"1672",-1.16043818523001,0.117032177159426,304,162
"142",-1.63763318119575,0.116678406941773,304,121
"1851",-0.259496991467735,0.137241014479533,304,205
